code,date,e,n,wqi,ph,aldrin,bhc,dieldrin,ddts,heptachlor,as,cd,pb,cr6,cu,zn,hg,do,bod5,cod,toc,n_nh4,n_no3,n_no2,p_po4,coliform,ecoli
BD03,10/1/2023,106.468056,10.505556,66.33973,6.9,0.035481305,0.024140283,0.020611875,0.023675,0.040206378,0.022682044,0.008436817,0.00334375,0.0322,0.0043,0,0.00138,7.560681188,10.9368165,26.14263567,19.46480352,0.840625,0.334375,0.805,0.495,4300,0
BD03,11/1/2023,106.468056,10.505556,38.66105301,7.07,0.02055125,0.00998,0.007707,0.00682125,0.036869583,0.0211425,0.00596,0.0045,0.0064,0.0031,0,0.001414,7.0475,8.46,19.8771932,16.71979767,0.52,0.45,0.16,0.24,3100,0
BD03,12/1/2023,106.468056,10.505556,55.04207524,6.64,0.021857309,0.011783587,0.0090265,0.0096425,0.034550387,0.020147445,0.006842173,0.002625,0.006,0.0081,0,0.001328,6.715814875,9.342173,24.3506578,17.63256777,0.58625,0.2625,0.15,0.96,8100,0
BD03,1/1/2024,106.468056,10.505556,53.45586294,7.365,0.021945661,0.011114605,0.0086235,0.008779375,0.036536875,0.021662111,0.00645521,0.0032,0.006524,0.00605,0,0.001473,7.22070375,8.95521,24.90278687,18.56396447,0.6775,0.32,0.1631,0.231875,6050,0
BD03,2/1/2024,106.468056,10.505556,53.60169179,6.61,0.049795,0.040105,0.037661,0.04332625,0.036855,0.01938,0.00621,0.006,0.0652,0.0028,0,0.001322,6.46,8.71,25.26989289,17.53864215,0.7875,0.6,1.63,0.52,2800,0
BD03,3/1/2024,106.468056,10.505556,54.48872718,6.59,0.053128125,0.04155,0.037409,0.04238625,0.046382292,0.02315625,0.0096,0.007,0.0648,0.0017,0,0.001318,7.71875,12.1,32.68322115,21.76388198,3.23,0.7,1.62,0.6,1700,0
BD03,4/1/2024,106.468056,10.505556,35.68857018,7.65,0.023456415,0.013142725,0.011115,0.00920625,0.039331634,0.02062738,0.005585449,0.0075,0.0048,0.0084,0,0.00153,6.875793375,8.085449,24.14042974,17.80625934,0.9,0.75,0.12,0.325,8400,0
BD03,5/1/2024,106.468056,10.505556,36.86732973,6.93,0.02363,0.014045,0.011993,0.0126475,0.033145,0.01917,0.00549,0.00375,0.01165,0.0072,0,0.001386,6.39,7.99,20.82617778,16.03272314,0.12125,0.375,0.29125,0.1,7200,0
BD03,6/1/2024,106.468056,10.505556,56.79764737,7.27,0.03503849,0.02323429,0.019527,0.02165875,0.043023144,0.023608401,0.008868579,0.0044,0.0248,0.0084,0,0.001454,7.869467125,11.368579,29.22632811,20.90014272,1.63875,0.44,0.62,0.375,8400,0
BD03,7/1/2024,106.468056,10.505556,65.32521254,6.76,0.0298275,0.0196875,0.0203635,0.023095,0.028064167,0.02028,0,0.003775,0.0292,0.0064,0,0.001352,6.76,5,14.5062531,14.59531308,4.265,0.3775,0.73,0.1725,6400,0
BD03,8/1/2024,106.468056,10.505556,38.31293749,7.023333333,0.039275632,0.027223091,0.023064833,0.02558625,0.045520918,0.024105081,0.009721183,0.005191667,0.0316,0.007933333,0,0.001404667,8.035026833,12.22118267,31.00581609,21.70948101,0.974583333,0.519166667,0.79,0.239166667,7933.333333,0
BD03,9/1/2024,106.468056,10.505556,55.25504608,7.46,0.019044375,0.008715,0.006496,0.007495,0.032186875,0.02065875,0.00593,0.001,0.0104,0.0001,0,0.001492,6.88625,8.43,24.00494764,17.77923239,0.4,0.1,0.26,9.57,100,0
BD03,10/1/2024,106.468056,10.505556,53.95670971,7.23,0.026921875,0.01705,0.015023,0.01690375,0.032951042,0.01974375,0.0055,0.003,0.0164,0.0092,0,0.001446,6.58125,8,20.61034558,16.2515552,0.32,0.3,0.41,15.96,9200,0
BD03,11/1/2024,106.468056,10.505556,37.22293044,7.185,0.021125,0.0120125,0.0106185,0.010054375,0.0322,0.018225,0.004225,0.00515,0.0106,0.00405,0,0.001437,6.075,6.725,14.67477989,13.62094259,0.58,0.515,0.265,15.34,4050,0
BD03,12/1/2024,106.468056,10.505556,34.67638947,7.065,0.032665313,0.023955,0.0228065,0.024820625,0.031535729,0.017420625,0.00371,0.0059,0.0362,0.0021,0,0.001413,5.806875,6.21,16.87923278,13.91372763,1.045,0.59,0.905,25.11,2100,0
BD03,1/1/2025,106.468056,10.505556,53.9271968,7.24,0.033763125,0.022965,0.020124,0.022655,0.038180625,0.02159625,0.00713,0.004,0.0276,0.0072,0,0.001448,7.19875,9.63,20.5392453,17.15539023,0.59,0.4,0.69,26.45,7200,0
BD03,2/1/2025,106.468056,10.505556,53.63156522,6.885,0.035603504,0.02499687,0.02199475,0.026266875,0.035649844,0.021213269,0.00738124,0.0019625,0.0366,0.00405,0,0.001377,7.071089813,9.8812395,25.52660505,18.53620756,1.315,0.19625,0.915,0.315,4050,0
BD03,3/1/2025,106.468056,10.505556,53.83321324,6.93,0.025888125,0.01524,0.012243,0.01286625,0.038005625,0.02129625,0.00738,0.0039,0.018,0.0012,0,0.001386,7.09875,9.88,23.09639583,17.8115537,1.21,0.39,0.45,0.38,1200,0
BD03,4/1/2025,106.468056,10.505556,54.29091801,6.73,0.0238375,0.0140125,0.0115605,0.00827875,0.0417375,0.01965,0.00625,0.009875,0.008,0.0039,0,0.001346,6.55,8.75,18.11805332,15.41896385,1.4425,0.9875,0.2,0.42,3900,0
BD03,5/1/2025,106.468056,10.505556,52.42335169,6.935,0.021119147,0.011163208,0.00878615,0.0083655,0.035280577,0.019911879,0.006141115,0.0041875,0.0095978,0.0024,0,0.001387,6.637293125,8.641115,21.86017019,16.72963773,0.615,0.41875,0.239945,0.3875,2400,0
BD03,6/1/2025,106.468056,10.505556,38.01924585,6.74,0.043942197,0.032819858,0.029224,0.032655,0.04314846,0.022244679,0.008539715,0.0062,0.0492,0.0017,0,0.001348,7.414893125,11.039715,26.69171996,19.41922492,0.17625,0.62,1.23,0.24,1700,0
BD03,7/1/2025,106.468056,10.505556,37.51167329,6.52,0.05320625,0.04265,0.039352,0.04844,0.035247917,0.0211125,0.0079,0.0012,0.0736,0.0026,0,0.001304,7.0375,10.4,26.79344926,18.88520626,2.5,0.12,1.84,0.95,2600,0
BD04,10/1/2023,106.411111,10.533056,54.34345138,7.58,0.045864528,0.034677425,0.031808,0.037885,0.038067232,0.022374206,0.00725485,0.003,0.0496,0.0095,0,0.001516,7.45806875,9.75485,26.34875371,19.37586533,1.15875,0.3,1.24,0.175,9500,0
BD04,11/1/2023,106.411111,10.533056,38.34267349,7.18,0.045654375,0.03363,0.029643,0.031585,0.049243542,0.02404875,0.00941,0.00875,0.048,0.0011,0,0.001436,8.01625,11.91,26.8487574,20.37076762,0.51375,0.875,1.2,0.1,1100,0
BD04,12/1/2023,106.411111,10.533056,57.41962424,7.39,0.045653683,0.033371586,0.0293515,0.03567375,0.041658593,0.024564194,0.009518172,0.001625,0.0492,0.0064,0,0.001478,8.1880645,12.018172,28.09478317,21.0213096,1.47,0.1625,1.23,0.125,6400,0
BD04,1/1/2024,106.411111,10.533056,57.04479849,7.01,0.01681125,0.00616125,0.00686225,0.0070075,0.02778125,0.0213,0,0.0025125,0.00531,0.0045,0,0.001402,7.1,5,11.73220823,14.23077182,2.6575,0.25125,0.13275,0.2475,4500,0
BD04,2/1/2024,106.411111,10.533056,52.8331459,7.136666667,0.041796066,0.029061752,0.02440325,0.028662917,0.045685265,0.025468629,0.010744337,0.002945833,0.039266667,0.005166667,0,0.001427333,8.489542917,13.24433667,32.15937946,22.75492581,0.934583333,0.294583333,0.981666667,0.416666667,5166.666667,0
BD04,3/1/2024,106.411111,10.533056,53.63654775,6.92,0.023865,0.01416,0.011992,0.014115,0.030951667,0.01941,0.00572,0.0014,0.016,0.0052,0,0.001384,6.47,8.22,22.29725368,16.61649233,1.53,0.14,0.4,11.52,5200,0
BD04,4/1/2024,106.411111,10.533056,45.06289726,7.25,0.022465625,0.01325,0.011825,0.01040625,0.034686458,0.01843125,0.0043,0.007,0.0068,0.0084,0,0.00145,6.14375,6.8,16.22917194,14.21410291,0.68,0.7,0.17,34.23,8400,0
BD04,5/1/2024,106.411111,10.533056,38.10739808,7.56,0.022554063,0.0127975,0.011181,0.01210125,0.031801146,0.019513125,0.004745,0.003,0.0114,0.00645,0,0.001512,6.504375,7.245,16.99431244,14.99625747,0.21,0.3,0.285,8.175,6450,0
BD04,6/1/2024,106.411111,10.533056,38.64983544,7.11,0.034338438,0.0260725,0.025661,0.028545,0.028498021,0.016531875,0.002245,0.00565,0.0384,0.00585,0,0.001422,5.510625,4.745,11.91907189,11.90561968,1.23,0.565,0.96,27.175,5850,0
BD04,7/1/2024,106.411111,10.533056,36.78126681,7.25,0.033378125,0.0236,0.021675,0.02265625,0.037282292,0.01955625,0.0053,0.0071,0.0284,0.0064,0,0.00145,6.51875,7.8,21.02288251,16.28786098,0.34,0.71,0.71,2.78,6400,0
BD04,8/1/2024,106.411111,10.533056,38.55384306,6.785,0.028787944,0.019189915,0.016991,0.018035625,0.035088537,0.019196059,0.00575483,0.005125,0.025,0.0025,0,0.001357,6.39868625,8.25483,18.60363225,15.34507611,0.32625,0.5125,0.625,0.515,2500,0
BD04,9/1/2024,106.411111,10.533056,59.57419184,6.85,0.0153625,0.00655,0.00511,0.00529375,0.0275625,0.017625,0.00425,0.00175,0.0056,0.0015,0,0.00137,5.875,6.75,19.70251913,14.90598018,0.21,0.175,0.14,0.24,1500,0
BD04,10/1/2024,106.411111,10.533056,54.84273274,6.59,0.018197061,0.009322147,0.007584,0.00401125,0.03650981,0.01774983,0.004794293,0.00875,0.004,0.0011,0,0.001318,5.916609875,7.294293,14.91386684,13.4587316,0.1875,0.875,0.1,0.32,1100,0
BD04,11/1/2024,106.411111,10.533056,37.23462777,7.48,0.022836188,0.01345275,0.01209325,0.01404625,0.028810104,0.018766875,0.004215,0.0017125,0.014428,0.00655,0,0.001496,6.255625,6.715,15.97086525,14.30048203,0.20625,0.17125,0.3607,0.2475,6550,0
BD04,12/1/2024,106.411111,10.533056,34.97943079,6.67,0.030578655,0.019388485,0.015667,0.01645875,0.042183527,0.02238034,0.008776969,0.005,0.0224,0.0026,0,0.001334,7.460113375,11.276969,30.5894694,20.71585399,0.1675,0.5,0.56,0.56,2600,0
BD04,1/1/2025,106.411111,10.533056,55.83108778,6.45,0.039765,0.030135,0.027595,0.03261875,0.033401667,0.01926,0.00637,0.003,0.0504,0.0005,0,0.00129,6.42,8.87,20.2258879,15.88847664,0.88,0.3,1.26,0.25,500,0
BD04,2/1/2025,106.411111,10.533056,53.08562499,7.51,0.021486091,0.010907425,0.0085135,0.00993875,0.033334211,0.021157331,0.00628985,0.001125,0.0068,0.0076,0,0.001502,7.05244375,8.78985,25.02964282,18.35156689,0.6875,0.1125,0.17,0.25,7600,0
BD04,3/1/2025,106.411111,10.533056,54.02633118,7.01,0.027434375,0.016925,0.014201,0.01462625,0.038346875,0.02101875,0.00685,0.005,0.0138,0.0082,0,0.001402,7.00625,9.35,24.0883414,17.98552298,0.1225,0.5,0.345,0.125,8200,0
BD04,4/1/2025,106.411111,10.533056,66.35630385,7.34,0.035207554,0.023885173,0.0206715,0.0209175,0.044817626,0.022644763,0.007895345,0.007875,0.0268,0.0052,0,0.001468,7.548254375,10.395345,21.25425879,17.90506088,0.7175,0.7875,0.67,0.375,5200,0
BD04,5/1/2025,106.411111,10.533056,38.78019775,3.73,0.01882,0.013225,0.013598,0.01621625,0.014513333,0.01119,0,0.00125,0.019,0.0062,0,0.000746,3.73,5,12.24146839,9.336320425,3.9925,0.125,0.475,0.5,6200,0
BD04,6/1/2025,106.411111,10.533056,38.33831442,6.706666667,0.034383648,0.024242305,0.021487333,0.024755,0.035584067,0.020282686,0.006851276,0.003366667,0.031466667,0.0068,0,0.001341333,6.760895292,9.351276333,23.92132669,17.56483811,0.375416667,0.336666667,0.786666667,0.183333333,6800,0
BD04,7/1/2025,106.411111,10.533056,36.32679694,6.38,0.016203125,0.007325,0.005388,0.00611,0.027890625,0.01775625,0.00515,0.001,0.0084,0.0001,0,0.001276,5.91875,7.65,22.84032557,15.96082537,0.19,0.1,0.21,12.65,100,0
BD05,10/1/2023,106.362778,10.555,66.3782857,7.28,0.02064875,0.01037,0.008028,0.008785,0.033480417,0.0205575,0.00614,0.002,0.0072,0.0054,0,0.001456,6.8525,8.64,22.52042254,17.26059821,0.16,0.2,0.18,13.42,5400,0
BD05,11/1/2023,106.362778,10.555,36.04676003,7.215,0.020360938,0.0107,0.0088465,0.009276875,0.031875521,0.019321875,0.00515,0.00285,0.0068,0.0066,0,0.001443,6.440625,7.65,18.74842805,15.45363234,0.535,0.285,0.17,11.785,6600,0
BD05,12/1/2023,106.362778,10.555,63.98509903,7.075,0.024430938,0.0146425,0.0126575,0.011634375,0.036938854,0.019576875,0.005385,0.0067,0.0146,0.0026,0,0.001415,6.525625,7.885,22.04248512,16.61961188,0.12,0.67,0.365,15.25,2600,0
BD05,1/1/2024,106.362778,10.555,65.09225811,6.96,0.02121875,0.01115,0.008696,0.0100575,0.032360417,0.0201375,0.0063,0.0013,0.0052,0.0095,0,0.001392,6.7125,8.8,20.67604021,16.46914099,0.5,0.13,0.13,14.69,9500,0
BD05,2/1/2024,106.362778,10.555,66.42428805,6.665,0.033085221,0.024208303,0.022538375,0.024926875,0.032223849,0.017753837,0.004672855,0.00519375,0.0292,0.00935,0,0.001333,5.917945625,7.172855,18.08068059,14.45910021,1.705,0.519375,0.73,0.375,9350,0
BD05,3/1/2024,106.362778,10.555,53.53960635,6.89,0.029628125,0.01895,0.015889,0.01811125,0.036932292,0.02135625,0.0075,0.0028,0.0192,0.0084,0,0.001378,7.11875,10,26.06702102,18.77806857,1.23,0.28,0.48,0.69,8400,0
BD05,4/1/2024,106.362778,10.555,65.43721509,6.5,0.026191875,0.0160425,0.0130875,0.01425,0.036031042,0.02029875,0.00721,0.003375,0.0124,0.0091,0,0.0013,6.76625,9.71,23.58162226,17.46577546,1.55375,0.3375,0.31,0.95,9100,0
BD05,5/1/2024,106.362778,10.555,36.3742877,7.295,0.024108048,0.013328243,0.01055486,0.011474825,0.036534605,0.021559611,0.007005765,0.00275,0.01545072,0.00145,0,0.001459,7.186536875,9.505765,24.43717325,18.3659255,1.0325,0.275,0.386268,0.7575,1450,0
BD05,6/1/2024,106.362778,10.555,53.99859274,6.75,0.054043125,0.04371,0.040825,0.04971875,0.034867292,0.02066625,0.00712,0.0021,0.074,0.0042,0,0.00135,6.88875,9.62,25.07482231,18.12026949,0.8,0.21,1.85,0.84,4200,0
BD05,7/1/2024,106.362778,10.555,66.45315984,6.44,0.056211875,0.046085,0.043094,0.0517425,0.036077708,0.02025375,0.00727,0.0034,0.072,0.0095,0,0.001288,6.75125,9.77,25.1167033,17.92722282,2.63,0.34,1.8,0.41,9500,0
BD05,8/1/2024,106.362778,10.555,37.48553677,7.47,0.021740817,0.011011855,0.008447,0.00587125,0.041511906,0.021457924,0.00662371,0.0075,0.0044,0.0035,0,0.001494,7.15264125,9.12371,24.74862243,18.41326907,0.9375,0.75,0.11,0.35,3500,0
BD05,9/1/2024,106.362778,10.555,5.0856881,6.89,0.021516875,0.0109175,0.0079265,0.009205,0.034631042,0.02119875,0.00736,0.001125,0.01095,0.0024,0,0.001378,7.06625,9.86,23.53229931,17.90022598,0.19375,0.1125,0.27375,0.375,2400,0
BD05,10/1/2024,106.362778,10.555,65.78392524,7.44,0.044209022,0.036263069,0.036144,0.0423675,0.025804384,0.015891905,0.001726138,0.0045,0.0624,0.0039,0,0.001488,5.29730175,4.226138,10.20157296,11.04417865,2.9925,0.45,1.56,0.875,3900,0
BD05,11/1/2024,106.362778,10.555,54.64791382,6.11,0.02752125,0.01835625,0.01896725,0.01976375,0.028749583,0.01833,0,0.0063125,0.0257,0.0047,0,0.001222,6.11,5,13.03351051,13.15601845,2.3275,0.63125,0.6425,0.3625,4700,0
BD05,12/1/2024,106.362778,10.555,35.86313325,6.936666667,0.022680709,0.013740922,0.012393667,0.013762917,0.028849432,0.017879574,0.004081844,0.002766667,0.0168,0.003833333,0,0.001387333,5.959858042,6.581843667,15.03395862,13.5614638,0.577916667,0.276666667,0.42,0.41375,3833.333333,0
BD05,1/1/2025,106.362778,10.555,63.5347396,7.43,0.024395,0.01325,0.013993,0.01436625,0.031838333,0.02229,0,0.005,0.0184,0.0031,0,0.001486,7.43,5,12.8539935,15.07942418,0.89,0.5,0.46,2.62,3100,0
BD05,2/1/2025,106.362778,10.555,66.3912857,7.15,0.034543125,0.02496,0.023115,0.02639375,0.033000625,0.01916625,0.00512,0.004,0.0316,0.0092,0,0.00143,6.38875,7.62,19.45335459,15.59805394,0.84,0.4,0.79,25.21,9200,0
BD05,3/1/2025,106.362778,10.555,54.44384641,7.375,0.017578438,0.008195,0.0067375,0.007765625,0.028241354,0.018766875,0.00439,0.00105,0.009,0.00195,0,0.001475,6.255625,6.89,18.07026035,14.96233421,0.15,0.105,0.225,22.8,1950,0
BD05,4/1/2025,106.362778,10.555,65.07584483,7.245,0.054600313,0.04517,0.0435495,0.052155625,0.031734063,0.018860625,0.00469,0.00365,0.078,0.004,0,0.001449,6.286875,7.19,17.47732436,14.82228109,1.325,0.365,1.95,33.865,4000,0
BD05,5/1/2025,106.362778,10.555,64.99155052,7.33,0.028411875,0.01776,0.015133,0.01522875,0.039577708,0.02130375,0.00672,0.0059,0.0148,0.0081,0,0.001466,7.10125,9.22,19.09125161,16.55264789,0.34,0.59,0.37,25.74,8100,0
BD05,6/1/2025,106.362778,10.555,65.9325571,7.105,0.024838096,0.014599178,0.01212925,0.013950625,0.033572224,0.020477837,0.006360855,0.0019375,0.0188,0.0021,0,0.001421,6.825945625,8.860855,22.08937619,17.08487562,0.243125,0.19375,0.47,0.35,2100,0
BD05,7/1/2025,106.362778,10.555,54.15894997,7.05,0.037855,0.027145,0.02458,0.02525625,0.042828333,0.02142,0.00654,0.00875,0.0336,0.0054,0,0.00141,7.14,9.04,21.57525211,17.39387519,0.91,0.875,0.84,0.35,5400,0
BD06,10/1/2023,106.489167,10.378889,67.2383789,6.44,0.023084375,0.012575,0.009244,0.007805,0.040796875,0.02101875,0.00795,0.006,0.0048,0.0064,0,0.001288,7.00625,10.45,28.34626532,19.32786974,0.6225,0.6,0.12,0.4,6400,0
BD06,11/1/2023,106.489167,10.378889,38.87364581,7.56,0.01972338,0.009002718,0.00652924,0.006763113,0.035160743,0.021441324,0.006458955,0.0022375,0.00565898,0.00365,0,0.001512,7.147108125,8.958955,19.82888965,16.85398175,0.89875,0.22375,0.1414745,0.36625,3650,0
BD06,12/1/2023,106.489167,10.378889,56.80703148,7.01,0.02304625,0.01351,0.011651,0.01368875,0.029857917,0.0190725,0.00512,0.0014,0.0192,0.0013,0,0.001402,6.3575,7.62,18.50586629,15.25247519,0.11125,0.14,0.48,0.63,1300,0
BD06,1/1/2024,106.489167,10.378889,56.65967499,6.91,0.046123125,0.03753,0.036341,0.04448875,0.026187292,0.01718625,0.00376,0.0015,0.0652,0.0046,0,0.001382,5.72875,6.26,16.87221084,13.7943264,0.36,0.15,1.63,0.48,4600,0
BD06,2/1/2024,106.489167,10.378889,54.76037563,7.31,0.043026949,0.031740623,0.028531,0.03441375,0.037862881,0.022572652,0.007881246,0.002,0.048,0.0056,0,0.001462,7.52421725,10.381246,23.40248156,18.5462507,0.5375,0.2,1.2,0.1125,5600,0
BD06,3/1/2024,106.489167,10.378889,56.30351991,7.1,0.022621875,0.01245,0.010035,0.0111375,0.033651042,0.02034375,0.00625,0.00225,0.0091,0.0073,0,0.00142,6.78125,8.75,18.11805332,15.76583885,0.25875,0.225,0.2275,0.1125,7300,0
BD06,4/1/2024,106.489167,10.378889,36.72848347,7.48,0.048866912,0.037113841,0.033648,0.0404975,0.040172795,0.023506142,0.008427682,0.0025,0.0608,0.0025,0,0.001496,7.83538075,10.927682,29.7752324,21.0220599,1.36,0.25,1.52,0.625,2500,0
BD06,5/1/2024,106.489167,10.378889,37.75861625,7.11,0.016805,0.00614,0.006851,0.00675125,0.028268333,0.02133,0,0.0029,0.00568,0.0037,0,0.001422,7.11,5,12.08895337,14.35823877,1.29625,0.29,0.142,0.325,3700,0
BD06,6/1/2024,106.489167,10.378889,57.02918164,6.766666667,0.045325339,0.03281266,0.028230833,0.033220833,0.045325792,0.025025359,0.010516986,0.003308333,0.047866667,0.003933333,0,0.001353333,8.341786417,13.016986,31.74825308,22.40367996,1.177083333,0.330833333,1.196666667,0.3625,3933.333333,0
BD06,7/1/2024,106.489167,10.378889,66.6209074,7.33,0.021406875,0.01179,0.010083,0.00947875,0.033966042,0.01923375,0.00488,0.005,0.0136,0.0001,0,0.001466,6.41125,7.38,17.81475391,15.11522113,0.21,0.5,0.34,1.69,100,0
BD06,8/1/2024,106.489167,10.378889,38.07974387,7.47,0.018751875,0.00852,0.006397,0.00549625,0.035237708,0.02046375,0.00574,0.004,0.0072,0.0001,0,0.001494,6.82125,8.24,20.01159294,16.42279333,0.11,0.4,0.18,14.23,100,0
BD06,9/1/2024,106.489167,10.378889,56.60417369,7.415,0.023674375,0.0142225,0.0127415,0.013895625,0.031031875,0.01890375,0.004445,0.00325,0.0152,0.00555,0,0.001483,6.30125,6.945,18.40679301,15.13686649,0.28,0.325,0.38,20.515,5550,0
BD06,10/1/2024,106.489167,10.378889,54.6868481,7.225,0.026320313,0.01665,0.0147975,0.016965625,0.031430729,0.019340625,0.00515,0.00245,0.0214,0.0043,0,0.001445,6.446875,7.65,21.3086279,16.27013214,0.4,0.245,0.535,22.335,4300,0
BD06,11/1/2024,106.489167,10.378889,44.71369658,7.52,0.024941875,0.014005,0.011302,0.0095025,0.042214375,0.02187375,0.00691,0.0074,0.0104,0.0033,0,0.001504,7.29125,9.41,22.10926572,17.78910253,0.15,0.74,0.26,18.21,3300,0
BD06,12/1/2024,106.489167,10.378889,65.60215751,6.945,0.029309063,0.01756125,0.01360075,0.014211875,0.043479479,0.023495625,0.00931,0.0044625,0.0186,0.00275,0,0.001389,7.831875,11.81,28.3499352,20.5674642,1.19625,0.44625,0.465,0.49,2750,0
BD06,1/1/2025,106.489167,10.378889,57.04813199,6.87,0.020568313,0.0114395,0.009737,0.01123375,0.028626063,0.018257625,0.004779,0.0015,0.012,0.0046,0,0.001374,6.085875,7.279,15.52493941,13.90527511,0.18,0.15,0.3,0.35,4600,0
BD06,2/1/2025,106.489167,10.378889,36.30649212,6.08,0.020015997,0.010733999,0.008758,0.01001,0.029437326,0.018563997,0.005167997,0.0015,0.0084,0.0064,0,0.001216,6.187998875,7.667997,18.77350857,15.08260001,0.215,0.15,0.21,0.26,6400,0
BD06,3/1/2025,106.489167,10.378889,65.60442682,7.13,0.023136983,0.012839702,0.01041623,0.010864038,0.035370424,0.020594562,0.006272944,0.00345,0.01065646,0.0053,0,0.001426,6.864854,8.772944,24.7179894,17.97193087,0.2,0.345,0.2664115,0.395,5300,0
BD06,4/1/2025,106.489167,10.378889,65.72768347,6.36,0.037416875,0.030605,0.030486,0.0336075,0.026056042,0.01362375,0.00151,0.0072,0.0492,0.0033,0,0.001272,4.54125,4.01,9.143834325,9.57663992,0.195,0.72,1.23,0.58,3300,0
BD06,5/1/2025,106.489167,10.378889,37.44832914,7.02,0.02603875,0.01543,0.012702,0.0121275,0.039757083,0.0212175,0.00686,0.006,0.0156,0.0024,0,0.001404,7.0725,9.36,22.73161528,17.65717853,0.33,0.6,0.39,0.51,2400,0
BD06,6/1/2025,106.489167,10.378889,39.35704615,7.51,0.046203048,0.032826067,0.02794475,0.03418875,0.045740444,0.026753962,0.011264633,0.0011875,0.048,0.0052,0,0.001502,8.917987375,13.764633,39.19564584,25.61583536,1.44625,0.11875,1.2,0.4375,5200,0
BD06,7/1/2025,106.489167,10.378889,55.28441536,7.12,0.029454375,0.0188925,0.0161495,0.0188275,0.035243542,0.02112375,0.00691,0.002175,0.0224,0.0063,0,0.001424,7.04125,9.41,24.24291899,18.08675488,0.31,0.2175,0.56,0.75,6300,0
BD09,10/1/2023,106.341111,10.389167,54.121937,7.18,0.037117818,0.025403973,0.021693,0.0261475,0.039474908,0.023427689,0.008857946,0.00155,0.0328,0.0076,0,0.001436,7.80922975,11.357946,23.2223869,18.91699308,1.595,0.155,0.82,0.2125,7600,0
BD09,11/1/2023,106.341111,10.389167,44.37475349,6.15,0.01508125,0.00585625,0.00647125,0.00670625,0.02410625,0.01845,0,0.0022125,0.005,0.0045,0,0.00123,6.15,5,12.24146839,12.96632042,3.77,0.22125,0.125,0.125,4500,0
BD09,12/1/2023,106.341111,10.389167,39.30301139,7.143333333,0.027138514,0.016381727,0.01348725,0.01460125,0.03773431,0.021513574,0.007217621,0.0036125,0.015733333,0.0062,0,0.001428667,7.171191208,9.717621,24.40378793,18.332382,0.77625,0.36125,0.393333333,0.408333333,6200,0
BD09,1/1/2024,106.341111,10.389167,53.48770643,7.73,0.02970875,0.019385,0.017423,0.01615375,0.040970417,0.0206475,0.00547,0.009,0.0208,0.0035,0,0.001546,6.8825,7.97,23.79573788,17.70765223,0.44,0.9,0.52,14.28,3500,0
BD09,2/1/2024,106.341111,10.389167,55.45590739,7.18,0.02706625,0.01759,0.015868,0.0191475,0.029087917,0.0189525,0.00488,0.0011,0.0244,0.0048,0,0.001436,6.3175,7.38,19.23619425,15.42271729,0.33,0.11,0.61,21.56,4800,0
BD09,3/1/2024,106.341111,10.389167,57.55663739,7.01,0.027685625,0.0180425,0.016201,0.0166575,0.035141458,0.01928625,0.005085,0.00575,0.0208,0.00445,0,0.001402,6.42875,7.585,18.58132613,15.38313954,0.55,0.575,0.52,24.755,4450,0
BD09,4/1/2024,106.341111,10.389167,65.64369464,7.16,0.038424688,0.028205,0.026141,0.03148875,0.032549271,0.020439375,0.00556,0.0019,0.0466,0.00235,0,0.001432,6.813125,8.06,22.04654292,17.05214113,1.21,0.19,1.165,3.455,2350,0
BD09,5/1/2024,106.341111,10.389167,35.2945003,7.07,0.032163125,0.021665,0.019457,0.01913375,0.040980625,0.02099625,0.00583,0.0083,0.0224,0.0068,0,0.001414,6.99875,8.33,18.82018056,16.31344043,0.44,0.83,0.56,27.95,6800,0
BD09,6/1/2024,106.341111,10.389167,37.15463755,7.075,0.025378039,0.01490621,0.01276375,0.010821875,0.040665425,0.020943659,0.00569992,0.0082125,0.014,0.0019,0,0.001415,6.981219813,8.1999195,19.94025804,16.64025911,0.59875,0.82125,0.35,0.35,1900,0
BD09,7/1/2024,106.341111,10.389167,67.0573729,7.12,0.02393125,0.0121375,0.0082995,0.00889,0.04090625,0.0235875,0.0091,0.002375,0.0052,0.0076,0,0.001424,7.8625,11.6,27.25478027,20.26814479,0.85,0.2375,0.13,0.48,7600,0
BD09,8/1/2024,106.341111,10.389167,38.23176824,6.78,0.023953125,0.01273125,0.00908425,0.0105975,0.037690625,0.02244375,0.00865,0.0012125,0.0084,0.0072,0,0.001356,7.48125,11.15,29.0628138,20.26626775,1.1,0.12125,0.21,0.53,7200,0
BD09,9/1/2024,106.341111,10.389167,60.28003534,7.495,0.018704312,0.009182992,0.00771493,0.006362413,0.033515725,0.01904264,0.004435125,0.00525,0.00693086,0.00175,0,0.001499,6.347546688,6.9351245,19.90787897,15.67954165,0.955,0.525,0.1732715,0.39375,1750,0
BD09,10/1/2024,106.341111,10.389167,38.41211068,6.98,0.020219687,0.011041618,0.009398,0.0094975,0.03107927,0.018356139,0.004683235,0.0036,0.0092,0.0046,0,0.001396,6.118713125,7.183235,20.84036499,15.63026546,0.1,0.36,0.23,0.48,4600,0
BD09,11/1/2024,106.341111,10.389167,54.06486546,6.78,0.03161,0.02189,0.019578,0.0194725,0.03899,0.01944,0.00598,0.008,0.0236,0.0062,0,0.001356,6.48,8.48,22.90526573,16.82317331,1.57,0.8,0.59,0.15,6200,0
BD09,12/1/2024,106.341111,10.389167,35.55240582,7.29,0.021195258,0.010583063,0.007954,0.00916125,0.034055602,0.021224391,0.006716125,0.00125,0.01,0.0032,0,0.001458,7.074796875,9.216125,23.74344015,17.97961024,0.165,0.125,0.25,0.2625,3200,0
BD09,1/1/2025,106.341111,10.389167,65.90441462,7.28,0.03579125,0.024365,0.021003,0.0223475,0.04349625,0.0228525,0.00818,0.00625,0.0248,0.0095,0,0.001456,7.6175,10.68,24.38866134,18.9970764,0.3425,0.625,0.62,0.5,9500,0
BD09,2/1/2025,106.341111,10.389167,66.74389186,6.23,0.047084442,0.036508855,0.032923,0.03865375,0.039163698,0.021151174,0.00841771,0.004,0.056,0.0046,0,0.001246,7.05039125,10.91771,31.86761336,20.50421656,1.545,0.4,1.4,0.25,4600,0
BD09,3/1/2025,106.341111,10.389167,65.68092406,7.03,0.01777375,0.00682375,0.00752675,0.00826,0.02769375,0.0219,0,0.0018375,0.00741,0.0044,0,0.001406,7.3,5,10.66419798,14.1940725,1.71,0.18375,0.18525,0.2125,4400,0
BD09,4/1/2025,106.341111,10.389167,52.81123309,6.64,0.034224482,0.02417255,0.021434833,0.023850833,0.036884902,0.020103863,0.006803434,0.004708333,0.032,0.004833333,0,0.001328,6.70128775,9.303434,22.68551559,17.08582683,0.838333333,0.470833333,0.8,0.4125,4833.333333,0
BD09,5/1/2025,106.341111,10.389167,65.2129055,6.91,0.024668125,0.01531,0.013441,0.01305125,0.034808958,0.01871625,0.00512,0.006,0.0172,0.0023,0,0.001382,6.23875,7.62,19.58948609,15.41597055,0.28,0.6,0.43,12.92,2300,0
BD09,6/1/2025,106.341111,10.389167,36.23941839,7.28,0.02208125,0.0116,0.009078,0.0082225,0.037872917,0.0209625,0.0065,0.005,0.01,0.0017,0,0.001456,6.9875,9,22.97640306,17.60684996,0.15,0.5,0.25,18.23,1700,0
BD09,7/1/2025,106.341111,10.389167,66.8449504,7.175,0.017943438,0.0085675,0.0069675,0.006959375,0.030551354,0.018751875,0.004635,0.0028,0.0056,0.0041,0,0.001435,6.250625,7.135,18.72329348,15.16070846,0.15,0.28,0.14,17.1875,4100,0
BD1,10/1/2023,106.5825,10.428611,56.59058742,7.255,0.030058438,0.0199775,0.0181255,0.021375625,0.031928021,0.020161875,0.005155,0.00205,0.029,0.00375,0,0.001451,6.720625,7.655,19.14214432,15.99775475,0.88,0.205,0.725,19.175,3750,0
BD1,11/1/2023,106.5825,10.428611,36.50152489,7.27,0.027171875,0.0167,0.014177,0.01372125,0.039484375,0.02094375,0.0065,0.0064,0.0156,0.0049,0,0.001454,6.98125,9,18.63571198,16.22903515,0.2,0.64,0.39,19.47,4900,0
BD1,12/1/2023,106.5825,10.428611,65.4102173,6.895,0.022921403,0.012843528,0.01035825,0.010799375,0.034933273,0.02015575,0.006349556,0.0034375,0.011,0.0049,0,0.001379,6.718583313,8.8495555,22.44651475,17.03642312,0.5675,0.34375,0.275,0.605,4900,0
BD1,1/1/2024,106.5825,10.428611,65.11083364,7.06,0.017903125,0.006925,0.004206,0.00432,0.035357292,0.02195625,0.00685,0.0015,0.0044,0.0011,0,0.001412,7.31875,9.35,21.85741913,17.75095575,0.25,0.15,0.11,0.1,1100,0
BD1,2/1/2024,106.5825,10.428611,65.9696147,6.6,0.03237221,0.023208246,0.0212225,0.0255125,0.029451824,0.018327929,0.005291492,0.001625,0.038,0.0015,0,0.00132,6.1093095,7.791492,16.13333343,14.13222826,0.19125,0.1625,0.95,0.21,1500,0
BD1,3/1/2024,106.5825,10.428611,66.05703859,7.265,0.0203552,0.01057145,0.00865545,0.00959275,0.031284167,0.0195675,0.005285,0.0019625,0.0101954,0.0037,0,0.001453,6.5225,7.785,19.77262651,15.89933213,0.175,0.19625,0.254885,0.26125,3700,0
BD1,4/1/2024,106.5825,10.428611,44.65805511,6.88,0.02556875,0.01625,0.014388,0.016235,0.030960417,0.0186375,0.0051,0.0028,0.0212,0.0034,0,0.001376,6.2125,7.6,18.37520912,14.9937844,0.8,0.28,0.53,0.52,3400,0
BD1,5/1/2024,106.5825,10.428611,54.52128077,7.56,0.035511875,0.025235,0.023156,0.02707,0.034094375,0.02055375,0.00567,0.003,0.0384,0.0034,0,0.001512,6.85125,8.17,21.04831543,16.79462892,0.91,0.3,0.96,0.24,3400,0
BD1,6/1/2024,106.5825,10.428611,37.43405118,7.37,0.081083499,0.067834882,0.062937,0.07773375,0.045811498,0.026497235,0.011269764,0.0015,0.1184,0.0045,0,0.001474,8.8324115,13.769764,32.86350993,23.49121181,3.3625,0.15,2.96,0.1375,4500,0
BD1,7/1/2024,106.5825,10.428611,54.19979194,7.11,0.0268325,0.019205,0.019061,0.02038875,0.026209167,0.015255,0.00171,0.0055,0.0256,0.0056,0,0.001422,5.085,4.21,9.599885913,10.53603906,0.5475,0.55,0.64,0.225,5600,0
BD1,8/1/2024,106.5825,10.428611,39.17863481,7.34,0.03196343,0.02119382,0.0184715,0.0181675,0.042381337,0.02153922,0.00691264,0.007875,0.0208,0.0068,0,0.001468,7.17974,9.41264,22.85945633,17.8583415,0.36625,0.7875,0.52,0.1125,6800,0
BD1,9/1/2024,106.5825,10.428611,55.42701782,3.46,0.017415,0.012225,0.012571,0.010245,0.022318333,0.01038,0,0.00875,0.0133,0.0024,0,0.000692,3.46,5,13.47620674,9.3205822,4.6625,0.875,0.3325,0.625,2400,0
BD1,10/1/2024,106.5825,10.428611,56.74150307,5.97,0.035185408,0.02445931,0.020497,0.02430875,0.038115951,0.021452196,0.009118619,0.0021,0.034266667,0.003433333,0,0.001194,7.150732125,11.618619,29.7649263,19.99183788,1.16,0.21,0.856666667,0.3375,3433.333333,0
BD1,11/1/2024,106.5825,10.428611,37.24258424,6.51,0.01379625,0.005235,0.003701,0.00337625,0.027407917,0.0171225,0.00437,0.002,0.004,0.0001,0,0.001302,5.7075,6.87,16.05994326,13.50637713,0.7,0.2,0.1,1.34,100,0
BD1,12/1/2024,106.5825,10.428611,64.79464782,7.26,0.028886875,0.018835,0.016676,0.018345,0.034852708,0.02010375,0.00577,0.004,0.0256,0.0023,0,0.001452,6.70125,8.27,22.53370586,17.0379109,0.31,0.4,0.64,17.32,2300,0
BD1,1/1/2025,106.5825,10.428611,53.90610757,7.22,0.02224,0.01276,0.011072,0.01093375,0.033168333,0.01896,0.00482,0.00465,0.0128,0.00325,0,0.001444,6.32,7.32,17.43709029,14.85928445,0.28,0.465,0.32,10.22,3250,0
BD1,2/1/2025,106.5825,10.428611,53.01339135,7.045,0.02754375,0.0174375,0.0150295,0.017693125,0.032885417,0.0202125,0.006225,0.00175,0.0194,0.0075,0,0.001409,6.7375,8.725,23.58357851,17.42326718,0.385,0.175,0.485,18.62,7500,0
BD1,3/1/2025,106.5825,10.428611,53.76171633,7.1,0.022974375,0.012735,0.01026,0.01045,0.035756875,0.02047875,0.00637,0.0038,0.0116,0.0037,0,0.00142,6.82625,8.87,20.25537697,16.50714832,0.19,0.38,0.29,2.78,3700,0
BD1,4/1/2025,106.5825,10.428611,36.35849559,6.92,0.022601314,0.012390692,0.00977325,0.00702125,0.041244732,0.020421244,0.006618884,0.0083125,0.0074,0.00245,0,0.001384,6.807081313,9.1188835,20.58140101,16.58117714,0.4325,0.83125,0.185,0.405,2450,0
BD1,5/1/2025,106.5825,10.428611,38.35154889,6.95,0.02750125,0.01738,0.01487,0.01780625,0.032552917,0.0202425,0.00641,0.00125,0.0228,0.0043,0,0.00139,6.7475,8.91,26.00732526,18.20237398,0.31,0.125,0.57,0.23,4300,0
BD1,6/1/2025,106.5825,10.428611,36.84951922,6.65,0.036143638,0.0264698,0.0240775,0.02689375,0.035685154,0.019347675,0.0061146,0.005125,0.0336,0.0081,0,0.00133,6.449225,8.6146,17.61335845,15.10869199,0.23625,0.5125,0.84,0.36,8100,0
BD1,7/1/2025,106.5825,10.428611,37.63531344,7.355,0.025590931,0.015978085,0.014298,0.016231875,0.031128838,0.019225691,0.00483117,0.002625,0.0225,0.002,0,0.001471,6.40856375,7.33117,17.39852919,14.97997336,0.31125,0.2625,0.5625,0.425,2000,0
BD10,10/1/2023,106.303889,10.426111,54.17032995,6.77,0.027553509,0.017364887,0.014627,0.01703375,0.034074854,0.020377245,0.006829773,0.002,0.0164,0.0095,0,0.001354,6.792414875,9.329773,25.30758094,18.04914594,0.8375,0.2,0.41,0.61,9500,0
BD10,11/1/2023,106.303889,10.426111,53.95069636,6.68,0.025854375,0.015705,0.012918,0.0136475,0.036410208,0.02029875,0.00691,0.004,0.0188,0.0017,0,0.001336,6.76625,9.41,21.45722718,16.79604183,1.6,0.4,0.47,0.15,1700,0
BD10,12/1/2023,106.303889,10.426111,53.90317314,7.36,0.065041974,0.05317637,0.0494985,0.05867,0.043964605,0.023731208,0.00882774,0.005125,0.084,0.0084,0,0.001472,7.9104025,11.32774,29.52609851,21.05605095,1.82375,0.5125,2.1,0.45,8400,0
BD10,1/1/2024,106.303889,10.426111,56.34513147,7.05,0.029011875,0.01851,0.01613,0.01500625,0.041327708,0.02100375,0.00617,0.00825,0.0164,0.0062,0,0.00141,7.00125,8.67,20.3705987,16.80597295,0.33125,0.825,0.41,0.375,6200,0
BD10,2/1/2024,106.303889,10.426111,53.09230431,7.49,0.032910048,0.021245538,0.01786775,0.02149875,0.03840678,0.023329022,0.008253575,0.0013375,0.0248,0.0081,0,0.001498,7.776340625,10.753575,27.45316373,20.2014478,0.555,0.13375,0.62,0.15,8100,0
BD10,3/1/2024,106.303889,10.426111,68.63675773,3.65,0.013845,0.00837,0.008735,0.00779375,0.018608333,0.01095,0,0.005,0.00454,0.0072,0,0.00073,3.65,5,11.29662698,8.91845113,2.9775,0.5,0.1135,0.875,7200,0
BD10,4/1/2024,106.303889,10.426111,64.44628884,6.39,0.040525551,0.029677833,0.025999417,0.030465417,0.039181842,0.021695437,0.008634833,0.003254167,0.0416,0.005866667,0,0.001278,7.23181225,11.13483267,31.30437361,20.59878193,1.4225,0.325416667,1.04,0.304166667,5866.666667,0
BD10,5/1/2024,106.303889,10.426111,37.98776906,7.02,0.021364375,0.011695,0.009802,0.0078775,0.036783542,0.01933875,0.00519,0.007,0.0084,0.0028,0,0.001404,6.44625,7.69,15.72292695,14.50825487,0.32,0.7,0.21,18.2,2800,0
BD10,6/1/2024,106.303889,10.426111,66.50466709,7.2,0.028830625,0.018835,0.01667,0.0183375,0.034721458,0.01999125,0.00577,0.004,0.0256,0.0023,0,0.00144,6.66375,8.27,24.13923455,17.48781748,0.31,0.4,0.64,17.32,2300,0
BD10,7/1/2024,106.303889,10.426111,37.01921626,7.24,0.023362188,0.0135175,0.011524,0.01099875,0.035670104,0.019689375,0.005435,0.00545,0.0132,0.00295,0,0.001448,6.563125,7.935,18.12911678,15.4421392,0.405,0.545,0.33,22.33,2950,0
BD10,8/1/2024,106.303889,10.426111,37.97177186,6.95,0.030668438,0.0210675,0.01902,0.02186875,0.032359688,0.019201875,0.005485,0.00305,0.0302,0.0034,0,0.00139,6.400625,7.985,20.33168453,15.89276743,0.945,0.305,0.755,31.13,3400,0
BD10,9/1/2024,106.303889,10.426111,61.07513439,6.94,0.0365175,0.02667,0.024394,0.024555,0.040990833,0.019695,0.00594,0.0095,0.0284,0.0095,0,0.001388,6.565,8.44,19.24537698,15.79686223,0.87,0.95,0.71,3.21,9500,0
BD10,10/1/2024,106.303889,10.426111,65.35806359,6.69,0.022825287,0.013262635,0.0110065,0.01118,0.033950669,0.019125304,0.00585027,0.004125,0.0144,0.00215,0,0.001338,6.37510125,8.35027,22.48719914,16.53402613,0.19625,0.4125,0.36,0.53,2150,0
BD10,11/1/2024,106.303889,10.426111,66.14043103,6.97,0.020791875,0.0112425,0.0092595,0.01087125,0.029847708,0.01909875,0.00536,0.001125,0.0096,0.0064,0,0.001394,6.36625,7.86,20.48867852,15.89069862,0.18,0.1125,0.24,0.42,6400,0
BD10,12/1/2024,106.303889,10.426111,32.78733517,6.37,0.017446875,0.009099265,0.0076245,0.00585875,0.031259374,0.01669522,0.004223529,0.005875,0.0048,0.0033,0,0.001274,5.565073375,6.723529,16.32870455,13.37746648,0.16875,0.5875,0.12,0.51,3300,0
BD10,1/1/2025,106.303889,10.426111,65.09045855,7.425,0.021214781,0.011504702,0.00980352,0.007605963,0.037035858,0.019420158,0.004887363,0.0074375,0.00658454,0.0041,0,0.001485,6.473386125,7.387363,19.022503,15.58917849,0.27125,0.74375,0.1646135,0.3825,4100,0
BD10,2/1/2025,106.303889,10.426111,66.62866583,6.93,0.019243411,0.009836605,0.007943,0.00911625,0.029501291,0.018813611,0.00517321,0.0013,0.01,0.0032,0,0.001386,6.27120375,7.67321,20.00045502,15.59421263,0.675,0.13,0.25,0.48,3200,0
BD10,3/1/2025,106.303889,10.426111,65.24230959,7.45,0.031040625,0.0204,0.017895,0.01674375,0.042911458,0.02128125,0.0065,0.009,0.0232,0.0021,0,0.00149,7.09375,9,26.87097125,18.99402073,0.2,0.9,0.58,0.9,2100,0
BD10,4/1/2025,106.303889,10.426111,65.65783024,7.78,0.035316561,0.0239475,0.021103,0.0212225,0.04460531,0.022738124,0.007244999,0.00825,0.0252,0.0072,0,0.001556,7.579374625,9.744999,21.96818758,18.17681338,0.62375,0.825,0.63,0.225,7200,0
BD10,5/1/2025,106.303889,10.426111,54.177937,7.34,0.024938125,0.01393375,0.01100275,0.01257375,0.036430625,0.02200875,0.00733,0.0018875,0.01025,0.0084,0,0.001468,7.33625,9.83,20.35433876,17.30334687,0.365,0.18875,0.25625,0.625,8400,0
BD10,6/1/2025,106.303889,10.426111,39.19957891,7.22,0.026186459,0.015748775,0.0132095,0.01534,0.034151739,0.020875369,0.00652255,0.001875,0.0136,0.0095,0,0.001444,6.95845625,9.02255,24.5842186,18.07016187,0.1875,0.1875,0.34,0.1,9500,0
BD10,7/1/2025,106.303889,10.426111,67.47010291,6.88,0.02403875,0.01371875,0.01440675,0.0170475,0.02587375,0.02064,0,0.0015375,0.0195,0.0064,0,0.001376,6.88,5,12.08895337,14.01323877,1.31875,0.15375,0.4875,0.1375,6400,0
BD11,10/1/2023,106.286111,10.518889,54.09179547,7.106666667,0.025029358,0.014464551,0.0117065,0.011471667,0.038646279,0.021129614,0.006937435,0.005058333,0.012,0.004933333,0,0.001421333,7.043204667,9.437434667,23.1115746,17.73302093,0.3875,0.505833333,0.3,0.379166667,4933.333333,0
BD11,11/1/2023,106.286111,10.518889,51.55950409,7.12,0.01805625,0.00885,0.007312,0.00664,0.031397917,0.0184125,0.0045,0.004,0.0064,0.0028,0,0.001424,6.1375,7,16.89746306,14.41541238,0.24,0.4,0.16,15.34,2800,0
BD11,12/1/2023,106.286111,10.518889,66.88684927,7.23,0.021921875,0.0134,0.012573,0.01259125,0.029334375,0.01704375,0.0031,0.005,0.0108,0.0079,0,0.001446,5.68125,5.6,13.60011171,12.6915193,0.5,0.5,0.27,28.63,7900,0
BD11,1/1/2024,106.286111,10.518889,44.56899184,7.6,0.02094125,0.011015,0.009285,0.0098875,0.032179583,0.0198525,0.00498,0.00275,0.0108,0.0035,0,0.00152,6.6175,7.48,19.83900782,16.0627594,0.21,0.275,0.27,19.805,3500,0
BD11,2/1/2024,106.286111,10.518889,65.50557916,7.475,0.02506875,0.0148125,0.0126725,0.014246875,0.03364375,0.0205125,0.005775,0.00255,0.0158,0.0055,0,0.001495,6.8375,8.275,23.02111867,17.39594693,0.26,0.255,0.395,16.305,5500,0
BD11,3/1/2024,106.286111,10.518889,66.14113615,8.24,0.02873125,0.01735,0.014924,0.01528,0.040439583,0.0227625,0.0065,0.0054,0.0144,0.0084,0,0.001648,7.5875,9,21.14595021,17.92978411,0.29,0.54,0.36,24.48,8400,0
BD11,4/1/2024,106.286111,10.518889,52.95701974,6.975,0.026791525,0.016886085,0.01481625,0.013778125,0.038421891,0.019810879,0.005534671,0.0075875,0.0138,0.00685,0,0.001395,6.603626438,8.0346705,22.63312401,16.92281797,0.286875,0.75875,0.345,0.46,6850,0
BD11,5/1/2024,106.286111,10.518889,39.09301602,6.93,0.02125625,0.0113,0.008918,0.01036625,0.031864583,0.0199125,0.00615,0.00125,0.008,0.0072,0,0.001386,6.6375,8.65,22.23740875,16.84887571,0.31,0.125,0.2,0.57,7200,0
BD11,6/1/2024,106.286111,10.518889,36.87980838,6.43,0.02371721,0.013499276,0.010418,0.00786625,0.042156824,0.02043587,0.007448551,0.00825,0.0044,0.0069,0,0.001286,6.811956625,9.948551,23.37461823,17.46907562,0.28,0.825,0.11,0.43,6900,0
BD11,7/1/2024,106.286111,10.518889,54.17461104,7.465,0.020795461,0.010928648,0.00912548,0.008367788,0.034644707,0.019733627,0.005099336,0.0048625,0.00689546,0.005,0,0.001493,6.577875813,7.5993355,19.59004166,15.92483442,0.34875,0.48625,0.1723865,0.4575,5000,0
BD11,8/1/2024,106.286111,10.518889,37.13400331,6.92,0.023512514,0.01425883,0.012492,0.01449,0.029429199,0.018507368,0.00491766,0.0018,0.0192,0.0026,0,0.001384,6.1691225,7.41766,16.75890762,14.41916535,0.825,0.18,0.48,0.62,2600,0
BD11,9/1/2024,106.286111,10.518889,4.875024264,7.16,0.030330625,0.020485,0.018416,0.018645,0.037638125,0.01969125,0.00557,0.007,0.026,0.0024,0,0.001432,6.56375,8.07,18.19223109,15.46297402,0.96,0.7,0.65,0.8,2400,0
BD11,10/1/2024,106.286111,10.518889,55.31140041,7.42,0.034343199,0.018737976,0.011792,0.0125525,0.058434131,0.031210446,0.015375952,0.0035,0.01,0.0086,0,0.001484,10.403482,17.875952,46.05369354,30.00613521,5.54375,0.35,0.25,0.425,8600,0
BD11,11/1/2024,106.286111,10.518889,36.51053796,7.2,0.02424375,0.01395,0.01152,0.01315,0.033702083,0.0205875,0.0063,0.002,0.0104,0.0092,0,0.00144,6.8625,8.8,20.09552619,16.511129,0.27375,0.2,0.26,0.275,9200,0
BD11,12/1/2024,106.286111,10.518889,3.739446007,7.34,0.046648479,0.035440093,0.03232775,0.0351675,0.044913117,0.022416772,0.007692686,0.0083875,0.0496,0.0052,0,0.001468,7.47225725,10.192686,29.7513468,20.46984451,1.38375,0.83875,1.24,0.875,5200,0
BD11,1/1/2025,106.286111,10.518889,52.07413798,7,0.0284125,0.0179125,0.0186125,0.0196875,0.031179167,0.021,0,0.005725,0.0256,0.0045,0,0.0014,7,5,10.66419798,13.7440725,2.28,0.5725,0.64,0.4875,4500,0
BD11,2/1/2025,106.286111,10.518889,53.62835869,7.16,0.043537697,0.031593843,0.02773475,0.032561667,0.042476848,0.023887709,0.009150185,0.003370833,0.043733333,0.006933333,0,0.001432,7.9625695,11.65018533,28.42303379,20.7865509,1.395833333,0.337083333,1.093333333,0.325,6933.333333,0
BD11,3/1/2025,106.286111,10.518889,65.5828381,6.915,0.027517424,0.017262428,0.014600875,0.016739375,0.034573989,0.020509993,0.006706105,0.00241875,0.0224,0.003,0,0.001383,6.836664375,9.206105,22.84586181,17.33944228,1.32375,0.241875,0.56,0.52,3000,0
BD11,4/1/2025,106.286111,10.518889,53.54774522,6.84,0.028137125,0.018191,0.015734,0.01698,0.035553292,0.01989225,0.006282,0.0043,0.0204,0.0054,0,0.001368,6.63075,8.782,23.92877931,17.37196967,0.12,0.43,0.51,0.13,5400,0
BD11,5/1/2025,106.286111,10.518889,44.68321958,6.22,0.030202438,0.0211835,0.018972,0.02309,0.028822354,0.018037875,0.005667,0.001,0.034,0.0017,0,0.001244,6.012625,8.167,19.09192963,14.91992414,0.1475,0.1,0.85,0.12,1700,0
BD11,6/1/2025,106.286111,10.518889,53.92707592,6.89,0.022942813,0.0130775,0.010739,0.009955,0.036558229,0.019730625,0.006055,0.00555,0.0138,0.00075,0,0.001378,6.576875,8.555,18.87956405,15.69934909,0.23,0.555,0.345,0.575,750,0
BD11,7/1/2025,106.286111,10.518889,66.78415067,6.78,0.028782575,0.019659447,0.017878,0.01916,0.032976008,0.018246256,0.004918894,0.0051,0.0276,0.0017,0,0.001356,6.08208525,7.418894,21.12576062,15.66529705,0.85,0.51,0.69,0.4,1700,0
BD12,10/1/2023,106.195278,10.475556,55.05995369,7.05,0.031043125,0.021385,0.019755,0.02219375,0.032650625,0.01931625,0.00467,0.004,0.0296,0.0045,0,0.00141,6.43875,7.17,16.37328668,14.70203631,0.98,0.4,0.74,0.26,4500,0
BD12,11/1/2023,106.195278,10.475556,53.95577967,7.37,0.024790894,0.01370895,0.010737,0.01279625,0.035678752,0.022163888,0.0074179,0.001,0.0168,0.0022,0,0.001474,7.3879625,9.9179,23.67048594,18.42635924,0.33875,0.1,0.42,0.525,2200,0
BD12,12/1/2023,106.195278,10.475556,53.10380292,6.84,0.020225625,0.01104,0.009259,0.0076675,0.034476458,0.01837125,0.00493,0.00625,0.0076,0.0033,0,0.001368,6.12375,7.43,16.94231647,14.4089278,0.16375,0.625,0.19,0.875,3300,0
BD12,1/1/2024,106.195278,10.475556,45.0993184,7.12,0.051538715,0.040012337,0.036412,0.0445775,0.038707002,0.023052757,0.008624673,0.0015,0.0676,0.0023,0,0.001424,7.684252375,11.124673,27.01728491,19.92590092,1.53,0.15,1.69,0.175,2300,0
BD12,2/1/2024,106.195278,10.475556,53.45816844,3.76,0.029065,0.023425,0.023801,0.0274075,0.017535,0.01128,0,0.00375,0.0399,0.0032,0,0.000752,3.76,5,13.47620674,9.7705822,2.225,0.375,0.9975,0.875,3200,0
BD12,3/1/2024,106.195278,10.475556,45.09536612,6.82,0.032458931,0.021760085,0.018615333,0.021519167,0.037159728,0.021397692,0.007653504,0.0028,0.0304,0.002666667,0,0.001364,7.132563875,10.15350367,26.29926737,18.87200703,0.4875,0.28,0.76,0.245833333,2666.666667,0
BD12,4/1/2024,106.195278,10.475556,53.52208179,6.93,0.03089971,0.019712731,0.01623675,0.01674125,0.04246599,0.022373958,0.008337963,0.0056875,0.0186,0.0068,0,0.001386,7.457985938,10.8379625,27.28555487,19.67107565,1.491875,0.56875,0.465,0.44,6800,0
BD12,5/1/2024,106.195278,10.475556,57.06021212,6.94,0.0238825,0.0132925,0.0103565,0.011305,0.0362425,0.02118,0.00726,0.002625,0.0072,0.0095,0,0.001388,7.06,9.76,23.89534629,18.00530463,0.62,0.2625,0.18,0.29,9500,0
BD12,6/1/2024,106.195278,10.475556,38.24213168,6.09,0.024745704,0.012915626,0.008759,0.00751125,0.045139976,0.023660157,0.009531251,0.0055,0.006,0.0048,0,0.001218,7.886719125,12.031251,35.11791897,22.78339488,0.7375,0.55,0.15,0.36,4800,0
BD12,7/1/2024,106.195278,10.475556,54.93919096,6.25,0.024941875,0.01438,0.010825,0.01140625,0.038364375,0.02112375,0.00836,0.0034,0.0144,0.0026,0,0.00125,7.04125,10.86,22.20428956,17.4440596,0.63,0.34,0.36,0.21,2600,0
BD12,8/1/2024,106.195278,10.475556,36.59359298,6.88,0.034471227,0.024462931,0.021988,0.0241725,0.036916197,0.020016594,0.006325861,0.0053,0.0368,0.0005,0,0.001376,6.672197875,8.825861,21.06417878,16.53105179,0.8875,0.53,0.92,0.58,500,0
BD12,9/1/2024,106.195278,10.475556,5.269156299,7.135,0.024560625,0.0137175,0.0107385,0.011235625,0.037999792,0.02168625,0.007385,0.0035,0.0142,0.00235,0,0.001427,7.22875,9.885,22.48572706,17.81403517,1.4,0.35,0.355,0.315,2350,0
BD12,10/1/2024,106.195278,10.475556,55.29779728,6.905,0.028354375,0.0178675,0.0149905,0.017019375,0.036001875,0.02097375,0.007135,0.00275,0.0236,0.00225,0,0.001381,6.99125,9.635,24.92418502,18.2265298,0.906875,0.275,0.59,0.56,2250,0
BD12,11/1/2024,106.195278,10.475556,36.4700138,6.91,0.02071125,0.0101325,0.0071785,0.00780125,0.03537625,0.0211575,0.00729,0.001875,0.008,0.0031,0,0.001382,7.0525,9.79,26.3864128,18.77938455,0.51,0.1875,0.2,0.72,3100,0
BD12,12/1/2024,106.195278,10.475556,3.67175544,6.25,0.026618673,0.015777905,0.011975,0.01028125,0.044376904,0.021681536,0.00885581,0.0075,0.0076,0.0076,0,0.00125,7.22717875,11.35581,29.60121379,20.05489605,0.525,0.75,0.19,0.51,7600,0
BD12,1/1/2025,106.195278,10.475556,54.2216119,6.81,0.02217875,0.01094,0.007606,0.00657,0.041075417,0.0224775,0.00803,0.0047,0.0064,0.00275,0,0.001362,7.4925,10.53,28.5255493,20.11376554,0.675,0.47,0.16,0.315,2750,0
BD12,2/1/2025,106.195278,10.475556,53.16062668,6.98,0.017390802,0.007407436,0.005048,0.005185,0.032528537,0.019966731,0.006114872,0.0018,0.0056,0.0013,0,0.001396,6.655577,8.614872,20.24107271,16.24662928,0.1,0.18,0.14,0.84,1300,0
BD12,3/1/2025,106.195278,10.475556,53.4457639,7.51,0.027126875,0.01652,0.014101,0.01668875,0.033896042,0.02121375,0.00634,0.0015,0.0248,0.0004,0,0.001502,7.07125,8.84,22.56793367,17.6037015,0.26,0.15,0.62,0.51,400,0
BD12,4/1/2025,106.195278,10.475556,66.96125191,6.97,0.03014625,0.020506875,0.018443875,0.02055875,0.03359125,0.01927875,0.00552,0.00399375,0.0294,0.0021,0,0.001394,6.42625,8.02,20.40691652,15.95492245,2.035,0.399375,0.735,0.43,2100,0
BD12,5/1/2025,106.195278,10.475556,36.48660493,6.58,0.022795,0.01198,0.008508,0.009885,0.036271667,0.02163,0.00826,0.0012,0.0104,0.0041,0,0.001316,7.21,10.76,29.06375699,19.8596901,2.95,0.12,0.26,0.9,4100,0
BD12,6/1/2025,106.195278,10.475556,55.65039889,6.88,0.020759375,0.009725,0.006338,0.0072975,0.036421875,0.02206875,0.00815,0.001,0.0096,0.0007,0,0.001376,7.35625,10.65,24.06181548,18.50216046,4.115,0.1,0.24,0.6,700,0
BD12,7/1/2025,106.195278,10.475556,36.79254902,7.14,0.02637375,0.014595,0.010789,0.01048625,0.043630417,0.0235575,0.00904,0.0048,0.0084,0.00695,0,0.001428,7.8525,11.54,29.77342646,21.04716944,2.43,0.48,0.21,0.675,6950,0
BD13,10/1/2023,106.285833,10.3375,65.71152139,6.83,0.058216875,0.04548,0.040533,0.04466625,0.054056042,0.02547375,0.01126,0.0096,0.0676,0.0025,0,0.001366,8.49125,13.76,32.16664035,22.75977549,0.6525,0.96,1.69,0.62,2500,0
BD13,11/1/2023,106.285833,10.3375,64.38548,6.83,0.055718125,0.04396,0.039883,0.04785375,0.042275625,0.02351625,0.00952,0.0032,0.072,0.0032,0,0.001366,7.83875,12.02,28.20422857,20.53184145,3.65,0.32,1.8,0.29,3200,0
BD13,12/1/2023,106.285833,10.3375,65.30805424,7.44,0.022208125,0.012145,0.010144,0.01018,0.034552292,0.02012625,0.00549,0.004,0.0056,0.0092,0,0.001488,6.70875,7.99,20.54068161,16.42084304,0.11,0.4,0.14,14.2,9200,0
BD13,1/1/2024,106.285833,10.3375,64.18421506,6.71,0.035945868,0.024659453,0.02088975,0.0233075,0.041932025,0.022572831,0.008881405,0.0044875,0.032,0.00395,0,0.001342,7.524276875,11.381405,27.83567018,19.94394059,1.8,0.44875,0.8,0.455,3950,0
BD13,2/1/2024,106.285833,10.3375,52.90386878,7.08,0.0235775,0.01226,0.009408,0.0104475,0.037164167,0.022635,0.00712,0.0021,0.0072,0.0081,0,0.001416,7.545,9.62,28.72208261,20.25447434,0.64,0.21,0.18,0.51,8100,0
BD13,3/1/2024,106.285833,10.3375,66.44346283,6.66,0.02294267,0.01122458,0.0070245,0.007218125,0.041613063,0.02343618,0.00973216,0.0025,0.008517,0.0017,0,0.001332,7.81206,12.23216,32.96862341,21.99382247,0.7575,0.25,0.212925,0.41,1700,0
BD13,4/1/2024,106.285833,10.3375,52.78260427,7.59,0.023435789,0.01214593,0.0091945,0.007922813,0.041665257,0.022579718,0.00742086,0.0057125,0.0066585,0.0045,0,0.001518,7.5265725,9.92086,25.85997879,19.3245305,0.635,0.57125,0.1664625,0.46125,4500,0
BD13,5/1/2024,106.285833,10.3375,44.87613766,6.48,0.047626364,0.037182995,0.033948,0.0408725,0.03634485,0.020886739,0.00776599,0.0025,0.06,0.0041,0,0.001296,6.96224625,10.26599,26.39179375,18.64570032,0.4525,0.25,1.5,0.92,4100,0
BD13,6/1/2024,106.285833,10.3375,37.31617265,6.67,0.042103125,0.03135,0.028017,0.03408375,0.036173958,0.02150625,0.008,0.0015,0.05,0.0032,0,0.001334,7.16875,10.5,30.4631315,20.23897982,2.27,0.15,1.25,0.48,3200,0
BD13,7/1/2024,106.285833,10.3375,55.09594629,7.27,0.020889357,0.010553815,0.008152,0.00940875,0.032875166,0.020671084,0.00625763,0.00125,0.0124,0.0012,0,0.001454,6.89036125,8.75763,23.75560799,17.70679282,0.51875,0.125,0.31,0.6,1200,0
BD13,8/1/2024,106.285833,10.3375,66.3182803,7.05,0.02537625,0.014205,0.01123,0.01325625,0.03611125,0.0223425,0.00736,0.00125,0.0103,0.0095,0,0.00141,7.4475,9.86,23.53229931,18.47210098,0.18125,0.125,0.2575,0.375,9500,0
BD13,9/1/2024,106.285833,10.3375,60.05939627,7.1,0.043542607,0.032089168,0.028535,0.030825,0.045716083,0.022906878,0.008528336,0.00775,0.0384,0.0095,0,0.00142,7.635626,11.028336,26.62155717,19.72820482,1.7525,0.775,0.96,0.25,9500,0
BD13,10/1/2024,106.285833,10.3375,66.30920315,5.01,0.029,0.02135,0.021851,0.02637625,0.0196,0.0153,0,0.0015,0.034,0.0072,0,0.001002,5.1,5,13.03351051,11.64101845,3.1375,0.15,0.85,0.125,7200,0
BD13,11/1/2024,106.285833,10.3375,54.05511287,6.976666667,0.03671888,0.025200061,0.021597667,0.02335125,0.043716276,0.023037638,0.008600122,0.005833333,0.031066667,0.0049,0,0.001395333,7.679212542,11.10012233,25.2243124,19.35309132,0.855833333,0.583333333,0.776666667,0.458333333,4900,0
BD13,12/1/2024,106.285833,10.3375,44.95882265,7.65,0.019964375,0.00962,0.007565,0.00758125,0.034216875,0.02068875,0.00564,0.003,0.006,0.0046,0,0.00153,6.89625,8.14,21.98689423,17.15802387,0.46,0.3,0.15,15.46,4600,0
BD13,1/1/2025,106.285833,10.3375,65.25587298,7.18,0.0269375,0.01745,0.015718,0.0177725,0.031354167,0.018975,0.0049,0.003,0.0224,0.0046,0,0.001436,6.325,7.4,16.68184759,14.62868776,0.28,0.3,0.56,16.21,4600,0
BD13,2/1/2025,106.285833,10.3375,52.98918846,7.135,0.024558438,0.014815,0.0130385,0.015641875,0.029769688,0.019486875,0.00498,0.00105,0.0198,0.0038,0,0.001427,6.495625,7.48,16.51117645,14.83081974,0.505,0.105,0.495,9.19,3800,0
BD13,3/1/2025,106.285833,10.3375,65.90176998,7.06,0.035232188,0.0261975,0.024756,0.02997625,0.027900104,0.018069375,0.004295,0.00155,0.0432,0.00335,0,0.001412,6.023125,6.795,17.24735299,14.35415566,0.705,0.155,1.08,2.97,3350,0
BD13,4/1/2025,106.285833,10.3375,66.31622508,0.99,0.0289625,0.024125,0.020749,0.02418625,0.0226625,0.009675,0.00695,0.0028,0.034,0.0045,0,0.000198,3.225,9.45,22.84812186,11.92265822,0.25,0.28,0.85,2.74,4500,0
BD13,5/1/2025,106.285833,10.3375,65.81972737,7.48,0.0342975,0.02454,0.022848,0.02606,0.0331275,0.019515,0.00488,0.004,0.036,0.0042,0,0.001496,6.505,7.38,18.84065051,15.57926876,0.12,0.4,0.9,13.8,4200,0
BD13,6/1/2025,106.285833,10.3375,54.36199254,7.12,0.01805625,0.00885,0.007312,0.00664,0.031397917,0.0184125,0.0045,0.004,0.0064,0.0028,0,0.001424,6.1375,7,20.30875433,15.49085099,0.24,0.4,0.16,18.34,2800,0
BD13,7/1/2025,106.285833,10.3375,66.98414084,6.97,0.022055625,0.01236,0.010247,0.01030875,0.033846458,0.01939125,0.00562,0.004,0.0124,0.0027,0,0.001394,6.46375,8.12,18.34572222,15.36136341,0.43,0.4,0.31,18.64,2700,0
BD14,5/1/2024,106.263056,10.458056,53.59663244,7.27,0.02270875,0.012535,0.010277,0.00909625,0.03770375,0.0203475,0.00597,0.006,0.0096,0.0035,0,0.001454,6.7825,8.47,22.87825481,17.26840788,0.48,0.6,0.24,17.28,3500,0
BD14,6/1/2024,106.263056,10.458056,64.31693987,6.82,0.039484548,0.028473243,0.02508825,0.0282275,0.041030612,0.02202261,0.008133987,0.0050125,0.042,0.0018,0,0.001364,7.340869938,10.6339865,24.41619284,18.59081085,1.53125,0.50125,1.05,0.705,1800,0
BD14,7/1/2024,106.263056,10.458056,53.54015789,6.75,0.0185625,0.008325,0.005525,0.00584375,0.033979167,0.020475,0.00695,0.0017,0.008,0,0,0.00135,6.825,9.45,21.350625,16.85055958,0.52,0.17,0.2,0.48,0,0
BD14,8/1/2024,106.263056,10.458056,66.26241894,6.39,0.018236655,0.00856872,0.005939,0.00617375,0.032518862,0.01933587,0.00653744,0.002,0.0072,0.0014,0,0.001278,6.44529,9.03744,26.2198784,17.81606816,0.25,0.2,0.18,0.51,1400,0
BD14,9/1/2024,106.263056,10.458056,53.29622834,7.145,0.023716244,0.0128629,0.01018415,0.00945675,0.039352469,0.021706688,0.0067865,0.0052375,0.0111518,0.00255,0,0.001429,7.2355625,9.2865,24.4308344,18.43746557,0.48125,0.52375,0.278795,0.67375,2550,0
BD14,10/1/2024,106.263056,10.458056,54.28856627,6.71,0.038303585,0.029094334,0.027171,0.03296375,0.029408364,0.018418502,0.005188668,0.0016,0.0492,0.0022,0,0.001342,6.1395005,7.688668,15.92042249,14.11039277,0.11125,0.16,1.23,0.62,2200,0
BD14,11/1/2024,106.263056,10.458056,53.1506176,7.39,0.049351875,0.03717,0.033239,0.04086125,0.040604375,0.02436375,0.00934,0.0011,0.0624,0.0015,0,0.001478,8.12125,11.84,32.26107345,22.23454633,1.79,0.11,1.56,0.52,1500,0
BD14,12/1/2024,106.263056,10.458056,38.88605622,7.52,0.085582701,0.07215583,0.0672395,0.082565,0.047326303,0.026853743,0.01133666,0.002375,0.126,0.0046,0,0.001504,8.9512475,13.83666,41.31161035,26.33280137,4.2125,0.2375,3.15,0.65,4600,0
BD14,1/1/2025,106.263056,10.458056,46.47345582,6.94,0.027113125,0.01744,0.015319,0.0183675,0.030597292,0.01934625,0.00563,0.00125,0.0224,0.0056,0,0.001388,6.44875,8.13,21.19109204,16.23589046,0.3125,0.125,0.56,0.1375,5600,0
BD14,2/1/2025,106.263056,10.458056,66.90981306,7.51,0.059063494,0.046657086,0.0426385,0.05056375,0.045181486,0.024812817,0.009539171,0.004375,0.0736,0.0058,0,0.001502,8.270939125,12.039171,30.95028515,22.04584285,1.86375,0.4375,1.84,0.375,5800,0
BD14,3/1/2025,106.263056,10.458056,38.16844197,6.89,0.0302475,0.0199125,0.0206015,0.02417375,0.027060833,0.02067,0,0.002525,0.034,0.0033,0,0.001378,6.89,5,14.5062531,14.79031308,2.46875,0.2525,0.85,0.3875,3300,0
BD14,4/1/2025,106.263056,10.458056,60.68596801,6.973333333,0.03816711,0.026231581,0.022180667,0.02508,0.0438677,0.023871057,0.009496495,0.004233333,0.033866667,0.004866667,0,0.001394667,7.957019083,11.99649533,30.33501597,21.38099394,1.110833333,0.423333333,0.846666667,0.383333333,4866.666667,0
BD14,5/1/2025,106.263056,10.458056,56.68991862,7.57,0.019963125,0.00984,0.007907,0.00675875,0.035730625,0.02024625,0.00538,0.005,0.0092,0.0001,0,0.001514,6.74875,7.88,18.42101206,15.81259917,0.28,0.5,0.23,16.45,100,0
BD14,6/1/2025,106.263056,10.458056,37.60769688,7.25,0.027335,0.018215,0.016875,0.01671875,0.034265,0.01824,0.00413,0.007,0.0252,0.0001,0,0.00145,6.08,6.63,18.06511123,14.6972734,0.34,0.7,0.63,22.54,100,0
BD14,7/1/2025,106.263056,10.458056,37.33393126,7.135,0.0243825,0.0149175,0.0131635,0.014423125,0.031634167,0.01893,0.004935,0.00325,0.0138,0.00785,0,0.001427,6.31,7.435,17.72298461,14.93441507,0.46,0.325,0.345,25.69,7850,0
BD15,5/1/2024,106.348056,10.543056,56.52665537,7.215,0.028398125,0.0184925,0.0164215,0.018683125,0.033070625,0.01981125,0.005585,0.00295,0.0232,0.00525,0,0.001443,6.60375,8.085,21.78826571,16.65665454,1.185,0.295,0.58,29.87,5250,0
BD15,6/1/2024,106.348056,10.543056,52.51429457,7.2,0.03060625,0.02065,0.01852,0.01915,0.037347917,0.0199125,0.0057,0.0064,0.0216,0.0076,0,0.00144,6.6375,8.2,18.72537668,15.74167771,0.33,0.64,0.54,22.96,7600,0
BD15,7/1/2024,106.348056,10.543056,65.4996249,7.01,0.022296321,0.012630989,0.01065725,0.0122825,0.030733082,0.019330663,0.005349479,0.0016625,0.0166,0.00165,0,0.001402,6.443554438,7.8494785,20.47330864,16.00180979,0.278125,0.16625,0.415,0.175,1650,0
BD15,8/1/2024,106.348056,10.543056,44.01300726,7.06,0.0171775,0.0071725,0.0053185,0.005945,0.030630833,0.02001,0.00512,0.001125,0.004,0.0041,0,0.001412,6.67,7.62,21.69842242,16.72770568,0.12,0.1125,0.1,0.84,4100,0
BD15,9/1/2024,106.348056,10.543056,66.02808516,6.4,0.021632663,0.0121014,0.0096025,0.0088,0.035542879,0.019062525,0.0062778,0.005125,0.0044,0.0084,0,0.00128,6.354175,8.7778,21.22288297,16.10405032,0.11375,0.5125,0.11,0.63,8400,0
BD15,10/1/2024,106.348056,10.543056,66.58414601,7.515,0.023312518,0.013125647,0.01108465,0.012488625,0.032837276,0.020373743,0.005584994,0.0021875,0.0107788,0.0077,0,0.001503,6.791247563,8.0849935,19.85426164,16.32818964,0.246875,0.21875,0.26947,0.65625,7700,0
BD15,11/1/2024,106.348056,10.543056,51.91935948,6.94,0.027457284,0.017588722,0.015294,0.0174925,0.033033663,0.019737125,0.005977444,0.0026,0.0208,0.0058,0,0.001388,6.5790415,8.477444,17.33293014,15.21500933,0.62375,0.26,0.52,0.14,5800,0
BD15,12/1/2024,106.348056,10.543056,38.80519049,7.08,0.045514375,0.035845,0.034458,0.0380725,0.036783542,0.01933875,0.00419,0.008,0.0588,0.0007,0,0.001416,6.44625,6.69,16.3790847,14.71511419,0.28,0.8,1.47,0.35,700,0
BD15,1/1/2025,106.348056,10.543056,54.3924637,7.3,0.044587603,0.032466225,0.028505,0.0301625,0.049437741,0.024242756,0.00938245,0.00875,0.038,0.0088,0,0.00146,8.08091875,11.88245,30.97196699,21.76764767,1.1375,0.875,0.95,0.9125,8800,0
BD15,2/1/2025,106.348056,10.543056,65.25829606,7.15,0.03853,0.0271075,0.0236275,0.02789375,0.039503333,0.022845,0.00839,0.002625,0.034,0.0092,0,0.00143,7.615,10.89,25.58659975,19.37098668,0.425,0.2625,0.85,0.75,9200,0
BD15,3/1/2025,106.348056,10.543056,38.62387771,8.09,0.039911732,0.030843756,0.031009,0.03544875,0.02884404,0.018135951,0.001287512,0.0053,0.0544,0.0007,0,0.001618,6.045317,3.787512,9.669266923,11.99838752,2.325,0.53,1.36,0.35,700,0
BD15,4/1/2025,106.348056,10.543056,3.568904762,7.11,0.025315,0.01465,0.015361,0.01576375,0.031301667,0.02133,0,0.0055,0.0186,0.0052,0,0.001422,7.11,5,11.29662698,14.10845113,2.5275,0.55,0.465,0.275,5200,0
BD15,5/1/2025,106.348056,10.543056,65.48027996,6.986666667,0.023110023,0.012721996,0.010009083,0.0111025,0.034828942,0.020776054,0.006823159,0.002254167,0.009733333,0.006633333,0,0.001397333,6.925351167,9.323158667,26.41924731,18.59901266,0.552083333,0.225416667,0.243333333,0.341666667,6633.333333,0
BD15,6/1/2025,106.348056,10.543056,66.0260104,7.2,0.019446875,0.010475,0.00922,0.00715,0.033709375,0.01794375,0.00395,0.007,0.0064,0.0036,0,0.00144,5.98125,6.45,13.18763054,13.0114811,0.63,0.7,0.16,18.32,3600,0
BD15,7/1/2025,106.348056,10.543056,38.56035983,7.17,0.042500625,0.03354,0.032267,0.03845875,0.029051458,0.01792125,0.00398,0.003,0.06,0.0001,0,0.001434,5.97375,6.48,18.91441837,14.80564971,0.71,0.3,1.5,3.63,100,0
BD16,12/1/2024,106.520278,10.407778,55.7809288,7.16,0.021201563,0.0118875,0.010441,0.01048875,0.031561979,0.018628125,0.004325,0.0041,0.012,0.00335,0,0.001432,6.209375,6.825,15.56923784,14.10449057,0.235,0.41,0.3,17.22,3350,0
BD16,1/1/2025,106.520278,10.407778,39.20519673,7.1,0.03079125,0.021615,0.020085,0.02341875,0.029787917,0.0183525,0.00448,0.0027,0.03,0.00605,0,0.00142,6.1175,6.98,17.9102941,14.70471598,0.525,0.27,0.75,10.85,6050,0
BD16,2/1/2025,106.520278,10.407778,54.35999228,7.53,0.020591875,0.00973,0.007103,0.00800375,0.034864375,0.02172375,0.00676,0.0014,0.0072,0.0041,0,0.001506,7.24125,9.26,21.11518849,17.40071122,0.9,0.14,0.18,15.63,4100,0
BD16,3/1/2025,106.520278,10.407778,52.51213191,7.86,0.016120885,0.006985885,0.006111,0.005295,0.029565397,0.01827,0.003321769,0.00375,0.0048,0.0021,0,0.001572,6.09,5.821769,16.5571345,14.2368709,0.625,0.375,0.12,0.12,2100,0
BD16,4/1/2025,106.520278,10.407778,54.8662613,8.025,0.017021875,0.0077125,0.0058525,0.005253125,0.031784375,0.01861875,0.005325,0.0033,0.0046,0.0022,0,0.001605,6.20625,7.825,17.74765625,14.78656802,0.11625,0.33,0.115,0.14,2200,0
BD16,5/1/2025,106.520278,10.407778,36.79090229,7.47,0.020439385,0.01237876,0.0108687,0.012648375,0.025824598,0.01612125,0.00451412,0.0015,0.0175934,0.00115,0,0.001494,5.37375,7.01412,15.98940375,12.98351395,0.474375,0.15,0.439835,0.5625,1150,0
BD16,6/1/2025,106.520278,10.407778,57.92228797,7.33,0.0241425,0.01515,0.013633,0.01235375,0.0349825,0.017985,0.0045,0.0075,0.0104,0.0079,0,0.001466,5.995,7,16.991875,14.23142654,0.7875,0.75,0.26,0.32,7900,0
BD16,7/1/2025,106.520278,10.407778,57.10087406,7.405,0.026424188,0.015288563,0.006928,0.005988125,0.052206439,0.02227125,0.018202127,0.004275,0.004,0.0041,0,0.001481,7.42375,20.7021265,26.164657,19.26634915,8.0025,0.4275,0.16,0.295,4100,0
BD17,12/1/2024,106.504167,10.491667,44.73841363,7.71,0.019757589,0.010622589,0.009321,0.00696375,0.034901041,0.01827,0.004145178,0.0075,0.0092,0.0004,0,0.001542,6.09,6.645178,16.968839,14.36666425,0.1325,0.75,0.23,0.3,400,0
BD17,1/1/2025,106.504167,10.491667,56.57009907,6.69,0.022379375,0.0139925,0.0120065,0.0114925,0.032326875,0.01677375,0.00531,0.005625,0.0154,0.00165,0,0.001338,5.59125,7.81,16.74078125,13.5466421,0.129375,0.5625,0.385,0.125,1650,0
BD17,2/1/2025,106.504167,10.491667,53.81197833,7.245,0.025389756,0.018566631,0.0165078,0.019541,0.02445673,0.01364625,0.005566662,0.00175,0.0212666,0.00855,0,0.001449,4.54875,8.0666615,15.1750495,11.48928184,0.47375,0.175,0.531665,0.3175,8550,0
BD17,3/1/2025,106.504167,10.491667,53.32046579,6.65,0.02572625,0.017045,0.015365,0.01826875,0.027477917,0.0173625,0.00469,0.0015,0.0248,0.0031,0,0.00133,5.7875,7.19,16.7496875,13.84382487,0.125,0.15,0.62,0.12,3100,0
BD17,4/1/2025,106.504167,10.491667,54.13851089,7.145,0.018140748,0.011456373,0.005052,0.003893125,0.036728411,0.01336875,0.014237745,0.003875,0.002,0.0028,0,0.001429,4.45625,16.737745,19.36027875,12.66996099,1.205,0.3875,0.11,0.51,2800,0
BD17,5/1/2025,106.504167,10.491667,52.87930017,7.42,0.01568622,0.00806622,0.006892,0.007365,0.024584513,0.01524,0.00383244,0.002,0.0044,0.0059,0,0.001484,5.08,6.33244,15.17122,12.28494956,0.9,0.2,0.11,0.9,5900,0
BD17,6/1/2025,106.504167,10.491667,66.27206257,7.07,0.018436875,0.00985125,0.00820075,0.00807125,0.029602708,0.01717125,0.004715,0.0034875,0.007,0.0045,0,0.001414,5.72375,7.215,16.65859375,13.71948179,0.1175,0.34875,0.175,0.895,4500,0
BD17,7/1/2025,106.504167,10.491667,66.68941459,7.015,0.02163417,0.013187295,0.011839,0.0140175,0.025950563,0.01689375,0.00409959,0.00125,0.018725,0.0023,0,0.001403,5.63125,6.59959,16.20057625,13.43633788,0.543125,0.125,0.468125,0.9075,2300,0
BD18,12/1/2024,106.4375,10.422778,56.3563616,6.34,0.021205,0.01219,0.010684,0.012105,0.028361667,0.01803,0.00428,0.002,0.0112,0.0069,0,0.001268,6.01,6.78,16.90625,14.22693253,0.14625,0.2,0.28,0.16,6900,0
BD18,1/1/2025,106.4375,10.422778,38.04456037,6.54,0.023585943,0.013573443,0.00597275,0.00609875,0.045175533,0.020025,0.016509385,0.0021875,0.003,0.00545,0,0.001308,6.675,19.009385,24.1015675,17.49281762,11.245,0.21875,0.135,0.23,5450,0
BD18,2/1/2025,106.4375,10.422778,54.93000176,7.04,0.019984421,0.011021921,0.009004,0.01063,0.028430315,0.017925,0.005443841,0.001,0.0084,0.0072,0,0.001408,5.975,7.943841,20.55090953,15.32344247,0.1975,0.1,0.21,0.36,7200,0
BD18,3/1/2025,106.4375,10.422778,54.514251,7.04,0.019474623,0.010647123,0.00871025,0.00888,0.030507453,0.017655,0.005281745,0.0032125,0.0084,0.0044,0,0.001408,5.885,7.781745,18.39427284,14.5085444,0.270625,0.32125,0.21,0.32375,4400,0
BD18,4/1/2025,106.4375,10.422778,53.53986191,7.17,0.02695125,0.018525,0.015692,0.01733375,0.032202917,0.0168525,0.0071,0.00365,0.0248,0.0015,0,0.001434,5.6175,9.6,21.33662338,15.03489545,1.3375,0.365,0.62,0.26,1500,0
BD18,5/1/2025,106.4375,10.422778,57.01569208,6.725,0.023094405,0.01629753,0.0138225,0.016059375,0.025478612,0.01359375,0.006295061,0.00195,0.0212,0.00315,0,0.001345,4.53125,8.7950605,22.47272785,13.76368706,0.215,0.195,0.53,0.175,3150,0
BD18,6/1/2025,106.4375,10.422778,36.2520197,6.98,0.02008625,0.011675,0.009898,0.0063725,0.03660125,0.0168225,0.00495,0.0096,0.006,0.0028,0,0.001396,5.6075,7.45,16.95783786,13.63944605,0.21,0.96,0.15,0.25,2800,0
BD18,7/1/2025,106.4375,10.422778,37.05558039,7.92,0.025529485,0.0175718,0.0119545,0.01424,0.034835466,0.015915371,0.0128186,0.001125,0.014,0.0072,0,0.001584,5.3051235,15.3186,40.38882282,20.57269875,0.36125,0.1125,0.35,0.75,7200,0
BD2,10/1/2023,106.545278,10.473333,38.48889622,7.12,0.026089939,0.019770617,0.015737,0.0185775,0.027859858,0.012638645,0.009491234,0.00175,0.02,0.0083,0,0.001424,4.2128815,11.991234,25.60507989,14.27363495,0.53,0.175,0.5,0.4375,8300,0
BD2,11/1/2023,106.545278,10.473333,38.49800255,7.29,0.028856729,0.019822979,0.016054,0.01741125,0.036532367,0.0180675,0.008995957,0.00425,0.02,0.0064,0,0.001458,6.0225,11.495957,29.59082601,18.24460309,0.5225,0.425,0.5,0.15,6400,0
BD2,12/1/2023,106.545278,10.473333,53.30017072,7.17,0.024061459,0.0140325,0.0069545,0.0070525,0.044651737,0.020057918,0.01559,0.002625,0.00915,0.0007,0,0.001434,6.6859725,18.09,55.61875568,27.44533822,5.29,0.2625,0.22875,0.125,700,0
BD2,1/1/2024,106.545278,10.473333,52.89356456,7.065,0.028238642,0.01925125,0.01661275,0.019945625,0.030306832,0.017974784,0.00669,0.0013125,0.023,0.0075,0,0.001413,5.99159475,9.19,25.23370465,16.82462562,0.48,0.13125,0.575,0.13625,7500,0
BD2,2/1/2024,106.545278,10.473333,53.46051253,7.25,0.01947375,0.00987,0.007925,0.00928125,0.029805417,0.0192075,0.00534,0.001,0.008,0.0054,0,0.00145,6.4025,7.84,20.15506181,15.83989811,0.35,0.1,0.2,14.27,5400,0
BD2,3/1/2024,106.545278,10.473333,54.0265234,7.06,0.0229875,0.0126,0.010706,0.0091325,0.0382375,0.020775,0.0052,0.0068,0.0068,0.0064,0,0.001412,6.925,7.7,19.65758929,16.46681566,0.75,0.68,0.17,15.23,6400,0
BD2,4/1/2024,106.545278,10.473333,36.69788787,7.315,0.023679874,0.0149225,0.0133815,0.013914375,0.030986372,0.017514748,0.004545,0.0045,0.0162,0.0046,0,0.001463,5.838249263,7.045,17.99999477,14.31411878,0.44,0.45,0.405,10.305,4600,0
BD2,5/1/2024,106.545278,10.473333,37.79778228,7.215,0.032862693,0.024255,0.0220715,0.025901875,0.03001295,0.017215386,0.00581,0.0027,0.0346,0.0054,0,0.001443,5.738461994,8.31,20.38414907,14.91606281,0.47,0.27,0.865,2.415,5400,0
BD2,6/1/2024,106.545278,10.473333,54.05188905,7.28,0.019354358,0.01111,0.009528,0.01066,0.026960168,0.016488716,0.00462,0.002,0.0104,0.0052,0,0.001456,5.496238539,7.12,14.74291881,12.77428177,0.59,0.2,0.26,18.5,5200,0
BD2,7/1/2024,106.545278,10.473333,66.6209074,7.34,0.0351875,0.0207125,0.0146965,0.017355,0.051420833,0.02895,0.0135,0.001625,0.0168,0.0095,0,0.001468,9.65,16,43.21748252,27.98177255,0.9475,0.1625,0.42,0.65,9500,0
BD2,8/1/2024,106.545278,10.473333,38.6436489,7.31,0.020190625,0.00985,0.007481,0.00785125,0.034161458,0.02068125,0.0062,0.0024,0.01,0.0011,0,0.001462,6.89375,8.7,19.61244243,16.40570773,0.3,0.24,0.25,0.36,1100,0
BD2,9/1/2024,106.545278,10.473333,3.65622981,7.5,0.02573875,0.0141175,0.0107875,0.01184375,0.03969875,0.0232425,0.00816,0.002625,0.01215,0.0053,0,0.0015,7.7475,10.66,23.62456798,18.95118946,0.6225,0.2625,0.30375,0.675,5300,0
BD2,10/1/2024,106.545278,10.473333,39.01707823,7.345,0.021786563,0.011115,0.0084845,0.008418125,0.036835313,0.021343125,0.00673,0.0035,0.0072,0.0048,0,0.001469,7.114375,9.23,23.50192339,17.96283721,0.68,0.35,0.18,0.68125,4800,0
BD2,11/1/2024,106.545278,10.473333,36.770866,7.42,0.02185,0.010675,0.007667,0.0088025,0.036283333,0.02235,0.0075,0.00125,0.0057,0.0069,0,0.001484,7.45,10,24.17790673,18.67938422,0.95,0.125,0.1425,0.5875,6900,0
BD2,12/1/2024,106.545278,10.473333,53.51803525,6.74,0.02885211,0.02266836,0.019874,0.0213425,0.029054923,0.0123675,0.00693672,0.0056,0.0244,0.0084,0,0.001348,4.1225,9.43672,26.97272962,14.56922592,0.2,0.56,0.61,0.51,8400,0
BD2,1/1/2025,106.545278,10.473333,54.36425439,6.855,0.020547846,0.013477221,0.011648,0.013138125,0.025019973,0.01414125,0.005029442,0.002275,0.0154,0.00425,0,0.001371,4.71375,7.5294415,19.65255172,13.14835253,1.435625,0.2275,0.385,0.32,4250,0
BD2,2/1/2025,106.545278,10.473333,65.88197605,6.65,0.04044125,0.0347975,0.0310025,0.03445625,0.03159625,0.0112875,0.00892,0.006875,0.048,0.0058,0,0.00133,3.7625,11.42,24.3853145,13.21352128,0.74125,0.6875,1.2,0.21,5800,0
BD2,3/1/2025,106.545278,10.473333,36.73554386,6.855,0.039384295,0.03242617,0.0305605,0.033856875,0.030296688,0.01391625,0.00510234,0.00695,0.0468,0.006,0,0.001371,4.63875,7.60234,19.54229672,13.0010937,0.2625,0.695,1.17,0.18,6000,0
BD2,4/1/2025,106.545278,10.473333,66.69861036,6.78,0.02368,0.01585,0.013978,0.014785,0.029236667,0.01566,0.0051,0.0043,0.0208,0.0015,0,0.001356,5.22,7.6,23.36664141,15.07862592,0.28,0.43,0.52,0.52,1500,0
BD2,5/1/2025,106.545278,10.473333,52.73783715,7.5,0.028553598,0.019441098,0.016525,0.014875,0.040608394,0.018225,0.007332195,0.00925,0.0204,0.0019,0,0.0015,6.075,9.832195,23.73416454,16.47699071,0.455,0.925,0.51,0.2375,1900,0
BD2,6/1/2025,106.545278,10.473333,37.67446981,7.1,0.030002892,0.020946185,0.018385,0.0206375,0.033140081,0.018113415,0.006542369,0.00375,0.0264,0.0052,0,0.00142,6.037805,9.042369,21.96021937,15.8619469,0.25,0.375,0.66,0.2625,5200,0
BD2,7/1/2025,106.545278,10.473333,4.074249538,7.27,0.031473177,0.021771927,0.0186645,0.01778375,0.041937413,0.0194025,0.007668854,0.008875,0.0208,0.0062,0,0.001454,6.4675,10.168854,27.40751576,18.22379595,0.365,0.8875,0.52,0.175,6200,0
BD7,10/1/2023,106.395278,10.485556,57.28809169,7.21,0.0261125,0.01708625,0.01567725,0.01790125,0.029195833,0.0180525,0.00426,0.0027125,0.0248,0.0024,0,0.001442,6.0175,6.76,15.41454365,13.76790941,0.26875,0.27125,0.62,0.25,2400,0
BD7,11/1/2023,106.395278,10.485556,38.878621,7.07,0.032625022,0.023775354,0.020832,0.02338375,0.03412505,0.017699336,0.007300707,0.00425,0.0312,0.0048,0,0.001414,5.89977875,9.800707,27.30617222,17.34026466,0.721875,0.425,0.78,0.4375,4800,0
BD7,12/1/2023,106.395278,10.485556,54.45413582,7.2,0.03369,0.02496,0.02392,0.0285875,0.026926667,0.01746,0.00352,0.0021,0.0348,0.0095,0,0.00144,5.82,6.02,14.07290515,13.04869645,1.47,0.21,0.87,27.8,9500,0
BD7,1/1/2024,106.395278,10.485556,64.54562172,7.14,0.0238125,0.0138,0.011564,0.0136425,0.0317625,0.020025,0.0059,0.0013,0.0116,0.0088,0,0.001428,6.675,8.4,22.88792373,17.11020609,0.7,0.13,0.29,28.32,8800,0
BD7,2/1/2024,106.395278,10.485556,54.25327667,7.25,0.033354063,0.0232975,0.021125,0.02065625,0.040959479,0.020113125,0.005795,0.0092,0.0238,0.0078,0,0.00145,6.704375,8.295,19.76482635,16.16968556,0.695,0.92,0.595,19.63,7800,0
BD7,3/1/2024,106.395278,10.485556,53.82880033,7.1,0.058784063,0.0488175,0.046885,0.05545,0.035312813,0.019933125,0.005285,0.00505,0.0816,0.0057,0,0.00142,6.644375,7.785,20.96790571,16.45896657,2.71,0.505,2.04,36.64,5700,0
BD7,4/1/2024,106.395278,10.485556,44.64812898,6.96,0.05531875,0.0448,0.041946,0.0493075,0.038660417,0.0210375,0.0071,0.005,0.068,0.0095,0,0.001392,7.0125,9.6,21.92239221,17.31206406,1.68,0.5,1.7,3.4,9500,0
BD7,5/1/2024,106.395278,10.485556,37.97724407,7.26,0.03529375,0.0239875,0.0207135,0.022845,0.041402083,0.0226125,0.008,0.004875,0.0328,0.0023,0,0.001452,7.5375,10.5,29.89940097,20.61438398,0.68625,0.4875,0.82,0.5625,2300,0
BD7,6/1/2024,106.395278,10.485556,35.19797801,7.17,0.021034375,0.0133,0.013117,0.01552125,0.021780208,0.01546875,0.0018,0.0014,0.0152,0.0082,0,0.001434,5.15625,4.3,11.07806075,11.10892126,0.78,0.14,0.38,0.84,8200,0
BD7,7/1/2024,106.395278,10.485556,53.10087818,7.42,0.0387375,0.022725,0.015417,0.01427125,0.065479167,0.032025,0.0161,0.008,0.0178,0.00355,0,0.001484,10.675,18.6,40.02500135,28.51281568,2.66375,0.8,0.445,0.42625,3550,0
BD7,8/1/2024,106.395278,10.485556,38.12718529,7.05,0.024854688,0.0140125,0.010955,0.01144375,0.038277604,0.021684375,0.007525,0.0036,0.0104,0.0065,0,0.00141,7.228125,10.025,28.37951819,19.67116549,1.068125,0.36,0.26,0.1625,6500,0
BD7,9/1/2024,106.395278,10.485556,57.8922889,7.1,0.02843875,0.0163825,0.0122925,0.01169375,0.046185417,0.0241125,0.0096,0.005875,0.00779,0.0095,0,0.00142,8.0375,12.1,25.8073591,20.07433295,1.45375,0.5875,0.19475,0.7625,9500,0
BD7,10/1/2024,106.395278,10.485556,53.91916862,6.66,0.01390875,0.00708,0.007141,0.00752,0.019970417,0.0136575,0.00121,0.00225,0.0072,0.0035,0,0.001332,4.5525,3.71,9.348071135,9.657902312,3.82,0.225,0.18,0.39,3500,0
BD7,11/1/2024,106.395278,10.485556,37.01497962,6.745,0.237250625,0.22999625,0.01264325,0.011405625,0.533868125,0.01450875,0.436055,0.0070375,0.0074,0.0095,0,0.001349,4.83625,48.555,132.5482964,48.92344701,1.413125,0.70375,0.185,0.3325,9500,0
BD7,12/1/2024,106.395278,10.485556,37.21037515,6.69,0.05250875,0.0456125,0.0426815,0.04358625,0.042720417,0.0137925,0.0072,0.015625,0.0592,0.0092,0,0.001338,4.5975,9.7,21.86674616,13.67202117,0.67,1.5625,1.48,0.19,9200,0
BD7,1/1/2025,106.395278,10.485556,66.80522308,6.675,0.039406508,0.031953383,0.0290675,0.031553125,0.034606851,0.01490625,0.007106766,0.00765,0.0442,0.00495,0,0.001335,4.96875,9.6067655,21.05961321,13.97444064,0.225625,0.765,1.105,0.325,4950,0
BD7,2/1/2025,106.395278,10.485556,52.41402473,6.59,0.01838375,0.011075,0.007609,0.00694875,0.031462083,0.0146175,0.00825,0.0041,0.0084,0.0014,0,0.001318,4.8725,10.75,24.28774802,14.84776262,2.96,0.41,0.21,0.43,1400,0
BD7,3/1/2025,106.395278,10.485556,53.11505625,7.33,0.056316386,0.04991,0.044083,0.05104125,0.037838234,0.012812772,0.01312,0.0065,0.078,0.0022,0,0.001466,4.270924,15.62,36.69997137,17.85845768,2.79875,0.65,1.95,0.75,2200,0
BD7,4/1/2025,106.395278,10.485556,53.57062939,6.96,0.036642876,0.028499318,0.024246,0.0296825,0.031716712,0.016287118,0.009898635,0.001,0.038,0.0081,0,0.001392,5.42903925,12.398635,31.87439474,18.07432645,0.775,0.1,0.95,0.1375,8100,0
BD7,5/1/2025,106.395278,10.485556,52.72321405,7.34,0.03813367,0.02813617,0.0219715,0.0237925,0.046278563,0.019995,0.01379734,0.005875,0.0344,0.0022,0,0.001468,6.665,16.29734,47.28266776,24.7858568,1.9425,0.5875,0.86,0.45,2200,0
BD7,6/1/2025,106.395278,10.485556,57.09077356,7.37,0.022264797,0.0137375,0.0098495,0.01098375,0.03316786,0.017054594,0.00925,0.002125,0.0128,0.0033,0,0.001474,5.68486475,11.75,30.62673204,18.06472841,1.4475,0.2125,0.32,0.5,3300,0
BD7,7/1/2025,106.395278,10.485556,36.95583571,6.965,0.037493805,0.028800557,0.024534,0.029839375,0.033410546,0.017386496,0.009926115,0.001325,0.0422,0.00415,0,0.001393,5.79549875,12.4261145,29.69828984,17.93798011,0.881875,0.1325,1.055,0.44375,4150,0
BD8,10/1/2023,106.370278,10.364722,53.82595575,7.12,0.02923125,0.0189,0.016362,0.0195775,0.033322917,0.0206625,0.0065,0.0014,0.0224,0.0075,0,0.001424,6.8875,9,18.40134494,16.01452394,1.13,0.14,0.56,24.29,7500,0
BD8,11/1/2023,106.370278,10.364722,64.9802394,7,0.01842875,0.010055,0.009145,0.0104375,0.025150417,0.0167475,0.00322,0.00159,0.0084,0.0069,0,0.0014,5.5825,5.72,16.69606066,13.51941856,0.36,0.159,0.21,2.12,6900,0
BD8,12/1/2023,106.370278,10.364722,65.91209912,7.26,0.032979688,0.0232625,0.021401,0.0252825,0.031452604,0.019434375,0.005175,0.00235,0.0336,0.0054,0,0.001452,6.478125,7.675,17.58088757,15.14180527,0.69,0.235,0.84,32.45,5400,0
BD8,1/1/2024,106.370278,10.364722,65.23734973,7.04,0.04348875,0.03375,0.031964,0.038755,0.03077375,0.0194775,0.00498,0.00192,0.0522,0.0084,0,0.001408,6.4925,7.48,18.82332579,15.555057,0.77,0.192,1.305,3.41,8400,0
BD8,2/1/2024,106.370278,10.364722,67.16415539,7.03,0.02878,0.01837,0.015903,0.01887875,0.033553333,0.02082,0.00634,0.0016,0.0276,0.0012,0,0.001406,6.94,8.84,20.15748016,16.64691052,1.63,0.16,0.69,27.5,1200,0
BD8,3/1/2024,106.370278,10.364722,66.02214269,7.31,0.046603125,0.0317625,0.0253935,0.03010125,0.054257292,0.02968125,0.0142,0.002625,0.0388,0.0079,0,0.001462,9.89375,16.7,45.29977328,29.00385744,1.31,0.2625,0.97,0.55,7900,0
BD8,4/1/2024,106.370278,10.364722,54.43353916,7.16,0.0278875,0.016,0.012116,0.0139575,0.0406875,0.023775,0.0092,0.0019,0.0164,0.0045,0,0.001432,7.925,11.7,27.92372231,20.57278446,1.69,0.19,0.41,0.1,4500,0
BD8,5/1/2024,106.370278,10.364722,45.10411182,7.245,0.041373438,0.0256375,0.018412,0.020124375,0.060663021,0.031471875,0.0159,0.004625,0.0286,0.00215,0,0.001449,10.490625,18.4,43.24661673,29.25189486,2.24125,0.4625,0.715,0.1375,2150,0
BD8,6/1/2024,106.370278,10.364722,38.20568773,7.065,0.03230875,0.02110375,0.01822525,0.020664375,0.038462083,0.02241,0.00717,0.0033875,0.0266,0.00505,0,0.001413,7.47,9.67,24.76153251,18.89337721,1.6275,0.33875,0.665,0.55625,5050,0
BD8,7/1/2024,106.370278,10.364722,36.86906676,7.12,0.035073125,0.020405,0.014012,0.0115775,0.061887292,0.02933625,0.01421,0.0095,0.0136,0.0035,0,0.001424,9.77875,16.71,45.03748292,28.74866817,2.53625,0.95,0.34,0.13125,3500,0
BD8,8/1/2024,106.370278,10.364722,47.43886362,6.61,0.019515,0.011805,0.008361,0.00732625,0.033401667,0.01542,0.00821,0.005,0.008,0.0024,0,0.001322,5.14,10.71,25.13039002,15.51466268,0.85625,0.5,0.2,0.54,2400,0
BD8,9/1/2024,106.370278,10.364722,59.99989926,6.98,0.02266,0.0144175,0.0110105,0.00806,0.039456667,0.016485,0.00821,0.009125,0.0072,0.0043,0,0.001396,5.495,10.71,29.18210275,17.32449961,0.7,0.9125,0.18,0.75,4300,0
BD8,10/1/2024,106.370278,10.364722,52.56807474,6.76,0.037485,0.028875,0.026076,0.029095,0.034731667,0.01722,0.00695,0.0056,0.038,0.0072,0,0.001352,5.74,9.45,24.34597072,16.16736782,0.24,0.56,0.95,0.43,7200,0
BD8,11/1/2024,106.370278,10.364722,53.50737492,6.755,0.020223118,0.012368743,0.0101255,0.009563125,0.030912274,0.01570875,0.005837485,0.00495,0.0092,0.00475,0,0.001351,5.23625,8.337485,17.99228755,13.40869012,0.56375,0.495,0.23,0.22,4750,0
BD8,12/1/2024,106.370278,10.364722,52.26132688,7.52,0.0199325,0.0125,0.009552,0.0080025,0.033325833,0.014865,0.0074,0.0063,0.0092,0.0021,0,0.001504,4.955,9.9,23.93612767,14.86066131,1.26,0.63,0.23,0.41,2100,0
BD8,1/1/2025,106.370278,10.364722,53.96496967,6.56,0.0247075,0.01741,0.014006,0.0128825,0.035134167,0.014595,0.00812,0.0074,0.0112,0.0081,0,0.001312,4.865,10.62,30.24110841,16.71336015,1.31,0.74,0.28,0.29,8100,0
BD8,2/1/2025,106.370278,10.364722,35.36951626,7.28,0.030033572,0.020875,0.017553,0.02116,0.032278334,0.018317144,0.0081,0.00125,0.0276,0.0048,0,0.001456,6.1057145,10.6,23.89561952,16.57396252,0.32625,0.125,0.69,0.175,4800,0
BD8,3/1/2025,106.370278,10.364722,65.081931,6.9,0.032118469,0.023232634,0.01964625,0.0233625,0.032943093,0.01777167,0.008552767,0.0019125,0.0336,0.0024,0,0.00138,5.92389,11.052767,22.88624249,15.98301107,0.28,0.19125,0.84,0.45,2400,0
BD8,4/1/2025,106.370278,10.364722,66.31862241,7.53,0.0199714,0.01006015,0.0073655,0.00787875,0.033649933,0.0198225,0.0068953,0.002125,0.008,0.0031,0,0.001506,6.6075,9.3953,25.59987022,17.86392031,0.13,0.2125,0.2,0.275,3100,0
BD8,5/1/2025,106.370278,10.364722,65.04334531,7.39,0.020810966,0.0120525,0.0096765,0.0076425,0.036017255,0.017516933,0.00623,0.007125,0.00535,0.0054,0,0.001478,5.8389775,8.73,23.5805389,16.07452517,0.165,0.7125,0.13375,0.3375,5400,0
BD8,6/1/2025,106.370278,10.364722,35.86116606,7.075,0.027476988,0.017023928,0.0143075,0.012103125,0.043171305,0.020906121,0.006847855,0.00925,0.014,0.00395,0,0.001415,6.968707,9.347855,21.89044747,17.23630371,0.341875,0.925,0.35,0.46875,3950,0
BD8,7/1/2025,106.370278,10.364722,57.81447578,7.03,0.027005,0.01682,0.014553,0.01319125,0.040028333,0.02037,0.00594,0.008,0.0128,0.0069,0,0.001406,6.79,8.44,20.3735126,16.49001658,0.22,0.8,0.32,12.9,6900,0
C1-1,12/1/2024,106.323333,11.323333,52.70742558,6.91,0.0179875,0.009175,0.007791,0.00886375,0.0270375,0.017625,0.00415,0.0014,0.0072,0.0056,0,0.001382,5.875,6.65,16.15013265,13.7860601,0.36,0.14,0.18,18.2,5600,0
C1-1,1/1/2025,106.323333,11.323333,64.50664264,7.085,0.01854125,0.00869,0.0065835,0.007229375,0.03142125,0.0197025,0.00563,0.0016,0.0056,0.00455,0,0.001417,6.5675,8.13,21.56125405,16.53071218,0.405,0.16,0.14,14.465,4550,0
C1-1,2/1/2025,106.323333,11.323333,63.79789875,7.15,0.034458125,0.023795,0.02099,0.02076875,0.043302292,0.02132625,0.00704,0.00875,0.028,0.0038,0,0.00143,7.10875,9.54,26.75817399,18.98096043,0.725,0.875,0.7,8.855,3800,0
C1-1,3/1/2025,106.323333,11.323333,65.05034785,7.03,0.03914625,0.02841,0.025653,0.02712875,0.04234125,0.0214725,0.00692,0.0079,0.0348,0.0072,0,0.001406,7.1575,9.42,22.13276122,17.59588468,0.88,0.79,0.87,2.5,7200,0
C1-1,4/1/2025,106.323333,11.323333,50.62786,7.02,0.035225,0.0236375,0.0200395,0.022315,0.042175,0.023175,0.0086,0.004375,0.0332,0.0011,0,0.001404,7.725,11.1,33.14086455,21.91753296,0.27125,0.4375,0.83,0.6125,1100,0
C1-1,5/1/2025,106.323333,11.323333,52.48467223,7.06,0.02295625,0.01105,0.007506,0.0062575,0.04353125,0.0238125,0.0085,0.005,0.0064,0.0022,0,0.001412,7.9375,11,28.67183425,20.82738312,0.33,0.5,0.16,0.65,2200,0
C1-1,6/1/2025,106.323333,11.323333,44.54099008,7.29,0.025103125,0.01433125,0.01156025,0.0101925,0.041248958,0.02154375,0.007,0.0068125,0.007,0.00785,0,0.001458,7.18125,9.5,23.96902786,18.21040837,0.509375,0.68125,0.175,0.6625,7850,0
C1-1,7/1/2025,106.323333,11.323333,52.78721741,7.035,0.019829375,0.010458125,0.008956625,0.009410625,0.030343542,0.0187425,0.00441,0.00285625,0.0106,0.00305,0,0.001407,6.2475,6.91,19.35100789,15.35391327,0.563125,0.285625,0.265,0.45,3050,0
C2-1,12/1/2024,106.25,11.373333,65.06356123,7.14,0.02594375,0.0148625,0.0116765,0.01217375,0.039477083,0.0221625,0.0078,0.003875,0.00855,0.0095,0,0.001428,7.3875,10.3,23.27105159,18.29974041,1.35,0.3875,0.21375,0.675,9500,0
C2-1,1/1/2025,106.25,11.373333,64.04995601,6.79,0.0162375,0.0096975,0.0068165,0.00578625,0.028670833,0.01308,0.00712,0.004375,0.0068,0.0011,0,0.001358,4.36,9.62,23.55258518,13.84724627,1.22375,0.4375,0.17,0.52,1100,0
C2-1,2/1/2025,106.25,11.373333,64.49183448,6.815,0.020902948,0.013734823,0.01077525,0.010414375,0.030923544,0.01433625,0.007282145,0.0048875,0.0102,0.0051,0,0.001363,4.77875,9.782145,27.45740739,15.70639971,1.51875,0.48875,0.255,0.40625,5100,0
C2-1,3/1/2025,106.25,11.373333,62.23956211,6.79,0.02679625,0.01975,0.016354,0.01709875,0.03219125,0.0140925,0.00815,0.00535,0.0248,0.0012,0,0.001358,4.6975,10.65,25.41774723,14.94150449,1.1925,0.535,0.62,0.28,1200,0
C2-1,4/1/2025,106.25,11.373333,36.58980293,7.025,0.0246265,0.017435875,0.0148525,0.016409375,0.028470167,0.01438125,0.00657175,0.00345,0.0202,0.00465,0,0.001405,4.79375,9.07175,21.23544353,13.76737264,0.77,0.345,0.505,0.355,4650,0
C2-1,5/1/2025,106.25,11.373333,64.49057308,6.58,0.02171125,0.014575,0.011758,0.0110725,0.03152625,0.0142725,0.00695,0.0058,0.0072,0.0092,0,0.001316,4.7575,9.45,20.15533418,13.37248398,1.36,0.58,0.18,0.31,9200,0
C2-1,6/1/2025,106.25,11.373333,51.6664015,7.42,0.044513313,0.034195,0.028767,0.0326775,0.044597729,0.020636625,0.01234,0.00525,0.0496,0.0012,0,0.001484,6.878875,14.84,42.25782004,23.52254328,1.83875,0.525,1.24,0.875,1200,0
C2-1,7/1/2025,106.25,11.373333,64.9440272,7.13,0.042446529,0.033282688,0.028338,0.03432875,0.036625234,0.018327683,0.011315375,0.00175,0.0448,0.0087,0,0.001426,6.1092275,13.815375,35.59245664,20.26675948,0.81375,0.175,1.12,0.225,8700,0
C3-1,12/1/2024,106.2,11.44,54.15860208,7.65,0.0292382,0.0211157,0.017465,0.02101875,0.030772467,0.016245,0.0088314,0.0013,0.0276,0.0045,0,0.00153,5.415,11.3314,23.16811111,15.30853755,0.87875,0.13,0.69,0.3625,4500,0
C3-1,1/1/2025,106.2,11.44,64.20831871,7.61,0.022331164,0.01232895,0.008161,0.00901375,0.037056049,0.020004428,0.0098579,0.0019,0.0112,0.0017,0,0.001522,6.6681425,12.3579,29.87881536,19.30385794,1.1525,0.19,0.28,0.75,1700,0
C3-1,2/1/2025,106.2,11.44,64.62300118,7.075,0.042090228,0.032665559,0.02835125,0.031571875,0.040927198,0.018849338,0.010043618,0.0061875,0.0456,0.0035,0,0.001415,6.2831125,12.5436175,33.15102615,19.75790524,1.161875,0.61875,1.14,0.25625,3500,0
C3-1,3/1/2025,106.2,11.44,64.55946314,7.41,0.061815625,0.0466,0.039991,0.04792625,0.056503125,0.03043125,0.0147,0.0033,0.07,0.0052,0,0.001482,10.14375,17.2,46.45879371,29.74424849,0.95,0.33,1.75,0.45,5200,0
C3-1,4/1/2025,106.2,11.44,54.58176105,7.37,0.021289375,0.01123,0.009167,0.00977125,0.033155208,0.02011875,0.0056,0.0027,0.00936,0.0048,0,0.001474,6.70625,8.1,18.2598602,15.69804467,0.51,0.27,0.234,0.68,4800,0
C3-1,5/1/2025,106.2,11.44,64.86172123,7.41,0.03396875,0.02001875,0.01453475,0.01702,0.04921875,0.0279,0.01245,0.0018375,0.0174,0.00835,0,0.001482,9.3,14.95,33.11915173,24.27318781,0.39,0.18375,0.435,0.74375,8350,0
C3-1,6/1/2025,106.2,11.44,44.68842003,7.155,0.030332813,0.017775,0.0132905,0.011831875,0.050359896,0.025115625,0.0104,0.00765,0.011,0.0065,0,0.001431,8.371875,12.9,33.08751551,22.87102672,0.47625,0.765,0.275,0.45,6500,0
C3-1,7/1/2025,106.2,11.44,51.82228945,7.11,0.025700625,0.015435,0.012946,0.01540125,0.032878125,0.02053125,0.0064,0.00125,0.01862,0.0046,0,0.001422,6.84375,8.9,21.51833699,16.93155722,0.9925,0.125,0.4655,0.5875,4600,0
CLCB1,5/1/2023,105.15576,9.75633,64.17847512,6.91,0.015340034,0.009148784,0.0069035,0.00667625,0.024943412,0.0123825,0.005872567,0.003125,0.0072,0.0021,0,0.001382,4.1275,8.372567,21.824788,12.9537935,0.46875,0.3125,0.18,0.39,2100,0
CLCB1,6/1/2023,105.15576,9.75633,65.11542457,7.07,0.024106875,0.01675875,0.01421325,0.015915,0.028191042,0.01469625,0.006505,0.0029625,0.0222,0.00185,0,0.001414,4.89875,9.005,24.27044608,14.88168303,0.9075,0.29625,0.555,0.29375,1850,0
CLCB1,7/1/2023,105.15576,9.75633,51.59612462,7.35,0.02226625,0.0137725,0.0106975,0.00766875,0.039354583,0.0169875,0.00762,0.009125,0.0056,0.0052,0,0.00147,5.6625,10.12,26.37808751,16.69175993,0.73125,0.9125,0.14,0.35,5200,0
CLCB1,8/1/2023,105.15576,9.75633,54.0471208,7.54,0.021505728,0.013587603,0.011354,0.01297375,0.027721698,0.01583625,0.005975205,0.00195,0.0166,0.00265,0,0.001508,5.27875,8.475205,20.7608426,14.34525066,0.195,0.195,0.415,0.385,2650,0
CLCB1,9/1/2023,105.15576,9.75633,62.06141565,6.79,0.0184925,0.01094,0.008879,0.00878625,0.0283325,0.015105,0.00548,0.0037,0.0084,0.0043,0,0.001358,5.035,7.98,21.50802596,14.21518158,0.57,0.37,0.21,0.28,4300,0
CLCB1,10/1/2023,105.15576,9.75633,61.20121125,7.18,0.044269208,0.03462,0.029518,0.034085,0.041344818,0.019298415,0.01164,0.0045,0.048,0.0051,0,0.001436,6.432805,14.14,30.15835188,19.03897795,1.1875,0.45,1.2,0.225,5100,0
CLCB1,11/1/2023,105.15576,9.75633,64.20976236,7.17,0.033069151,0.024292655,0.024417,0.02833375,0.025944686,0.017552993,0.00118531,0.0035,0.0344,0.0095,0,0.001434,5.8509975,3.68531,9.996629191,11.81011201,0.6475,0.35,0.86,0.425,9500,0
CLCB1,12/1/2023,105.15576,9.75633,47.59436359,7.59,0.022723568,0.013194818,0.010359,0.01169875,0.032954992,0.0190575,0.007189636,0.002,0.0096,0.0076,0,0.001518,6.3525,9.689636,22.09486939,16.37643896,0.2375,0.2,0.24,0.4125,7600,0
CLCB1,1/1/2024,105.15576,9.75633,48.05259366,7.29,0.018066435,0.010345,0.008454,0.00791125,0.029088349,0.015442871,0.00524,0.00425,0.0063,0.0049,0,0.001458,5.1476235,7.74,18.94979306,13.57761213,0.48875,0.425,0.1575,0.15,4900,0
CLCB1,2/1/2024,105.15576,9.75633,50.34651003,6.79,0.042557854,0.033435231,0.02977275,0.03491125,0.035718326,0.018245246,0.008682962,0.0036875,0.0488,0.0057,0,0.001358,6.08174875,11.1829615,26.8393132,17.46603838,1.27625,0.36875,1.22,0.24375,5700,0
CLCB1,3/1/2024,105.15576,9.75633,47.52089304,7.04,0.01545375,0.00981,0.007454,0.007755,0.023225417,0.0112875,0.00612,0.0025,0.0064,0.0046,0,0.001408,3.7625,8.62,25.00878034,13.41007419,1.28,0.25,0.16,0.51,4600,0
CLCB1,4/1/2024,105.15576,9.75633,34.06476472,7.17,0.018037243,0.011039743,0.00874825,0.008365,0.028145233,0.013995,0.006016986,0.0041125,0.0082,0.00375,0,0.001434,4.665,8.5169855,21.11868936,13.5374399,0.79,0.41125,0.205,0.24,3750,0
CLCB1,5/1/2024,105.15576,9.75633,52.59152813,7.02,0.0221225,0.01436,0.011602,0.009815,0.034935833,0.015525,0.00692,0.0075,0.01,0.0043,0,0.001404,5.175,9.42,26.36873148,15.95756037,0.92375,0.75,0.25,0.29,4300,0
CLCB1,6/1/2024,105.15576,9.75633,53.14640742,7.19,0.020812257,0.012603507,0.010044,0.0101175,0.0313536,0.0164175,0.006557014,0.0039,0.0116,0.00315,0,0.001438,5.4725,9.057014,24.62833046,15.85513413,0.605625,0.39,0.29,0.2,3150,0
CLCB1,7/1/2024,105.15576,9.75633,54.93522712,7.82,0.01827,0.01095,0.008182,0.0091025,0.027463333,0.01464,0.0071,0.0018,0.0076,0.0054,0,0.001564,4.88,9.6,23.51337662,14.61488544,1.56,0.18,0.19,0.39,5400,0
CLCB1,8/1/2024,105.15576,9.75633,50.9810409,7.25,0.053303936,0.04334085,0.0391875,0.04421875,0.043525851,0.019926173,0.0097567,0.007625,0.0648,0.0045,0,0.00145,6.6420575,12.2567,31.94956565,19.91755209,0.69,0.7625,1.62,0.3375,4500,0
CLCB1,9/1/2024,105.15576,9.75633,53.15485663,7,0.049596685,0.040883939,0.0358,0.044125,0.034992264,0.017425493,0.011567877,0.001,0.06,0.0092,0,0.0014,5.8084975,14.067877,37.91632377,20.54828338,0.8875,0.1,1.5,0.525,9200,0
CLCB1,10/1/2024,105.15576,9.75633,34.55084686,7.43,0.02879683,0.01905808,0.015993,0.01530375,0.04035927,0.0194775,0.00761616,0.0075,0.0172,0.0058,0,0.001486,6.4925,10.11616,26.36807843,17.93360449,0.3575,0.75,0.43,0.8,5800,0
CLCB1,11/1/2024,105.15576,9.75633,52.19759483,7.25,0.02266,0.01519375,0.01509375,0.01684375,0.023123333,0.0149325,0.00165,0.0032375,0.0224,0.0031,0,0.00145,4.9775,4.15,10.07865421,10.52572485,1.3775,0.32375,0.56,0.1125,3100,0
CLCB1,12/1/2024,105.15576,9.75633,52.14247353,7,0.031204809,0.022407217,0.020703125,0.02371875,0.030169555,0.017595185,0.004808184,0.00345625,0.0302,0.00635,0,0.0014,5.86506175,7.3081835,20.47873265,15.13578072,0.6525,0.345625,0.755,0.325,6350,0
CLCB1,1/1/2025,105.15576,9.75633,37.25493421,7.14,0.0269425,0.01702,0.014864,0.01483,0.036849167,0.019845,0.00574,0.006,0.018,0.0043,0,0.001428,6.615,8.24,21.18338129,16.48283458,0.24,0.6,0.45,1.4,4300,0
CLCB1,2/1/2025,105.15576,9.75633,54.91782527,7.1,0.04488125,0.03389375,0.03075375,0.036825,0.037639583,0.021975,0.0077,0.0025875,0.048,0.0095,0,0.00142,7.325,10.2,29.04513237,20.02631853,0.34875,0.25875,1.2,0.575,9500,0
CLCB1,3/1/2025,105.15576,9.75633,55.1575021,7.49,0.028530625,0.01801,0.015649,0.01768625,0.035304792,0.02104125,0.00622,0.003,0.0244,0.0024,0,0.001498,7.01375,8.72,22.26158163,17.42087142,0.45,0.3,0.61,15.45,2400,0
CLCB1,4/1/2025,105.15576,9.75633,53.90837271,7.32,0.043075,0.03075625,0.02663825,0.0306025,0.045091667,0.0246375,0.0097,0.0043125,0.044,0.0035,0,0.001464,8.2125,12.2,31.43077701,22.10966331,0.1625,0.43125,1.1,0.55,3500,0
CLCB1,5/1/2025,105.15576,9.75633,53.77027847,7.57,0.0204925,0.010645,0.008957,0.01032125,0.030315833,0.019695,0.00489,0.0014,0.0096,0.0054,0,0.001514,6.565,7.39,21.44024208,16.48881213,0.73,0.14,0.24,21.25,5400,0
CLCB1,6/1/2025,105.15576,9.75633,54.78320769,7.3,0.03135,0.0193875,0.0155675,0.0170375,0.04305,0.023925,0.0091,0.003875,0.0196,0.0062,0,0.00146,7.975,11.6,26.48955726,20.19565172,0.7,0.3875,0.49,0.5875,6200,0
CLCB1,7/1/2025,105.15576,9.75633,57.25706007,6.93,0.022628125,0.0127,0.010343,0.01174125,0.032498958,0.01985625,0.0061,0.0019,0.0112,0.0062,0,0.001386,6.61875,8.6,19.43019841,15.93575376,0.63,0.19,0.28,19.28,6200,0
CLCB10,5/1/2023,105.38675,10.05539,40.98900818,7.24,0.041175,0.026625,0.020449,0.02228,0.056175,0.0291,0.0138,0.00525,0.0264,0.0078,0,0.001448,9.7,16.3,33.32688027,24.938676,0.67125,0.525,0.66,0.6625,7800,0
CLCB10,6/1/2023,105.38675,10.05539,50.75721671,7.43,0.02288041,0.01446916,0.012568,0.01180375,0.033087623,0.0168225,0.00528832,0.00625,0.012,0.0054,0,0.001486,5.6075,7.78832,21.01008176,14.91695043,0.8375,0.625,0.3,0.39,5400,0
CLCB10,7/1/2023,105.38675,10.05539,50.67420719,6.695,0.018903473,0.010683473,0.0089095,0.008699375,0.029431436,0.01644,0.004886945,0.0039,0.00888,0.0037,0,0.001339,5.48,7.386945,18.34107735,13.88427407,0.118125,0.39,0.222,0.45625,3700,0
CLCB10,8/1/2023,105.38675,10.05539,32.39703338,7.25,0.01920375,0.01131,0.008975,0.00996875,0.027892083,0.0157875,0.00612,0.002,0.0064,0.0081,0,0.00145,5.2625,8.62,22.03180617,14.72155775,0.51125,0.2,0.16,0.54,8100,0
CLCB10,9/1/2023,105.38675,10.05539,42.05038454,7.11,0.019474596,0.011526471,0.009411,0.0084825,0.031265724,0.01589625,0.005652942,0.00525,0.008,0.00415,0,0.001422,5.29875,8.152942,20.19421099,14.19661522,0.31625,0.525,0.2,0.325,4150,0
CLCB10,10/1/2023,105.38675,10.05539,34.15478258,7.2,0.0180425,0.00938,0.00767,0.0080875,0.0286825,0.017325,0.00486,0.0024,0.0084,0.0031,0,0.00144,5.775,7.36,17.74473118,14.13877086,0.62,0.24,0.21,0.3,3100,0
CLCB10,11/1/2023,105.38675,10.05539,62.36177554,7.82,0.020392196,0.01080945,0.006982,0.0074775,0.035448458,0.019165493,0.0092189,0.002,0.008,0.0024,0,0.001564,6.3884975,11.7189,26.47680839,17.81187878,0.67,0.2,0.2,0.2125,2400,0
CLCB10,12/1/2023,105.38675,10.05539,51.58819727,7.01,0.02210155,0.01346206,0.010751,0.01187625,0.03103695,0.01727898,0.00682412,0.0025,0.014,0.0036,0,0.001402,5.75966,9.32412,25.18531207,16.46146732,0.48,0.25,0.35,0.6,3600,0
CLCB10,1/1/2024,105.38675,10.05539,43.74683397,7.55,0.0268958,0.0170783,0.0145675,0.01594375,0.034756866,0.019635,0.006531599,0.003625,0.0168,0.0072,0,0.00151,6.545,9.031599,18.70114197,15.59528751,0.36125,0.3625,0.42,0.275,7200,0
CLCB10,2/1/2024,105.38675,10.05539,35.47814077,7.56,0.021130395,0.012088499,0.006581,0.0071325,0.037754254,0.018083792,0.012526997,0.00175,0.0073,0.0026,0,0.001512,6.02793075,15.026997,37.86346008,20.86076752,0.82875,0.175,0.1825,0.75,2600,0
CLCB10,3/1/2024,105.38675,10.05539,65.17456841,7.415,0.033601998,0.0245375,0.0202415,0.024051875,0.035237996,0.018128996,0.010075,0.002,0.0314,0.0056,0,0.001483,6.04299875,12.575,28.94617941,18.07212089,1.2275,0.2,0.785,0.6,5600,0
CLCB10,4/1/2024,105.38675,10.05539,35.92198764,7.58,0.018580559,0.0103,0.007758,0.0065725,0.032854637,0.016561118,0.0066,0.005,0.0064,0.0026,0,0.001516,5.520372518,9.1,21.27299616,14.86914521,0.11,0.5,0.16,16.89,2600,0
CLCB10,5/1/2024,105.38675,10.05539,33.32356456,7.43,0.020153125,0.00916,0.007443,0.00617875,0.037223958,0.02198625,0.00492,0.005,0.0048,0.0036,0,0.001486,7.32875,7.42,20.21766596,17.2490096,0.78,0.5,0.12,13.96,3600,0
CLCB10,6/1/2024,105.38675,10.05539,38.04569753,7.57,0.021380313,0.0120025,0.010732,0.0118525,0.029529063,0.018755625,0.004055,0.0025,0.0142,0.00325,0,0.001514,6.251875,6.555,15.59711254,14.17702831,0.25,0.25,0.355,15.915,3250,0
CLCB10,7/1/2024,105.38675,10.05539,53.5360713,7.465,0.035258438,0.024165,0.0212715,0.024370625,0.038519688,0.022186875,0.00728,0.00355,0.0316,0.0059,0,0.001493,7.395625,9.78,26.58233104,19.35583695,0.5,0.355,0.79,20.62,5900,0
CLCB10,8/1/2024,105.38675,10.05539,36.76821197,7.69,0.032675,0.021725,0.019169,0.02264875,0.035758333,0.0219,0.00665,0.0021,0.0284,0.0063,0,0.001538,7.3,9.15,20.89478008,17.41935059,0.84,0.21,0.71,22.6,6300,0
CLCB10,9/1/2024,105.38675,10.05539,37.205421,7.63,0.033084375,0.0205875,0.0166005,0.01926625,0.043013542,0.02499375,0.0095,0.002375,0.0224,0.0069,0,0.001526,8.33125,12,34.17074397,23.15158621,0.5175,0.2375,0.56,0.575,6900,0
CLCB10,10/1/2024,105.38675,10.05539,35.48211685,7.5,0.024875,0.01475,0.01275,0.0131875,0.035175,0.02025,0.0055,0.0044,0.0124,0.0072,0,0.0015,6.75,8,20.61034558,16.5046802,0.27,0.44,0.31,0.7,7200,0
CLCB10,11/1/2024,105.38675,10.05539,36.60743595,7.645,0.034745313,0.02333125,0.02032075,0.022549375,0.040764063,0.022828125,0.00755,0.0045625,0.02575,0.0088,0,0.001529,7.609375,10.05,21.68336455,18.13202106,0.48875,0.45625,0.64375,0.36875,8800,0
CLCB10,12/1/2024,105.38675,10.05539,39.20269244,7.67,0.028893125,0.017838125,0.015170125,0.01795875,0.035683958,0.02211,0.00687,0.00160625,0.0204,0.0068,0,0.001534,7.37,9.37,25.47232924,18.96746193,0.69625,0.160625,0.51,0.45625,6800,0
CLCB10,1/1/2025,105.38675,10.05539,36.2208553,7.58,0.02563875,0.013245,0.009303,0.009285,0.044260417,0.0247875,0.0094,0.00375,0.00494,0.0084,0,0.001516,8.2625,11.9,25.38079118,20.27735378,1.12,0.375,0.1235,0.7,8400,0
CLCB10,2/1/2025,105.38675,10.05539,53.6342123,6.66,0.01782,0.0101475,0.0077535,0.0088325,0.026646667,0.015345,0.00612,0.001375,0.0116,0.0012,0,0.001332,5.115,8.62,20.76414616,14.10066714,0.535,0.1375,0.29,0.54,1200,0
CLCB10,3/1/2025,105.38675,10.05539,35.65140904,6.62,0.019731283,0.011989408,0.009762,0.010265,0.028422993,0.01548375,0.005778815,0.0031,0.0102,0.0049,0,0.001324,5.16125,8.278815,19.09981959,13.64534902,0.56,0.31,0.255,0.475,4900,0
CLCB10,4/1/2025,105.38675,10.05539,52.74593076,6.25,0.03668,0.02938625,0.02638125,0.02971875,0.03157,0.0145875,0.00726,0.0052125,0.0368,0.0095,0,0.00125,4.8625,9.76,22.16846657,14.1646411,0.7125,0.52125,0.92,0.12,9500,0
CLCB10,5/1/2025,105.38675,10.05539,51.02714665,6.735,0.02679593,0.01929218,0.0164985,0.018529375,0.02950717,0.0150075,0.00693436,0.00335,0.0238,0.0045,0,0.001347,5.0025,9.43436,23.6344411,14.83680205,0.17625,0.335,0.595,0.24,4500,0
CLCB10,6/1/2025,105.38675,10.05539,68.32890671,6.38,0.02100875,0.014285,0.011938,0.0132975,0.025687083,0.0134475,0.00597,0.0026,0.0136,0.0064,0,0.001276,4.4825,8.47,21.60618854,13.41737817,0.48,0.26,0.34,0.61,6400,0
CLCB10,7/1/2025,105.38675,10.05539,57.08432461,7.6,0.029607265,0.020119765,0.015085,0.016825,0.039450285,0.018975,0.01158953,0.00325,0.02,0.0054,0,0.00152,6.325,14.08953,33.06025995,19.79212167,1.3,0.325,0.5,0.325,5400,0
CLCB13,12/1/2023,105.1661,9.5305,51.50119699,6.89,0.030086135,0.021414639,0.018139,0.01986125,0.034734314,0.017342993,0.007929277,0.0045,0.026,0.0044,0,0.001378,5.7809975,10.429277,25.21580866,16.50308788,0.475,0.45,0.65,0.325,4400,0
CLCB13,1/1/2024,105.1661,9.5305,48.479429,7.42,0.031147873,0.021761623,0.018642,0.0195525,0.037911703,0.0187725,0.007723245,0.006,0.024,0.0058,0,0.001484,6.2575,10.223245,26.33807655,17.57164614,0.45125,0.6,0.6,0.175,5800,0
CLCB13,2/1/2024,105.1661,9.5305,50.89224931,7.41,0.019984381,0.010555385,0.0071285,0.0075825,0.034205223,0.018857993,0.00833577,0.002125,0.00735,0.0033,0,0.001482,6.2859975,10.83577,29.52479492,18.61903248,0.64375,0.2125,0.18375,0.275,3300,0
CLCB13,3/1/2024,105.1661,9.5305,51.79805914,7.16,0.033525921,0.023737125,0.02230975,0.02511375,0.033018815,0.019577591,0.00428675,0.0044375,0.0344,0.00435,0,0.001432,6.52586375,6.78675,18.1629067,15.39689988,1.068125,0.44375,0.86,0.20625,4350,0
CLCB13,4/1/2024,105.1661,9.5305,50.25182606,7.36,0.02197375,0.01162,0.009286,0.0066075,0.040655417,0.0207075,0.00614,0.008,0.0056,0.0035,0,0.001472,6.9025,8.64,17.66529114,15.80497671,0.3,0.8,0.14,1.36,3500,0
CLCB13,5/1/2024,105.1661,9.5305,49.10773811,7.1,0.02185125,0.01263,0.01106,0.0110125,0.03208625,0.0184425,0.00456,0.0045,0.012,0.0042,0,0.00142,6.1475,7.06,20.60737557,15.59999387,0.12,0.45,0.3,18.21,4200,0
CLCB13,6/1/2024,105.1661,9.5305,52.86168552,7.14,0.0288425,0.019595,0.018039,0.01998625,0.0316575,0.018495,0.00454,0.0041,0.0246,0.00595,0,0.001428,6.165,7.04,16.23599805,14.2481299,0.42,0.41,0.615,10.4,5950,0
CLCB13,7/1/2024,105.1661,9.5305,36.98348634,7.275,0.037690938,0.02722,0.0247025,0.027940625,0.037487188,0.020941875,0.00649,0.0047,0.0374,0.00585,0,0.001455,6.980625,8.99,22.86714638,17.56209336,0.56,0.47,0.935,20.61,5850,0
CLCB13,8/1/2024,105.1661,9.5305,34.03030825,7.33,0.034346875,0.0232,0.020133,0.02116625,0.042342708,0.02229375,0.0076,0.0064,0.0252,0.0072,0,0.001466,7.43125,10.1,23.03060516,18.28956263,0.9,0.64,0.63,24.7,7200,0
CLCB13,9/1/2024,105.1661,9.5305,34.48989614,7.16,0.0227625,0.015375,0.015491,0.01827,0.020679167,0.014775,0.0012,0.00175,0.022,0.0058,0,0.001432,4.925,3.7,10.03647672,10.43367803,0.85375,0.175,0.55,0.625,5800,0
CLCB13,10/1/2024,105.1661,9.5305,55.43414003,7.29,0.027803125,0.01765,0.015429,0.01503625,0.038507292,0.02030625,0.0059,0.0068,0.0164,0.0062,0,0.001458,6.76875,8.4,20.04780063,16.35545811,0.16,0.68,0.41,0.51,6200,0
CLCB13,11/1/2024,105.1661,9.5305,36.84414299,7.29,0.01795,0.0101875,0.0100915,0.0101925,0.024558333,0.015525,0.00165,0.003875,0.007,0.00785,0,0.001458,5.175,4.15,9.750450956,10.71850598,1.63125,0.3875,0.175,0.46875,7850,0
CLCB13,12/1/2024,105.1661,9.5305,34.67867732,7.09,0.027548438,0.016725,0.0137215,0.01348,0.040771354,0.021646875,0.007425,0.005875,0.012,0.00815,0,0.001418,7.215625,9.925,24.90793933,18.55797071,0.79,0.5875,0.3,0.275,8150,0
CLCB13,1/1/2025,105.1661,9.5305,35.07640006,7.56,0.02181375,0.0109575,0.0083635,0.00912625,0.035627083,0.0217125,0.0067,0.002125,0.00589,0.0072,0,0.001512,7.2375,9.2,24.7962204,18.55556286,0.625,0.2125,0.14725,0.15,7200,0
CLCB13,2/1/2025,105.1661,9.5305,54.57032652,6.75,0.02049125,0.012335,0.00845,0.00665625,0.036962917,0.0163125,0.00912,0.00625,0.006,0.0033,0,0.00135,5.4375,11.62,30.41642593,17.62738049,0.35,0.625,0.15,0.42,3300,0
CLCB13,3/1/2025,105.1661,9.5305,36.70790744,6.705,0.015364315,0.00744994,0.006058,0.005306875,0.027508401,0.01582875,0.004124879,0.003625,0.0048,0.00235,0,0.001341,5.27625,6.624879,15.44846935,12.66672978,1.15,0.3625,0.12,0.43,2350,0
CLCB13,4/1/2025,105.1661,9.5305,52.5575149,6.92,0.03106375,0.02340625,0.02004825,0.021865,0.033282083,0.015315,0.0081,0.0051125,0.0272,0.0064,0,0.001384,5.105,10.6,24.09990506,15.13729353,0.19125,0.51125,0.68,0.32,6400,0
CLCB13,5/1/2025,105.1661,9.5305,35.40107492,6.91,0.022578425,0.0151778,0.013566,0.0150825,0.026141326,0.01480125,0.004605601,0.003,0.02,0.00275,0,0.001382,4.93375,7.1056005,17.10915146,12.67652395,0.48125,0.3,0.5,0.325,2750,0
CLCB13,6/1/2025,105.1661,9.5305,54.11798283,6.46,0.0251225,0.017975,0.014696,0.017495,0.027469167,0.014295,0.00785,0.0014,0.0224,0.0043,0,0.001292,4.765,10.35,26.99508701,15.54002428,0.36,0.14,0.56,0.5,4300,0
CLCB13,7/1/2025,105.1661,9.5305,57.33547017,7.42,0.030227232,0.019908919,0.017192,0.0180525,0.03856354,0.020636625,0.006917838,0.0055,0.0252,0.0022,0,0.001484,6.878875,9.417838,27.48964939,18.86675178,0.46125,0.55,0.63,0.75,2200,0
CLCB14,7/1/2024,105.2411,9.7294,48.26392141,7.3,0.035886663,0.026122075,0.0222675,0.021975,0.044418879,0.019529175,0.00916915,0.009375,0.0312,0.0025,0,0.00146,6.509725,11.66915,28.56950617,18.65346082,0.56,0.9375,0.78,0.175,2500,0
CLCB14,8/1/2024,105.2411,9.7294,48.62838005,7.47,0.042222956,0.033436706,0.0286095,0.03380875,0.037153563,0.0175725,0.011148411,0.003125,0.048,0.0046,0,0.001494,5.8575,13.648411,37.02215114,20.33989159,1.675,0.3125,1.2,0.1,4600,0
CLCB14,9/1/2024,105.2411,9.7294,35.8825272,7.92,0.019302456,0.008573835,0.0059295,0.00670875,0.034364064,0.021457242,0.00687267,0.001125,0.00735,0.0018,0,0.001584,7.152414,9.37267,19.16330374,16.65210894,0.25,0.1125,0.18375,0.2375,1800,0
CLCB14,10/1/2024,105.2411,9.7294,50.14442376,6.87,0.038626241,0.028890323,0.02360575,0.0272025,0.040952896,0.019471838,0.011943145,0.0036875,0.0394,0.00275,0,0.001374,6.4906125,14.443145,33.37927559,20.14111282,1.045,0.36875,0.985,0.33125,2750,0
CLCB14,11/1/2024,105.2411,9.7294,63.41027348,7.3,0.018038125,0.007915,0.00573,0.0052875,0.033922292,0.02024625,0.00583,0.003,0.0048,0.0022,0,0.00146,6.74875,8.33,20.10798104,16.3444305,0.14,0.3,0.12,11.57,2200,0
CLCB14,12/1/2024,105.2411,9.7294,62.74629698,7.11,0.024700625,0.01529,0.013561,0.01263875,0.035701458,0.01882125,0.00488,0.0069,0.0096,0.0092,0,0.001422,6.27375,7.38,17.92300436,14.943098,0.68,0.69,0.24,16.12,9200,0
CLCB14,1/1/2025,105.2411,9.7294,49.85794579,7.205,0.026615313,0.017155,0.0154705,0.014838125,0.036085729,0.018920625,0.00481,0.0072,0.017,0.0053,0,0.001441,6.306875,7.31,19.38391566,15.45335022,0.45,0.72,0.425,22.73,5300,0
CLCB14,2/1/2025,105.2411,9.7294,37.38252346,7.23,0.033494375,0.02324,0.020873,0.02321625,0.036503542,0.02050875,0.00618,0.0046,0.0294,0.0063,0,0.001446,6.83625,8.68,24.12415511,17.74181356,1.145,0.46,0.735,22.27,6300,0
CLCB14,3/1/2025,105.2411,9.7294,45.71099336,7.34,0.04299625,0.03211,0.029284,0.03423,0.03814125,0.0217725,0.00712,0.0038,0.052,0.0013,0,0.001468,7.2575,9.62,22.60267122,17.89402781,2.11,0.38,1.3,32.5,1300,0
CLCB14,4/1/2025,105.2411,9.7294,65.16867712,7.27,0.039046875,0.02295,0.015427,0.01740875,0.060309375,0.03219375,0.0165,0.003,0.0192,0.0072,0,0.001454,10.73125,19,56.72760598,33.86282897,1.24875,0.3,0.48,0.2125,7200,0
CLCB14,5/1/2025,105.2411,9.7294,50.57937078,7.21,0.026721875,0.01895,0.018771,0.01777625,0.030851042,0.01554375,0.0018,0.0091,0.0216,0.0054,0,0.001442,5.18125,4.3,11.20808066,11.18741115,0.79,0.91,0.54,0.58,5400,0
CLCB14,6/1/2025,105.2411,9.7294,34.93922325,7.21,0.021969063,0.010673125,0.007511625,0.008510625,0.037056979,0.022591875,0.007765,0.00140625,0.006825,0.00535,0,0.001442,7.530625,10.265,25.30513014,19.15568849,1.1025,0.140625,0.170625,0.4,5350,0
CLCB14,7/1/2025,105.2411,9.7294,36.68172622,7.075,0.023793438,0.0116425,0.007445,0.008071875,0.042101354,0.024301875,0.00981,0.001975,0.0062,0.0053,0,0.001415,8.100625,12.31,33.32842404,22.54010019,0.76625,0.1975,0.155,0.28125,5300,0
CLCB15,7/1/2024,105.5436,9.6687,50.07417967,7.1,0.0222125,0.0102125,0.0061725,0.0063875,0.0415625,0.024,0.0095,0.002125,0.0077,0.0011,0,0.00142,8,12,27.11190476,20.42935207,1.9375,0.2125,0.1925,0.3625,1100,0
CLCB15,8/1/2024,105.5436,9.6687,49.43750869,6.68,0.018065944,0.011623444,0.010118,0.0118975,0.021503868,0.012885,0.004346887,0.0012,0.0096,0.0081,0,0.001336,4.295,6.846887,16.29222585,11.4608562,0.135,0.12,0.24,0.53,8100,0
CLCB15,9/1/2024,105.5436,9.6687,52.40600513,6.71,0.019172438,0.011987438,0.0104085,0.00952625,0.028519022,0.01437,0.004499876,0.005575,0.009,0.0049,0,0.001342,4.79,6.999876,17.24524779,12.50380447,0.478125,0.5575,0.225,0.6175,4900,0
CLCB15,10/1/2024,105.5436,9.6687,52.27757828,6.83,0.02621625,0.0190425,0.0160955,0.01854125,0.028154583,0.0143475,0.00726,0.002525,0.0204,0.0079,0,0.001366,4.7825,9.76,24.06612998,14.64289564,0.1375,0.2525,0.51,0.28,7900,0
CLCB15,11/1/2024,105.5436,9.6687,50.49898126,6.865,0.048835699,0.042706324,0.0405865,0.044983125,0.031583297,0.01225875,0.005612647,0.0092,0.0668,0.0038,0,0.001373,4.08625,8.112647,18.75099822,11.92288011,0.625,0.92,1.67,0.245,3800,0
CLCB15,12/1/2024,105.5436,9.6687,49.60561694,7.15,0.01734125,0.00926,0.007415,0.00826875,0.02669625,0.0161625,0.00512,0.0016,0.0096,0.0022,0,0.00143,5.3875,7.62,16.98903102,13.31927996,0.24,0.16,0.24,0.45,2200,0
CLCB15,1/1/2025,105.5436,9.6687,52.31058344,7.3,0.02203625,0.0145175,0.0111425,0.0091625,0.036017917,0.0150375,0.00821,0.007625,0.01,0.0032,0,0.00146,5.0125,10.71,25.85311848,15.55125898,0.9375,0.7625,0.25,0.3,3200,0
CLCB15,2/1/2025,105.5436,9.6687,35.46951035,7.15,0.02470997,0.015442756,0.012715,0.01489375,0.031523263,0.018534428,0.006885512,0.0016,0.016,0.0064,0,0.00143,6.1781425,9.385512,22.7935735,16.33517513,0.4,0.16,0.4,0.25,6400,0
CLCB15,3/1/2025,105.5436,9.6687,33.24232433,7.35,0.024105741,0.014149491,0.01175375,0.01391875,0.031980061,0.0199125,0.006261481,0.0012375,0.0124,0.0084,0,0.00147,6.6375,8.761481,23.61430586,17.28295424,0.265,0.12375,0.31,0.3,8400,0
CLCB15,4/1/2025,105.5436,9.6687,52.37535895,7.34,0.023586847,0.0159575,0.0088465,0.00769875,0.042377643,0.015258694,0.01569,0.005375,0.00865,0.0022,0,0.001468,5.08623125,18.19,41.47789187,20.58769866,0.8,0.5375,0.21625,0.1875,2200,0
CLCB15,5/1/2025,105.5436,9.6687,56.8048639,7.045,0.032980746,0.02381581,0.0192595,0.022043125,0.03745174,0.018329871,0.01052162,0.00325,0.02746,0.0064,0,0.001409,6.109957,13.02162,36.2822898,20.48532951,1.550625,0.325,0.6865,0.25625,6400,0
CLCB15,6/1/2025,105.5436,9.6687,48.47694918,7.32,0.026123125,0.016105,0.014032,0.013165,0.038087292,0.02003625,0.00561,0.007,0.0112,0.0084,0,0.001464,6.67875,8.11,20.84917746,16.47309898,0.17,0.7,0.28,13.8,8400,0
CLCB15,7/1/2025,105.5436,9.6687,38.9851591,7.11,0.018710625,0.00993,0.008761,0.01013875,0.026391458,0.01756125,0.00376,0.0013,0.0104,0.0044,0,0.001422,5.85375,6.26,15.9813648,13.7009796,0.24,0.13,0.26,22.14,4400,0
CLCB2,5/1/2023,105.21267,9.84895,50.95151639,7.405,0.023075,0.0133625,0.0116405,0.012238125,0.032725,0.019425,0.004925,0.0037,0.0158,0.0023,0,0.001481,6.475,7.425,19.46194813,15.73013812,0.345,0.37,0.395,10.325,2300,0
CLCB2,6/1/2023,105.21267,9.84895,63.90054917,7.225,0.035900625,0.0264525,0.0247975,0.026934375,0.035176458,0.01889625,0.004755,0.0065,0.0348,0.00685,0,0.001445,6.29875,7.255,17.66183117,14.89826093,0.585,0.65,0.87,10.32,6850,0
CLCB2,7/1/2023,105.21267,9.84895,63.57039781,7.25,0.033259375,0.0223,0.019325,0.01984375,0.042255208,0.02191875,0.0074,0.0069,0.0208,0.0095,0,0.00145,7.30625,9.9,20.49928318,17.30404183,1.7,0.69,0.52,26.4,9500,0
CLCB2,8/1/2023,105.21267,9.84895,50.2063833,7.42,0.0371,0.026375,0.023767,0.0245525,0.042466667,0.02145,0.0067,0.00825,0.0356,0.0022,0,0.001484,7.15,9.2,24.85005245,18.44128387,0.44,0.825,0.89,0.3375,2200,0
CLCB2,9/1/2023,105.21267,9.84895,51.16062391,7.32,0.03440625,0.0195,0.013082,0.010415,0.062547917,0.0298125,0.0143,0.0095,0.014,0.0012,0,0.001464,9.9375,16.8,37.87230263,26.72790909,0.85,0.95,0.35,0.73,1200,0
CLCB2,10/1/2023,105.21267,9.84895,62.69415253,7.435,0.026782188,0.013135,0.0079435,0.008491875,0.048375104,0.027294375,0.01187,0.0023,0.00625,0.00585,0,0.001487,9.098125,14.37,31.58970324,23.48820366,1.2125,0.23,0.15625,0.5125,5850,0
CLCB2,11/1/2023,105.21267,9.84895,51.87021736,7.445,0.021914063,0.010153125,0.006647625,0.006868125,0.040049479,0.023521875,0.0085,0.00230625,0.0082,0.0013,0,0.001489,7.840625,11,27.96723182,20.4599387,0.825625,0.230625,0.205,0.20625,1300,0
CLCB2,12/1/2023,105.21267,9.84895,52.27035445,7.36,0.02938,0.015505,0.010041,0.0114575,0.048883333,0.02775,0.0124,0.00175,0.01406,0.0028,0,0.001472,9.25,14.9,36.02508103,25.11430676,2.775,0.175,0.3515,0.2,2800,0
CLCB2,1/1/2024,105.21267,9.84895,50.43593409,7.14,0.013209441,0.007719441,0.006039,0.005205,0.022772028,0.01098,0.004788881,0.00375,0.0056,0.0013,0,0.001428,3.66,7.288881,17.73534001,10.96331022,0.27,0.375,0.14,0.48,1300,0
CLCB2,2/1/2024,105.21267,9.84895,54.0692553,6.885,0.01536355,0.00980605,0.00774475,0.007329375,0.023773283,0.011115,0.0054996,0.0037625,0.0084,0.00195,0,0.001377,3.705,7.9996,17.81822362,11.05693998,1.005,0.37625,0.21,0.45375,1950,0
CLCB2,3/1/2024,105.21267,9.84895,49.46457817,6.92,0.03106375,0.02374375,0.01981075,0.02124,0.03444875,0.01464,0.00925,0.0056375,0.0304,0.0022,0,0.001384,4.88,11.75,33.72230017,17.83333549,2.61,0.56375,0.76,0.45,2200,0
CLCB2,4/1/2024,105.21267,9.84895,35.65938899,7.165,0.037381595,0.030279095,0.0267665,0.030864375,0.031282055,0.014205,0.00845819,0.00415,0.042,0.00595,0,0.001433,4.735,10.95819,28.41593718,15.94295939,0.915,0.415,1.05,0.31,5950,0
CLCB2,5/1/2024,105.21267,9.84895,35.68821659,6.69,0.02880875,0.02225,0.020219,0.02358625,0.02475375,0.0131175,0.0054,0.0027,0.0336,0.0028,0,0.001338,4.3725,7.9,20.0725,12.7688698,0.35,0.27,0.84,0.53,2800,0
CLCB2,6/1/2024,105.21267,9.84895,63.41756653,7.24,0.027064516,0.0168125,0.0134865,0.0127175,0.041100538,0.020504033,0.0081,0.006625,0.0144,0.0045,0,0.001448,6.8346775,10.6,24.90523025,17.98569539,0.26875,0.6625,0.36,0.1375,4500,0
CLCB2,7/1/2024,105.21267,9.84895,54.86896641,7.73,0.027241483,0.017660897,0.0151355,0.01821625,0.03136346,0.019161173,0.006596793,0.001125,0.0204,0.0072,0,0.001546,6.3870575,9.096793,23.38602362,16.83532257,0.17125,0.1125,0.51,0.35,7200,0
CLCB2,8/1/2024,105.21267,9.84895,66.06440512,7.65,0.0337773,0.0234948,0.0198775,0.02101875,0.0413637,0.020565,0.0087646,0.006125,0.0276,0.0045,0,0.00153,6.855,11.2646,32.68142772,20.46769159,0.78625,0.6125,0.69,0.2125,4500,0
CLCB2,9/1/2024,105.21267,9.84895,65.64364829,7.36,0.027578621,0.01706,0.014236,0.01642,0.035416782,0.021037242,0.00712,0.0022,0.0212,0.0036,0,0.001472,7.012414,9.62,25.07482231,18.30576549,0.1175,0.22,0.53,0.2,3600,0
CLCB2,10/1/2024,105.21267,9.84895,36.30291024,7.16,0.025078113,0.015623634,0.014491,0.01686375,0.028707263,0.018908959,0.003697267,0.002,0.021,0.00455,0,0.001432,6.30298625,6.197267,15.58937793,14.25125678,0.686875,0.2,0.525,0.2,4550,0
CLCB2,11/1/2024,105.21267,9.84895,54.2464262,7.26,0.0221875,0.01195,0.009626,0.0070325,0.0403375,0.020475,0.0061,0.008,0.008,0.0018,0,0.001452,6.825,8.6,20.10415022,16.4575978,0.1,0.8,0.2,15.1,1800,0
CLCB2,12/1/2024,105.21267,9.84895,37.43971143,7.02,0.02128,0.01138,0.009282,0.0098775,0.032853333,0.0198,0.0056,0.00276,0.0072,0.0072,0,0.001404,6.6,8.1,22.07049788,16.74000564,0.69,0.276,0.18,17.12,7200,0
CLCB2,1/1/2025,105.21267,9.84895,35.85956533,7.48,0.02389,0.01366,0.011548,0.01296625,0.033285,0.02046,0.00572,0.00235,0.0126,0.00665,0,0.001496,6.82,8.22,19.56601153,16.280445,0.2,0.235,0.315,15.77,6650,0
CLCB2,2/1/2025,105.21267,9.84895,66.3969531,7.44,0.029834063,0.0188175,0.015969,0.01683625,0.039921146,0.022033125,0.007185,0.005,0.022,0.00345,0,0.001488,7.344375,9.685,26.26434061,19.17871276,0.17,0.5,0.55,17.56,3450,0
CLCB2,3/1/2025,105.21267,9.84895,37.31612212,7.32,0.034456875,0.023415,0.020432,0.0247275,0.035949375,0.02208375,0.00743,0.0013,0.03,0.0081,0,0.001464,7.36125,9.93,22.67597444,18.07276228,0.76,0.13,0.75,24.8,8100,0
CLCB2,4/1/2025,105.21267,9.84895,37.42918331,7.26,0.044625,0.031125,0.025901,0.0306575,0.048591667,0.027,0.0119,0.00275,0.0464,0.0012,0,0.001452,9,14.4,41.00489276,26.30923479,0.6,0.275,1.16,0.4125,1200,0
CLCB2,5/1/2025,105.21267,9.84895,52.92656245,7.54,0.03528125,0.0272,0.027054,0.0331925,0.022122917,0.0161625,0.0018,0.001,0.0448,0.0068,0,0.001508,5.3875,4.3,11.07806075,11.45579626,0.91,0.1,1.12,0.5,6800,0
CLCB2,6/1/2025,105.21267,9.84895,37.47615367,7.495,0.020878125,0.011475,0.010112,0.01179625,0.028444792,0.01880625,0.004225,0.00135,0.008425,0.00895,0,0.001499,6.26875,6.725,14.19202284,13.75937432,0.273125,0.135,0.210625,0.45625,8950,0
CLCB2,7/1/2025,105.21267,9.84895,57.21176487,7.21,0.030565,0.01915375,0.01592725,0.01596375,0.043201667,0.0228225,0.007895,0.0063125,0.0192,0.0049,0,0.001442,7.6075,10.395,28.2147763,20.18829171,0.50625,0.63125,0.48,0.19375,4900,0
CLCB3,5/1/2023,105.05421,9.79762,50.24260648,7.1,0.02312625,0.0120825,0.0088925,0.00619375,0.04405625,0.0220875,0.0078,0.007875,0.00779,0.0007,0,0.00142,7.3625,10.3,21.96824783,17.85152044,0.965,0.7875,0.19475,0.5375,700,0
CLCB3,6/1/2023,105.05421,9.79762,51.62461562,7.04,0.019757383,0.010738633,0.008129,0.00563,0.037233894,0.0180375,0.006627266,0.00725,0.0048,0.0028,0,0.001408,6.0125,9.127266,20.42831972,15.34104499,0.495,0.725,0.12,0.39,2800,0
CLCB3,7/1/2023,105.05421,9.79762,49.66723656,7.105,0.026309585,0.01813271,0.01564175,0.016263125,0.032689032,0.01635375,0.00640292,0.0052625,0.021,0.0036,0,0.001421,5.45125,8.90292,20.01927931,14.37021652,0.466875,0.52625,0.525,0.37375,3600,0
CLCB3,8/1/2023,105.05421,9.79762,33.84258395,7.21,0.02095125,0.0119475,0.0092585,0.01071375,0.030569583,0.0180075,0.00682,0.001375,0.014,0.0017,0,0.001442,6.0025,9.32,25.77706114,17.01228126,0.11375,0.1375,0.35,0.2,1700,0
CLCB3,9/1/2023,105.05421,9.79762,63.56717609,6.905,0.035595938,0.027522188,0.0254405,0.028581875,0.031315522,0.0161475,0.005544376,0.00515,0.0378,0.00655,0,0.001381,5.3825,8.044376,19.09766292,13.97654411,0.53375,0.515,0.945,0.275,6550,0
CLCB3,10/1/2023,105.05421,9.79762,60.81166365,6.96,0.0183125,0.009965,0.007196,0.0058075,0.0335125,0.016695,0.00693,0.0051,0.0064,0.0015,0,0.001392,5.565,9.43,21.62828772,15.04809512,0.62,0.51,0.16,0.42,1500,0
CLCB3,11/1/2023,105.05421,9.79762,48.94237662,7.62,0.02313922,0.01465672,0.011212,0.011515,0.034274847,0.016965,0.00841344,0.004,0.0152,0.0017,0,0.001524,5.655,10.91344,24.65701216,16.13792628,0.25625,0.4,0.38,0.525,1700,0
CLCB3,12/1/2023,105.05421,9.79762,36.81355511,7.05,0.029354021,0.019568209,0.01558,0.01588125,0.040492716,0.019571625,0.009386417,0.00575,0.0212,0.0028,0,0.00141,6.523875,11.886417,32.10631368,19.78969449,0.7,0.575,0.53,0.65,2800,0
CLCB3,1/1/2024,105.05421,9.79762,34.48204242,7.78,0.02263115,0.0130424,0.011078,0.0132225,0.02993935,0.0191775,0.0054848,0.001,0.012,0.0076,0,0.001556,6.3925,7.9848,16.53360367,14.68320261,0.2775,0.1,0.3,0.1375,7600,0
CLCB3,2/1/2024,105.05421,9.79762,35.19085554,7.45,0.021541098,0.0135325,0.0111575,0.009025,0.035154228,0.016017195,0.00624,0.007875,0.01065,0.0023,0,0.00149,5.339065,8.74,18.89277158,13.84679787,0.265,0.7875,0.26625,0.6875,2300,0
CLCB3,3/1/2024,105.05421,9.79762,51.14665691,7.105,0.037872985,0.028207424,0.02510425,0.028450625,0.036920297,0.019331121,0.007627348,0.0046875,0.0402,0.0039,0,0.001421,6.443707,10.127348,23.25267517,16.87825759,0.644375,0.46875,1.005,0.6375,3900,0
CLCB3,4/1/2024,105.05421,9.79762,52.26673642,7.14,0.02071375,0.01123,0.009464,0.01108,0.029315417,0.0189675,0.00496,0.0012,0.0084,0.0079,0,0.001428,6.3225,7.46,15.25267036,14.17437748,0.25,0.12,0.21,16.37,7900,0
CLCB3,5/1/2024,105.05421,9.79762,40.97751181,7,0.02051625,0.011355,0.009745,0.010625,0.02967125,0.0183225,0.00462,0.00249,0.0108,0.0048,0,0.0014,6.1075,7.12,20.78250907,15.5952062,0.33,0.249,0.27,12.63,4800,0
CLCB3,6/1/2024,105.05421,9.79762,55.35368633,7.155,0.017844063,0.00802,0.0059655,0.005956875,0.032186146,0.019648125,0.00554,0.0024,0.0046,0.0035,0,0.001431,6.549375,8.04,18.37514673,15.49907723,0.1,0.24,0.115,7.145,3500,0
CLCB3,7/1/2024,105.05421,9.79762,64.56081393,7.19,0.036740625,0.0265125,0.024394,0.02633625,0.038244792,0.02045625,0.005675,0.00665,0.036,0.0047,0,0.001438,6.81875,8.175,20.67270486,16.62746449,0.615,0.665,0.9,10.47,4700,0
CLCB3,8/1/2024,105.05421,9.79762,36.40917655,6.98,0.04252125,0.03231,0.029748,0.0351225,0.035282917,0.0204225,0.00652,0.0033,0.048,0.0068,0,0.001396,6.8075,9.02,20.56792659,16.57755725,0.93,0.33,1.2,26.1,6800,0
CLCB3,9/1/2024,105.05421,9.79762,65.80598091,7.09,0.0409375,0.0292,0.026059,0.02913625,0.0427875,0.023475,0.0077,0.0055,0.0368,0.0084,0,0.001418,7.825,10.2,27.668125,20.34220523,0.54,0.55,0.92,0.35,8400,0
CLCB3,10/1/2024,105.05421,9.79762,36.71216241,7.34,0.03309375,0.0216,0.018234,0.0221675,0.037552083,0.0229875,0.0082,0.001,0.0248,0.0092,0,0.001468,7.6625,10.7,25.53707938,19.42662496,0.34,0.1,0.62,0.66,9200,0
CLCB3,11/1/2024,105.05421,9.79762,54.63260023,7.38,0.023875,0.013975,0.012063,0.010469375,0.0378875,0.0198,0.0053,0.007375,0.007475,0.0078,0,0.001476,6.6,7.8,18.56795425,15.63579894,0.80125,0.7375,0.186875,0.65625,7800,0
CLCB3,12/1/2024,105.05421,9.79762,39.18754913,7.165,0.03353,0.0216575,0.0177915,0.019583125,0.043353333,0.023745,0.009165,0.00425,0.0228,0.0071,0,0.001433,7.915,11.665,29.3723567,21.01447878,0.759375,0.425,0.57,0.139375,7100,0
CLCB3,1/1/2025,105.05421,9.79762,65.72758212,7.08,0.03072875,0.0194225,0.0165805,0.01830375,0.039185417,0.0226125,0.0071,0.003875,0.02147,0.0064,0,0.001416,7.5375,9.6,25.87431694,19.34544197,0.93,0.3875,0.53675,0.8375,6400,0
CLCB3,2/1/2025,105.05421,9.79762,66.60646568,6.96,0.0219075,0.01356,0.011196,0.0105575,0.033034167,0.016695,0.00612,0.0055,0.0112,0.0043,0,0.001392,5.565,8.62,19.14170023,14.26417725,0.14625,0.55,0.28,0.51,4300,0
CLCB3,3/1/2025,105.05421,9.79762,68.65615527,7.005,0.02070125,0.012095,0.009463,0.010938125,0.029519583,0.0172125,0.006665,0.001425,0.0108,0.0053,0,0.001401,5.7375,9.165,20.41669427,14.92487997,0.303125,0.1425,0.27,0.345,5300,0
CLCB3,4/1/2025,105.05421,9.79762,56.88113109,7.24,0.025125,0.017685,0.014849,0.0168425,0.028875,0.01488,0.00712,0.00275,0.0212,0.0043,0,0.001448,4.96,9.62,22.44913613,14.39937457,1.1175,0.275,0.53,0.51,4300,0
CLCB3,5/1/2025,105.05421,9.79762,36.78467374,6.9,0.02002365,0.012570525,0.009565,0.00826875,0.032896849,0.01490625,0.00739105,0.0059,0.0068,0.00505,0,0.00138,4.96875,9.8910495,25.05504846,15.23403561,0.385,0.59,0.17,0.27,5050,0
CLCB3,6/1/2025,105.05421,9.79762,54.32647985,7.1,0.020495,0.01097,0.00911,0.0077625,0.034988333,0.01905,0.00514,0.0058,0.0064,0.0046,0,0.00142,6.35,7.64,19.21637771,15.46521996,0.11,0.58,0.16,0.61,4600,0
CLCB3,7/1/2025,105.05421,9.79762,54.09402845,7.4,0.020908383,0.012339633,0.008915,0.0084875,0.03466956,0.0171375,0.008329266,0.00425,0.01,0.0021,0,0.00148,5.7125,10.829266,25.41024073,16.461638,0.17125,0.425,0.25,0.1125,2100,0
CLCB4,5/1/2023,105.13009,9.66705,49.02369989,7,0.026869051,0.017562215,0.01435,0.012,0.041927786,0.018613673,0.00782443,0.0095,0.016,0.0018,0,0.0014,6.2045575,10.32443,24.96231056,17.05851045,0.2625,0.95,0.4,0.9125,1800,0
CLCB4,6/1/2023,105.13009,9.66705,69.52503055,7.61,0.02268375,0.0143625,0.0116735,0.00888875,0.038112083,0.0166425,0.0069,0.009125,0.0084,0.0043,0,0.001522,5.5475,9.4,24.21715606,15.8380079,0.14875,0.9125,0.21,0.2,4300,0
CLCB4,7/1/2023,105.13009,9.66705,49.23580019,7.49,0.022220882,0.013674632,0.010699,0.01262375,0.030032058,0.0170925,0.007449264,0.0012,0.0168,0.0019,0,0.001498,5.6975,9.949264,27.10928519,16.97477623,0.115,0.12,0.42,0.4,1900,0
CLCB4,8/1/2023,105.13009,9.66705,42.5130598,7,0.032783783,0.022734025,0.02178125,0.021875,0.037295494,0.020099516,0.00330555,0.0085625,0.0284,0.0052,0,0.0014,6.69983875,5.80555,15.50773062,14.82079552,0.52125,0.85625,0.71,0.35625,5200,0
CLCB4,9/1/2023,105.13009,9.66705,51.18496056,6.43,0.016456875,0.00774,0.005993,0.00624125,0.028249375,0.01743375,0.00478,0.002,0.0076,0.0011,0,0.001286,5.81125,7.28,17.57336158,14.13912014,0.27,0.2,0.19,14.44,1100,0
CLCB4,10/1/2023,105.13009,9.66705,62.58177547,6.92,0.034489375,0.025645,0.024242,0.0274275,0.030891875,0.01768875,0.00419,0.0046,0.036,0.0065,0,0.001384,5.89625,6.69,16.24727631,13.84856047,0.3,0.46,0.9,2.85,6500,0
CLCB4,11/1/2023,105.13009,9.66705,48.44479406,7.03,0.01994875,0.010495,0.008878,0.00844125,0.032430417,0.0189075,0.00464,0.00425,0.0066,0.0055,0,0.001406,6.3025,7.14,18.92395385,15.30178085,0.385,0.425,0.165,16.86,5500,0
CLCB4,12/1/2023,105.13009,9.66705,53.28483613,6.965,0.033902813,0.02433,0.0223215,0.024120625,0.035706563,0.019145625,0.00541,0.00605,0.032,0.0052,0,0.001393,6.381875,7.91,21.73988929,16.30859096,0.465,0.605,0.8,22.74,5200,0
CLCB4,1/1/2024,105.13009,9.66705,35.54881916,6.94,0.022985625,0.012705,0.010044,0.01018,0.036249792,0.02056125,0.00671,0.0038,0.0104,0.0045,0,0.001388,6.85375,9.21,21.63935572,16.9847094,0.49,0.38,0.26,18.2,4500,0
CLCB4,2/1/2024,105.13009,9.66705,35.33849848,7.02,0.03225625,0.02095,0.017602,0.0201275,0.03933125,0.0226125,0.0081,0.003,0.0232,0.0076,0,0.001404,7.5375,10.6,31.64803281,21.16565505,0.26125,0.3,0.58,0.8,7600,0
CLCB4,3/1/2024,105.13009,9.66705,67.41134622,7,0.02598125,0.0143,0.01045,0.0109375,0.041839583,0.0233625,0.0091,0.0034,0.0116,0.0045,0,0.0014,7.7875,11.6,30.23575248,21.09542165,0.69,0.34,0.29,0.58,4500,0
CLCB4,4/1/2024,105.13009,9.66705,55.23164294,7.165,0.026648438,0.0141375,0.009704,0.009239375,0.046604688,0.025021875,0.0103,0.004625,0.00635,0.007,0,0.001433,8.340625,12.8,31.72254294,22.3938325,0.624375,0.4625,0.15875,0.525,7000,0
CLCB4,5/1/2024,105.13009,9.66705,35.05970471,7.19,0.027364063,0.017571875,0.015803375,0.017805,0.032291146,0.019584375,0.004975,0.00311875,0.0212,0.00585,0,0.001438,6.528125,7.475,21.04246203,16.30809608,0.348125,0.311875,0.53,0.29375,5850,0
CLCB4,6/1/2024,105.13009,9.66705,66.52976038,7.12,0.0274325,0.0167075,0.0138195,0.01532125,0.037070833,0.02145,0.0072,0.003125,0.01729,0.0058,0,0.001424,7.15,9.7,21.91545635,17.51612747,0.7675,0.3125,0.43225,0.725,5800,0
CLCB4,7/1/2024,105.13009,9.66705,53.20598392,6.69,0.020215584,0.012138084,0.0101315,0.01008625,0.029903029,0.016155,0.005351168,0.004125,0.0072,0.0076,0,0.001338,5.385,7.851168,18.19239649,13.69490116,0.3575,0.4125,0.18,0.61,7600,0
CLCB4,8/1/2024,105.13009,9.66705,36.01101119,7.035,0.022943055,0.01392618,0.011969125,0.014066875,0.028917128,0.01803375,0.00532111,0.00143125,0.0168,0.0043,0,0.001407,6.01125,7.82111,20.35623962,15.31644613,0.2275,0.143125,0.42,0.24375,4300,0
CLCB4,9/1/2024,105.13009,9.66705,53.0507391,6.8,0.0189125,0.0093875,0.0069425,0.0075375,0.031645833,0.01905,0.00625,0.001825,0.0096,0.0011,0,0.00136,6.35,8.75,22.70899077,16.56629595,0.4125,0.1825,0.24,0.32,1100,0
CLCB4,10/1/2024,105.13009,9.66705,36.08162133,6.845,0.024694187,0.016474187,0.0143095,0.013824375,0.033411435,0.01644,0.005698373,0.0065,0.0164,0.00435,0,0.001369,5.48,8.198373,21.41110017,14.8521249,0.74125,0.65,0.41,0.23,4350,0
CLCB4,11/1/2024,105.13009,9.66705,38.78711798,7.41,0.02236625,0.013625,0.011891,0.01036375,0.03457125,0.0174825,0.00495,0.0072,0.0056,0.0095,0,0.001482,5.8275,7.45,17.15610752,14.03195224,0.39,0.72,0.14,0.27,9500,0
CLCB4,12/1/2024,105.13009,9.66705,38.97350656,7.32,0.021570914,0.014157164,0.0113195,0.013415,0.026998799,0.0148275,0.007139328,0.001175,0.0164,0.0036,0,0.001464,4.9425,9.639328,28.13615472,16.16600559,0.185,0.1175,0.41,0.2125,3600,0
CLCB4,1/1/2025,105.13009,9.66705,35.37890552,7.61,0.026977017,0.017633176,0.01496725,0.01776375,0.031563039,0.018687683,0.006853851,0.0015125,0.0224,0.0045,0,0.001522,6.2292275,9.353851,22.90097426,16.44566164,0.3625,0.15125,0.56,0.1125,4500,0
CLCB4,2/1/2025,105.13009,9.66705,53.59211354,7.64,0.024797218,0.016397218,0.014189,0.015705,0.030326842,0.0168,0.005944436,0.00325,0.0172,0.0064,0,0.001528,5.6,8.444436,22.90605008,15.50342058,0.33625,0.325,0.43,0.1125,6400,0
CLCB4,3/1/2025,105.13009,9.66705,54.56480875,7.3,0.019273661,0.012081161,0.008555,0.0061625,0.035171876,0.014385,0.008512322,0.00725,0.0051,0.0033,0,0.00146,4.795,11.012322,22.51572619,14.17286765,0.96375,0.725,0.1275,0.1125,3300,0
CLCB4,4/1/2025,105.13009,9.66705,56.53051405,6.97,0.022264233,0.012886629,0.01060325,0.0116525,0.031824877,0.018755209,0.005960758,0.0025625,0.0168,0.00045,0,0.001394,6.25173625,8.4607575,19.07734142,15.27399196,0.3525,0.25625,0.42,0.24375,450,0
CLCB4,5/1/2025,105.13009,9.66705,52.70477793,7.08,0.026714375,0.017045,0.015658,0.01851,0.029433542,0.01933875,0.00419,0.0017,0.0224,0.0058,0,0.001416,6.44625,6.69,17.1986433,14.97348701,0.74,0.17,0.56,19.36,5800,0
CLCB4,6/1/2025,105.13009,9.66705,55.83563966,7.05,0.02045375,0.010295,0.00822,0.00944375,0.031742083,0.0203175,0.00556,0.00133,0.01,0.0037,0,0.00141,6.7725,8.06,20.57664541,16.52780593,1.11,0.133,0.25,4.23,3700,0
CLCB4,7/1/2025,105.13009,9.66705,56.70555407,7.085,0.027429688,0.0178625,0.0162335,0.019323125,0.029585938,0.019134375,0.004675,0.00155,0.0252,0.0043,0,0.001417,6.378125,7.175,18.35789959,15.23676492,0.66,0.155,0.63,30.73,4300,0
CLCB5,5/1/2023,105.29636,9.474,62.2808816,7.005,0.045058438,0.0349925,0.0328455,0.040344375,0.031461354,0.020131875,0.005695,0.00114,0.0554,0.00775,0,0.001401,6.710625,8.195,19.97522985,16.24539206,0.915,0.114,1.385,15.44,7750,0
CLCB5,6/1/2023,105.29636,9.474,50.89330638,7,0.04794875,0.03737,0.0345,0.039125,0.040480417,0.0211575,0.00714,0.0064,0.052,0.0092,0,0.0014,7.0525,9.64,19.96091817,16.75369268,1.3,0.64,1.3,26.8,9200,0
CLCB5,7/1/2023,105.29636,9.474,62.72268596,7.27,0.046278125,0.031925,0.025952,0.02728375,0.058748958,0.02870625,0.0134,0.00825,0.038,0.0042,0,0.001454,9.56875,15.9,42.94737325,27.7747433,1.875,0.825,0.95,0.35,4200,0
CLCB5,8/1/2023,105.29636,9.474,61.81262098,7.24,0.0287175,0.01383,0.007354,0.008255,0.0532875,0.029775,0.0144,0.0015,0.00856,0.0032,0,0.001448,9.925,16.9,38.097733,26.78022793,1.51,0.15,0.214,0.91,3200,0
CLCB5,9/1/2023,105.29636,9.474,33.8857369,7.335,0.027226563,0.0145,0.0100335,0.008791875,0.048828646,0.025453125,0.0104,0.006,0.0073,0.0053,0,0.001467,8.484375,12.9,29.04793786,21.76626548,1.09875,0.6,0.1825,0.4025,5300,0
CLCB5,10/1/2023,105.29636,9.474,34.87950837,7.17,0.022164688,0.011811875,0.009301375,0.0109275,0.032992604,0.020705625,0.006455,0.00111875,0.0148,0.00125,0,0.001434,6.901875,8.955,23.66056319,17.69409976,1.21,0.111875,0.37,0.59375,1250,0
CLCB5,11/1/2023,105.29636,9.474,63.89243392,7.1,0.02733875,0.015395,0.011405,0.0100375,0.046710417,0.0238875,0.0094,0.00675,0.01254,0.0021,0,0.00142,7.9625,11.9,28.77170901,20.89636949,1.645,0.675,0.3135,0.775,2100,0
CLCB5,12/1/2023,105.29636,9.474,52.28704834,7.99,0.02741125,0.017125,0.014674,0.01599875,0.035959583,0.0205725,0.0065,0.00375,0.0205,0.0035,0,0.001598,6.8575,9,20.14347752,16.51874607,0.16375,0.375,0.5125,0.25,3500,0
CLCB5,1/1/2024,105.29636,9.474,52.06135989,891,0.02920125,0.019605,0.1054,0.128625,0.03593625,0.0191925,0.00661,0.005,0.0248,0.0028,0,0.1782,6.3975,9.11,23.14527742,16.77508904,0.8875,0.5,0.62,0.875,2800,0
CLCB5,2/1/2024,105.29636,9.474,65.57819853,8.615,0.0218875,0.01241875,0.01030525,0.011358125,0.031879167,0.0189375,0.00595,0.0024375,0.01355,0.0029,0,0.001723,6.3125,8.45,21.07923813,15.99625256,0.6625,0.24375,0.33875,0.4375,2900,0
CLCB5,3/1/2024,105.29636,9.474,47.4808475,7.525,0.028603758,0.018536883,0.01709,0.018003125,0.034892101,0.02013375,0.004398765,0.005375,0.02065,0.00665,0,0.001505,6.71125,6.898765,15.45986699,14.82282298,0.38375,0.5375,0.51625,0.425,6650,0
CLCB5,4/1/2024,105.29636,9.474,37.85207845,7.92,0.034745,0.02435,0.022882,0.023915,0.038278333,0.02079,0.00452,0.0075,0.03128,0.0054,0,0.001584,6.93,7.02,19.41576923,16.39807983,0.25,0.75,0.782,0.875,5400,0
CLCB5,5/1/2024,105.29636,9.474,50.64332687,7.93,0.02601125,0.0156125,0.0124555,0.01486625,0.034792917,0.0207975,0.0079,0.001125,0.0175,0.0047,0,0.001586,6.9325,10.4,23.87931202,17.80899969,0.2775,0.1125,0.4375,0.15,4700,0
CLCB5,6/1/2024,105.29636,9.474,66.1603703,714,0.0241275,0.014475,0.08205,0.0969375,0.0419475,0.019305,0.00765,0.009,0.01,0.0023,0,0.1428,6.435,10.15,24.62024661,17.29633563,0.1725,0.9,0.25,0.2,2300,0
CLCB5,7/1/2024,105.29636,9.474,64.63151526,350.72,0.031301875,0.0228625,0.0549345,0.06718375,0.029462708,0.01687875,0.006,0.002375,0.03375,0.0036,0,0.070144,5.62625,8.5,18.22518587,14.06711329,0.361875,0.2375,0.84375,0.3,3600,0
CLCB5,8/1/2024,105.29636,9.474,53.32231861,6.885,0.027124299,0.018366174,0.01589475,0.017954375,0.031381697,0.01751625,0.006319847,0.0030625,0.0188,0.00855,0,0.001377,5.83875,8.819847,18.56530226,14.49308788,0.285625,0.30625,0.47,0.6125,8550,0
CLCB5,9/1/2024,105.29636,9.474,53.77823426,6.34,0.02061925,0.0116155,0.0091295,0.01024,0.03047625,0.0180075,0.00624,0.001875,0.006716,0.0084,0,0.001268,6.0025,8.74,18.60169437,14.7501858,0.4875,0.1875,0.1679,0.1125,8400,0
CLCB5,10/1/2024,105.29636,9.474,51.95716743,6.91,0.01713625,0.0080875,0.0056785,0.006395,0.029659583,0.0180975,0.0062,0.001125,0.00475,0.0041,0,0.001382,6.0325,8.7,18.98293888,14.91537638,0.12125,0.1125,0.11875,0.175,4100,0
CLCB5,11/1/2024,105.29636,9.474,37.45248239,699,0.02179625,0.0122,0.0765,0.0940625,0.038374583,0.0191925,0.0112,0.0025,0.0068,0.0039,0,0.1398,6.3975,13.7,44.71056872,23.57373068,0.3875,0.25,0.17,0.25,3900,0
CLCB5,12/1/2024,105.29636,9.474,39.42834317,352.56,0.021861875,0.01251875,0.04589975,0.05616375,0.028436042,0.01868625,0.00375,0.0019375,0.0142,0.00515,0,0.070512,6.22875,6.25,16.59345211,14.45644534,0.3625,0.19375,0.355,0.30625,5150,0
CLCB5,1/1/2025,105.29636,9.474,36.82959265,6.835,0.022953499,0.015243499,0.011721,0.013166875,0.03057483,0.01542,0.008411997,0.002375,0.01495,0.00475,0,0.001367,5.14,10.911997,25.31820185,15.57387196,0.806875,0.2375,0.37375,0.6875,4750,0
CLCB5,2/1/2025,105.29636,9.474,49.47406356,7.2,0.024405,0.014685,0.012165,0.0138,0.032865,0.01944,0.00648,0.00225,0.01144,0.0092,0,0.00144,6.48,8.98,15.38479792,14.45228181,0.2,0.225,0.286,0.1375,9200,0
CLCB5,3/1/2025,105.29636,9.474,53.58394597,7.05,0.02735,0.01745,0.013805,0.01663125,0.034416667,0.0198,0.0087,0.001,0.024,0.0012,0,0.00141,6.6,11.2,30.46146724,19.38533015,0.21125,0.1,0.6,0.2,1200,0
CLCB5,4/1/2025,105.29636,9.474,56.05667721,697,0.0191175,0.010035,0.07665,0.094375,0.031074167,0.018165,0.00617,0.0023,0.0092,0.0024,0,0.1394,6.055,8.67,18.43594322,14.77668134,0.71125,0.23,0.23,0.1375,2400,0
CLCB5,5/1/2025,105.29636,9.474,53.09074281,351.565,0.0240525,0.01464375,0.04467525,0.054476875,0.036464167,0.0188175,0.01025,0.0021875,0.01065,0.0062,0,0.070313,6.2725,12.75,33.04629273,19.70896839,0.44625,0.21875,0.26625,0.35625,6200,0
CLCB5,6/1/2025,105.29636,9.474,57.18925788,7.095,0.02165509,0.012761965,0.0097095,0.010886875,0.031861876,0.01778625,0.007523929,0.002,0.00965,0.00635,0,0.001419,5.92875,10.023929,23.19261207,16.08688669,0.380625,0.2,0.24125,0.36875,6350,0
CLCB5,7/1/2025,105.29636,9.474,54.51403703,7.42,0.016659,0.006744,0.004786,0.005045,0.031185,0.01983,0.0054,0.0015,0.005888,0.0007,0,0.001484,6.61,7.9,18.50968531,15.63242917,0.225,0.15,0.1472,0.15,700,0
CLCB6,5/1/2023,105.37559,9.5934,61.14268369,7.41,0.03109,0.0221125,0.0186535,0.02261375,0.03206,0.017955,0.0084,0.001125,0.0295,0.0052,0,0.001482,5.985,10.9,29.5300794,18.16920221,0.195,0.1125,0.7375,0.25,5200,0
CLCB6,6/1/2023,105.37559,9.5934,50.56198344,859,0.02176625,0.010895,0.0959,0.11925,0.02862125,0.0217425,0.00179,0.001,0.0156,0.0034,0,0.1718,7.2475,4.29,9.319952673,13.69153773,0.4325,0.1,0.39,0.325,3400,0
CLCB6,7/1/2023,105.37559,9.5934,62.14043966,7.885,0.020611875,0.01005,0.0073135,0.007891875,0.035202708,0.02112375,0.00705,0.002,0.0081,0.00295,0,0.001577,7.04125,9.55,20.66738975,16.95953885,0.31,0.2,0.2025,0.375,2950,0
CLCB6,8/1/2023,105.37559,9.5934,33.82373083,7.705,0.033465459,0.024304209,0.0213205,0.025400625,0.032469404,0.0183225,0.007508418,0.002,0.03395,0.00515,0,0.001541,6.1075,10.0084175,24.6972786,16.82937062,0.169375,0.2,0.84875,0.625,5150,0
CLCB6,9/1/2023,105.37559,9.5934,35.5923044,7.77,0.02474325,0.0144945,0.0125365,0.01387375,0.033649583,0.0204975,0.00547,0.002875,0.014444,0.0062,0,0.001554,6.8325,7.97,19.72324937,16.34876557,0.325,0.2875,0.3611,0.1,6200,0
CLCB6,10/1/2023,105.37559,9.5934,32.13136977,7.23,0.03643125,0.0272625,0.0234855,0.02865375,0.03320625,0.0183375,0.009,0.001125,0.0375,0.0069,0,0.001446,6.1125,11.5,22.14025884,16.03074837,0.22,0.1125,0.9375,0.25,6900,0
CLCB6,11/1/2023,105.37559,9.5934,33.38705825,727,0.02742125,0.01763,0.0826,0.1015,0.044149583,0.0195825,0.01546,0.0028,0.0096,0.0074,0,0.1454,6.5275,17.96,44.55940036,23.72107357,0.27375,0.28,0.24,0.5625,7400,0
CLCB6,12/1/2023,105.37559,9.5934,66.10478578,366.55,0.02294625,0.01314375,0.04514875,0.0549125,0.03656625,0.019605,0.0093,0.0024375,0.0098,0.00475,0,0.07331,6.535,11.8,27.7325294,18.42750927,0.254375,0.24375,0.245,0.51875,4750,0
CLCB6,1/1/2024,105.37559,9.5934,64.94390585,7.07,0.022619625,0.013285875,0.01083825,0.01054,0.034754125,0.0186675,0.00630925,0.0048125,0.0124,0.00305,0,0.001414,6.2225,8.80925,21.04458073,15.85032652,0.374375,0.48125,0.31,0.51875,3050,0
CLCB6,2/1/2024,105.37559,9.5934,35.77214851,7.38,0.03266625,0.0232275,0.0215405,0.0262225,0.028994583,0.0188775,0.00485,0.001125,0.03588,0.0046,0,0.001476,6.2925,7.35,14.00175,13.73501419,0.2625,0.1125,0.897,0.625,4600,0
CLCB6,3/1/2024,105.37559,9.5934,66.2925231,6.44,0.03601125,0.028725,0.016169,0.0191175,0.049842917,0.0145725,0.0264,0.00175,0.026,0.0033,0,0.001288,4.8575,28.9,65.39281116,27.78398366,4.67625,0.175,0.65,0.4125,3300,0
CLCB6,4/1/2024,105.37559,9.5934,66.34563588,68,0.04415625,0.036825,0.03535,0.043375,0.03793125,0.0146625,0.01655,0.0013,0.0504,0.0054,0,0.0136,4.8875,19.05,41.25088433,20.21803573,2.88,0.13,1.26,0.2375,5400,0
CLCB6,5/1/2024,105.37559,9.5934,39.36623179,330.295,0.044921875,0.03844375,0.05872325,0.071880625,0.047709375,0.01295625,0.0255,0.0024375,0.0438,0.00515,0,0.066059,4.31875,28,64.6567227,26.74380051,3.451875,0.24375,1.095,0.379375,5150,0
CLCB6,6/1/2024,105.37559,9.5934,66.77851213,6.67,0.02417505,0.018203175,0.01307325,0.01364625,0.032491783,0.01194375,0.01159385,0.0043125,0.0164,0.0041,0,0.001334,3.98125,14.09385,35.38739746,17.01014658,2.888125,0.43125,0.41,0.345,4100,0
CLCB6,7/1/2024,105.37559,9.5934,53.43538015,6.06,0.01895,0.01256,0.006051,0.0061575,0.034136667,0.01278,0.01423,0.00225,0.00644,0.0022,0,0.001212,4.26,16.73,38.38659593,18.37379443,1.36625,0.225,0.161,0.325,2200,0
CLCB6,8/1/2024,105.37559,9.5934,67.11144147,6.88,0.02497375,0.015475,0.011963,0.01386,0.034005417,0.0189975,0.0084,0.00175,0.0124,0.0084,0,0.001376,6.3325,10.9,29.24863814,18.60172545,0.2125,0.175,0.31,0.35,8400,0
CLCB6,9/1/2024,105.37559,9.5934,66.4125023,692,0.03061375,0.020785,0.0829,0.10275,0.04109875,0.0196575,0.01417,0.0014,0.0188,0.0072,0,0.1384,6.5525,16.67,38.21333085,21.75792114,0.4625,0.14,0.47,0.3375,7200,0
CLCB6,10/1/2024,105.37559,9.5934,44.83809755,351,0.02445125,0.01495625,0.04340625,0.05234375,0.041244583,0.01899,0.0133,0.0030625,0.0094,0.00415,0,0.0702,6.33,15.8,37.45407631,21.18480968,0.360625,0.30625,0.235,0.49375,4150,0
CLCB6,11/1/2024,105.37559,9.5934,66.32225795,6.82,0.021447961,0.013490461,0.0089195,0.00888375,0.035053575,0.015915,0.010505921,0.003625,0.0072,0.00565,0,0.001364,5.305,13.005921,30.9884498,17.60896589,1.243125,0.3625,0.18,0.40625,5650,0
CLCB6,12/1/2024,105.37559,9.5934,37.24087734,7,0.0320625,0.023025,0.017805,0.0211625,0.0369425,0.018075,0.01184,0.00175,0.02296,0.0095,0,0.0014,6.025,14.34,43.58610593,22.66048422,1.7375,0.175,0.574,0.1875,9500,0
CLCB6,1/1/2025,105.37559,9.5934,35.31550287,7.51,0.02150875,0.011425,0.011676,0.01381375,0.02615375,0.0201675,0.001,0.00125,0.0152,0.0054,0,0.001502,6.7225,3.5,7.766080729,12.41416637,0.1275,0.125,0.38,0.3375,5400,0
CLCB6,2/1/2025,105.37559,9.5934,38.79050831,807,0.02775,0.0183,0.09625,0.119625,0.02975,0.0189,0.0055,0.0011,0.0276,0.0024,0,0.1614,6.3,8,20.59262905,15.82409491,0.21875,0.11,0.69,0.425,2400,0
CLCB6,3/1/2025,105.37559,9.5934,77.30022916,388.73,0.025256875,0.01511875,0.05199175,0.0629975,0.032041042,0.02027625,0.004,0.0031875,0.0189,0.00415,0,0.077746,6.75875,6.5,18.22710276,15.76646761,0.215625,0.31875,0.4725,0.4875,4150,0
CLCB6,4/1/2025,105.37559,9.5934,67.30592454,7.305,0.02820729,0.018177915,0.012893,0.014006875,0.041375343,0.02005875,0.01203083,0.003375,0.016,0.00495,0,0.001461,6.68625,14.53083,27.06106376,18.44269901,1.940625,0.3375,0.4,0.175,4950,0
CLCB6,5/1/2025,105.37559,9.5934,35.82286139,7.42,0.02483025,0.015084,0.011601,0.0121575,0.036974583,0.0194925,0.00845,0.00375,0.009568,0.0084,0,0.001484,6.4975,10.95,28.01943203,18.46170776,0.235,0.375,0.2392,0.1625,8400,0
CLCB6,6/1/2025,105.37559,9.5934,54.63033186,6.68,0.0255225,0.020025,0.007143,0.00721,0.0476525,0.010995,0.0271,0.00275,0.0066,0.0036,0,0.001336,3.665,29.6,74.77083333,28.95173497,3.16125,0.275,0.165,0.1125,3600,0
CLCB6,7/1/2025,105.37559,9.5934,57.75443014,687,0.05402125,0.04627,0.0962,0.119375,0.06351625,0.0155025,0.03754,0.0014,0.0512,0.0024,0,0.1374,5.1675,40.04,133.6664063,49.77281565,5.71375,0.14,1.28,0.575,2400,0
CLCB7,5/1/2023,105.37671,9.77976,52.02794775,340.295,0.062791875,0.054825,0.0735795,0.089786875,0.058314375,0.01593375,0.03055,0.0035,0.0696,0.006,0,0.068059,5.31125,33.05,80.30991085,33.16735131,7.975625,0.35,1.74,0.33375,6000,0
CLCB7,6/1/2023,105.37671,9.77976,35.14152738,6.53,0.017111714,0.009780464,0.008503,0.00750375,0.027443999,0.0146625,0.003860928,0.005,0.0074,0.0033,0,0.001306,4.8875,6.3609275,17.25078036,12.65179866,2.5875,0.5,0.185,0.15625,3300,0
CLCB7,7/1/2023,105.37671,9.77976,50.43048439,6.05,0.0213035,0.011891,0.007936,0.00851375,0.0352275,0.018825,0.00912,0.00225,0.005512,0.0069,0,0.00121,6.275,11.62,23.254663,16.62582377,0.1675,0.225,0.1378,0.875,6900,0
CLCB7,8/1/2023,105.37671,9.77976,63.38369545,7.4,0.02057375,0.01115,0.01114,0.0129875,0.02548875,0.0188475,0.0015,0.0015,0.0098,0.0095,0,0.00148,6.2825,4,7.986659357,11.82370566,0.22125,0.15,0.245,0.4125,9500,0
CLCB7,9/1/2023,105.37671,9.77976,34.94813069,749,0.03745375,0.02767,0.097,0.11975,0.038625417,0.0195675,0.01114,0.0024,0.0336,0.0082,0,0.1498,6.5225,13.64,25.34158911,17.65499499,0.25875,0.24,0.84,0.6,8200,0
CLCB7,10/1/2023,105.37671,9.77976,34.5299985,405.115,0.031666875,0.02176875,0.05643025,0.068701875,0.040172708,0.01979625,0.0117,0.0029375,0.0213,0.0076,0,0.081023,6.59875,14.2,32.89834516,20.15170166,0.278125,0.29375,0.5325,0.55,7600,0
CLCB7,11/1/2023,105.37671,9.77976,50.93228774,7.03,0.022932078,0.013748328,0.00968425,0.0103475,0.035833181,0.0183675,0.009534156,0.0028125,0.0112,0.00395,0,0.001406,6.1225,12.0341555,25.53816962,17.11696867,1.59,0.28125,0.28,0.19375,3950,0
CLCB7,12/1/2023,105.37671,9.77976,63.16346969,7.42,0.02187225,0.0148035,0.0119155,0.0137225,0.02715125,0.0141375,0.00726,0.001875,0.015272,0.0052,0,0.001484,4.7125,9.76,19.32096392,13.04194165,0.23875,0.1875,0.3818,0.1625,5200,0
CLCB7,1/1/2024,105.37671,9.77976,51.60800911,7.64,0.037495,0.027475,0.024839,0.0271425,0.038605,0.02004,0.0068,0.00625,0.0335,0.0084,0,0.001528,6.68,9.3,20.65171835,16.41272331,0.48875,0.625,0.8375,0.375,8400,0
CLCB7,2/1/2024,105.37671,9.77976,66.17204976,933,0.01982125,0.01027,0.1014,0.124875,0.030849583,0.0191025,0.00434,0.003,0.006,0.0072,0,0.1866,6.3675,6.84,17.55996302,14.96927113,0.23,0.3,0.15,0.5,7200,0
CLCB7,3/1/2024,105.37671,9.77976,63.57439418,428.69,0.02936375,0.0186125,0.0584815,0.07114875,0.035732083,0.0215025,0.006,0.003125,0.0238,0.0043,0,0.085738,7.1675,8.5,17.92376806,16.28396376,0.16375,0.3125,0.595,0.19375,4300,0
CLCB7,4/1/2024,105.37671,9.77976,54.61229552,7.405,0.025314474,0.016505912,0.01505925,0.017613125,0.027917107,0.017617125,0.004374324,0.0019375,0.0217,0.005,0,0.001481,5.872375,6.8743235,17.0083025,14.05266796,0.349375,0.19375,0.5425,0.121875,5000,0
CLCB7,5/1/2024,105.37671,9.77976,34.82819523,7.73,0.02238275,0.012149,0.010502,0.00765875,0.03973375,0.0204675,0.00484,0.00875,0.004508,0.0062,0,0.001546,6.8225,7.34,17.12855085,15.51576477,0.12875,0.875,0.1127,0.25,6200,0
CLCB7,6/1/2024,105.37671,9.77976,66.16106799,6.83,0.01518125,0.008435,0.007418,0.00661625,0.02466625,0.0134925,0.0034,0.00425,0.00702,0.0022,0,0.001366,4.4975,12.5334375,29.93424946,16.06537026,5.3275,0.425,0.1755,0.5225,2200,0
CLCB7,7/1/2024,105.37671,9.77976,51.96849246,696,0.04047,0.031965,0.084,0.1038125,0.063046667,0.01701,0.03513,0.0019,0.0256,0.0013,0,0.1392,5.67,22.37125,43.98919152,22.25506038,4.525,0.19,0.64,0.2725,1300,0
CLCB7,8/1/2024,105.37671,9.77976,65.92443156,345.98,0.0396225,0.032353125,0.054401125,0.0667475,0.048585833,0.01453875,0.0251,0.00200625,0.0342,0.0034,0,0.069196,4.84625,18.52515625,47.98621356,22.2795306,4.84875,0.200625,0.855,0.575625,3400,0
CLCB7,9/1/2024,105.37671,9.77976,66.60709667,6.495,0.022978658,0.016875533,0.009582625,0.010943125,0.034705201,0.01220625,0.015884815,0.00165625,0.01426,0.00195,0,0.001299,4.06875,14.9579225,35.99409909,17.33266443,1.005625,0.165625,0.3565,0.381875,1950,0
CLCB7,10/1/2024,105.37671,9.77976,53.69204827,6.72,0.0264329,0.0169829,0.0168849,0.019778,0.026325833,0.0189,0.00154,0.002125,0.0269008,0.0034,0,0.001344,6.3,14.9975,30.63755437,18.99084312,1.35875,0.2125,0.67252,0.275,3400,0
CLCB7,11/1/2024,105.37671,9.77976,39.25849165,6.61,0.026695,0.02038,0.008791,0.00817625,0.048568333,0.01263,0.0245,0.0045,0.00456,0.0072,0,0.001322,4.21,17.34125,38.51778179,18.34015189,1.94375,0.45,0.114,0.1925,7200,0
CLCB7,12/1/2024,105.37671,9.77976,39.1406027,693,0.03419125,0.02599,0.08745,0.103625,0.04804625,0.0164025,0.01568,0.0091,0.0216,0.0056,0,0.1386,5.4675,17.1796875,34.71236152,19.02671076,2.455,0.91,0.54,0.15375,5600,0
CLCB7,1/1/2025,105.37671,9.77976,36.51149008,340.385,0.039085625,0.032384375,0.055922875,0.068016875,0.043658125,0.0134025,0.021,0.00301875,0.0366,0.00415,0,0.068077,4.4675,16.8846875,31.85875035,16.62708555,2.721875,0.301875,0.915,0.255625,4150,0
CLCB7,2/1/2025,105.37671,9.77976,36.85208887,6.355,0.01423769,0.009402065,0.00664425,0.006719375,0.022161276,0.00967125,0.00678663,0.0025375,0.00488,0.0046,0,0.001271,3.22375,11.31025113,26.35279049,13.02565983,2.23,0.25375,0.122,0.175,4600,0
CLCB7,3/1/2025,105.37671,9.77976,66.0199874,6.53,0.0247057,0.0174982,0.0117162,0.01245775,0.035915833,0.014415,0.01287,0.0035,0.0091264,0.0095,0,0.001306,4.805,15.400625,38.39493978,19.1939249,0.59875,0.35,0.22816,0.2175,9500,0
CLCB7,4/1/2025,105.37671,9.77976,53.69745382,6.52,0.0117925,0.0058375,0.0049395,0.00453375,0.020574167,0.01191,0.0031,0.002625,0.00475,0.0012,0,0.001304,3.97,11.60125,29.23480375,15.05361405,5.2625,0.2625,0.11875,0.66375,1200,0
CLCB7,5/1/2025,105.37671,9.77976,36.5666276,684,0.02521375,0.01888,0.07745,0.095375,0.04039875,0.0126675,0.01966,0.0023,0.0144,0.0014,0,0.1368,4.2225,16.1515625,33.67867653,16.83333277,5.27,0.23,0.36,0.225,1400,0
CLCB7,6/1/2025,105.37671,9.77976,53.23763854,322.695,0.031310625,0.02454375,0.04976325,0.059118125,0.037999792,0.01353375,0.0141,0.0049375,0.02125,0.0088,0,0.064539,4.51125,15.23078125,29.1754692,15.84678332,6.921875,0.49375,0.53125,0.333125,8800,0
CLCB7,7/1/2025,105.37671,9.77976,56.85392328,6.56,0.018298748,0.014719373,0.007181,0.00678875,0.031555411,0.00715875,0.016388745,0.0035,0.0067,0.00285,0,0.001312,2.38625,12.3498425,29.78432109,12.85122906,3.44625,0.35,0.1675,0.773125,2850,0
CLCB8,5/1/2023,105.42469,9.94938,63.85178744,6.77,0.02413125,0.019005,0.008837,0.00948375,0.040182917,0.0102525,0.02169,0.0025,0.00912,0.0047,0,0.001354,3.4175,15.3509375,37.99230194,16.98573989,5.14,0.25,0.228,0.92,4700,0
CLCB8,6/1/2023,105.42469,9.94938,50.98478136,6.49,0.02369125,0.0156775,0.0099765,0.0117675,0.034827917,0.0160275,0.0127,0.001125,0.01063,0.0069,0,0.001298,5.3425,16.2315625,37.04537385,19.57471275,0.68375,0.1125,0.26575,0.9125,6900,0
CLCB8,7/1/2023,105.42469,9.94938,64.60595247,694,0.034265,0.025745,0.0873,0.1035,0.048685,0.01704,0.01569,0.009,0.0184,0.0084,0,0.1388,5.68,17.5275,43.73736302,22.1906693,1.11375,0.9,0.46,0.215,8400,0
CLCB8,8/1/2023,105.42469,9.94938,52.76652715,326.735,0.041976875,0.032975,0.0564735,0.066685625,0.049704375,0.01800375,0.01835,0.00625,0.0357,0.00565,0,0.065347,6.00125,18.71453125,41.57674517,21.99139113,0.7425,0.625,0.8925,0.505,5650,0
CLCB8,9/1/2023,105.42469,9.94938,50.01140006,6.48,0.023765338,0.018100963,0.013232375,0.0156225,0.027802454,0.01132875,0.011033175,0.00146875,0.0192,0.0045,0,0.001296,3.77625,13.2697,34.63111295,16.46422145,2.37625,0.146875,0.48,0.3,4500,0
CLCB8,10/1/2023,105.42469,9.94938,61.19479593,6.66,0.02587835,0.0200396,0.0170806,0.017757,0.028790417,0.0116775,0.00725,0.00575,0.0227792,0.0043,0,0.001332,3.8925,12.5128125,27.27406326,14.31922392,0.41625,0.575,0.56948,0.3875,4300,0
CLCB8,11/1/2023,105.42469,9.94938,65.48529228,6.55,0.02701,0.01679125,0.01124625,0.0128625,0.040541667,0.0204375,0.0124,0.0019125,0.01347,0.0058,0,0.00131,6.8125,14.9,31.40660411,20.00204259,0.7625,0.19125,0.33675,0.625,5800,0
CLCB8,12/1/2023,105.42469,9.94938,63.09013999,689,0.043345,0.03454,0.0972,0.119625,0.038605,0.01761,0.01248,0.003,0.0444,0.0092,0,0.1378,5.87,17.03375,39.91818222,21.27164005,1.14,0.3,1.11,0.1525,9200,0
CLCB8,1/1/2024,105.42469,9.94938,64.25168071,329.795,0.024059375,0.0154625,0.044092,0.050505625,0.038813542,0.01719375,0.0087,0.007375,0.0109,0.00395,0,0.065959,5.73125,10.2215625,26.19417703,16.73690559,0.43125,0.7375,0.2725,0.50625,3950,0
CLCB8,2/1/2024,105.42469,9.94938,62.90664288,6.525,0.020175793,0.013510168,0.01198875,0.0128375,0.024636016,0.01333125,0.004347835,0.0034375,0.014285,0.00495,0,0.001305,4.44375,6.847835,16.05453134,11.60904598,0.570625,0.34375,0.357125,0.2,4950,0
CLCB8,3/1/2024,105.42469,9.94938,62.62145452,6.76,0.0166815,0.0089715,0.0087125,0.0083125,0.024984167,0.01542,0.00187,0.004125,0.008648,0.0033,0,0.001352,5.14,4.37,10.87807131,11.02149789,1.465,0.4125,0.2162,0.825,3300,0
CLCB8,4/1/2024,105.42469,9.94938,66.20951596,8.31,0.0342225,0.0250875,0.0218685,0.02647625,0.032369167,0.01827,0.0081,0.001375,0.0385,0.0022,0,0.001662,6.09,10.6,24.56187446,16.76043331,0.68,0.1375,0.9625,0.125,2200,0
CLCB8,5/1/2024,105.42469,9.94938,47.02768254,761,0.03336,0.02406,0.09775,0.1171875,0.036656667,0.0186,0.00482,0.008,0.0328,0.0025,0,0.1522,6.2,7.32,17.95895455,14.8438066,0.7875,0.8,0.82,0.5,2500,0
CLCB8,6/1/2024,105.42469,9.94938,64.37404024,419.315,0.024348125,0.0145925,0.052469,0.064101875,0.034995625,0.01951125,0.00811,0.002375,0.0165,0.0022,0,0.083863,6.50375,10.61,29.62097683,18.9759834,0.381875,0.2375,0.4125,0.3,2200,0
CLCB8,7/1/2024,105.42469,9.94938,35.61216095,7.57,0.02525306,0.016794935,0.01482575,0.01700875,0.028940473,0.01691625,0.00545237,0.0024375,0.02235,0.00335,0,0.001514,5.63875,7.95237,18.24113856,14.09089251,0.1375,0.24375,0.55875,0.46875,3350,0
CLCB8,8/1/2024,105.42469,9.94938,53.37213854,7.74,0.0330775,0.0232225,0.0214265,0.02608,0.030304167,0.01971,0.00514,0.001125,0.03588,0.0043,0,0.001548,6.57,7.64,19.82819308,15.98809996,0.22,0.1125,0.897,0.375,4300,0
CLCB8,9/1/2024,105.42469,9.94938,65.04547146,7.6,0.02776125,0.017925,0.018035,0.0202,0.028842917,0.0196725,0.0013,0.00375,0.0265,0.0043,0,0.00152,6.5575,3.8,10.86144048,13.14250488,1.175,0.375,0.6625,0.125,4300,0
CLCB8,10/1/2024,105.42469,9.94938,43.55673431,910,0.0220625,0.011,0.09905,0.1206875,0.038529167,0.022125,0.0059,0.005,0.0048,0.0063,0,0.182,7.375,8.4,20.36949498,17.36624999,0.18625,0.5,0.12,0.1875,6300,0
CLCB8,11/1/2024,105.42469,9.94938,36.77565269,381.72,0.0249175,0.0152875,0.0493345,0.0581525,0.0386575,0.01926,0.00825,0.005625,0.0124,0.0043,0,0.076344,6.42,10.75,28.94656355,18.63774387,0.556875,0.5625,0.31,0.30625,4300,0
CLCB8,12/1/2024,105.42469,9.94938,54.4475008,7.325,0.030019963,0.020674963,0.0184075,0.020509375,0.033471579,0.01869,0.005999925,0.004,0.0267,0.00465,0,0.001465,6.23,8.499925,24.46484358,16.9398435,0.314375,0.4,0.6675,0.5,4650,0
CLCB8,1/1/2025,105.42469,9.94938,44.42127593,7.5,0.03045,0.02055,0.01917,0.0233375,0.029236667,0.0198,0.00426,0.001,0.02944,0.0064,0,0.0015,6.6,6.76,14.43473958,14.33276784,0.53875,0.1,0.736,0.25,6400,0
CLCB8,2/1/2025,105.42469,9.94938,53.24868859,7.2,0.0299825,0.02015,0.01517,0.0158375,0.042075833,0.019665,0.0114,0.005,0.018,0.0059,0,0.00144,6.555,13.9,35.02377056,20.75613511,1.17875,0.5,0.45,0.25,5900,0
CLCB8,3/1/2025,105.42469,9.94938,54.20846622,848,0.01793125,0.008755,0.0916,0.113875,0.027139583,0.0183525,0.00391,0.001,0.0084,0.0042,0,0.1696,6.1175,6.41,16.45932837,14.24728669,0.2125,0.1,0.21,0.125,4200,0
CLCB8,4/1/2025,105.42469,9.94938,52.35611491,410.33,0.028053125,0.018275,0.055358,0.0660725,0.037865625,0.01955625,0.0079,0.005,0.02105,0.0026,0,0.082066,6.51875,10.4,28.71852859,18.71397891,0.20625,0.5,0.52625,0.5125,2600,0
CLCB8,5/1/2025,105.42469,9.94938,52.6698711,8.32,0.026076209,0.016346834,0.0135945,0.01425875,0.036169487,0.01945875,0.007168667,0.004375,0.01675,0.0044,0,0.001664,6.48625,9.668667,23.83703525,17.12629658,0.540625,0.4375,0.41875,0.3,4400,0
CLCB8,6/1/2025,105.42469,9.94938,52.77463103,8.12,0.0247215,0.014364,0.010976,0.010595,0.039800833,0.020715,0.0084,0.005,0.007728,0.0076,0,0.001624,6.905,10.9,24.57191064,17.9860973,0.94375,0.5,0.1932,0.1125,7600,0
CLCB8,7/1/2025,105.42469,9.94938,54.7966656,9.39,0.03318875,0.0224,0.020589,0.02511125,0.032757083,0.0215775,0.0055,0.001,0.034,0.0043,0,0.001878,7.1925,8,18.77153316,16.58872893,0.975,0.1,0.85,0.5125,4300,0
CLCB9,5/1/2023,105.35439,9.87573,51.1464902,949,0.02301625,0.01228,0.104,0.129375,0.033637917,0.0214725,0.00636,0.001,0.0136,0.0036,0,0.1898,7.1575,8.86,18.34582313,16.40202022,0.24125,0.1,0.34,0.1125,3600,0
CLCB9,6/1/2023,105.35439,9.87573,64.26579415,463.195,0.0186075,0.00946875,0.05236325,0.064399375,0.031284167,0.0182775,0.00685,0.0016875,0.0078,0.0026,0,0.092639,6.0925,9.35,24.06366649,16.60711901,0.22625,0.16875,0.195,0.16875,2600,0
CLCB9,7/1/2023,105.35439,9.87573,64.42209634,8.505,0.027553583,0.017226083,0.01513175,0.015594375,0.037166693,0.020655,0.005889666,0.0053125,0.0189,0.00435,0,0.001701,6.885,8.3896655,21.91758603,17.11929887,0.133125,0.53125,0.4725,0.495,4350,0
CLCB9,8/1/2023,105.35439,9.87573,52.54875273,8.21,0.02325375,0.01248,0.010821,0.01040125,0.03675875,0.0215475,0.00496,0.005,0.0092,0.0058,0,0.001642,7.1825,7.46,19.21914726,16.71484308,0.7625,0.5,0.23,0.2,5800,0
CLCB9,9/1/2023,105.35439,9.87573,51.83314653,7.7,0.02910125,0.019025,0.016345,0.016525,0.038852917,0.0201525,0.0069,0.00625,0.0215,0.0034,0,0.00154,6.7175,9.4,23.01396057,17.21369028,0.26375,0.625,0.5375,0.375,3400,0
CLCB9,10/1/2023,105.35439,9.87573,33.76074499,754,0.02496,0.01671,0.08825,0.1074375,0.033623333,0.0165,0.00772,0.0046,0.0184,0.0027,0,0.1508,5.5,10.22,23.33821338,15.48966374,0.53125,0.46,0.46,0.1625,2700,0
CLCB9,11/1/2023,105.35439,9.87573,52.06911619,370.5,0.020491875,0.0104625,0.0443625,0.0544375,0.032647708,0.02005875,0.0063,0.001625,0.0099,0.0031,0,0.0741,6.68625,8.8,22.80106429,17.09969792,0.644375,0.1625,0.2475,0.225,3100,0
CLCB9,12/1/2023,105.35439,9.87573,61.22019531,7.07,0.02218787,0.012477245,0.009857,0.01075875,0.033338363,0.01942125,0.00665449,0.0025,0.0124,0.0034,0,0.001414,6.47375,9.15449,21.73379834,16.44448324,0.28375,0.25,0.31,0.119375,3400,0
CLCB9,1/1/2024,105.35439,9.87573,52.19265146,7.29,0.0295075,0.020395,0.018694,0.02258625,0.028390833,0.018225,0.00486,0.00125,0.03128,0.0034,0,0.001458,6.075,7.36,17.56569198,14.53232723,0.11875,0.125,0.782,0.875,3400,0
CLCB9,2/1/2024,105.35439,9.87573,50.53705814,6.51,0.01476125,0.0058625,0.0058135,0.00547,0.02575125,0.0177975,0.0014,0.002875,0.00625,0.0012,0,0.001302,5.9325,3.9,10.1661382,11.98580492,0.74875,0.2875,0.15625,0.3875,1200,0
CLCB9,3/1/2024,105.35439,9.87573,52.69091439,670,0.0196575,0.01098,0.07485,0.09275,0.0290675,0.017355,0.00626,0.0013,0.0112,0.0032,0,0.134,5.785,8.76,19.97505952,14.85690086,0.41375,0.13,0.28,0.1625,3200,0
CLCB9,4/1/2024,105.35439,9.87573,66.67679676,351.765,0.024025,0.01373125,0.04470775,0.052408125,0.040308333,0.0205875,0.0084,0.0055625,0.0102,0.0033,0,0.070353,6.8625,10.9,26.39023815,18.49559053,0.303125,0.55625,0.255,0.2,3300,0
CLCB9,5/1/2024,105.35439,9.87573,51.65508666,7.33,0.029302557,0.019370682,0.01718925,0.01972875,0.033255966,0.01986375,0.005828864,0.0028125,0.02405,0.00605,0,0.001466,6.62125,8.3288635,23.61289001,17.25813288,0.333125,0.28125,0.60125,0.30625,6050,0
CLCB9,6/1/2024,105.35439,9.87573,53.82777098,7.46,0.020303,0.010643,0.008829,0.00963,0.031138333,0.01932,0.00512,0.00225,0.009016,0.0049,0,0.001492,6.44,7.62,19.86176154,15.80368271,0.2675,0.225,0.2254,0.625,4900,0
CLCB9,7/1/2024,105.35439,9.87573,57.18682252,6.37,0.0312025,0.021805,0.018337,0.02229625,0.0326725,0.018795,0.00821,0.001,0.028,0.0064,0,0.001274,6.265,10.71,31.07239413,19.07543005,0.3875,0.1,0.7,0.1,6400,0
CLCB9,8/1/2024,105.35439,9.87573,53.1485535,714,0.02642375,0.01703,0.08645,0.1055625,0.031205417,0.0187875,0.00396,0.004,0.0216,0.0045,0,0.1428,6.2625,6.46,15.17809315,14.06086638,0.1275,0.4,0.54,0.25,4500,0
CLCB9,9/1/2024,105.35439,9.87573,53.67776045,331.69,0.0221,0.012275,0.041719,0.051055,0.033658333,0.01965,0.00745,0.00175,0.01155,0.0038,0,0.066338,6.55,9.95,25.47582991,17.73856555,0.584375,0.175,0.28875,0.2375,3800,0
CLCB9,10/1/2024,105.35439,9.87573,36.41681455,6.72,0.027111122,0.017835497,0.01657825,0.01912125,0.029134284,0.01855125,0.003858494,0.0025625,0.0222,0.00705,0,0.001344,6.18375,6.3584935,14.28230305,13.66033592,1.21,0.25625,0.555,0.7375,7050,0
CLCB9,11/1/2024,105.35439,9.87573,39.29163946,7,0.020043,0.011658,0.010018,0.011585,0.026775,0.01677,0.00468,0.0015,0.009936,0.0072,0,0.0014,5.59,7.18,20.16358041,14.62383367,0.52875,0.15,0.2484,0.175,7200,0
CLCB9,12/1/2024,105.35439,9.87573,39.53380189,6.975,0.025646099,0.017107349,0.0151475,0.017371875,0.029040898,0.0170775,0.005314699,0.0025,0.0222,0.0042,0,0.001395,5.6925,7.8146985,18.70217924,14.31686451,0.2475,0.25,0.555,0.375,4200,0
CLCB9,1/1/2025,105.35439,9.87573,37.15364235,7.22,0.023815235,0.01479,0.012822,0.0129025,0.033168881,0.018050469,0.00538,0.005,0.014,0.0052,0,0.001444,6.016823,7.88,17.46102089,14.41206328,0.375,0.5,0.35,0.125,5200,0
CLCB9,2/1/2025,105.35439,9.87573,52.3498826,7.59,0.019715,0.01022,0.007909,0.00926125,0.030485,0.01899,0.00614,0.001,0.0088,0.0045,0,0.001518,6.33,8.64,19.25090551,15.44610514,0.16,0.1,0.22,0.26,4500,0
CLCB9,3/1/2025,105.35439,9.87573,55.17899842,6.51,0.01833,0.0097125,0.0103635,0.01225125,0.02142,0.017235,0,0.001125,0.0171,0.0012,0,0.001302,5.745,5,12.20903244,12.34859472,0.16125,0.1125,0.4275,0.5,1200,0
CLCB9,4/1/2025,105.35439,9.87573,35.66413042,6.52,0.020649645,0.011567145,0.009127,0.010315,0.030449172,0.018165,0.00618429,0.00175,0.012,0.0032,0,0.001304,6.055,8.68429,24.1400357,16.57494505,0.22375,0.175,0.3,0.875,3200,0
CLCB9,5/1/2025,105.35439,9.87573,55.24061052,6.59,0.026321227,0.018449977,0.015784,0.01738625,0.030499529,0.0157425,0.006649953,0.00375,0.0248,0.0017,0,0.001318,5.2475,9.149953,22.64537766,14.89249138,0.11875,0.375,0.62,0.25,1700,0
CLCB9,6/1/2025,105.35439,9.87573,68.39720392,7.24,0.0223125,0.01215,0.010774,0.0128425,0.029779167,0.020325,0.0042,0.001,0.016,0.0031,0,0.001448,6.775,6.7,16.80275591,15.34180514,0.21,0.1,0.4,0.8,3100,0
CLCB9,7/1/2025,105.35439,9.87573,56.39811228,7.085,0.023161875,0.01497,0.0128335,0.013854375,0.029836042,0.01638375,0.00569,0.0035,0.0184,0.00235,0,0.001417,5.46125,8.19,19.10162448,14.09591803,0.205,0.35,0.46,0.305,2350,0
DATI1,1/1/2025,106.232697,11.465033,66.90962387,6.99,0.01778375,0.01046,0.007349,0.00856125,0.027145417,0.0146475,0.00762,0.001,0.008,0.0043,0,0.001398,4.8825,10.12,21.93205463,14.12011022,0.27,0.1,0.2,0.1,4300,0
DATI1,2/1/2025,106.232697,11.465033,3.591410324,7.45,0.0245175,0.01323,0.010195,0.01186875,0.036790833,0.022575,0.00756,0.0014,0.0096,0.0079,0,0.00149,7.525,10.06,21.39164807,17.91349246,0.59,0.14,0.24,0.11,7900,0
DATI1,3/1/2025,106.232697,11.465033,5.23304746,6.51,0.025238125,0.01486,0.012376,0.012345,0.037363958,0.02075625,0.00627,0.005,0.0144,0.00405,0,0.001302,6.91875,8.77,18.94242266,16.2319783,0.225,0.5,0.36,0.55,4050,0
DATI1,4/1/2025,106.232697,11.465033,56.12744565,6.25,0.06692697,0.059831065,0.05664375,0.06790625,0.030862931,0.014191811,0.00762463,0.0046375,0.104,0.0034,0,0.00125,4.7306035,10.12463,23.81685403,14.48646453,2.44,0.46375,2.6,0.31875,3400,0
DATI1,5/1/2025,106.232697,11.465033,55.28346034,6.29,0.106379595,0.0987,0.092954,0.10603625,0.051752388,0.01535919,0.01275,0.01625,0.166,0.0024,0,0.001258,5.11973,15.25,33.86437686,18.23772138,3.3,1.625,4.15,0.1375,2400,0
DATI1,6/1/2025,106.232697,11.465033,67.14553065,5.96,0.10499125,0.09766,0.090496,0.107995,0.044779583,0.0146625,0.01552,0.0082,0.168,0.0036,0,0.001192,4.8875,18.02,45.32449297,21.50227553,2.31,0.82,4.2,0.43,3600,0
DATI1,7/1/2025,106.232697,11.465033,45.66409328,6.55,0.01690875,0.009525,0.01018,0.01163125,0.019270417,0.0147675,0,0.00175,0.0136,0.0037,0,0.00131,4.9225,5,12.26704545,11.13313381,2.71625,0.175,0.34,0.2375,3700,0
DATI10,1/1/2025,106.072264,11.477061,66.55978174,6.51,0.04582362,0.03731862,0.0316385,0.03368875,0.045555113,0.01701,0.01266224,0.009375,0.0492,0.0034,0,0.001302,5.67,15.16224,35.38245217,19.54171254,1.47125,0.9375,1.23,0.4625,3400,0
DATI10,2/1/2025,106.072264,11.477061,6.496318499,6.97,0.02974625,0.021125,0.020997,0.02562125,0.023207917,0.0172425,0.00165,0.001,0.0304,0.0092,0,0.001394,5.7475,4.15,9.107728771,11.37463234,3.75625,0.1,0.76,0.45,9200,0
DATI10,3/1/2025,106.072264,11.477061,4.390310653,6.39,0.03236,0.02606,0.019389,0.02311125,0.033856667,0.0126,0.01462,0.0018,0.0344,0.0013,0,0.001278,4.2,17.12,46.84150602,20.9492768,2.96,0.18,0.86,0.7,1300,0
DATI10,4/1/2025,106.072264,11.477061,34.93452951,6.19,0.04512625,0.03862,0.031619,0.03346125,0.044277917,0.0130125,0.01524,0.0097,0.05,0.0023,0,0.001238,4.3375,17.74,42.36934883,19.74564118,0.8,0.97,1.25,0.111,2300,0
DATI10,5/1/2025,106.072264,11.477061,34.10305903,6.42,0.03937125,0.03117,0.023392,0.0270525,0.04286625,0.0164025,0.01684,0.0035,0.0344,0.0076,0,0.001284,5.4675,19.34,50.28617642,23.93648847,1.95,0.35,0.86,0.4,7600,0
DATI10,6/1/2025,106.072264,11.477061,67.10287878,6.64,0.050265,0.0436125,0.035764,0.040955,0.042385,0.013305,0.017025,0.006,0.0634,0.0008,0,0.001328,4.435,19.525,41.09465631,19.49003352,2.95,0.6,1.585,0.87,800,0
DATI10,7/1/2025,106.072264,11.477061,52.34516941,6.58,0.035733125,0.030875,0.020783,0.0238225,0.040443958,0.00971625,0.0215,0.00345,0.0326,0.0042,0,0.001316,3.23875,24,48.33001943,19.97666833,5.06,0.345,0.815,0.4,4200,0
DATI11,1/1/2025,106.356833,10.991417,64.74418587,6.28,0.070717512,0.064023145,0.057803,0.06587875,0.043499195,0.013388734,0.013696291,0.0102,0.1024,0.00175,0,0.001256,4.46291125,16.1962905,41.00735655,19.5043784,3.4375,1.02,2.56,0.21875,1750,0
DATI11,2/1/2025,106.356833,10.991417,4.928412694,6.08,0.020614347,0.0131875,0.0093705,0.0100725,0.030716809,0.014853694,0.00885,0.002625,0.0136,0.0013,0,0.001216,4.95123125,11.35,26.29974294,15.60015802,0.91,0.2625,0.34,0.15,1300,0
DATI11,3/1/2025,106.356833,10.991417,6.821280832,6.81,0.0241875,0.017865,0.014581,0.01685125,0.026570833,0.012645,0.00793,0.0022,0.0204,0.0052,0,0.001362,4.215,10.43,24.01855053,13.77664582,0.44,0.22,0.51,0.49,5200,0
DATI11,4/1/2025,106.356833,10.991417,64.09186924,6.81,0.0247675,0.01665625,0.01733725,0.01991375,0.0222075,0.0162225,0,0.0028125,0.0221,0.0084,0,0.001362,5.4075,5,12.12469939,11.81575801,0.2475,0.28125,0.5525,0.625,8400,0
DATI11,5/1/2025,106.356833,10.991417,50.34678142,6.62,0.03039031,0.02296906,0.015787,0.018265,0.038360723,0.0148425,0.01568812,0.00235,0.0184,0.0095,0,0.001324,4.9475,18.18812,47.20386847,22.18476465,0.86375,0.235,0.46,0.2875,9500,0
DATI11,6/1/2025,106.356833,10.991417,44.02741258,7.02,0.01748625,0.0097125,0.0057395,0.005065,0.032984583,0.0155475,0.00935,0.003375,0.0056,0.0011,0,0.001404,5.1825,11.85,31.0132669,17.43303969,6.86625,0.3375,0.14,0.475,1100,0
DATI11,7/1/2025,106.356833,10.991417,66.76078132,6.45,0.0266775,0.01734,0.010895,0.01199375,0.041364167,0.018675,0.01418,0.0026,0.0136,0.0043,0,0.00129,6.225,16.68,29.89283835,18.64356505,2.14,0.26,0.34,1.5,4300,0
DATI12,1/1/2025,106.116972,11.376806,64.43311657,6.35,0.05124125,0.04535,0.037735,0.04154375,0.04349625,0.0117825,0.0165,0.009,0.056,0.0092,0,0.00127,3.9275,19,42.20213964,19.07792706,3.47,0.9,1.4,0.16,9200,0
DATI12,2/1/2025,106.116972,11.376806,5.256975061,6.53,0.04589125,0.0382,0.027653,0.03344125,0.046179583,0.0153825,0.0224,0.0018,0.0508,0.0014,0,0.001306,5.1275,24.9,59.92387784,26.46485588,3.1,0.18,1.27,0.11,1400,0
DATI12,3/1/2025,106.116972,11.376806,4.867443282,6.62,0.055069375,0.04825,0.039312,0.0454525,0.045195208,0.01363875,0.0192,0.0059,0.068,0.0034,0,0.001324,4.54625,21.7,46.88562499,21.48256068,3.805,0.59,1.7,0.865,3400,0
DATI12,4/1/2025,106.116972,11.376806,65.44190977,6.55,0.03287375,0.027335,0.02283,0.0261,0.02951375,0.0110775,0.01032,0.0039,0.0376,0.00285,0,0.00131,3.6925,12.82,25.12486004,13.34166931,5.28,0.39,0.94,0.59,2850,0
DATI12,5/1/2025,106.116972,11.376806,50.28553375,6.98,0.02677529,0.01829654,0.014848,0.01652875,0.033250677,0.0169575,0.00829308,0.00325,0.0208,0.00425,0,0.001396,5.6525,10.79308,28.13612689,17.23099681,0.369375,0.325,0.52,0.25,4250,0
DATI12,6/1/2025,106.116972,11.376806,65.55168011,6.83,0.022191496,0.01298,0.010433,0.01179125,0.031363491,0.018422993,0.00646,0.002,0.0168,0.0007,0,0.001366,6.1409975,8.96,25.61013333,17.16740209,0.23625,0.2,0.42,0.3625,700,0
DATI12,7/1/2025,106.116972,11.376806,66.39617377,7.13,0.0318975,0.02235,0.019163,0.01832875,0.0418775,0.019095,0.0078,0.009,0.0248,0.0031,0,0.001426,6.365,10.3,31.66794823,19.41318355,0.45,0.9,0.62,0.54,3100,0
DATI13,1/1/2025,106.022778,11.404719,42.7660726,6.87,0.02973625,0.021175,0.021862,0.02404625,0.02610125,0.0171225,0,0.00525,0.0348,0.0023,0,0.001374,5.7075,5,12.83878968,12.49088105,0.45875,0.525,0.87,0.65,2300,0
DATI13,2/1/2025,106.022778,11.404719,5.868852143,6.8,0.024178228,0.016160728,0.0128675,0.0146,0.030749199,0.016035,0.007946456,0.002375,0.0208,0.0012,0,0.00136,5.345,10.446456,22.30648993,14.93190414,0.44125,0.2375,0.52,0.3625,1200,0
DATI13,3/1/2025,106.022778,11.404719,55.59994366,7.46,0.02034094,0.01091719,0.007696,0.0061825,0.037662193,0.0188475,0.00793438,0.0055,0.0048,0.0036,0,0.001492,6.2825,10.43438,29.20821278,18.51398102,0.84625,0.55,0.12,0.35,3600,0
DATI13,4/1/2025,106.022778,11.404719,65.71030166,8.62,0.028135,0.018355,0.015012,0.01814,0.033798333,0.01956,0.00841,0.001,0.0248,0.0025,0,0.001724,6.52,10.91,22.02606646,16.60599825,0.26,0.1,0.62,0.71,2500,0
DATI13,5/1/2025,106.022778,11.404719,42.82465764,7.04,0.0231825,0.01458,0.010804,0.01163,0.034025833,0.017205,0.00896,0.003,0.0124,0.0048,0,0.001408,5.735,11.46,28.87885797,17.58889911,0.12,0.3,0.31,0.15,4800,0
DATI13,6/1/2025,106.022778,11.404719,44.38064045,6.81,0.02314875,0.01506,0.010981,0.01278875,0.031730417,0.0161775,0.00952,0.0015,0.0168,0.0023,0,0.001362,5.3925,12.02,26.82544454,16.42779305,0.38,0.15,0.42,0.1,2300,0
DATI13,7/1/2025,106.022778,11.404719,54.61145761,7.075,0.0273525,0.0182025,0.0138075,0.015509375,0.0365225,0.0183,0.010205,0.0028,0.0198,0.0036,0,0.001415,6.1,12.705,32.34955925,19.23056723,0.33,0.28,0.495,0.58,3600,0
DATI14,1/1/2025,106.344242,11.18115,44.06816939,6.825,0.027049375,0.0184375,0.0134325,0.013571875,0.039373542,0.01722375,0.011375,0.00515,0.0168,0.00355,0,0.001365,5.74125,13.875,32.12458586,18.62151745,0.2,0.515,0.42,0.387,3550,0
DATI14,2/1/2025,106.344242,11.18115,6.292609834,6.46,0.034451216,0.02610774,0.021286625,0.02296375,0.039027837,0.016686953,0.010934229,0.00583125,0.0298,0.00565,0,0.001292,5.5623175,13.434229,38.07690354,20.22963752,1.1,0.583125,0.745,0.525,5650,0
DATI14,3/1/2025,106.344242,11.18115,6.521418032,6.84,0.029677216,0.021125,0.017759,0.0195425,0.034363505,0.017104433,0.0081,0.00425,0.0288,0.0011,0,0.001368,5.7014775,10.6,26.70877467,16.85447813,0.6375,0.425,0.72,0.75,1100,0
DATI14,4/1/2025,106.344242,11.18115,64.45026449,6.82,0.02910375,0.02145,0.021332,0.0251025,0.022642083,0.0153075,0.0016,0.0025,0.0344,0.0044,0,0.001364,5.1025,4.1,9.263234127,10.45615672,0.88,0.25,0.86,0.43,4400,0
DATI14,5/1/2025,106.344242,11.18115,64.60073492,6.34,0.01563,0.00793125,0.00856525,0.0077925,0.023403333,0.0153975,0,0.0046625,0.0077,0.0035,0,0.001268,5.1325,5,10.35317332,10.84476933,0.57125,0.46625,0.1925,0.3525,3500,0
DATI14,6/1/2025,106.344242,11.18115,52.89166217,6.48,0.04664746,0.03982996,0.03625425,0.043685,0.02881074,0.013635,0.00844742,0.0026125,0.0652,0.0034,0,0.001296,4.545,10.94742,24.67880972,14.47979815,1.42625,0.26125,1.63,0.3,3400,0
DATI14,7/1/2025,106.344242,11.18115,45.43899866,6.37,0.093725206,0.087826456,0.083487,0.09373375,0.045208814,0.0117975,0.009952912,0.017,0.1392,0.0095,0,0.001274,3.9325,12.452912,32.05404755,15.88615465,4.6725,1.7,3.48,0.575,9500,0
DATI15,1/1/2025,106.324056,11.02775,31.3745388,7.34,0.035045,0.025655,0.022634,0.0274175,0.032305,0.01878,0.00751,0.0014,0.036,0.0064,0,0.001468,6.26,10.01,22.30342178,16.30343688,0.19,0.14,0.9,0.68,6400,0
DATI15,2/1/2025,106.324056,11.02775,3.339223017,7.2,0.02339375,0.013685,0.00817,0.0083375,0.040702083,0.0194175,0.01247,0.003,0.0056,0.0063,0,0.00144,6.4725,14.97,34.16610364,20.36199831,0.33,0.3,0.14,0.111,6300,0
DATI15,3/1/2025,106.324056,11.02775,3.344026052,7.1,0.02292625,0.013795,0.01016,0.0118875,0.03296125,0.0182625,0.00869,0.0013,0.0112,0.0064,0,0.00142,6.0875,11.19,27.3238146,17.62740845,0.33,0.13,0.28,0.6,6400,0
DATI15,4/1/2025,106.324056,11.02775,30.25315384,7.255,0.02579625,0.015555,0.0108005,0.011688125,0.04006625,0.0204825,0.01096,0.0029,0.0138,0.00345,0,0.001451,6.8275,13.46,34.80859418,21.09704892,0.325,0.29,0.345,0.28,3450,0
DATI15,5/1/2025,106.324056,11.02775,49.00980501,7.02,0.021555625,0.01147,0.008302,0.00947125,0.034254792,0.02017125,0.00774,0.00145,0.009,0.00475,0,0.001404,6.72375,10.24,24.8873462,17.81366605,0.385,0.145,0.225,0.405,4750,0
DATI15,6/1/2025,106.324056,11.02775,30.91317452,6.65,0.044779278,0.03773421,0.03370875,0.038675,0.033843315,0.014090136,0.00938092,0.0055375,0.0578,0.00275,0,0.00133,4.696712,11.88092,33.30077679,17.42551466,0.72,0.55375,1.445,0.215,2750,0
DATI15,7/1/2025,106.324056,11.02775,49.40975815,6.43,0.044493013,0.0371375,0.0335305,0.03917875,0.032183696,0.014711025,0.0085,0.004375,0.06,0.0014,0,0.001286,4.903675,11,25.8108581,15.37469853,0.61875,0.4375,1.5,0.15,1400,0
DATI16,1/1/2025,106.207742,11.300415,63.84063408,7.11,0.03083375,0.021845,0.017861,0.01670125,0.04242875,0.0179775,0.00939,0.009,0.0228,0.0025,0,0.001422,5.9925,11.89,28.74753111,17.9337472,0.62,0.9,0.57,0.41,2500,0
DATI16,2/1/2025,106.207742,11.300415,3.494384555,6.42,0.0248975,0.017,0.017642,0.0189275,0.024260833,0.015795,0,0.005,0.0254,0.0036,0,0.001284,5.265,5,11.41791261,11.37918746,0.7125,0.5,0.635,0.2825,3600,0
DATI16,3/1/2025,106.207742,11.300415,5.153661155,6.34,0.046787115,0.038807115,0.033134,0.0406675,0.034736602,0.01596,0.01261423,0.0012,0.06,0.0038,0,0.001268,5.32,15.11423,38.93868794,20.13784613,0.96875,0.12,1.5,0.2,3800,0
DATI16,4/1/2025,106.207742,11.300415,42.43611375,6.5,0.0602182,0.0530107,0.04935,0.0585625,0.032709132,0.014415,0.008621399,0.005,0.084,0.0084,0,0.0013,4.805,11.121399,25.9984042,15.28581154,1.1625,0.5,2.1,0.25875,8400,0
DATI16,5/1/2025,106.207742,11.300415,50.36582941,6.62,0.05798,0.048185,0.043862,0.049015,0.045336667,0.01959,0.00997,0.0093,0.0676,0.0095,0,0.001324,6.53,12.47,26.43158018,18.00987395,1.8,0.93,1.69,0.34,9500,0
DATI16,6/1/2025,106.207742,11.300415,50.38061812,6.99,0.02654625,0.017715,0.014099,0.01574875,0.034174583,0.0176625,0.00863,0.003,0.0164,0.0074,0,0.001398,5.8875,11.13,23.46010092,16.10933982,0.18,0.3,0.41,0.126,7400,0
DATI16,7/1/2025,106.207742,11.300415,34.94794934,6.98,0.0207725,0.013025,0.007348,0.008185,0.034819167,0.015495,0.01275,0.0016,0.0076,0.0041,0,0.001396,5.165,15.25,33.42754153,18.16791032,0.34,0.16,0.19,0.33,4100,0
DATI17,1/1/2025,106.503419,10.948525,80.37476639,7.035,0.02941875,0.02043,0.0175285,0.019785625,0.033352083,0.0179775,0.00721,0.0034,0.0244,0.00585,0,0.001407,5.9925,9.71,25.93455383,17.04693216,0.5,0.34,0.61,0.53,5850,0
DATI17,2/1/2025,106.503419,10.948525,6.511394688,6.825,0.02056,0.0109975,0.0093325,0.010540625,0.02989,0.019125,0.004695,0.0018,0.0104,0.0051,0,0.001365,6.375,7.195,18.42153517,15.25213908,0.265,0.18,0.26,0.435,5100,0
DATI17,3/1/2025,106.503419,10.948525,6.552217445,6.88,0.025230911,0.016969661,0.01415675,0.0144225,0.03355546,0.0165225,0.007001823,0.0052375,0.0166,0.0051,0,0.001376,5.5075,9.5018225,26.69707022,16.55982195,0.379375,0.52375,0.415,0.190625,5100,0
DATI17,4/1/2025,106.503419,10.948525,80.18652324,7.31,0.024570703,0.0162875,0.0138685,0.01616375,0.028864973,0.016566405,0.0063,0.001875,0.018,0.0064,0,0.001462,5.522135,8.8,21.54498436,14.95753553,0.2625,0.1875,0.45,0.1875,6400,0
DATI17,5/1/2025,106.503419,10.948525,36.41252465,7.15,0.02526125,0.015155,0.012615,0.01264375,0.037009583,0.0202125,0.00651,0.005,0.0124,0.0064,0,0.00143,6.7375,9.01,19.21688475,16.04662981,0.2,0.5,0.31,0.8,6400,0
DATI17,6/1/2025,106.503419,10.948525,66.48224721,6.5,0.01777625,0.01085,0.0115,0.0121875,0.020244583,0.0138525,0,0.0035,0.014,0.0042,0,0.0013,4.6175,5,11.40128968,10.40269694,0.59,0.35,0.35,0.225,4200,0
DATI17,7/1/2025,106.503419,10.948525,64.56745059,6.46,0.02144074,0.01477699,0.0117335,0.0119325,0.029261727,0.0133275,0.00737898,0.004375,0.0124,0.0054,0,0.001292,4.4425,9.87898,23.5775978,13.97888171,0.12,0.4375,0.31,0.8375,5400,0
DATI18,1/1/2025,106.363967,10.981836,31.34571158,6.95,0.0254325,0.01728,0.011555,0.01131875,0.039835833,0.016305,0.01284,0.005,0.00952,0.0072,0,0.00139,5.435,15.34,31.36407015,17.9223834,8.7175,0.5,0.238,0.225,7200,0
DATI18,2/1/2025,106.363967,10.981836,3.046633818,6.68,0.04435,0.036355,0.029418,0.0325225,0.044333333,0.01599,0.01521,0.0068,0.0496,0.0011,0,0.001336,5.33,17.71,40.31185348,20.58574826,2.26,0.68,1.24,0.7,1100,0
DATI18,3/1/2025,106.363967,10.981836,2.939639007,6.46,0.03868625,0.03146,0.022796,0.0245575,0.045934583,0.0144525,0.01862,0.0063,0.0296,0.0084,0,0.001292,4.8175,21.12,47.33182197,22.03010308,0.7,0.63,0.74,0.489,8400,0
DATI18,4/1/2025,106.363967,10.981836,29.87908897,6.53,0.05297625,0.04704,0.039853,0.04837875,0.034827917,0.0118725,0.01568,0.0023,0.068,0.0081,0,0.001306,3.9575,18.18,47.7128406,20.86022245,1.56,0.23,1.7,0.22,8100,0
DATI18,5/1/2025,106.363967,10.981836,51.33996447,6.75,0.03801125,0.031925,0.0247,0.0294375,0.035317917,0.0121725,0.0158,0.0023,0.0404,0.00535,0,0.00135,4.0575,18.3,42.0079673,19.21171258,1.87,0.23,1.01,0.47,5350,0
DATI18,6/1/2025,106.363967,10.981836,65.93125344,6.38,0.030078125,0.0233825,0.0175705,0.02039125,0.033607292,0.01339125,0.0129,0.002515,0.0228,0.00855,0,0.001276,4.46375,15.4,39.88882694,19.15301054,1.905,0.2515,0.57,0.695,8550,0
DATI18,7/1/2025,106.363967,10.981836,64.94562265,6.81,0.025719593,0.017837001,0.014696625,0.0153825,0.032887384,0.015765185,0.007642751,0.00478125,0.019,0.00425,0,0.001362,5.25506175,10.142751,27.15711577,16.32619785,0.5125,0.478125,0.475,0.18125,4250,0
DATI19,1/1/2025,106.255414,11.225739,79.23295501,7.65,0.02716375,0.0184,0.016315,0.01820625,0.031182083,0.0175275,0.0057,0.0035,0.0192,0.0084,0,0.00153,5.8425,8.2,21.37495723,15.38448053,0.16,0.35,0.48,0.1125,8400,0
DATI19,2/1/2025,106.255414,11.225739,4.461382222,7.45,0.02047375,0.011785,0.010045,0.01193125,0.02723875,0.0173775,0.00497,0.001,0.0104,0.0072,0,0.00149,5.7925,7.47,20.13345287,14.91808571,0.11,0.1,0.26,0.3,7200,0
DATI19,3/1/2025,106.255414,11.225739,6.565314737,6.58,0.01441375,0.0055675,0.0062255,0.00707875,0.02195375,0.0176925,0,0.001125,0.00451,0.0055,0,0.001316,5.8975,5,11.74775012,12.43192154,0.3825,0.1125,0.11275,0.1625,5500,0
DATI19,4/1/2025,106.255414,11.225739,43.20434275,6.63,0.026163844,0.019695094,0.0167005,0.01782875,0.029315635,0.0129375,0.007315187,0.004875,0.0204,0.0068,0,0.001326,4.3125,9.815187,25.58358316,14.41628567,0.41875,0.4875,0.51,0.175,6800,0
DATI19,5/1/2025,106.255414,11.225739,51.32030839,7.1,0.017980883,0.010627133,0.00645,0.007125,0.030312059,0.0147075,0.009774265,0.0015,0.00928,0.0007,0,0.00142,4.9025,12.274265,29.6291342,16.57668008,4.61,0.15,0.232,0.2,700,0
DATI19,6/1/2025,106.255414,11.225739,66.05701188,6.26,0.05157625,0.0433,0.037776,0.0410325,0.04521125,0.0165525,0.0123,0.0099,0.064,0.0004,0,0.001252,5.5175,14.8,35.68233988,19.40750469,0.5,0.99,1.6,0.34,400,0
DATI19,7/1/2025,106.255414,11.225739,62.66040699,6.39,0.025575,0.01842,0.018189,0.02079875,0.022341667,0.01431,0.00174,0.0031,0.0248,0.0072,0,0.001278,4.77,4.24,10.91845802,10.47923015,0.4,0.31,0.62,0.253,7200,0
DATI2,1/1/2025,106.362636,11.416258,36.87497697,6.72,0.03549125,0.02774,0.021922,0.0261525,0.035562917,0.0155025,0.01298,0.002,0.0384,0.0021,0,0.001344,5.1675,15.48,35.65577551,18.87413005,1.79,0.2,0.96,0.1,2100,0
DATI2,2/1/2025,106.362636,11.416258,4.480577091,6.54,0.0372525,0.029805,0.024254,0.02659875,0.0387975,0.014895,0.01241,0.00595,0.0386,0.00265,0,0.001308,4.965,14.91,35.65022604,18.56863053,0.9,0.595,0.965,0.215,2650,0
DATI2,3/1/2025,106.362636,11.416258,3.145973895,6.75,0.026025,0.01941,0.0162875,0.019375,0.026133333,0.01323,0.007595,0.001575,0.0252,0.00445,0,0.00135,4.41,10.095,24.79823993,14.31494954,1.485,0.1575,0.63,0.34,4450,0
DATI2,4/1/2025,106.362636,11.416258,66.9179758,6.835,0.016679604,0.008174859,0.005446,0.006104375,0.029119077,0.01700949,0.006824719,0.001125,0.0074,0.001,0,0.001367,5.66983,9.3247185,22.19083359,15.38268749,0.2125,0.1125,0.185,0.21875,1000,0
DATI2,5/1/2025,106.362636,11.416258,50.65799251,7.17,0.017850235,0.00884375,0.00666075,0.00683375,0.030567214,0.018012969,0.0058,0.0023875,0.0048,0.0047,0,0.001434,6.004323,8.3,24.08038014,16.48012263,0.8125,0.23875,0.12,0.2,4700,0
DATI2,6/1/2025,106.362636,11.416258,66.9377723,7.6,0.02187375,0.01215,0.01001,0.0118875,0.030622083,0.0194475,0.0058,0.001,0.0096,0.0079,0,0.00152,6.4825,8.3,20.32927354,16.01481984,0.1,0.1,0.24,0.29,7900,0
DATI2,7/1/2025,106.362636,11.416258,67.20188708,6.54,0.0241125,0.014775,0.015429,0.016005,0.0279125,0.018675,0,0.00525,0.0198,0.0045,0,0.001308,6.225,5,12.1282003,13.0431117,0.155,0.525,0.495,0.3125,4500,0
DATI20,1/1/2025,106.092778,11.313028,45.23025017,6.5,0.03353052,0.02617677,0.0239875,0.0250625,0.032971212,0.0147075,0.005678539,0.007875,0.0332,0.0056,0,0.0013,4.9025,8.178539,22.9677756,14.47663008,0.63125,0.7875,0.83,0.2375,5600,0
DATI20,2/1/2025,106.092778,11.313028,3.279893164,7.75,0.02174375,0.0128075,0.0127575,0.01415,0.026130417,0.0178725,0.00165,0.002875,0.01869,0.0024,0,0.00155,5.9575,4.15,10.6688146,12.18177793,2.26375,0.2875,0.46725,0.9875,2400,0
DATI20,3/1/2025,106.092778,11.313028,2.91927889,6.35,0.0246175,0.01525,0.011635,0.01235625,0.0358575,0.018735,0.0085,0.0035,0.0164,0.0021,0,0.00127,6.245,11,28.05998512,18.09574247,0.19,0.35,0.41,0.12,2100,0
DATI20,4/1/2025,106.092778,11.313028,32.20389265,6.69,0.02029875,0.01194,0.009369,0.00608625,0.03756375,0.0167175,0.00648,0.009,0.006,0.0024,0,0.001338,5.5725,8.98,21.30840133,14.95849821,0.8,0.9,0.15,0.153,2400,0
DATI20,5/1/2025,106.092778,11.313028,59.30771267,6.51,0.02371375,0.017695,0.014001,0.01556375,0.02779875,0.0120375,0.00869,0.0031,0.0172,0.0064,0,0.001302,4.0125,11.19,28.49809872,14.88511151,0.65,0.31,0.43,0.8,6400,0
DATI20,6/1/2025,106.092778,11.313028,49.06192934,6.785,0.020501875,0.0143125,0.0092535,0.008629375,0.033312708,0.01237875,0.011475,0.0047,0.0082,0.00425,0,0.001357,4.12625,13.975,30.39609356,15.65409554,0.725,0.47,0.205,0.455,4250,0
DATI20,7/1/2025,106.092778,11.313028,54.4538359,7.45,0.04259875,0.033325,0.028395,0.02961875,0.045847083,0.0185475,0.01135,0.0094,0.0364,0.0095,0,0.00149,6.1825,13.85,36.25365741,20.5851174,0.16,0.94,0.91,0.235,9500,0
DATI21,1/1/2025,106.091769,11.253581,33.56531209,6.2,0.0301075,0.02452,0.01937,0.0182125,0.037700833,0.011175,0.01154,0.0096,0.024,0.0039,0,0.00124,3.725,14.04,34.66295942,16.39738632,0.5,0.96,0.6,0.6,3900,0
DATI21,2/1/2025,106.091769,11.253581,3.502431931,6.83,0.032829074,0.024270466,0.0214455,0.02579125,0.030051172,0.017117216,0.007015932,0.001625,0.0362,0.0037,0,0.001366,5.70573875,9.5159315,21.10852449,15.09534346,0.556875,0.1625,0.905,0.35,3700,0
DATI21,3/1/2025,106.091769,11.253581,3.450937172,7.35,0.025198612,0.01601375,0.01387875,0.0152,0.032138429,0.018369725,0.00574,0.0034375,0.0178,0.00505,0,0.00147,6.1232415,8.24,18.35989951,14.85507017,0.28625,0.34375,0.445,0.3125,5050,0
DATI21,4/1/2025,106.091769,11.253581,32.96747937,7.88,0.02755375,0.01795,0.014938,0.0180475,0.032442083,0.0192075,0.0076,0.001,0.024,0.0033,0,0.001576,6.4025,10.1,20.47270811,15.94003881,0.37,0.1,0.6,0.28,3300,0
DATI21,5/1/2025,106.091769,11.253581,48.08031831,5.94,0.023515,0.0142,0.014794,0.013805,0.030485,0.01863,0,0.0075,0.018,0.0029,0,0.001188,6.21,5,15.16576868,13.97823098,1.32125,0.75,0.45,0.5,2900,0
DATI21,6/1/2025,106.091769,11.253581,48.84470115,6.22,0.029030856,0.021478356,0.0193845,0.0221525,0.027838663,0.015105,0.005431711,0.003325,0.03,0.0042,0,0.001244,5.035,7.931711,25.88549706,15.5952166,0.77125,0.3325,0.75,0.2,4200,0
DATI21,7/1/2025,106.091769,11.253581,47.10740509,7.07,0.0312375,0.0212625,0.0171545,0.02074,0.0358225,0.01995,0.00963,0.001125,0.02687,0.0049,0,0.001414,6.65,12.13,24.72726094,17.6525728,0.79,0.1125,0.67175,0.25,4900,0
DATI22,1/1/2025,106.31714,11.329494,44.35963917,6.35,0.01442,0.006425,0.006385,0.00710625,0.021863333,0.01599,0.00135,0.0014,0.0084,0.0017,0,0.00127,5.33,3.85,10.04165072,11.04280918,0.14,0.14,0.21,0.14,1700,0
DATI22,2/1/2025,106.31714,11.329494,4.462166588,6.48,0.02181,0.014475,0.010248,0.0117475,0.030473333,0.01467,0.00975,0.0017,0.012,0.0055,0,0.001296,4.89,12.25,29.56281646,16.53702284,0.36,0.17,0.3,0.175,5500,0
DATI22,3/1/2025,106.31714,11.329494,3.006081708,6.53,0.0302125,0.02242,0.016653,0.01931625,0.0359625,0.015585,0.01284,0.0024,0.0224,0.0072,0,0.001306,5.195,15.34,34.610875,18.58596627,0.72,0.24,0.56,0.4,7200,0
DATI22,4/1/2025,106.31714,11.329494,30.9109051,6.64,0.02283375,0.0159,0.011764,0.0121425,0.032162083,0.0138675,0.0096,0.0041,0.01,0.0081,0,0.001328,4.6225,12.1,29.92400742,16.24964137,0.45,0.41,0.25,0.68,8100,0
DATI22,5/1/2025,106.31714,11.329494,46.6391261,6.88,0.024505,0.017875,0.017588,0.01886,0.023578333,0.01326,0.00195,0.005,0.0224,0.0064,0,0.001376,4.42,4.45,10.11741297,9.701693876,0.62,0.5,0.56,0.17,6400,0
DATI22,6/1/2025,106.31714,11.329494,42.91664651,6.61,0.03046,0.02185,0.017061,0.01770125,0.039573333,0.01722,0.0109,0.0058,0.0192,0.0078,0,0.001322,5.74,13.4,33.31573267,18.99516162,0.445,0.58,0.48,0.71,7800,0
DATI22,7/1/2025,106.31714,11.329494,42.51386458,6.63,0.02246375,0.015725,0.010513,0.01182875,0.031882083,0.0134775,0.01175,0.0021,0.0152,0.0024,0,0.001326,4.4925,14.25,31.77082573,16.63686656,0.77,0.21,0.38,0.84,2400,0
DATI23,1/1/2025,106.615581,10.991867,48.40374535,7.305,0.028513808,0.020048183,0.0176805,0.018975625,0.032815551,0.01693125,0.006196365,0.005,0.026,0.0029,0,0.001461,5.64375,8.696365,19.36101565,14.4514433,0.255625,0.5,0.65,0.5,2900,0
DATI23,2/1/2025,106.615581,10.991867,3.480314369,7.03,0.020517746,0.01113,0.008878,0.01031625,0.030258075,0.018775493,0.00591,0.00125,0.0104,0.0047,0,0.001406,6.2584975,8.41,22.34814738,16.31528325,0.14125,0.125,0.26,0.75,4700,0
DATI23,3/1/2025,106.615581,10.991867,3.562467087,7.64,0.01909875,0.00936,0.006364,0.00733,0.03266375,0.0194775,0.00752,0.001,0.008,0.0022,0,0.001528,6.4925,10.02,21.23852714,16.31646978,0.15,0.1,0.2,0.48,2200,0
DATI23,4/1/2025,106.615581,10.991867,33.49319731,6.97,0.02436625,0.0148,0.015497,0.01624625,0.028154583,0.0191325,0,0.005,0.023,0.0016,0,0.001394,6.3775,5,10.95984968,12.90352922,0.335,0.5,0.575,0.375,1600,0
DATI23,5/1/2025,106.615581,10.991867,44.78078334,7.03,0.03712585,0.0289996,0.026228,0.03200375,0.028526983,0.0162525,0.0069492,0.00125,0.048,0.0018,0,0.001406,5.4175,9.4492,25.7141176,16.11493777,0.95625,0.125,1.2,0.5,1800,0
DATI23,6/1/2025,106.615581,10.991867,31.85862109,7.42,0.018711784,0.010506784,0.007762,0.00579625,0.034572496,0.01641,0.006973568,0.00625,0.00559,0.0022,0,0.001484,5.47,9.473568,20.64944975,14.59700812,0.9375,0.625,0.13975,0.25,2200,0
DATI23,7/1/2025,106.615581,10.991867,32.144791,7.41,0.01808875,0.008695,0.006441,0.00492625,0.034740417,0.0187875,0.00599,0.005,0.004,0.0024,0,0.001482,6.2625,8.49,22.54040049,16.38189643,0.21,0.5,0.1,0.9,2400,0
DATI24,1/1/2025,106.262806,11.080472,53.05307787,7.125,0.025838125,0.01717,0.0148875,0.015796875,0.032463958,0.01733625,0.00599,0.0045,0.0208,0.00305,0,0.001425,5.77875,8.49,20.45864183,14.9999793,0.345,0.45,0.52,0.44,3050,0
DATI24,2/1/2025,106.262806,11.080472,3.540387672,6.73,0.01942625,0.01184,0.007523,0.00877875,0.03051125,0.0151725,0.00998,0.001,0.008,0.0047,0,0.001346,5.0575,12.48,32.39535714,17.6812554,0.16,0.1,0.2,0.3,4700,0
DATI24,3/1/2025,106.262806,11.080472,4.681338614,6.74,0.0279225,0.017925,0.011874,0.0098425,0.0483525,0.019995,0.01345,0.008,0.0072,0.0072,0,0.001348,6.665,15.95,34.65110609,20.80364946,1.29,0.8,0.18,0.14,7200,0
DATI24,4/1/2025,106.262806,11.080472,68.22655825,6.72,0.036449375,0.0258125,0.023672,0.02584,0.038381875,0.02127375,0.005625,0.006,0.036,0.004,0,0.001344,7.09125,8.125,17.5968412,16.06652229,0.395,0.6,0.9,0.4,4000,0
DATI24,5/1/2025,106.262806,11.080472,63.60019764,7.14,0.04764625,0.03913,0.032364,0.0392675,0.03954125,0.0170325,0.01496,0.0019,0.056,0.0054,0,0.001428,5.6775,17.46,42.90386343,21.92415146,0.99,0.19,1.4,0.3,5400,0
DATI24,6/1/2025,106.262806,11.080472,50.25168981,6.5,0.02555375,0.01847,0.01835,0.0205625,0.02275875,0.0141675,0.00154,0.0038,0.0252,0.0064,0,0.0013,4.7225,4.04,9.961799706,10.10638547,0.86,0.38,0.63,0.1,6400,0
DATI24,7/1/2025,106.262806,11.080472,56.57066182,6.98,0.0211975,0.013045,0.007298,0.00731,0.037444167,0.016305,0.01289,0.0029,0.0096,0.0007,0,0.001396,5.435,15.39,38.57933414,20.19705679,0.57,0.29,0.24,0.1,700,0
DATI3,1/1/2025,106.299203,11.390678,35.14467892,7.01,0.02344875,0.01542,0.011451,0.01237625,0.033247083,0.0160575,0.00934,0.0031,0.012,0.0064,0,0.001402,5.3525,11.84,25.49783966,15.94925431,0.59,0.31,0.3,0.1,6400,0
DATI3,2/1/2025,106.299203,11.390678,3.608784514,7.3,0.0222875,0.015725,0.01073,0.008725,0.037420833,0.013125,0.01145,0.0075,0.0112,0.0013,0,0.00146,4.375,13.95,30.45014241,16.0442599,0.85,0.75,0.28,0.1,1300,0
DATI3,3/1/2025,106.299203,11.390678,5.177271968,6.31,0.04798,0.040495,0.031781,0.03616375,0.04592,0.01497,0.01869,0.0057,0.0544,0.0022,0,0.001262,4.99,21.19,51.55960905,23.62169894,1.9,0.57,1.36,0.4,2200,0
DATI3,4/1/2025,106.299203,11.390678,51.98283957,7.04,0.07241125,0.065485,0.053204,0.0649425,0.04937625,0.0138525,0.02597,0.0025,0.1004,0.0021,0,0.001408,4.6175,28.47,72.33722468,29.61326913,4.17,0.25,2.51,0.89,2100,0
DATI3,5/1/2025,106.299203,11.390678,42.91879359,6.63,0.01768125,0.01083,0.010513,0.01014125,0.023872917,0.0137025,0.00196,0.0048,0.0068,0.0081,0,0.001326,4.5675,4.46,10.14527741,9.931728377,0.62,0.48,0.17,0.4,8100,0
DATI3,6/1/2025,106.299203,11.390678,65.42534223,7.16,0.0185425,0.010345,0.008716,0.0093325,0.027515833,0.016395,0.00469,0.0025,0.0124,0.0011,0,0.001432,5.465,7.19,20.63517772,14.58500874,0.56,0.25,0.31,0.1,1100,0
DATI3,7/1/2025,106.299203,11.390678,44.96155167,7.3,0.024177015,0.015026267,0.012905,0.012225,0.035296369,0.018301496,0.005702535,0.00625,0.0164,0.0017,0,0.00146,6.10049875,8.2025345,19.39981174,15.14879722,0.214375,0.625,0.41,0.2625,1700,0
DATI4,1/1/2025,106.33361,11.338717,71.06071797,7.07,0.020846072,0.01153,0.009607,0.00732125,0.036624167,0.018632144,0.00526,0.0075,0.0096,0.0007,0,0.001414,6.2107145,7.76,20.0753084,15.52707692,0.11125,0.75,0.24,0.15,700,0
DATI4,2/1/2025,106.33361,11.338717,6.706488497,7.59,0.020545,0.010825,0.008459,0.00994875,0.031138333,0.01944,0.00625,0.001,0.0112,0.0032,0,0.001518,6.48,8.75,19.91692366,15.88107303,0.19,0.1,0.28,0.66,3200,0
DATI4,3/1/2025,106.33361,11.338717,5.267478941,7.04,0.01851,0.0094125,0.0101165,0.0119425,0.02254,0.018195,0,0.001125,0.0165,0.0012,0,0.001408,6.065,5,13.1223434,13.11652377,0.59375,0.1125,0.4125,0.125,1200,0
DATI4,4/1/2025,106.33361,11.338717,34.57234003,7.04,0.018893414,0.010324664,0.008229,0.0048175,0.036734633,0.0171375,0.005599328,0.00875,0.0048,0.0015,0,0.001408,5.7125,8.099328,18.00128241,14.12590082,0.8125,0.875,0.12,0.25,1500,0
DATI4,5/1/2025,106.33361,11.338717,35.7484419,7.56,0.022348492,0.014304742,0.012431,0.0147575,0.026363147,0.0160875,0.005259483,0.00125,0.0208,0.0013,0,0.001512,5.3625,7.759483,19.31537972,14.01518118,0.7,0.125,0.52,0.125,1300,0
DATI4,6/1/2025,106.33361,11.338717,63.81183858,6.58,0.029275,0.019855,0.017458,0.021135,0.030391667,0.01884,0.00611,0.0011,0.028,0.0045,0,0.001316,6.28,8.61,19.89626492,15.57456019,1.98,0.11,0.7,0.23,4500,0
DATI4,7/1/2025,106.33361,11.338717,37.56047618,7.11,0.016206875,0.0074825,0.0053685,0.0059825,0.028307708,0.01744875,0.00565,0.001165,0.0044,0.00375,0,0.001422,5.81625,8.15,21.69854173,15.44711829,0.315,0.1165,0.11,0.4,3750,0
DATI5,1/1/2025,106.424556,11.497803,37.08988614,6.31,0.02466625,0.01645,0.014031,0.01691375,0.027454583,0.0164325,0.0061,0.001,0.02,0.0058,0,0.001262,5.4775,8.6,19.80599937,14.34235321,0.3,0.1,0.5,0.4,5800,0
DATI5,2/1/2025,106.424556,11.497803,6.521500371,7.03,0.02281,0.01222,0.007003,0.00812875,0.03969,0.02118,0.01184,0.001,0.0048,0.0068,0,0.001406,7.06,14.34,35.57805129,21.68837682,1.69,0.1,0.12,0.15,6800,0
DATI5,3/1/2025,106.424556,11.497803,4.407278743,7.07,0.018718125,0.008175,0.006632,0.005165,0.035683958,0.02108625,0.0045,0.005,0.0048,0.00205,0,0.001414,7.02875,7,16.22817036,15.54128716,1.505,0.5,0.12,0.35,2050,0
DATI5,4/1/2025,106.424556,11.497803,64.21878137,7.345,0.030811339,0.021183934,0.018072,0.019074375,0.038001457,0.019254809,0.007692869,0.005625,0.025,0.00405,0,0.001469,6.418269625,10.1928685,25.23565158,17.46525172,0.460625,0.5625,0.625,0.4375,4050,0
DATI5,5/1/2025,106.424556,11.497803,53.30843802,7.09,0.020684396,0.011515,0.009384,0.01094875,0.029480258,0.018338792,0.00568,0.00125,0.0092,0.0069,0,0.001418,6.11293075,8.18,22.0666933,16.00820234,0.775,0.125,0.23,0.5,6900,0
DATI5,6/1/2025,106.424556,11.497803,52.43875851,7.64,0.01929,0.009225,0.007064,0.008205,0.031476667,0.02013,0.00585,0.001,0.0064,0.0052,0,0.001528,6.71,8.35,20.1315904,16.29374855,0.12,0.1,0.16,0.55,5200,0
DATI5,7/1/2025,106.424556,11.497803,57.14346696,7.16,0.03118625,0.021875,0.022591,0.0243325,0.029017917,0.0186225,0,0.00625,0.0327,0.0048,0,0.001432,6.2075,5,11.51672336,12.82408838,0.2725,0.625,0.8175,0.125,4800,0
DATI6,1/1/2025,106.363289,11.475936,3.960445159,6.82,0.02208322,0.01312447,0.009907,0.0116025,0.031460847,0.0179175,0.00779894,0.00125,0.012,0.0052,0,0.001364,5.9725,10.29894,26.32299882,17.13939276,0.455,0.125,0.3,0.75,5200,0
DATI6,2/1/2025,106.363289,11.475936,4.59939483,6.43,0.021889265,0.015146765,0.010793,0.01036625,0.033224952,0.013485,0.00999353,0.005,0.0108,0.0045,0,0.001286,4.495,12.49353,30.91858386,16.37194006,0.91375,0.5,0.27,0.25,4500,0
DATI6,3/1/2025,106.363289,11.475936,6.453882711,6.98,0.01535,0.00767,0.006548,0.00631,0.025666667,0.01536,0.00364,0.003,0.0076,0.0011,0,0.001396,5.12,6.14,15.08070175,12.31641291,1.7,0.3,0.19,0.16,1100,0
DATI6,4/1/2025,106.363289,11.475936,63.59246512,7.135,0.023465,0.0142475,0.0123385,0.014766875,0.028851667,0.018435,0.005245,0.00105,0.019,0.0032,0,0.001427,6.145,7.745,17.45477317,14.60235913,0.14,0.105,0.475,0.375,3200,0
DATI6,5/1/2025,106.363289,11.475936,66.8016809,7.2,0.02401,0.01591,0.01582,0.01665,0.026623333,0.0162,0.00162,0.005,0.0168,0.0084,0,0.00144,5.4,4.12,9.540179924,10.98971624,1.16,0.5,0.42,0.4,8400,0
DATI6,6/1/2025,106.363289,11.475936,55.66811852,7.26,0.0435575,0.03206,0.025476,0.029345,0.048550833,0.022995,0.01462,0.004,0.036,0.0095,0,0.001452,7.665,17.12,37.07166088,23.06674996,3.21,0.4,0.9,0.18,9500,0
DATI6,7/1/2025,106.363289,11.475936,55.08561526,6.69,0.02321375,0.0131,0.008494,0.00983625,0.037365417,0.0202275,0.01055,0.00125,0.0092,0.0052,0,0.001338,6.7425,13.05,27.05996928,18.52672897,2.475,0.125,0.23,0.215,5200,0
DATI7,1/1/2025,106.339558,11.321814,65.99930571,7.26,0.024516121,0.015403621,0.01256975,0.01372,0.033287616,0.018225,0.007119742,0.0031875,0.017,0.0035,0,0.001452,6.075,9.619742,22.05926691,15.94896498,0.356875,0.31875,0.425,0.625,3500,0
DATI7,2/1/2025,106.339558,11.321814,5.053498821,7.02,0.02370199,0.0144625,0.0119895,0.0141275,0.03057131,0.01847898,0.00635,0.001375,0.014,0.0072,0,0.001404,6.15966,8.85,21.3181779,15.84232036,0.425,0.1375,0.35,0.875,7200,0
DATI7,3/1/2025,106.339558,11.321814,5.677792539,7.43,0.022645,0.01321,0.010793,0.01286625,0.030555,0.01887,0.00632,0.001,0.0128,0.0063,0,0.001486,6.29,8.82,22.49900625,16.41009655,0.27,0.1,0.32,0.121,6300,0
DATI7,4/1/2025,106.339558,11.321814,53.85918343,7.08,0.021545,0.01205,0.012758,0.01501,0.023905,0.01899,0,0.0015,0.0214,0.0012,0,0.001416,6.33,5,12.73373491,13.39151164,0.1725,0.15,0.535,0.5,1200,0
DATI7,5/1/2025,106.339558,11.321814,65.28469756,6.61,0.046382417,0.038593667,0.0360235,0.04338875,0.028775639,0.0155775,0.006462333,0.002625,0.0648,0.0033,0,0.001322,5.1925,8.962333,20.35667823,14.0884594,2.5275,0.2625,1.62,0.5,3300,0
DATI7,6/1/2025,106.339558,11.321814,53.47663647,7.38,0.02612554,0.01916179,0.015963,0.01761,0.029809593,0.0139275,0.00787358,0.00375,0.0252,0.0015,0,0.001476,4.6425,10.37358,27.40486654,15.48546076,0.2625,0.375,0.63,0.125,1500,0
DATI7,7/1/2025,106.339558,11.321814,44.27538479,7.05,0.03613375,0.027415,0.025655,0.02831875,0.033095417,0.0174375,0.00493,0.006,0.036,0.0079,0,0.00141,5.8125,7.43,17.10089064,13.99204465,1.45,0.6,0.9,0.18,7900,0
DATI8,1/1/2025,106.253806,11.372667,67.13936635,7.145,0.0254775,0.0156825,0.0129395,0.015205625,0.032730833,0.01959,0.006915,0.00155,0.0182,0.0047,0,0.001429,6.53,9.415,21.79972342,16.54964169,0.305,0.155,0.455,0.445,4700,0
DATI8,2/1/2025,106.253806,11.372667,5.155277465,6.88,0.017065,0.01012,0.006888,0.007985,0.026518333,0.01389,0.00784,0.001,0.008,0.0034,0,0.001376,4.63,10.34,27.60793646,15.53073028,0.5,0.1,0.2,0.5,3400,0
DATI8,3/1/2025,106.253806,11.372667,5.337160151,7.04,0.0283875,0.01785,0.010154,0.01188,0.045704167,0.021075,0.0168,0.0013,0.0084,0.0092,0,0.001408,7.025,19.3,44.24218868,24.36731989,3.29,0.13,0.21,0.23,9200,0
DATI8,4/1/2025,106.253806,11.372667,66.17728565,6.875,0.02562625,0.016765,0.0122625,0.014453125,0.034419583,0.0177225,0.01038,0.0014,0.0166,0.00515,0,0.001375,5.9075,12.88,31.26430915,18.5996829,1.915,0.14,0.415,0.515,5150,0
DATI8,5/1/2025,106.253806,11.372667,43.9194242,7.165,0.023723194,0.014402087,0.01203525,0.013364375,0.032079119,0.018642214,0.006166674,0.0026875,0.0148,0.00515,0,0.001433,6.21407125,8.666674,19.90791631,15.47934026,0.28375,0.26875,0.37,0.36875,5150,0
DATI8,6/1/2025,106.253806,11.372667,54.11295377,6.81,0.025990458,0.01648,0.013906,0.01410125,0.035911068,0.019020915,0.00651,0.00525,0.0164,0.0048,0,0.001362,6.340305,9.01,23.58450926,16.82776811,0.21125,0.525,0.41,0.1125,4800,0
DATI8,7/1/2025,106.253806,11.372667,65.61410734,7.29,0.02415125,0.015545,0.012529,0.01378625,0.032319583,0.0172125,0.00749,0.003,0.0152,0.0054,0,0.001458,5.7375,9.99,26.05612746,16.70275929,0.3,0.3,0.38,0.84,5400,0
DATI9,1/1/2025,106.221889,11.436608,34.57076303,7.03,0.027425,0.017825,0.018528,0.02112875,0.026191667,0.0192,0,0.00325,0.0288,0.0036,0,0.001406,6.4,5,11.28125,13.0386034,0.9625,0.325,0.72,0.5,3600,0
DATI9,2/1/2025,106.221889,11.436608,6.588724807,6.64,0.024759312,0.015924312,0.0129765,0.01458,0.03210506,0.01767,0.007223623,0.002625,0.0172,0.0048,0,0.001328,5.89,9.723623,22.10739539,15.68663789,0.3575,0.2625,0.43,0.75,4800,0
DATI9,3/1/2025,106.221889,11.436608,5.405668494,7.36,0.023428707,0.015718707,0.014011,0.01517,0.028066983,0.01542,0.004887414,0.00375,0.0192,0.0036,0,0.001472,5.14,7.387414,18.23857775,13.3419602,0.1325,0.375,0.48,0.125,3600,0
DATI9,4/1/2025,106.221889,11.436608,51.45227591,6.85,0.02937625,0.02035,0.017835,0.02160625,0.02981125,0.0180525,0.0064,0.0011,0.032,0.0012,0,0.00137,6.0175,8.9,19.7735544,15.14212465,0.21,0.11,0.8,0.3,1200,0
DATI9,5/1/2025,106.221889,11.436608,47.36011126,7.175,0.019018125,0.0103425,0.0082925,0.009615625,0.028100625,0.01735125,0.005535,0.0012,0.0074,0.00655,0,0.001435,5.78375,8.035,19.67063407,14.75905314,0.21,0.12,0.185,0.57,6550,0
DATI9,6/1/2025,106.221889,11.436608,65.85485177,6.91,0.01961,0.01145,0.008941,0.01055125,0.027673333,0.01632,0.0064,0.001,0.0076,0.0079,0,0.001382,5.44,8.9,23.42016896,15.42550093,0.14,0.1,0.19,0.1,7900,0
DATI9,7/1/2025,106.221889,11.436608,50.98783587,7.08,0.02041,0.00961,0.005758,0.0060725,0.03794,0.0216,0.00912,0.0018,0.006,0.0023,0,0.001416,7.2,11.62,29.91079369,20.11172563,0.24,0.18,0.15,0.26,2300,0
DT1,6/1/2024,106.254444,11.431361,64.33657127,6.705,0.020853125,0.01106,0.0075455,0.007994375,0.035298958,0.01958625,0.00837,0.0023,0.009,0.00245,0,0.001341,6.52875,10.87,32.1884435,19.82289912,0.14,0.23,0.225,0.15,2450,0
DT1,7/1/2024,106.254444,11.431361,43.42104169,7.135,0.023732438,0.014689313,0.01131975,0.012548125,0.033617354,0.01808625,0.008166125,0.0025625,0.0132,0.00545,0,0.001427,6.02875,10.666125,26.29678191,17.21550265,0.42875,0.25625,0.33,0.4,5450,0
DT1,8/1/2024,106.254444,11.431361,52.5131674,6.67,0.025746836,0.01600125,0.01304825,0.01552125,0.032659285,0.019491173,0.00724,0.0012625,0.0224,0.0011,0,0.001334,6.4970575,9.74,23.17641284,16.93424099,0.3475,0.12625,0.56,0.3,1100,0
DT1,9/1/2024,106.254444,11.431361,65.53890427,7.28,0.02375625,0.01449,0.011328,0.01291,0.03303125,0.0185325,0.00778,0.002,0.0168,0.0024,0,0.001456,6.1775,10.28,22.91958516,16.37393763,0.38,0.2,0.42,0.15,2400,0
DT1,10/1/2024,106.254444,11.431361,66.15713178,6.96,0.015535,0.0062875,0.0069835,0.00708875,0.02464,0.018495,0,0.002625,0.00755,0.0024,0,0.001392,6.165,5,12.53389673,13.08101095,0.38875,0.2625,0.18875,0.425,2400,0
DT1,11/1/2024,106.254444,11.431361,63.78626239,6.67,0.01895062,0.01057687,0.007567,0.00820875,0.030451447,0.0167475,0.00735374,0.002,0.0096,0.0022,0,0.001334,5.5825,9.85374,24.29727332,15.91576555,0.34,0.2,0.24,0.5,2200,0
DT1,12/1/2024,106.254444,11.431361,62.73509766,7.32,0.0189525,0.011595,0.007667,0.007865,0.031249167,0.014715,0.00932,0.00275,0.00672,0.0044,0,0.001464,4.905,11.82,30.3503125,16.80778767,0.675,0.275,0.168,0.3375,4400,0
DT1,1/1/2025,106.254444,11.431361,67.05621335,6.8,0.0165775,0.00919,0.00653,0.0075375,0.0261975,0.014775,0.00668,0.001,0.006,0.0047,0,0.00136,4.925,9.18,24.04219551,14.8491001,0.28,0.1,0.15,0.38,4700,0
DT1,2/1/2025,106.254444,11.431361,43.61780969,7.09,0.01701125,0.0078275,0.005109,0.00494875,0.032109583,0.0183675,0.006855,0.0023,0.0052,0.0013,0,0.001418,6.1225,9.355,19.05090226,15.07180241,0.27,0.23,0.13,0.64,1300,0
DT1,3/1/2025,106.254444,11.431361,63.28038247,6.86,0.03348375,0.024465,0.020836,0.021045,0.040445417,0.0180375,0.00863,0.008,0.028,0.0043,0,0.001372,6.0125,11.13,20.59539514,15.39371694,0.19,0.8,0.7,0.1,4300,0
DT1,4/1/2025,106.254444,11.431361,62.43882759,7.02,0.02017125,0.010125,0.007202,0.0081275,0.033532917,0.0200925,0.00725,0.0014,0.0092,0.0024,0,0.001404,6.6975,9.75,32.54863789,20.18957846,0.34,0.14,0.23,0.46,2400,0
DT1,5/1/2025,106.254444,11.431361,54.93238091,6.675,0.02831125,0.01858,0.0157925,0.018928125,0.032284583,0.0194625,0.00691,0.0013,0.0244,0.00455,0,0.001335,6.4875,9.41,23.48051401,17.01577522,0.55,0.13,0.61,0.255,4550,0
DT1,6/1/2025,106.254444,11.431361,56.63420382,7.265,0.023325812,0.01468862,0.012439,0.014064375,0.029868561,0.017274384,0.00595224,0.002375,0.0166,0.00445,0,0.001453,5.758128125,8.4522395,18.85655008,14.46397342,0.27,0.2375,0.415,0.28125,4450,0
DT1,7/1/2025,106.254444,11.431361,65.81501524,6.7,0.025806072,0.016865,0.014445,0.0173375,0.029414167,0.017882144,0.00618,0.00115,0.02,0.0064,0,0.00134,5.9607145,8.68,21.12021739,15.48149337,0.2775,0.115,0.5,0.25,6400,0
DT12,6/1/2024,106.116697,11.376806,50.00120349,7.13,0.02690375,0.01847,0.015413,0.01489125,0.036642083,0.0168675,0.00754,0.007,0.0168,0.0056,0,0.001426,5.6225,10.04,25.50986076,16.35804406,0.49,0.7,0.42,0.153,5600,0
DT12,7/1/2024,106.116697,11.376806,49.54727735,7.05,0.0220075,0.0136375,0.0143425,0.01519375,0.024634167,0.01674,0,0.004375,0.0193,0.0036,0,0.00141,5.58,5,12.70322581,12.25689338,0.47,0.4375,0.4825,0.7375,3600,0
DT12,8/1/2024,106.116697,11.376806,63.77658272,6.86,0.025033119,0.016385619,0.014386,0.01642,0.029360611,0.017295,0.005371238,0.0025,0.0204,0.0045,0,0.001372,5.765,7.871238,22.5903192,15.65138373,0.4925,0.25,0.51,0.1375,4500,0
DT12,9/1/2024,106.116697,11.376806,34.69291007,7.42,0.018257356,0.010198606,0.007172,0.0074025,0.03051383,0.0161175,0.007537211,0.0025,0.00756,0.0028,0,0.001484,5.3725,10.037211,21.6154727,14.75530507,0.33375,0.25,0.189,0.2,2800,0
DT12,10/1/2024,106.116697,11.376806,36.41220628,6.99,0.02116,0.01315,0.010199,0.00899875,0.034206667,0.01602,0.0073,0.006,0.0096,0.0034,0,0.001398,5.34,9.8,23.84791667,15.41035204,0.51,0.6,0.24,0.33,3400,0
DT12,11/1/2024,106.116697,11.376806,50.52079878,7.07,0.01915875,0.010275,0.007007,0.00688375,0.03350375,0.0177675,0.00795,0.003,0.0068,0.0028,0,0.001414,5.9225,10.45,26.39713542,17.08776495,0.21,0.3,0.17,0.96,2800,0
DT12,12/1/2024,106.116697,11.376806,51.17909346,7.45,0.02128,0.01321,0.010895,0.00986875,0.03297,0.01614,0.00612,0.006,0.0048,0.0095,0,0.00149,5.38,8.62,18.85296129,13.89564984,0.23,0.6,0.12,0.8,9500,0
DT12,1/1/2025,106.116697,11.376806,57.90895253,7.24,0.02198125,0.011875,0.008499,0.00899875,0.03618125,0.0202125,0.0082,0.0026,0.0068,0.00615,0,0.001448,6.7375,10.7,25.55137017,18.04363025,0.45,0.26,0.17,0.44,6150,0
DT12,2/1/2025,106.116697,11.376806,62.50539473,7.02,0.0240625,0.014005,0.011127,0.01069,0.037829167,0.020115,0.00716,0.00515,0.0122,0.0035,0,0.001404,6.705,9.66,21.0697979,16.58202645,0.415,0.515,0.305,0.275,3500,0
DT12,3/1/2025,106.116697,11.376806,49.79219299,7.245,0.019183083,0.00951296,0.006787,0.007624375,0.032218861,0.019340246,0.00690092,0.001375,0.0082,0.00255,0,0.001449,6.44674875,9.40092,21.22606302,16.24391348,0.2075,0.1375,0.205,0.5625,2550,0
DT12,4/1/2025,106.116697,11.376806,51.48343482,6.77,0.034016341,0.024425,0.021127,0.02109625,0.041571463,0.019182683,0.00795,0.0085,0.0252,0.0072,0,0.001354,6.3942275,10.45,23.38881557,16.84695776,0.44,0.85,0.63,0.875,7200,0
DT12,5/1/2025,106.116697,11.376806,49.14561033,7.31,0.02044,0.01105,0.008331,0.00978875,0.031126667,0.01878,0.0069,0.001,0.012,0.0022,0,0.001462,6.26,9.4,21.55948087,16.06890317,0.2,0.1,0.3,0.45,2200,0
DT12,6/1/2025,106.116697,11.376806,61.92917023,7.11,0.01285125,0.004425,0.005136,0.00563875,0.021119583,0.0168525,0,0.00125,0.0053,0.0023,0,0.001422,5.6175,5,12.83623028,12.35507417,0.33875,0.125,0.1325,0.125,2300,0
DT12,7/1/2025,106.116697,11.376806,63.42803389,7.07,0.017980261,0.008770261,0.0063195,0.00719625,0.030170609,0.01842,0.006315522,0.001125,0.008,0.0021,0,0.001414,6.14,8.815522,24.38178644,16.77865903,0.1875,0.1125,0.2,0.1,2100,0
DT14,6/1/2024,106.091778,11.253583,34.16788981,7.44,0.017793413,0.008444663,0.0055065,0.0052425,0.033467963,0.0186975,0.007364325,0.002625,0.0044,0.0025,0,0.001488,6.2325,9.864325,26.14572052,17.47350426,0.62625,0.2625,0.11,0.375,2500,0
DT14,7/1/2024,106.091778,11.253583,32.63919774,7.08,0.0186,0.01014,0.008008,0.00751,0.031033333,0.01692,0.00568,0.004,0.0052,0.0054,0,0.001416,5.64,8.18,18.69497255,14.23584254,1.64,0.4,0.13,0.38,5400,0
DT14,8/1/2024,106.091778,11.253583,33.43599119,7.02,0.01841625,0.009675,0.007152,0.00769,0.030254583,0.0174825,0.00645,0.002,0.0064,0.0045,0,0.001404,5.8275,8.95,17.87015031,14.25706031,0.16,0.2,0.16,0.94,4500,0
DT14,9/1/2024,106.091778,11.253583,34.40729292,7.01,0.01988875,0.0124,0.009551,0.01093875,0.02762375,0.0149775,0.0071,0.0016,0.008,0.0081,0,0.001402,4.9925,9.6,20.05567633,13.69356599,0.37,0.16,0.2,0.5,8100,0
DT14,10/1/2024,106.091778,11.253583,53.67448395,7.315,0.028131875,0.018605,0.0142565,0.016258125,0.036999375,0.01905375,0.01016,0.0025,0.0204,0.00415,0,0.001463,6.35125,12.66,25.69581741,17.50979348,0.725,0.25,0.51,0.415,4150,0
DT14,11/1/2024,106.091778,11.253583,34.73465108,7.01,0.027630625,0.0174475,0.012951,0.01381375,0.040321458,0.02036625,0.010395,0.0038,0.0174,0.0033,0,0.001402,6.78875,12.895,27.78291552,18.82401892,1.43,0.38,0.435,0.195,3300,0
DT14,12/1/2024,106.091778,11.253583,35.37153776,6.8,0.01985413,0.01111663,0.009005,0.00735,0.03419297,0.017475,0.00558326,0.00625,0.0092,0.0012,0,0.00136,5.825,8.08326,17.257255,14.06008985,0.29625,0.625,0.23,0.8,1200,0
DT14,1/1/2025,106.091778,11.253583,37.89950921,7.18,0.0181325,0.01094,0.009293,0.0093975,0.0264425,0.014385,0.00473,0.00355,0.0108,0.0028,0,0.001436,4.795,7.23,15.156875,11.85292718,0.166875,0.355,0.27,0.485,2800,0
DT14,2/1/2025,106.091778,11.253583,63.77962216,6.745,0.019453664,0.012171164,0.0099935,0.009366875,0.029480882,0.014565,0.005704327,0.005,0.011838,0.0018,0,0.001349,4.855,8.204327,15.7415385,12.12724732,0.62375,0.5,0.29595,0.525,1800,0
DT14,3/1/2025,106.091778,11.253583,48.53374247,6.38,0.0135775,0.0074725,0.0046505,0.00511,0.023630833,0.01221,0.00692,0.001125,0.0048,0.0021,0,0.001276,4.07,9.42,15.07375,10.73922131,0.37,0.1125,0.12,0.19,2100,0
DT14,4/1/2025,106.091778,11.253583,39.22059247,6.635,0.031928,0.022644875,0.0074135,0.007298125,0.062423667,0.01856625,0.03178975,0.00315,0.0072,0.00315,0,0.001327,6.18875,34.28975,30.95159375,18.92297171,8.36625,0.315,0.24,0.25,3150,0
DT14,5/1/2025,106.091778,11.253583,32.3495612,6.91,0.022228578,0.015812328,0.013866,0.01436375,0.026666681,0.0128325,0.005274655,0.00475,0.0168,0.0048,0,0.001382,4.2775,7.774655,14.588265,10.89741803,0.26125,0.475,0.42,0.1,4800,0
DT14,6/1/2025,106.091778,11.253583,67.14021926,7.7,0.0228925,0.01567375,0.01356375,0.01524375,0.0267575,0.0144375,0.00576,0.0027375,0.0202,0.00265,0,0.00154,4.8125,8.26,15.7003125,12.05050047,0.1725,0.27375,0.505,0.445,2650,0
DT14,7/1/2025,106.091778,11.253583,65.71076149,6.42,0.020215692,0.012436317,0.01001775,0.01162375,0.026970282,0.01555875,0.006121135,0.0014375,0.013464,0.00385,0,0.001284,5.18625,8.6211345,16.4882235,12.85952112,0.16625,0.14375,0.3366,0.3975,3850,0
DT15,6/1/2024,106.643083,10.981639,49.27936248,6.22,0.01394375,0.00722375,0.00456575,0.00484,0.024952083,0.01344,0.00656,0.0013875,0.0052,0.0013,0,0.001244,4.48,9.06,15.56,11.50751576,0.34375,0.13875,0.13,0.62,1300,0
DT15,7/1/2024,106.643083,10.981639,62.73163631,6.625,0.034770508,0.026025508,0.009340625,0.008296875,0.067189519,0.01749,0.034694767,0.00540625,0.008,0.00395,0,0.001325,5.83,37.1947665,31.82113325,18.65897643,11.01125,0.540625,0.26,0.66,3950,0
DT15,8/1/2024,106.643083,10.981639,63.33011324,6.84,0.021707,0.0140795,0.011584,0.011355,0.031049667,0.015255,0.006359,0.005,0.0104,0.0064,0,0.001368,5.085,8.859,16.442625,12.69327081,0.11375,0.5,0.26,0.25,6400,0
DT15,9/1/2024,106.643083,10.981639,66.75041267,6.825,0.020275625,0.014285,0.01087,0.012790625,0.025026458,0.01198125,0.008195,0.001275,0.0118,0.0073,0,0.001365,3.99375,10.695,15.58734375,10.78676111,2.260625,0.1275,0.295,0.51,7300,0
DT15,10/1/2024,106.643083,10.981639,52.598556,6.255,0.023165363,0.015616613,0.01305075,0.012493125,0.032191513,0.0150975,0.006382725,0.0061125,0.015188,0.00355,0,0.001251,5.0325,8.882725,16.369175,12.59136507,1.0575,0.61125,0.3797,0.46875,3550,0
DT15,11/1/2024,106.643083,10.981639,61.40367731,6.37,0.01991625,0.0146025,0.0116245,0.01148375,0.02652125,0.0106275,0.00723,0.004875,0.0092,0.0079,0,0.001274,3.5425,9.73,14.3715625,9.726600725,1.49375,0.4875,0.23,0.41,7900,0
DT15,12/1/2024,106.643083,10.981639,44.64893925,6.53,0.022980718,0.010395718,0.00813425,0.00766,0.040846674,0.02517,0.005828935,0.0040125,0.0078,0.00315,0,0.001306,8.39,8.328935,21.5482175,19.2603523,13.59875,0.40125,0.195,0.18,3150,0
DT15,1/1/2025,106.643083,10.981639,34.45258819,6.74,0.022364625,0.014043375,0.0108115,0.0117175,0.031884125,0.0166425,0.00781175,0.002875,0.012,0.0054,0,0.001348,5.5475,10.31175,17.9205625,13.85295318,0.275,0.2875,0.3,0.2,5400,0
DT15,2/1/2025,106.643083,10.981639,31.60114724,6.99,0.019514375,0.012905,0.0099615,0.00956125,0.029316875,0.01321875,0.007285,0.004625,0.0104,0.0035,0,0.001398,4.40625,9.785,15.80265625,11.47339021,2.5925,0.4625,0.26,0.5,3500,0
DT15,3/1/2025,106.643083,10.981639,32.3266148,6.32,0.033379084,0.027043459,0.02405705,0.026204125,0.030444829,0.01267125,0.007236818,0.0061875,0.0371626,0.0035,0,0.001264,4.22375,9.736818,15.48200275,11.09855147,1.9425,0.61875,0.929065,0.39875,3500,0
DT15,4/1/2025,106.643083,10.981639,33.81661794,6.47,0.01880125,0.0124375,0.0088345,0.00799625,0.030452917,0.0127275,0.0085,0.004875,0.008,0.0035,0,0.001294,4.2425,11,16.1440625,11.33539644,1.66375,0.4875,0.2,0.29,3500,0
DT15,5/1/2025,106.643083,10.981639,32.29268193,6.645,0.019119921,0.011610546,0.008898875,0.009861875,0.027754815,0.01501875,0.006752341,0.00201875,0.0074,0.00705,0,0.001329,5.00625,9.252341,16.51132675,12.59680462,2.136875,0.201875,0.185,0.36,7050,0
DT15,6/1/2025,106.643083,10.981639,33.20415172,6.66,0.02498672,0.01877672,0.015516,0.016645,0.02878568,0.01242,0.00785344,0.0044,0.0208,0.0045,0,0.001332,4.14,10.35344,15.65422,11.02721942,1.2275,0.44,0.52,0.48,4500,0
DT15,7/1/2025,106.643083,10.981639,49.53087344,6.755,0.025900625,0.018321875,0.015559875,0.016844375,0.030568125,0.0151575,0.006875,0.00416875,0.0202,0.0054,0,0.001351,5.0525,9.375,16.6478125,12.70920791,1.33375,0.416875,0.505,0.73,5400,0
DT16,6/1/2024,106.648694,10.92,49.20025754,6.475,0.024024867,0.017124867,0.014241535,0.016618325,0.026547983,0.0138,0.007061664,0.00189375,0.02204432,0.00325,0,0.001295,4.6,9.561664,16.005832,11.8280681,0.645625,0.189375,0.551108,0.4425,3250,0
DT16,7/1/2024,106.648694,10.92,49.29133412,6.55,0.019995,0.01258875,0.00939875,0.01100625,0.027638333,0.0148125,0.00769,0.0011875,0.012,0.0043,0,0.00131,4.9375,10.19,16.8684375,12.60626182,0.66,0.11875,0.3,0.16,4300,0
DT16,8/1/2024,106.648694,10.92,63.77671895,6.655,0.050454981,0.035798106,0.013668625,0.015456875,0.090428288,0.02931375,0.045589962,0.00260625,0.0178,0.0056,0,0.001331,9.77125,48.0899615,43.673262,28.30733591,18.480625,0.260625,0.445,0.48,5600,0
DT16,9/1/2024,106.648694,10.92,63.86092188,6.84,0.027686615,0.018371615,0.015884,0.0170425,0.034385435,0.01863,0.00634323,0.0045,0.0256,0.0003,0,0.001368,6.21,8.84323,18.262865,14.95461696,1.1275,0.45,0.64,0.26,300,0
DT16,10/1/2024,106.648694,10.92,54.45508512,6.7,0.024365,0.017324375,0.014016875,0.01574375,0.029026667,0.01408125,0.007955,0.00284375,0.0226,0.00125,0,0.00134,4.69375,10.455,16.60484375,12.15753665,1.419375,0.284375,0.565,0.58,1250,0
DT16,11/1/2024,106.648694,10.92,47.9164056,6.74,0.022325568,0.014808693,0.011863375,0.013301875,0.028835491,0.01503375,0.007238635,0.00244375,0.016885,0.00305,0,0.001348,5.01125,9.738635,16.76259875,12.68352026,0.623125,0.244375,0.422125,0.63125,3050,0
DT16,12/1/2024,106.648694,10.92,47.79258558,6.64,0.02514,0.016125,0.013039,0.0155175,0.031243333,0.01803,0.0075,0.00125,0.014,0.0095,0,0.001328,6.01,10,18.51625,14.73449874,0.62875,0.125,0.35,0.5,9500,0
DT16,1/1/2025,106.648694,10.92,33.19157111,6.685,0.04627875,0.034816875,0.015640375,0.016491875,0.07875875,0.02292375,0.03969,0.00489375,0.0204,0.00465,0,0.001337,7.64125,42.19,37.26203125,23.09114084,17.9725,0.489375,0.51,0.305,4650,0
DT16,2/1/2025,106.648694,10.92,53.0433643,6.92,0.02227957,0.01664707,0.014042,0.014115,0.02725233,0.011265,0.00659414,0.0055,0.018,0.0032,0,0.001384,3.755,9.09414,14.398945,10.05398329,0.11125,0.55,0.45,0.14,3200,0
DT16,3/1/2025,106.648694,10.92,34.85334449,6.99,0.02574375,0.01716,0.015199,0.015905,0.032010417,0.0171675,0.00532,0.00495,0.0208,0.00325,0,0.001398,5.7225,7.82,16.9590625,13.81233212,0.13125,0.495,0.52,0.49,3250,0
DT16,4/1/2025,106.648694,10.92,33.1965874,6.435,0.01925393,0.012172055,0.0095185,0.01057,0.02669667,0.01416375,0.00659411,0.002125,0.010875,0.00475,0,0.001287,4.72125,9.09411,15.96908625,11.99835869,0.486875,0.2125,0.271875,0.48125,4750,0
DT16,5/1/2025,106.648694,10.92,34.08817372,6.65,0.03259375,0.0250375,0.0222275,0.02676875,0.027635417,0.0151125,0.00695,0.001625,0.0384,0.0031,0,0.00133,5.0375,9.45,16.6609375,12.69084568,0.75125,0.1625,0.96,0.3,3100,0
DT16,6/1/2025,106.648694,10.92,51.95574209,6.805,0.036182113,0.028067113,0.011133625,0.011725625,0.064124929,0.01623,0.035227975,0.00350625,0.0096,0.0078,0,0.001361,5.41,37.727975,31.4052375,17.89786176,6.270625,0.350625,0.3,0.43,7800,0
DT16,7/1/2025,106.648694,10.92,33.81270757,6.79,0.035782674,0.027161424,0.0247665,0.02853625,0.031809573,0.0172425,0.006147848,0.003875,0.0384,0.0059,0,0.001358,5.7475,8.647848,17.4136115,13.99313257,0.12125,0.3875,0.96,0.65,5900,0
DT18,5/1/2024,106.475056,10.638444,64.4771355,7.185,0.023005,0.01477,0.013581,0.013804375,0.029586667,0.01647,0.003815,0.005075,0.0148,0.00585,0,0.001437,5.49,6.315,15.82875,13.10724149,0.5,0.5075,0.37,0.24,5850,0
DT18,6/1/2024,106.475056,10.638444,36.4846782,6.79,0.019699133,0.012394133,0.01024765,0.012067375,0.025023209,0.01461,0.005650965,0.0011875,0.0146498,0.0033,0,0.001358,4.87,8.150965,15.7392325,12.14902033,0.3525,0.11875,0.366245,0.3975,3300,0
DT18,7/1/2024,106.475056,10.638444,65.36916286,6.97,0.02549875,0.018385,0.016022,0.01893375,0.025780417,0.0142275,0.00612,0.00175,0.0256,0.0033,0,0.001394,4.7425,8.62,15.7665625,11.96638635,0.92,0.175,0.64,0.4,3300,0
DT18,8/1/2024,106.475056,10.638444,52.37460918,6.495,0.03094374,0.025065615,0.0086995,0.008280625,0.058260392,0.01175625,0.034031229,0.00415,0.0102,0.00175,0,0.001299,3.91875,36.531229,53.38358325,22.58984734,1.00375,0.415,0.315,0.31,1750,0
DT18,9/1/2024,106.475056,10.638444,53.37485783,6.59,0.019992094,0.012345844,0.0103965,0.00776125,0.033698219,0.0152925,0.005216688,0.008375,0.0104,0.0007,0,0.001318,5.0975,7.716688,15.8917815,12.5383627,0.385,0.8375,0.26,0.25,700,0
DT18,10/1/2024,106.475056,10.638444,52.79827256,6.645,0.024878125,0.0172675,0.015252,0.016111875,0.029523958,0.01522125,0.00536,0.004725,0.0178,0.00665,0,0.001329,5.07375,7.86,15.92484375,12.51316086,0.173125,0.4725,0.445,0.58,6650,0
DT18,11/1/2024,106.475056,10.638444,33.30824362,6.625,0.024187106,0.017399606,0.0150122,0.01470275,0.03053728,0.013575,0.006099812,0.0065,0.0159994,0.0062,0,0.001325,4.525,8.5998115,15.40303075,11.52552987,0.5125,0.65,0.399985,0.705,6200,0
DT18,12/1/2024,106.475056,10.638444,36.48663861,6.58,0.01624,0.00961,0.007308,0.007885,0.02471,0.01326,0.00592,0.002,0.0064,0.0049,0,0.001316,4.42,8.42,15.1425,11.28589533,0.16875,0.2,0.16,0.34,4900,0
DT18,1/1/2025,106.475056,10.638444,77.46439428,6.52,0.057985534,0.045758659,0.02732075,0.0312525,0.078482913,0.02445375,0.038179818,0.0046375,0.0424,0.0063,0,0.001304,8.15125,40.679818,62.33569025,31.76082527,148.376875,0.46375,1.06,0.61,6300,0
DT18,2/1/2025,106.475056,10.638444,48.3356268,6.6,0.016245295,0.010507795,0.008585,0.0058875,0.028455688,0.011475,0.00516559,0.00775,0.006,0.0021,0,0.00132,3.825,7.66559,18.59396219,11.48149817,0.2825,0.775,0.15,0.41,2100,0
DT18,3/1/2025,106.475056,10.638444,33.00700329,6.75,0.022260625,0.01402,0.01225,0.01078125,0.033391458,0.01648125,0.00489,0.00725,0.0072,0.0087,0,0.00135,5.49375,7.39,16.37234375,13.28423904,0.12875,0.725,0.18,0.515,8700,0
DT18,4/1/2025,106.475056,10.638444,47.77952492,6.35,0.016686994,0.010480744,0.00841112,0.008287338,0.02494829,0.0124125,0.005409249,0.0035625,0.00508974,0.0069,0,0.00127,4.1375,7.9092485,14.42806175,10.63691259,0.446875,0.35625,0.1272435,0.405,6900,0
DT18,5/1/2025,106.475056,10.638444,53.04403468,6.58,0.0177175,0.010975,0.008533,0.00926,0.025590833,0.013485,0.0062,0.00225,0.0128,0.0007,0,0.001316,4.495,8.7,24.43219354,14.3270503,0.1625,0.225,0.32,0.69,700,0
DT18,6/1/2025,106.475056,10.638444,31.61921992,6.555,0.050825425,0.0439798,0.025783625,0.029381875,0.065275992,0.01369125,0.03770335,0.00455625,0.0436,0.0021,0,0.001311,4.56375,40.20335,62.36712787,26.38948625,142.73,0.455625,1.09,0.135,2100,0
DT18,7/1/2025,106.475056,10.638444,66.03113198,6.57,0.032407032,0.025668282,0.0222695,0.02225875,0.03559974,0.0134775,0.008111563,0.008925,0.0248,0.0095,0,0.001314,4.4925,10.611563,32.18650195,16.76791203,0.72,0.8925,0.62,0.63,9500,0
DT2,6/1/2024,106.413556,11.417944,51.51465466,6.895,0.0342575,0.0268625,0.024252,0.027768125,0.029709167,0.01479,0.0066,0.004075,0.0418,0.00125,0,0.001379,4.93,9.1,20.26943457,13.6672051,0.52,0.4075,1.045,0.225,1250,0
DT2,7/1/2024,106.413556,11.417944,43.51090015,6.635,0.03212622,0.02527872,0.02245722,0.025454338,0.028994583,0.013695,0.00697,0.0041875,0.03159994,0.0078,0,0.001327,4.565,9.47,20.38748098,13.15692023,2.01125,0.41875,0.7899985,0.24375,7800,0
DT2,8/1/2024,106.413556,11.417944,64.69711323,6.69,0.020065,0.01440625,0.01097525,0.01252375,0.025001667,0.0113175,0.0082,0.0019125,0.0144,0.0043,0,0.001338,3.7725,10.7,34.91993324,16.54964951,2.1875,0.19125,0.36,0.62,4300,0
DT2,9/1/2024,106.413556,11.417944,65.77664757,6.565,0.08684125,0.0786025,0.058444,0.070289375,0.072954583,0.0164775,0.04163,0.004425,0.106,0.00515,0,0.001313,5.4925,44.13,95.7530106,38.30779496,773.139375,0.4425,2.65,0.285,5150,0
DT2,10/1/2024,106.413556,11.417944,56.40589151,6.64,0.044470459,0.037030459,0.0330765,0.03533,0.039364404,0.01488,0.009235918,0.009625,0.048,0.0072,0,0.001328,4.96,11.735918,31.15810268,17.1449504,0.44625,0.9625,1.2,0.15,7200,0
DT2,11/1/2024,106.413556,11.417944,35.98694131,6.885,0.04961625,0.042736875,0.040735375,0.043954375,0.035329583,0.01375875,0.00538,0.01114375,0.0596,0.00935,0,0.001377,4.58625,7.88,18.27942394,12.52421231,0.525,1.114375,1.49,0.575,9350,0
DT2,12/1/2024,106.413556,11.417944,54.01497397,6.525,0.028775375,0.022306625,0.02005275,0.02257375,0.026527375,0.0129375,0.00581275,0.0039875,0.029963,0.00485,0,0.001305,4.3125,8.31275,16.26310858,11.47792673,0.26625,0.39875,0.749075,0.35625,4850,0
DT2,1/1/2025,106.413556,11.417944,64.68018073,6.78,0.0203425,0.014425,0.010353,0.0118475,0.0269325,0.011835,0.0095,0.00175,0.0164,0.0012,0,0.001356,3.945,12,30.61411565,15.45095386,1.7275,0.175,0.41,0.32,1200,0
DT2,2/1/2025,106.413556,11.417944,43.25248349,6.67,0.061115,0.054310625,0.051207625,0.06174,0.02891,0.01360875,0.00754,0.00363125,0.0942,0.00325,0,0.001334,4.53625,10.04,24.64230952,14.45516615,81.115625,0.363125,2.355,0.305,3250,0
DT2,3/1/2025,106.413556,11.417944,51.86755442,7.08,0.0230225,0.016835,0.016858,0.0185725,0.0207025,0.012375,0.00137,0.004,0.024,0.0043,0,0.001416,4.125,3.87,8.387060417,8.713685503,0.1,0.4,0.6,0.7,4300,0
DT2,4/1/2025,106.413556,11.417944,61.00037419,6.71,0.02528125,0.018895,0.018921,0.02240125,0.018739583,0.0127725,0.00129,0.002,0.0252,0.0093,0,0.001342,4.2575,3.79,6.493138542,8.315360511,0.5,0.2,0.63,0.11,9300,0
DT2,5/1/2025,106.413556,11.417944,55.08739493,7.07,0.023299375,0.01567,0.015232,0.0174775,0.023390208,0.01525875,0.00229,0.0025,0.0246,0.00195,0,0.001414,5.08625,4.79,11.43855782,11.11757103,0.2,0.25,0.615,0.6,1950,0
DT2,6/1/2025,106.413556,11.417944,45.84598197,7.185,0.029945625,0.0218625,0.0210935,0.023866875,0.026998125,0.01616625,0.002975,0.004,0.0318,0.00495,0,0.001437,5.38875,5.475,14.6703107,12.59015864,0.175,0.4,0.795,0.75,4950,0
DT2,7/1/2025,106.413556,11.417944,38.01666991,7.06,0.023895,0.016185,0.015556,0.01882,0.022271667,0.01542,0.00267,0.001,0.0272,0.0015,0,0.001412,5.14,5.17,13.42019202,11.82292308,0.16,0.1,0.68,0.9,1500,0
DT3,6/1/2024,106.345806,11.321361,64.56020181,7.1,0.02797,0.01993,0.01896,0.022825,0.024313333,0.01608,0.00336,0.0014,0.0308,0.0043,0,0.00142,5.36,5.86,12.23885417,11.78049627,,0.14,0.77,0.12,4300,0
DT3,7/1/2024,106.345806,11.321361,65.05505569,6.87,0.02799125,0.02069,0.020137,0.02329625,0.023429583,0.0146025,0.00248,0.003,0.0284,0.0075,0,0.001374,4.8675,4.98,10.81896604,10.59411445,0.2,0.3,0.71,0.7,7500,0
DT3,8/1/2024,106.345806,11.321361,64.93074771,7.016666667,0.020219167,0.012776667,0.012585,0.014272917,0.0221725,0.014885,0.001786667,0.002333333,0.0192,0.002233333,0,0.001403333,4.961666667,4.286666667,10.00030929,10.47727594,0.233333333,0.233333333,0.48,0.6,2233.333333,0
DT3,9/1/2024,106.345806,11.321361,65.85042006,7.06,0.0210125,0.01292,0.012756,0.014695,0.023245833,0.016185,0.00174,0.002,0.0212,0.0009,0,0.001412,5.395,4.24,11.07346135,11.46559626,0.1,0.2,0.53,0.5,900,0
DT3,10/1/2024,106.345806,11.321361,54.07883637,6.86,0.02685375,0.019815,0.019286,0.0228575,0.021592083,0.0140775,0.00243,0.002,0.0328,0.0024,0,0.001372,4.6925,4.93,12.20020319,10.76706122,0.13,0.2,0.82,0.2,2400,0
DT3,11/1/2024,106.345806,11.321361,51.83227883,6.91,0.04955125,0.04201,0.041941,0.05180125,0.02053625,0.0150825,0.00152,0.001,0.0772,0.0043,0,0.001382,5.0275,4.02,9.973763331,10.5676571,0.1,0.1,1.93,0.12,4300,0
DT3,12/1/2024,106.345806,11.321361,50.89240564,6.93,0.02777125,0.02056,0.020043,0.02442875,0.02081625,0.0144225,0.00242,0.001,0.0368,0.0009,0,0.001386,4.8075,4.92,12.08421053,10.90299355,0.5,0.1,0.92,0.7,900,0
DT3,1/1/2025,106.345806,11.321361,55.71527136,7.325,0.03384875,0.0271025,0.0263325,0.031353125,0.02216375,0.0134925,0.003005,0.0025,0.0458,0.0029,0,0.001465,4.4975,5.505,11.82665488,10.35679693,0.2,0.25,1.145,0.405,2900,0
DT3,2/1/2025,106.345806,11.321361,50.8273157,7.085,0.02873125,0.0215125,0.0210085,0.024010625,0.023872917,0.0144375,0.002425,0.0036,0.0302,0.0068,0,0.001417,4.8125,4.925,11.19885889,10.63137891,0.16,0.36,0.755,0.9,6800,0
DT3,3/1/2025,106.345806,11.321361,63.94687037,7.13,0.03055875,0.022755,0.022863,0.02670375,0.023120417,0.0156075,0.00121,0.003,0.032,0.0093,0,0.001426,5.2025,3.71,9.309680544,10.62079935,0.3,0.3,0.8,0.5,9300,0
DT3,4/1/2025,106.345806,11.321361,51.03627425,7.666666667,0.021715,0.01347,0.013383333,0.0156875,0.023173889,0.01649,0.001706667,0.001666667,0.021333333,0.002233333,0,0.001533333,5.496666667,4.206666667,8.888506991,10.9292708,0.273333333,0.166666667,0.533333333,0.4,2233.333333,0
DT3,5/1/2025,106.345806,11.321361,55.55194867,7.62,0.01755625,0.009085,0.009162,0.0102025,0.023697917,0.0169425,0.00137,0.002,0.0124,0.0024,0,0.001524,5.6475,3.87,8.975535239,11.1829572,0.14,0.2,0.31,0.3,2400,0
DT3,6/1/2025,106.345806,11.321361,59.844772,6.97,0.0260575,0.01738,0.017347,0.02105875,0.0231175,0.017355,0.00146,0.001,0.03,0.0023,0,0.001394,5.785,3.96,8.960399038,11.38443538,0.9,0.1,0.75,0.6,2300,0
DT3,7/1/2025,106.345806,11.321361,66.64923826,7.1,0.02453125,0.016525,0.01616,0.019575,0.02235625,0.0160125,0.00215,0.001,0.0276,0.0023,0,0.00142,5.3375,4.65,12.41556137,11.80245472,0.1,0.1,0.69,0.6,2300,0
DT6,6/1/2024,106.078722,11.463556,50.76416658,7.34,0.028805,0.021035,0.020884,0.02548,0.021361667,0.01554,0.00177,0.001,0.0384,0.0009,0,0.001468,5.18,4.27,9.797415698,10.74081201,0.1,0.1,0.96,0.6,900,0
DT6,7/1/2024,106.078722,11.463556,66.95045998,7.48,0.02648875,0.0181825,0.017848,0.0188725,0.02832375,0.0166125,0.002165,0.0055,0.0254,0.0033,0,0.001496,5.5375,4.665,10.87825801,11.61780675,0.5,0.55,0.635,0.7,3300,0
DT6,8/1/2024,106.078722,11.463556,64.75993404,6.89,0.02412375,0.016815,0.016389,0.01736125,0.02548875,0.0146175,0.00223,0.005,0.024,0.0024,0,0.001378,4.8725,4.73,10.84277474,10.60912035,0.13,0.5,0.6,0.8,2400,0
DT6,9/1/2024,106.078722,11.463556,50.26870658,6.96,0.02072,0.013355,0.012979333,0.014349167,0.023185556,0.01473,0.002143333,0.003,0.0156,0.005966667,0,0.001392,4.91,4.643333333,11.41519364,10.84583028,0.126666667,0.3,0.39,0.566666667,5966.666667,0
DT6,10/1/2024,106.078722,11.463556,59.18232231,6.99,0.01803125,0.01235,0.012349,0.01418625,0.017222917,0.0113625,0.0014,0.002,0.0204,0.0009,0,0.001398,3.7875,3.9,8.56763714,8.264363853,0.11,0.2,0.51,0.5,900,0
DT6,11/1/2024,106.078722,11.463556,51.37787019,6.91,0.01777375,0.01057,0.009941,0.01161375,0.021405417,0.0144075,0.00264,0.0013,0.0148,0.0024,0,0.001382,4.8025,5.14,15.62291384,12.01109989,0.45,0.13,0.37,0.6,2400,0
DT6,12/1/2024,106.078722,11.463556,63.24167161,7.28,0.0230425,0.0149575,0.014978,0.0180975,0.0216825,0.01617,0.001415,0.001,0.0256,0.0019,0,0.001456,5.39,3.915,10.69606888,11.33912008,0.34,0.1,0.64,0.55,1900,0
DT6,1/1/2025,106.078722,11.463556,43.99004722,7.19,0.02155625,0.013955,0.013369,0.01608625,0.021947917,0.0152025,0.00261,0.001,0.0228,0.0015,0,0.001438,5.0675,5.11,11.33847786,11.05789498,0.26,0.1,0.57,0.5,1500,0
DT6,2/1/2025,106.078722,11.463556,64.02441903,7.48,0.02638125,0.017625,0.017598,0.0213725,0.02340625,0.0175125,0.00155,0.001,0.0304,0.0023,0,0.001496,5.8375,4.05,7.570025404,11.02485826,0.4,0.1,0.76,0.6,2300,0
DT6,3/1/2025,106.078722,11.463556,51.64288503,7.36,0.020968125,0.0140175,0.013486,0.0152325,0.022208958,0.01390125,0.002535,0.0026,0.0196,0.0033,0,0.001472,4.63375,5.035,13.2158015,10.99911223,0.65,0.26,0.49,0.65,3300,0
DT6,4/1/2025,106.078722,11.463556,62.84270189,6.68,0.010925,0.005495,0.005418,0.0042725,0.019075,0.01086,0.00149,0.004,0.0048,0.0007,0,0.001336,3.62,3.99,7.383254861,7.639727258,0.99,0.4,0.12,0.14,700,0
DT6,5/1/2025,106.078722,11.463556,65.58177559,6.845,0.0146225,0.0082475,0.0077595,0.007886875,0.020994167,0.01275,0.002345,0.0029,0.0078,0.00345,0,0.001369,4.25,4.845,14.6152301,10.86466901,0.365,0.29,0.195,0.9,3450,0
DT6,6/1/2025,106.078722,11.463556,62.68207455,6.89,0.02130375,0.01566,0.014889,0.01361125,0.02590875,0.0112875,0.00292,0.008,0.018,0.0024,0,0.001378,3.7625,5.42,13.18935799,9.683900691,0.13,0.8,0.45,0.1,2400,0
DT6,7/1/2025,106.078722,11.463556,65.16801753,6.93,0.02262,0.015825,0.015243,0.01530375,0.02583,0.01359,0.00255,0.006,0.0188,0.0043,0,0.001386,4.53,5.05,14.78675849,11.33874479,0.28,0.6,0.47,0.7,4300,0
DT7,6/1/2024,106.172917,11.3225,50.63901084,6.955,0.018875,0.01184,0.0112205,0.012369375,0.022575,0.01407,0.00263,0.00265,0.0168,0.0016,0,0.001391,4.69,5.13,10.6233181,10.26618477,0.58,0.265,0.42,0.32,1600,0
DT7,7/1/2024,106.172917,11.3225,51.47918435,7.075,0.022794375,0.0156075,0.0144575,0.015571875,0.025770208,0.01437375,0.003715,0.004,0.0202,0.0033,0,0.001415,4.79125,6.215,14.87558014,11.75862158,0.4,0.4,0.505,0.85,3300,0
DT7,8/1/2024,106.172917,11.3225,53.03707901,7.59,0.02157875,0.015785,0.014609,0.01688625,0.020600417,0.0115875,0.00387,0.0022,0.0232,0.0023,0,0.001518,3.8625,6.37,14.55830992,10.26547444,0.64,0.22,0.58,0.9,2300,0
DT7,9/1/2024,106.172917,11.3225,52.14696605,7.235,0.01992875,0.0133625,0.0125485,0.010685625,0.028242083,0.0131325,0.003075,0.008,0.014,0.00165,0,0.001447,4.3775,5.575,11.94458981,10.21397693,0.515,0.8,0.35,0.42,1650,0
DT7,10/1/2024,106.172917,11.3225,54.74651207,6.91,0.01846375,0.01081,0.010941,0.00930125,0.027332083,0.0153075,0.00112,0.007,0.0112,0.0023,0,0.001382,5.1025,3.62,7.227926718,9.814508738,0.6,0.7,0.28,0.5,2300,0
DT7,11/1/2024,106.172917,11.3225,50.38594062,7.325,0.018188125,0.0104125,0.0099325,0.011165625,0.023305625,0.01555125,0.002425,0.002,0.011,0.0054,0,0.001465,5.18375,4.925,10.40891662,10.93921788,0.6,0.2,0.275,0.55,5400,0
DT7,12/1/2024,106.172917,11.3225,48.18596731,7.46,0.012855,0.004185,0.004246,0.0046825,0.022995,0.01734,0.00137,0.001,0.006,0,0,0.001492,5.78,3.87,7.609685252,10.95111137,0.7,0.1,0.15,0.3,0,0
DT7,1/1/2025,106.172917,11.3225,61.96559026,7.51,0.02126625,0.01215,0.011701,0.01400125,0.025237917,0.0182325,0.0024,0.001,0.0116,0.0093,0,0.001502,6.0775,4.9,13.40673946,13.22493205,0.8,0.1,0.29,0,9300,0
DT7,2/1/2025,106.172917,11.3225,64.96810249,7.24,0.021636875,0.0128075,0.012724,0.0149675,0.024236042,0.01765875,0.001615,0.0015,0.0212,0.0013,0,0.001448,5.88625,4.115,9.524521982,11.71415494,0.8,0.15,0.53,0.4,1300,0
DT7,3/1/2025,106.172917,11.3225,52.80472286,7.63,0.023545625,0.0141875,0.014013,0.01657875,0.025773125,0.01871625,0.001875,0.0015,0.0224,0.0026,0,0.001526,6.23875,4.375,8.819189479,12.02054287,0.35,0.15,0.56,0.35,2600,0
DT7,4/1/2025,106.172917,11.3225,44.04966446,7.5,0.02498875,0.016675,0.01685,0.0204375,0.021907083,0.0166275,0.00115,0.001,0.0308,0.0004,0,0.0015,5.5425,3.65,7.374995591,10.52087345,0.4,0.1,0.77,0.5,400,0
DT7,5/1/2025,106.172917,11.3225,51.76391803,7.46,0.022160625,0.0143175,0.013871,0.01452625,0.026333125,0.01568625,0.002385,0.0045,0.0194,0.00235,0,0.001492,5.22875,4.885,12.23626254,11.58280424,0.85,0.45,0.485,0.35,2350,0
DT7,6/1/2025,106.172917,11.3225,65.02762805,6.84,0.0179075,0.01208,0.010534,0.0094175,0.025800833,0.011655,0.00446,0.006,0.0128,0.0009,0,0.001368,3.885,6.96,13.86346916,10.08016998,1.37,0.6,0.32,0.12,900,0
DT7,7/1/2025,106.172917,11.3225,38.25240123,6.93,0.018786875,0.01184,0.011343,0.00980375,0.027152708,0.01389375,0.00238,0.007,0.01,0.0043,0,0.001386,4.63125,4.88,9.886842783,9.94587966,0.455,0.7,0.25,0.75,4300,0
DT9,6/1/2024,106.328167,11.189583,66.3642597,7.02,0.0224525,0.016175,0.016052,0.017565,0.021239167,0.012555,0.00165,0.004,0.0244,0.0023,0,0.001404,4.185,4.15,9.987312973,9.308178743,0.39,0.4,0.61,0.9,2300,0
DT9,7/1/2024,106.328167,11.189583,64.78189059,7.27,0.01930375,0.01138,0.010477,0.00997125,0.028125417,0.0158475,0.00326,0.005,0.0052,0.0093,0,0.001454,5.2825,5.76,12.01055172,11.59227198,1.27,0.5,0.13,0.14,9300,0
DT9,8/1/2024,106.328167,11.189583,35.95046172,6.57,0.017793125,0.01133,0.010932,0.01207125,0.020517292,0.01292625,0.00211,0.00255,0.0164,0.0016,0,0.001314,4.30875,4.61,8.961452811,9.170392595,1.345,0.255,0.41,0.31,1600,0
DT9,9/1/2024,106.328167,11.189583,64.97400414,6.965,0.02597375,0.0184625,0.0180215,0.019401875,0.02601375,0.0150225,0.002275,0.005,0.0262,0.00345,0,0.001393,5.0075,4.775,11.62776171,11.05909417,0.29,0.5,0.655,0.55,3450,0
DT9,10/1/2024,106.328167,11.189583,53.28331783,7.55,0.02503875,0.018,0.015505,0.01438125,0.033340417,0.0140775,0.0065,0.008,0.02,0.0015,0,0.00151,4.6925,9,20.08560739,13.25300202,1.84,0.8,0.5,0.17,1500,0
DT9,11/1/2024,106.328167,11.189583,64.00040716,7.135,0.024318125,0.0169175,0.0163635,0.017954375,0.024892292,0.01480125,0.002535,0.004,0.018,0.0093,0,0.001427,4.93375,5.035,12.62014383,11.26132608,1.15,0.4,0.45,0.375,9300,0
DT9,12/1/2024,106.328167,11.189583,51.59056534,7.1,0.015915,0.007785,0.00786,0.006075,0.027451667,0.01626,0.00127,0.006,0.0076,0.0007,0,0.00142,5.42,3.77,9.330438503,10.95359348,0.27,0.6,0.19,0.4,700,0
DT9,1/1/2025,106.328167,11.189583,54.41102497,7.285,0.01832125,0.0104425,0.0100785,0.010723125,0.024432917,0.0157575,0.002185,0.003,0.01,0.0057,0,0.001457,5.2525,4.685,10.99900546,11.22837341,0.165,0.3,0.25,0.23,5700,0
DT9,2/1/2025,106.328167,11.189583,64.53786667,7.17,0.014765,0.007385,0.007417,0.00739625,0.022318333,0.01476,0.00137,0.003,0.0104,0,0,0.001434,4.92,3.87,8.832519778,10.04662036,0.19,0.3,0.26,0.3,0,0
DT9,3/1/2025,106.328167,11.189583,50.30241291,7.12,0.016805,0.008645,0.007912,0.00614,0.029411667,0.01632,0.00289,0.006,0.006,0.0024,0,0.001424,5.44,5.39,13.16133697,12.19131682,0.63,0.6,0.15,0.3,2400,0
DT9,4/1/2025,106.328167,11.189583,38.44158274,7.305,0.025490625,0.016395,0.0164805,0.019975625,0.023894792,0.01819125,0.00129,0.001,0.0286,0.0019,0,0.001461,6.06375,3.79,8.58286595,11.68353986,0.25,0.1,0.715,0.75,1900,0
DT9,5/1/2025,106.328167,11.189583,51.61158356,7.22,0.02646125,0.0186125,0.018472,0.0209025,0.024409583,0.0156975,0.001725,0.0035,0.0294,0.0026,0,0.001444,5.2325,4.225,9.151753026,10.61601136,0.22,0.35,0.735,0.4,2600,0
DT9,6/1/2025,106.328167,11.189583,37.59153789,7.45,0.02852,0.01919,0.019095,0.02324375,0.024896667,0.01866,0.00168,0.001,0.0348,0.0009,0,0.00149,6.22,4.18,8.810711756,11.98974519,0.6,0.1,0.87,0.4,900,0
DT9,7/1/2025,106.328167,11.189583,54.0950676,7.365,0.026170625,0.0187625,0.0184365,0.021795625,0.022098125,0.01481625,0.002125,0.002,0.0276,0.0058,0,0.001473,4.93875,4.625,12.55638544,11.24872571,0.41,0.2,0.69,0.4,5800,0
M1-L,12/1/2024,106.617222,10.99,64.55246044,6.75,0.03037375,0.023005,0.019475,0.02184375,0.031672083,0.0147375,0.00841,0.004,0.0332,0.0004,0,0.00135,4.9125,10.91,29.68939413,16.61067753,0.75,0.4,0.83,0.4,400,0
M1-L,1/1/2025,106.617222,10.99,63.74729332,6.775,0.0276625,0.0194575,0.0186775,0.022159375,0.0247625,0.01641,0.002915,0.0019,0.0298,0.0043,0,0.001355,5.47,5.415,12.7480128,12.10601286,0.5,0.19,0.745,0.305,4300,0
M1-L,2/1/2025,106.617222,10.99,63.12469501,6.89,0.0202525,0.0148,0.014089,0.01386125,0.022989167,0.010905,0.0028,0.006,0.0184,0.0024,0,0.001378,3.635,5.3,13.71122867,9.657174866,0.44,0.6,0.46,0.4,2400,0
M1-L,3/1/2025,106.617222,10.99,63.87488581,6.34,0.02258625,0.014955,0.014284,0.016605,0.023184583,0.0152625,0.00261,0.002,0.016,0.0093,0,0.001268,5.0875,5.11,11.45197018,11.1236744,1.59,0.2,0.4,0.64,9300,0
M1-L,4/1/2025,106.617222,10.99,53.43428699,6.735,0.02211125,0.0164975,0.0143235,0.016966875,0.021492917,0.0112275,0.005695,0.0015,0.0232,0.0026,0,0.001347,3.7425,8.195,19.54422104,11.65732536,1.46,0.15,0.58,0.35,2600,0
M1-L,5/1/2025,106.617222,10.99,49.82413652,7.285,0.020495,0.0136175,0.0130285,0.014348125,0.022738333,0.013755,0.002635,0.0031,0.0196,0.0019,0,0.001457,4.585,5.135,12.47650359,10.69291727,0.54,0.31,0.49,0.65,1900,0
M1-L,6/1/2025,106.617222,10.99,24.60240731,7.35,0.03046,0.02335,0.020835,0.02235625,0.031056667,0.01422,0.0065,0.0059,0.03,0.0043,0,0.00147,4.74,9,24.27875791,14.64617841,1.3,0.59,0.75,0.7,4300,0
M1-L,7/1/2025,106.617222,10.99,53.13133827,6.885,0.027909375,0.0207825,0.0192885,0.021173125,0.027205208,0.01425375,0.004365,0.0047,0.0302,0.0023,0,0.001377,4.75125,6.865,16.38370911,12.17407207,0.39,0.47,0.755,0.55,2300,0
M2-L,12/1/2024,106.65,10.096667,63.69220468,6.91,0.02701875,0.019995,0.017391,0.01861375,0.029910417,0.0140475,0.00659,0.005,0.026,0.0024,0,0.001382,4.6825,9.09,21.9157074,13.81495662,2.4,0.5,0.65,0.7,2400,0
M2-L,1/1/2025,106.65,10.096667,52.7291056,6.985,0.02474625,0.0170925,0.0164235,0.018935625,0.024024583,0.0153075,0.002735,0.00255,0.0238,0.0051,0,0.001397,5.1025,5.235,13.43275149,11.77063256,0.625,0.255,0.595,0.3,5100,0
M2-L,2/1/2025,106.65,10.096667,50.97125091,6.92,0.022863125,0.0174725,0.015642,0.01652125,0.024122292,0.01078125,0.005045,0.00485,0.0192,0.00585,0,0.001384,3.59375,7.545,18.18593837,11.00599019,0.63,0.485,0.48,0.45,5850,0
M2-L,3/1/2025,106.65,10.096667,54.97055546,6.75,0.01805125,0.010885,0.009825,0.00853125,0.027769583,0.0143325,0.00347,0.006,0.01,0.0023,0,0.00135,4.7775,5.97,14.38073696,11.58199305,0.79,0.6,0.25,0.2,2300,0
M2-L,4/1/2025,106.65,10.096667,36.29002929,6.63,0.019483125,0.0134025,0.011238,0.01151625,0.025510625,0.01216125,0.005655,0.00405,0.0148,0.0023,0,0.001326,4.05375,8.155,20.3005952,12.36265375,1.1,0.405,0.37,0.45,2300,0
M2-L,5/1/2025,106.65,10.096667,52.50678491,6.98,0.02161375,0.01417,0.011398,0.013435,0.026982083,0.0148875,0.00694,0.0013,0.0108,0.0093,0,0.001396,4.9625,9.44,24.0412915,14.9050651,0.35,0.13,0.27,0.5,9300,0
M2-L,6/1/2025,106.65,10.096667,42.27043371,7.1,0.02288875,0.015535,0.01386,0.016075,0.025057083,0.0147075,0.00477,0.002,0.0236,0.0007,0,0.00142,4.9025,7.27,17.94869765,12.89432303,0.58,0.2,0.59,0.5,700,0
M2-L,7/1/2025,106.65,10.096667,53.89194853,7.015,0.022854375,0.0156225,0.0142265,0.014126875,0.028593542,0.01446375,0.004195,0.00585,0.0154,0.0058,0,0.001403,4.82125,6.695,15.07967387,11.86796386,0.955,0.585,0.385,0.5,5800,0
M3-L,12/1/2024,106.69,10.89,52.9648672,6.92,0.019621875,0.0117675,0.010917,0.01145875,0.026009375,0.01570875,0.003085,0.0035,0.016,0.00095,0,0.001384,5.23625,5.585,13.16945553,11.88825127,0.16,0.35,0.4,0.25,950,0
M3-L,1/1/2025,106.69,10.89,53.80540958,7.32,0.020780625,0.0134175,0.012832,0.0138525,0.024338125,0.01472625,0.002635,0.0035,0.0174,0.0033,0,0.001464,4.90875,5.135,13.41828376,11.47544649,0.265,0.35,0.435,0.25,3300,0
M3-L,2/1/2025,106.69,10.89,54.40297837,7.325,0.02284,0.0144625,0.0145325,0.016603125,0.02401,0.016755,0.001325,0.0025,0.0158,0.0093,0,0.001465,5.585,3.825,8.9493125,11.08094026,0.465,0.25,0.395,0.3,9300,0
M3-L,3/1/2025,106.69,10.89,50.38939811,6.73,0.0130575,0.00555,0.004823,0.00477875,0.0231175,0.015015,0.0028,0.002,0.004,0.0023,0,0.001346,5.005,5.3,13.60885417,11.67990043,0.21,0.2,0.1,0,2300,0
M3-L,4/1/2025,106.69,10.89,50.75659269,6.85,0.01614625,0.008965,0.008335,0.00979375,0.02099125,0.0143625,0.00263,0.001,0.01,0.0043,0,0.00137,4.7875,5.13,12.20687863,10.91166571,0.91,0.1,0.25,0.2,4300,0
M3-L,5/1/2025,106.69,10.89,51.03773095,6.45,0.03074375,0.02387,0.020795,0.02536875,0.025885417,0.0137475,0.00744,0.001,0.03,0.0093,0,0.00129,4.5825,9.94,24.42522351,14.45610293,0.8,0.1,0.75,0.51,9300,0
M3-L,6/1/2025,106.69,10.89,22.52164925,7.25,0.01985,0.01244,0.010675,0.01084375,0.027766667,0.01482,0.00498,0.004,0.0116,0.0043,0,0.00145,4.94,7.48,18.44412421,13.10676047,0.54,0.4,0.29,0.4,4300,0
M3-L,7/1/2025,106.69,10.89,53.12725016,7.225,0.01849625,0.0110675,0.0106225,0.011090625,0.02414125,0.0148575,0.002335,0.0035,0.013,0.0033,0,0.001445,4.9525,4.835,10.84190564,10.72884636,0.47,0.35,0.325,0.25,3300,0
M4-L,12/1/2024,106.256667,11.08,62.39946794,6.915,0.023379375,0.01506,0.0145415,0.016926875,0.024568542,0.01663875,0.00242,0.002,0.0242,0.0015,0,0.001383,5.54625,4.92,12.43088883,12.12041183,0.55,0.2,0.605,0.52,1500,0
M4-L,1/1/2025,106.256667,11.08,43.79121974,7.25,0.02210125,0.01297,0.012575,0.01509375,0.02508625,0.0182625,0.00224,0.001,0.0184,0.0043,0,0.00145,6.0875,4.74,10.20775,12.23142339,0.3,0.1,0.46,0.6,4300,0
M4-L,2/1/2025,106.256667,11.08,64.57573784,7.26,0.01496625,0.007485,0.007526,0.0081575,0.021387917,0.0149625,0.00137,0.002,0.0092,0.0024,0,0.001452,4.9875,3.87,8.447458861,10.02647663,0.4,0.2,0.23,0.5,2400,0
M4-L,3/1/2025,106.256667,11.08,50.02914201,7.6,0.02697625,0.018535,0.01811,0.0213875,0.024794583,0.0168825,0.00237,0.002,0.0284,0.0043,0,0.00152,5.6275,4.87,11.84970722,12.05906438,0.1,0.2,0.71,0.5,4300,0
M4-L,4/1/2025,106.256667,11.08,51.39883322,7.13,0.02804625,0.01851,0.018363,0.02107875,0.027757917,0.0190725,0.00172,0.003,0.0308,0.0015,0,0.001426,6.3575,4.22,9.599343202,12.44461797,,0.3,0.77,0.7,1500,0
M4-L,5/1/2025,106.256667,11.08,34.85899366,7.19,0.02412,0.015675,0.015169,0.01833625,0.02373,0.01689,0.00245,0.001,0.0256,0.0023,0,0.001438,5.63,4.95,12.57619355,12.29184538,,0.1,0.64,0.6,2300,0
M4-L,6/1/2025,106.256667,11.08,28.27156151,7.39,0.02898,0.020145,0.019689,0.02461125,0.023403333,0.01767,0.00239,0,0.0356,0.0023,0,0.001478,5.89,4.89,12.96110716,12.80319267,0.2,,0.89,0.7,2300,0
M4-L,7/1/2025,106.256667,11.08,50.26754676,7.24,0.02475875,0.0167,0.016274,0.019655,0.022770417,0.0161175,0.0023,0.0011,0.0276,0.0024,0,0.001448,5.3725,4.8,13.77591837,12.28381884,0.3,0.11,0.69,0.7,2400,0
M5-L,12/1/2024,106.393056,10.558889,51.15825748,6.88,0.025731875,0.018095,0.018013,0.018485,0.027141042,0.01527375,0.00154,0.00645,0.0214,0.0068,0,0.001376,5.09125,4.04,9.118885229,10.3937745,0.46,0.645,0.535,0.55,6800,0
M5-L,1/1/2025,106.393056,10.558889,63.57059386,7.13,0.02369875,0.0161425,0.015963,0.016485,0.02618875,0.0151125,0.001785,0.00555,0.0216,0.00335,0,0.001426,5.0375,4.285,9.725149693,10.50427954,0.25,0.555,0.54,0.4,3350,0
M5-L,2/1/2025,106.393056,10.558889,43.43052537,7.245,0.02569625,0.0186425,0.0185995,0.019968125,0.024374583,0.0141075,0.001535,0.00525,0.0272,0.0033,0,0.001449,4.7025,4.035,9.972949197,10.07990044,0.15,0.525,0.68,0.6,3300,0
M5-L,3/1/2025,106.393056,10.558889,50.15243752,7.37,0.0304175,0.021905,0.021337,0.02598375,0.024190833,0.017025,0.00261,0.0011,0.0308,0.0093,0,0.001474,5.675,5.11,13.11862734,12.53035225,,0.11,0.77,0.2,9300,0
M5-L,4/1/2025,106.393056,10.558889,34.61924158,7.36,0.02642875,0.016975,0.017086,0.0176075,0.030517083,0.0189075,0.00125,0.006,0.0244,0.0023,0,0.001472,6.3025,3.75,7.664965986,11.75228909,0.1,0.6,0.61,0.5,2300,0
M5-L,5/1/2025,106.393056,10.558889,62.89141373,7.22,0.03073875,0.0228,0.022372,0.027215,0.022607083,0.0158775,0.0023,0.0012,0.0328,0.0093,0,0.001444,5.2925,4.8,12.07311688,11.62699618,,0.12,0.82,0.9,9300,0
M5-L,6/1/2025,106.393056,10.558889,22.83171062,7.59,0.03099625,0.02194,0.021059,0.02382375,0.029624583,0.0181125,0.00328,0.004,0.032,0.0046,0,0.001518,6.0375,5.78,14.07197768,13.37465406,0.3,0.4,0.8,0.5,4600,0
M5-L,7/1/2025,106.393056,10.558889,65.02710182,7.34,0.99134875,0.98359,0.982624,1.227355,0.023797083,0.0155175,0.0034,0.00148,1.96,0.0023,0,0.001468,5.1725,5.9,13.10162777,11.77124299,0.2,0.148,49,0.6,2300,0
M6-L,12/1/2024,106.688089,10.564214,32.01229201,7.68,0.032719809,0.023427309,0.0212555,0.02446,0.032479553,0.018585,0.005879617,0.003375,0.034,0.0036,0,0.001536,6.195,8.379617,22.70190416,16.33156184,0.28125,0.3375,0.85,0.26,3600,0
M6-L,1/1/2025,106.688089,10.564214,42.62111216,7.18,0.01698625,0.00855625,0.00668675,0.0072725,0.027734583,0.01686,0.005175,0.0017375,0.0068,0.0034,0,0.001436,5.62,7.675,18.83312782,14.24939717,0.141875,0.17375,0.17,0.14,3400,0
M6-L,2/1/2025,106.688089,10.564214,36.34244879,7.045,0.0202635,0.014331,0.0115205,0.011588125,0.027294167,0.011865,0.00703,0.0045,0.014782,0.00235,0,0.001409,3.955,9.53,20.25845481,12.20124364,1.555625,0.45,0.36955,0.5425,2350,0
M6-L,3/1/2025,106.688089,10.564214,33.61927367,7.12,0.019265,0.0108575,0.0087245,0.008015,0.031651667,0.016815,0.00569,0.004625,0.008,0.0034,0,0.001424,5.605,8.19,18.92571541,14.2560862,0.8875,0.4625,0.2,0.36,3400,0
M6-L,4/1/2025,106.688089,10.564214,62.76584805,7.4,0.02436005,0.015121925,0.005465,0.00533125,0.048615117,0.01847625,0.02079385,0.0024,0.0036,0.00345,0,0.00148,6.15875,23.29385,48.89133933,24.5336292,6.41,0.24,0.15,0.325,3450,0
M6-L,5/1/2025,106.688089,10.564214,48.00602317,7.02,0.016504309,0.008629309,0.007252,0.00844,0.024393387,0.01575,0.004158617,0.001,0.0104,0.0017,0,0.001404,5.25,6.658617,16.70878629,13.02468042,0.17,0.1,0.26,0.3,1700,0
M6-L,6/1/2025,106.688089,10.564214,14.84210232,7.14,0.022074375,0.014115,0.011814,0.01111125,0.032431875,0.01591875,0.00603,0.00585,0.007,0.00935,0,0.001428,5.30625,8.53,21.13558245,14.50464059,0.78875,0.585,0.175,0.53,9350,0
M6-L,7/1/2025,106.688089,10.564214,42.30919387,6.76,0.023441257,0.016096882,0.01390395,0.015684625,0.026995634,0.01468875,0.005737865,0.0027125,0.0188934,0.00485,0,0.001352,4.89625,8.2378645,18.73406388,13.13254142,0.405625,0.27125,0.472335,0.475,4850,0
MT01,12/1/2024,105.99,10.02,75.82784394,6.66,0.019125,0.011565,0.009116,0.00952,0.028408333,0.01512,0.00623,0.003,0.0092,0.0047,0,0.001332,5.04,8.73,16.80734432,12.74075168,0.675,0.3,0.23,0.41,4700,0
MT01,1/1/2025,105.99,10.02,64.71100349,7.06,0.028710095,0.02226572,0.0085935,0.00707,0.055440222,0.01288875,0.02875644,0.005875,0.0068,0.0031,0,0.001412,4.29625,31.25644,76.15925617,30.33632209,8.0175,0.5875,0.23,0.22,3100,0
MT01,2/1/2025,105.99,10.02,76.83163414,6.96,0.02746985,0.0182786,0.016096,0.0154325,0.036912983,0.0183825,0.0057572,0.0075,0.0208,0.0025,0,0.001392,6.1275,8.2572,22.04683298,16.02379507,0.5875,0.75,0.52,0.8,2500,0
MT01,3/1/2025,105.99,10.02,51.46595585,6.77,0.01864625,0.01132625,0.00813325,0.0068775,0.032249583,0.01464,0.00774,0.0052625,0.0084,0.00125,0,0.001354,4.88,10.24,22.99069499,14.45010561,0.81625,0.52625,0.21,0.775,1250,0
MT01,4/1/2025,105.99,10.02,44.47160684,6.75,0.032781875,0.026375,0.0228825,0.02711875,0.027444375,0.01281375,0.008335,0.002375,0.03689,0.00515,0,0.00135,4.27125,10.835,22.97466809,13.53192799,1.2075,0.2375,0.92225,0.51125,5150,0
MT01,5/1/2025,105.99,10.02,64.38921032,7.33,0.01804375,0.0097825,0.0068705,0.00679125,0.031135417,0.0165225,0.00729,0.002875,0.006,0.0034,0,0.001466,5.5075,9.79,23.10544271,15.4275308,0.29625,0.2875,0.15,0.31,3400,0
MT01,6/1/2025,105.99,10.02,64.56165095,7.005,0.024007659,0.015407034,0.00518175,0.004063125,0.05006787,0.01720125,0.021851568,0.0038625,0.0028,0.0023,0,0.001401,5.73375,24.3515675,55.20815506,25.88755913,0.93875,0.38625,0.13,0.11,2300,0
MT01,7/1/2025,105.99,10.02,75.86039416,6.9,0.027439159,0.018889159,0.017015,0.0173625,0.033224703,0.0171,0.005128317,0.00625,0.024,0.0024,0,0.00138,5.7,7.628317,23.18609713,15.7417078,0.255,0.625,0.6,0.23,2400,0
MT03,10/1/2024,106.02,9.87,45.03071872,7.23,0.0212875,0.0142,0.012298,0.01281,0.027445833,0.014175,0.00525,0.0041,0.015,0.00405,0,0.001446,4.725,7.75,18.94682609,12.94274152,0.16875,0.41,0.375,0.175,4050,0
MT03,11/1/2024,106.02,9.87,77.89038634,6.52,0.023927878,0.015661003,0.01332635,0.015212625,0.028956149,0.01653375,0.005973306,0.0023125,0.0197862,0.00325,0,0.001304,5.51125,8.473306,20.98778965,14.76554765,0.374375,0.23125,0.494655,0.32125,3250,0
MT03,12/1/2024,106.02,9.87,54.53784802,7.23,0.02665375,0.01798,0.015948,0.01884125,0.02870875,0.0173475,0.00551,0.00175,0.0276,0.0011,0,0.001446,5.7825,8.01,21.07815207,15.20091017,0.1475,0.175,0.69,0.52,1100,0
MT03,1/1/2025,106.02,9.87,67.12297928,6.905,0.015016566,0.008467191,0.00663425,0.005831875,0.025763654,0.01309875,0.005046882,0.0039375,0.0042,0.00375,0,0.001381,4.36625,7.546882,17.73242149,12.02176513,1.1875,0.39375,0.165,0.385,3750,0
MT03,2/1/2025,106.02,9.87,77.92111572,6.61,0.020551793,0.012335543,0.00910475,0.01063875,0.029637516,0.0164325,0.007783585,0.0011875,0.0128,0.0029,0,0.001322,5.4775,10.283585,34.32991634,18.92114166,1.445,0.11875,0.32,0.2,2900,0
MT03,3/1/2025,106.02,9.87,69.64779396,7.335,0.024533556,0.016157931,0.01311475,0.012854375,0.03496163,0.01675125,0.007553362,0.0056625,0.0174,0.0017,0,0.001467,5.58375,10.0533615,24.34569061,15.93290451,3.36125,0.56625,0.435,0.37,1700,0
MT03,4/1/2025,106.02,9.87,65.3890612,6.585,0.030045828,0.022513953,0.019995175,0.019990063,0.034328648,0.01506375,0.006354555,0.00800625,0.0277171,0.00295,0,0.001317,5.02125,8.854555,20.08521144,13.74600219,1.386875,0.800625,0.6929275,0.355,2950,0
MT03,5/1/2025,106.02,9.87,45.32435629,6.6,0.0244925,0.0170675,0.0132475,0.01445,0.031715833,0.01485,0.00896,0.003375,0.0204,0.0014,0,0.00132,4.95,11.46,29.32444667,16.55187474,1.63875,0.3375,0.51,0.15,1400,0
MT03,6/1/2025,106.02,9.87,55.23621157,6.43,0.042080668,0.034854418,0.00943675,0.0091475,0.082613225,0.0144525,0.052121336,0.0042375,0.0072,0.00615,0,0.001286,4.8175,54.621336,104.2716867,39.98088011,13.46,0.42375,0.24,0.71,6150,0
MT03,7/1/2025,106.02,9.87,36.48817098,6.57,0.01782565,0.01069315,0.0074445,0.00813375,0.027943183,0.014265,0.0078113,0.001875,0.0072,0.0045,0,0.001314,4.755,10.3113,24.42356068,14.71432871,1.38875,0.1875,0.18,0.18,4500,0
MT04,8/1/2024,106.21,10,65.631248,6.635,0.020836875,0.013201875,0.009785375,0.010579375,0.030419375,0.01527,0.00816,0.00264375,0.0152,0.0004,0,0.001327,5.09,10.66,29.06237986,16.67925595,8.274375,0.264375,0.38,0.52,400,0
MT04,9/1/2024,106.21,10,77.0961449,6.53,0.017530858,0.011453983,0.01145709,0.01356355,0.017110374,0.01215375,0.001299785,0.0012125,0.01409568,0.0063,0,0.001306,4.05125,3.799785,8.789663005,8.729984396,5.785,0.12125,0.352392,0.48,6300,0
MT04,10/1/2024,106.21,10,65.52978528,6.52,0.01718125,0.0093925,0.0092645,0.0102525,0.022472917,0.0155775,0.00156,0.002125,0.0116,0.0035,0,0.001304,5.1925,4.06,7.543024326,10.04884594,1.96375,0.2125,0.29,0.26,3500,0
MT04,11/1/2024,106.21,10,64.10518494,6.355,0.03488559,0.02844684,0.0075605,0.008044375,0.067866377,0.0128775,0.04304368,0.00225,0.0096,0.002,0,0.001271,4.2925,45.54368,91.77961352,35.2551477,12.59,0.225,0.3,0.475,2000,0
MT04,12/1/2024,106.21,10,75.39756964,6.72,0.0222025,0.015925,0.014522,0.0156525,0.024155833,0.012555,0.00415,0.004,0.0228,0.0009,0,0.001344,4.185,6.65,15.51837373,11.05189273,0.16,0.4,0.57,0.7,900,0
MT04,1/1/2025,106.21,10,50.38335572,6.89,0.02380125,0.01656,0.016089,0.01667375,0.026019583,0.0144825,0.00232,0.0055,0.021,0.0043,0,0.001378,4.8275,4.82,12.21596182,10.97452926,0.15,0.55,0.525,0.05,4300,0
MT04,2/1/2025,106.21,10,65.06632098,6.91,0.0211475,0.0128525,0.012341,0.01355125,0.025660833,0.01659,0.002405,0.003,0.0182,0.0021,0,0.001382,5.53,4.905,13.11721701,12.31240763,0.25,0.6,0.455,0.05,2100,0
MT04,3/1/2025,106.21,10,78.02009143,6.85,0.0250475,0.01745,0.016985,0.02060625,0.0215775,0.015195,0.0023,0.001,0.0292,0.0024,0,0.00137,5.065,4.8,10.95673212,10.93379638,0.3,0.1,0.73,0,2400,0
MT04,4/1/2025,106.21,10,65.67470023,6.81,0.02957375,0.0227,0.021031,0.02553875,0.022922083,0.0137475,0.0047,0.0012,0.0352,0.0043,0,0.001362,4.5825,7.2,17.45956713,12.26012047,0.62,0.12,0.88,0.8,4300,0
MT04,5/1/2025,106.21,10,55.36078983,7.01,0.0205275,0.01269,0.012251,0.01443875,0.022580833,0.015675,0.00228,0.0014,0.0124,0.0093,0,0.001402,5.225,4.78,12.32766225,11.60599377,0.16,0.14,0.31,0.7,9300,0
MT04,6/1/2025,106.21,10,52.56853613,7.09,0.0327975,0.0243,0.023259,0.02807375,0.0257775,0.016995,0.0035,0.0016,0.036,0.0075,0,0.001418,5.665,6,17.14964286,13.7861642,0.78,0.16,0.9,0.1,7500,0
MT04,7/1/2025,106.21,10,50.29945392,7.2,0.02572125,0.018015,0.01742,0.0188375,0.026532917,0.0154125,0.00263,0.0047,0.0244,0.0043,0,0.00144,5.1375,5.13,13.04459446,11.70076276,0.205,0.47,0.61,0.4,4300,0
MT05,8/1/2024,106.14,9.92,66.54995305,6.88,0.0266625,0.019065,0.018138,0.0220475,0.0226625,0.015195,0.00323,0.001,0.0316,0.0023,0,0.001376,5.065,5.73,14.87114481,12.1678483,0.33,0.1,0.79,0.4,2300,0
MT05,9/1/2024,106.14,9.92,64.07186987,6.86,0.02387625,0.01614,0.016236,0.020295,0.019427917,0.0154725,0.00118,0,0.0236,0.0075,0,0.001372,5.1575,3.68,11.31437374,11.18529594,0.1,,0.59,0.6,7500,0
MT05,10/1/2024,106.14,9.92,62.03273092,6.965,0.02317875,0.0160725,0.0154465,0.019308125,0.019667083,0.0142125,0.002645,0,0.0244,0.0051,0,0.001393,4.7375,5.145,12.33963397,10.87851796,0.1,,0.61,0.05,5100,0
MT05,11/1/2024,106.14,9.92,62.69485234,7.065,0.022786875,0.015435,0.0153565,0.018258125,0.020736042,0.01470375,0.00157,0.0015,0.0262,0.0016,0,0.001413,4.90125,4.07,10.4629863,10.53251381,,0.3,0.655,0.05,1600,0
MT05,12/1/2024,106.14,9.92,62.8104484,6.94,0.03354875,0.025715,0.025194,0.0271175,0.029280417,0.0156675,0.00243,0.007,0.0396,0.0024,0,0.001388,5.2225,4.93,12.42209992,11.63201605,,0.7,0.99,0,2400,0
MT05,1/1/2025,106.14,9.92,53.69330123,6.97,0.02805625,0.02083,0.019597,0.02380875,0.022647917,0.0144525,0.00386,0.0011,0.0324,0.0043,0,0.001394,4.8175,6.36,17.1789493,12.52415331,0.1,0.11,0.81,0.8,4300,0
MT05,2/1/2025,106.14,9.92,77.66827161,7.08,0.0403025,0.031775,0.031358,0.0391975,0.0225225,0.017055,0.00225,0,0.052,0.0093,0,0.001416,5.685,4.75,9.835514659,11.51032303,0.5,,1.3,0.8,9300,0
MT05,3/1/2025,106.14,9.92,64.71381482,7.45,0.03339,0.024015,0.023895,0.02924375,0.02506,0.01875,0.00173,0.001,0.036,0.0093,0,0.00149,6.25,4.23,9.888436678,12.37450715,0.9,0.1,0.9,0.8,9300,0
MT05,4/1/2025,106.14,9.92,50.01037625,7.24,0.029595,0.0220425,0.021374,0.023905,0.026121667,0.015105,0.002785,0.0045,0.03,0.0068,0,0.001448,5.035,5.285,13.735603,11.76485908,0.5,0.9,0.75,0.5,6800,0
MT05,5/1/2025,106.14,9.92,49.43344694,6.92,0.0360525,0.02862,0.028042,0.0294275,0.030805833,0.014865,0.00254,0.009,0.0364,0.0093,0,0.001384,4.955,5.04,11.387,10.90444199,0.7,0.9,0.91,0.6,9300,0
MT05,6/1/2025,106.14,9.92,52.46862294,7.02,0.02131125,0.01374,0.013852,0.017315,0.019042917,0.0151425,0.00118,0,0.024,0.0023,0,0.001404,5.0475,3.68,10.0270904,10.61446891,0.11,,0.6,0.6,2300,0
MT05,7/1/2025,106.14,9.92,51.3430717,6.99,0.02188,0.0143425,0.013899,0.01643625,0.022003333,0.015075,0.002285,0.0015,0.0216,0.0033,0,0.001398,5.025,4.785,11.40431212,11.01489978,0.1,0.3,0.54,0.1,3300,0
MT06,8/1/2024,106.31,9.99,65.98287581,7.025,0.02471125,0.018145,0.0181025,0.020440625,0.021142917,0.0131325,0.00149,0.0035,0.027,0.0043,0,0.001405,4.3775,3.99,10.82872918,9.862192364,0.2,0.35,0.675,0.05,4300,0
MT06,9/1/2024,106.31,9.99,57.38498758,7.01,0.0326,0.025595,0.024651,0.02831375,0.02485,0.01401,0.00329,0.004,0.0396,0.0043,0,0.001402,4.67,5.79,11.83819858,10.61918618,0.1,0.4,0.99,0.1,4300,0
MT06,10/1/2024,106.31,9.99,53.85333087,7.25,0.02723125,0.0199,0.019375,0.02346875,0.021422917,0.0146625,0.0025,0.0012,0.034,0.0021,0,0.00145,4.8875,5,12.24146839,11.07257042,0.4,0.12,0.85,0.8,2100,0
MT06,11/1/2024,106.31,9.99,66.99614528,7.09,0.0321675,0.024525,0.024159,0.02832375,0.023840833,0.015285,0.00215,0.003,0.0396,0.0043,0,0.001418,5.095,4.65,12.61340993,11.50107816,,0.3,0.99,0.7,4300,0
MT06,12/1/2024,106.31,9.99,53.94776394,7.46,0.0314625,0.02205,0.021646,0.02562,0.027329167,0.018825,0.0023,0.0023,0.0372,0.0023,0,0.001492,6.275,4.8,11.45588608,12.90615891,0.2,0.23,0.93,0.9,2300,0
MT06,1/1/2025,106.31,9.99,57.98393136,7.21,0.03002375,0.0225275,0.022021,0.02283875,0.029105417,0.0149925,0.002455,0.0075,0.0318,0.0033,0,0.001442,4.9975,4.955,10.95336837,10.83148593,0.4,0.75,0.795,0.5,3300,0
MT06,2/1/2025,106.31,9.99,78.65242187,6.83,0.050225,0.042905,0.042383,0.04735375,0.030391667,0.01464,0.00241,0.009,0.072,0.0024,0,0.001366,4.88,4.91,14.33175836,11.72030213,0.11,0.9,1.8,0.6,2400,0
MT06,3/1/2025,106.31,9.99,68.22617845,6.91,0.0225575,0.015725,0.015841,0.01605125,0.024284167,0.013665,0.00115,0.006,0.022,0.0023,0,0.001382,4.555,3.65,8.322941468,9.338471459,0.27,0.6,0.55,0.5,2300,0
MT06,4/1/2025,106.31,9.99,56.25005159,6.965,0.022039375,0.0151075,0.0146465,0.014558125,0.025875208,0.01386375,0.002315,0.006,0.0186,0.0033,0,0.001393,4.62125,4.815,11.65846408,10.48939835,0.15,0.6,0.465,0,3300,0
MT06,5/1/2025,106.31,9.99,66.61090456,7.075,0.023036875,0.01549,0.0152825,0.016915625,0.023827708,0.01509375,0.00183,0.0035,0.0198,0.00585,0,0.001415,5.03125,4.33,11.50217047,11.05512546,0.1,0.35,0.495,0,5850,0
MT06,6/1/2025,106.31,9.99,56.55424891,7.03,0.0266675,0.01907,0.018453,0.02231625,0.0222075,0.015195,0.00264,0.0012,0.03,0.0043,0,0.001406,5.065,5.14,13.39756618,11.7032901,0.2,0.12,0.75,0.1,4300,0
MT06,7/1/2025,106.31,9.99,52.53044394,6.87,0.0303925,0.024205,0.023937,0.02554625,0.0248325,0.012375,0.00191,0.007,0.0352,0.0043,0,0.001374,4.125,4.41,11.33722227,9.643749138,0.66,0.7,0.88,0.11,4300,0
MT07,8/1/2024,106.28,9.81,52.97479115,6.95,0.02571125,0.01703,0.016495,0.01905625,0.026042917,0.0173625,0.00246,0.0025,0.0248,0.0043,0,0.00139,5.7875,4.96,14.39020307,13.09997732,0.26,0.25,0.62,0.8,4300,0
MT07,9/1/2024,106.28,9.81,52.76784502,7.39,0.01915375,0.011545,0.010689,0.01267375,0.02275875,0.0152175,0.00319,0.0011,0.0176,0.0012,0,0.001478,5.0725,5.69,13.93657427,11.88446698,1.18,0.11,0.44,0.11,1200,0
MT07,10/1/2024,106.28,9.81,53.05426618,7.05,0.024670625,0.01751,0.016855,0.01819375,0.025248125,0.01432125,0.00272,0.0046,0.0248,0.0029,0,0.00141,4.77375,5.22,14.41246557,11.58637077,0.377,0.46,0.62,0.5,2900,0
MT07,11/1/2024,106.28,9.81,52.6618469,6.75,0.02604875,0.01868,0.018175,0.02209375,0.02111375,0.0147375,0.00236,0.001,0.0316,0.0024,0,0.00135,4.9125,4.86,11.41881311,10.85072135,0.25,0.1,0.79,0.5,2400,0
MT07,12/1/2024,106.28,9.81,56.2947642,6.88,0.0217175,0.0125,0.012538,0.0125475,0.0288575,0.018435,0.0013,0.005,0.0164,0.0023,0,0.001376,6.145,3.8,8.214248512,11.68920508,0.17,0.5,0.41,0.5,2300,0
MT07,1/1/2025,106.28,9.81,54.12982083,6.975,0.021846875,0.0142925,0.0138475,0.014496875,0.025542708,0.01510875,0.002285,0.0045,0.015,0.0068,0,0.001395,5.03625,4.785,14.32640625,11.95298983,0.15,0.45,0.375,0,6800,0
MT07,2/1/2025,106.28,9.81,65.50103672,6.855,0.020833125,0.01374,0.0135105,0.014075625,0.023935625,0.01418625,0.00183,0.0045,0.0178,0.00335,0,0.001371,4.72875,4.33,13.59921875,11.26248778,0.15,0.45,0.445,0,3350,0
MT07,3/1/2025,106.28,9.81,54.04056664,6.92,0.01876,0.01108,0.010542,0.0120525,0.02289,0.01536,0.00246,0.0018,0.0136,0.0043,0,0.001384,5.12,4.96,14.55,12.14910467,0.2,0.18,0.34,0.1,4300,0
MT07,4/1/2025,106.28,9.81,43.58450891,6.95,0.0209825,0.0131,0.011545,0.01005625,0.031809167,0.015765,0.0045,0.007,0.0132,0.0015,0,0.00139,5.255,7,15.789375,12.74232818,0.63,0.7,0.33,0.1,1500,0
MT07,5/1/2025,106.28,9.81,52.61559219,6.98,0.01858625,0.01022,0.009748,0.01081,0.024817917,0.0167325,0.00234,0.0022,0.0116,0.0043,0,0.001396,5.5775,4.84,15.2334375,13.05081416,0.64,0.22,0.29,0.9,4300,0
MT07,6/1/2025,106.28,9.81,35.72076889,7.57,0.02426375,0.01499,0.012107,0.01425875,0.031765417,0.0185475,0.00728,0.0014,0.012,0.0093,0,0.001514,6.1825,9.78,18.6865625,15.0469412,1.57,0.14,0.3,0.22,9300,0
MT07,7/1/2025,106.28,9.81,55.01456303,7.11,0.024900625,0.0171775,0.016611,0.01513875,0.031501458,0.01544625,0.002555,0.009,0.0174,0.0054,0,0.001422,5.14875,5.055,14.64421875,12.22193293,0.485,0.9,0.435,0.065,5400,0
MT08,8/1/2024,106.15,9.76,77.61012767,6.81,0.02767125,0.02028,0.019631,0.01953875,0.029682917,0.0147825,0.00266,0.008,0.0256,0.0043,0,0.001362,4.9275,5.16,14.3371875,11.79326371,0.27,0.8,0.64,0.4,4300,0
MT08,9/1/2024,106.15,9.76,66.23881491,6.86,0.022605,0.01479,0.013636,0.017045,0.022528333,0.01563,0.00368,0,0.0216,0.0043,0,0.001372,5.21,6.18,15.30625,12.52251892,0.24,,0.54,0.7,4300,0
MT08,10/1/2024,106.15,9.76,65.95850046,6.96,0.02079,0.01368,0.013171,0.01333875,0.025235,0.01422,0.00241,0.005,0.0172,0.00275,0,0.001392,4.74,4.91,13.9075,11.37655107,0.15,0.5,0.43,0.05,2750,0
MT08,11/1/2024,106.15,9.76,76.92443643,7.005,0.021243125,0.014465,0.0138005,0.013188125,0.026583958,0.01355625,0.00273,0.0065,0.0178,0.0019,0,0.001401,4.51875,5.23,13.70796875,10.98177215,0.25,0.65,0.445,0,1900,0
MT08,12/1/2024,106.15,9.76,52.86616939,6.91,0.019645,0.01162,0.010741,0.00842625,0.031721667,0.01605,0.00314,0.008,0.0112,0.0009,0,0.001382,5.35,5.64,15.26375,12.71912043,0.26,0.8,0.28,0.5,900,0
MT08,1/1/2025,106.15,9.76,67.00851292,6.65,0.01724875,0.00985,0.009065,0.01051875,0.02216375,0.0147975,0.0029,0.0013,0.014,0.0015,0,0.00133,4.9325,5.4,14.4653125,11.84115621,0.4,0.13,0.35,0.5,1500,0
MT08,2/1/2025,106.15,9.76,79.29805046,7.39,0.01900125,0.0111,0.009489,0.01111125,0.025319583,0.0158025,0.0047,0.0012,0.0088,0.0075,0,0.001478,5.2675,7.2,15.9096875,12.79900772,0.8,0.12,0.22,0.12,7500,0
MT08,3/1/2025,106.15,9.76,52.47587484,6.916666667,0.021417083,0.013318333,0.012791667,0.01396875,0.025512083,0.0161975,0.002436667,0.003233333,0.014,0.006966667,0,0.001383333,5.399166667,4.936666667,14.99197917,12.70719236,0.353333333,0.323333333,0.35,0.233333333,6966.666667,0
MT08,4/1/2025,106.15,9.76,66.88546626,7.06,0.0281975,0.021365,0.020206,0.02407,0.022510833,0.013665,0.00373,0.0019,0.0328,0.0043,0,0.001412,4.555,6.23,14.266875,11.2123471,0.51,0.19,0.82,0.5,4300,0
MT08,5/1/2025,106.15,9.76,56.45793557,6.74,0.01845875,0.01124,0.011324,0.00853,0.028720417,0.0144375,0.00118,0.009,0.01,0.0023,0,0.001348,4.8125,3.68,13.4103125,11.32855848,0.36,0.9,0.25,0.6,2300,0
MT08,6/1/2025,106.15,9.76,53.63158955,6.855,0.020005,0.0128275,0.0123605,0.012638125,0.024686667,0.014355,0.002305,0.0045,0.013,0.00585,0,0.001371,4.785,4.805,13.928125,11.45055328,0.175,0.45,0.325,0.45,5850,0
MT08,7/1/2025,106.15,9.76,43.28380612,6.735,0.018881875,0.0128575,0.0126985,0.012748125,0.021832708,0.01204875,0.001665,0.005,0.0174,0.00165,0,0.001347,4.01625,4.165,12.35890625,9.802718711,0.285,0.5,0.435,0.25,1650,0
MT09,8/1/2024,106.26,9.7,32.84885739,6.73,0.019995,0.01323,0.012623,0.01077875,0.028105,0.01353,0.00256,0.008,0.0136,0.0023,0,0.001346,4.51,5.06,13.60875,10.93736759,0.56,0.8,0.34,0.5,2300,0
MT09,9/1/2024,106.26,9.7,36.82537506,6.69,0.02079,0.013275,0.012769,0.01283625,0.02611,0.01503,0.00235,0.005,0.0124,0.0068,0,0.001338,5.01,4.85,14.31625,11.91041299,0.385,0.5,0.31,0.5,6800,0
MT09,10/1/2024,106.26,9.7,52.28521534,7.33,0.02124875,0.0122,0.011133,0.01297875,0.02706375,0.0180975,0.0036,0.0015,0.01,0.0093,0,0.001466,6.0325,6.1,16.6028125,14.16502128,0.7,0.15,0.25,0.9,9300,0
MT09,11/1/2024,106.26,9.7,49.51005448,7.045,0.01737125,0.010325,0.0095545,0.011193125,0.021282917,0.0140925,0.00295,0.0012,0.0132,0.0033,0,0.001409,4.6975,5.45,14.1084375,11.37614833,0.39,0.12,0.33,0.27,3300,0
MT09,12/1/2024,106.26,9.7,56.19249934,6.61,0.02205,0.015105,0.014511,0.01738875,0.020533333,0.01389,0.00251,0.0012,0.0256,0.0009,0,0.001322,4.63,5.01,13.77875,11.17096154,0.41,0.12,0.64,0.3,900,0
MT09,1/1/2025,106.26,9.7,49.69834086,6.79,0.0199625,0.01295,0.012729,0.01278625,0.024295833,0.014025,0.0018,0.005,0.0148,0.0043,0,0.001358,4.675,4.3,13.496875,11.14959805,0.38,0.5,0.37,0.7,4300,0
MT09,2/1/2025,106.26,9.7,36.03417752,6.66,0.018003125,0.0105275,0.010066,0.0113325,0.022407292,0.01495125,0.002255,0.002,0.01,0.0068,0,0.001332,4.98375,4.755,14.22609375,11.84261546,0.56,0.4,0.25,0.55,6800,0
MT09,3/1/2025,106.26,9.7,50.34691393,6.785,0.01162625,0.0051725,0.0051285,0.006410625,0.016744583,0.0129075,0.001445,0,0.0074,0.0015,0,0.001357,4.3025,3.945,12.7140625,10.34405974,0.165,,0.185,0.25,1500,0
MT09,4/1/2025,106.26,9.7,53.3257552,6.64,0.014575,0.00745,0.006414,0.0061425,0.024091667,0.01425,0.0034,0.003,0.0076,0.0009,0,0.001328,4.75,5.9,14.41875,11.55272699,0.26,0.3,0.19,0.3,900,0
MT09,5/1/2025,106.26,9.7,35.34593151,6.48,0.018125,0.012635,0.012198,0.0114975,0.022341667,0.01098,0.00217,0.006,0.0128,0.0043,0,0.001296,3.66,4.67,12.0325,9.165441362,0.59,0.6,0.32,0.8,4300,0
MT09,6/1/2025,106.26,9.7,35.27117244,6.44,0.01673875,0.00898,0.008394,0.0079925,0.025640417,0.0155175,0.00246,0.004,0.0072,0.0043,0,0.001288,5.1725,4.96,14.6353125,12.25475016,0.26,0.4,0.18,0.2,4300,0
MT09,7/1/2025,106.26,9.7,33.66446348,6.76,0.0169825,0.009205,0.008926,0.0092825,0.023875833,0.015555,0.00191,0.003,0.0124,0.0011,0,0.001352,5.185,4.41,14.380625,12.19320776,0.54,0.3,0.31,0.3,1100,0
MT10,8/1/2024,106.38,9.66,51.65799883,6.88,0.01607375,0.0086,0.007888,0.0089225,0.022455417,0.0149475,0.0028,0.0015,0.008,0.0049,0,0.001376,4.9825,5.3,14.4965625,11.92600804,0.365,0.3,0.2,0.45,4900,0
MT10,9/1/2024,106.38,9.66,51.33632292,7.12,0.01833,0.011385,0.010862,0.0104525,0.02492,0.01389,0.00247,0.005,0.0144,0.0009,0,0.001424,4.63,4.97,13.75875,11.16465637,0.56,0.5,0.36,0.3,900,0
MT10,10/1/2024,106.38,9.66,52.86836127,6.91,0.02013125,0.01169,0.010541,0.01205125,0.026089583,0.0168825,0.00368,0.0018,0.0136,0.0043,0,0.001382,5.6275,6.18,15.9846875,13.36265211,0.33,0.18,0.34,0.12,4300,0
MT10,11/1/2024,106.38,9.66,47.63377998,6.955,0.0202875,0.013275,0.0127955,0.012869375,0.0249375,0.014025,0.00235,0.005,0.0138,0.0054,0,0.001391,4.675,4.85,13.771875,11.23629414,0.17,0.5,0.345,0.45,5400,0
MT10,12/1/2024,106.38,9.66,49.80978365,6.875,0.019519375,0.0125875,0.0121875,0.012734375,0.023378542,0.01386375,0.002175,0.004,0.0158,0.0032,0,0.001375,4.62125,4.675,13.59703125,11.10054816,0.205,0.4,0.395,0.55,3200,0
MT10,1/1/2025,106.38,9.66,51.05041997,6.53,0.01803625,0.0112,0.010703,0.01025375,0.024467917,0.0136725,0.0023,0.005,0.0128,0.0023,0,0.001306,4.5575,4.8,13.5559375,10.991968,0.39,0.5,0.32,0.7,2300,0
MT10,2/1/2025,106.38,9.66,52.04456772,6.85,0.020155,0.012175,0.011585,0.01179375,0.026611667,0.01596,0.00255,0.0043,0.0152,0.0023,0,0.00137,5.32,5.05,14.92,12.56575032,0.36,0.43,0.38,0.3,2300,0
MT10,3/1/2025,106.38,9.66,51.97877124,7.34,0.02558,0.01736,0.016234,0.018105,0.027603333,0.01644,0.00372,0.0035,0.0252,0.0023,0,0.001468,5.48,6.22,15.765,13.07214376,0.47,0.35,0.63,0.7,2300,0
MT10,4/1/2025,106.38,9.66,49.33055222,6.853333333,0.022889167,0.015421667,0.014852,0.017335833,0.022646944,0.014935,0.00251,0.001966667,0.024133333,0.002233333,0,0.001370667,4.978333333,5.01,14.34479167,11.87191099,0.26,0.196666667,0.603333333,0.413333333,2233.333333,0
MT10,5/1/2025,106.38,9.66,50.33630831,6.72,0.024745,0.017275,0.016522,0.0197775,0.022388333,0.01494,0.00285,0.0014,0.026,0.0043,0,0.001344,4.98,5.35,14.5175,11.92885876,0.24,0.14,0.65,0.4,4300,0
MT10,6/1/2025,106.38,9.66,50.1941995,6.79,0.01802875,0.010465,0.010429,0.01178625,0.021650417,0.0151275,0.00143,0.002,0.0132,0.0043,0,0.001358,5.0425,3.93,13.9090625,11.83079366,0.35,0.2,0.33,0.5,4300,0
MT10,7/1/2025,106.38,9.66,54.49572831,6.895,0.02373875,0.016175,0.0157145,0.017143125,0.02499875,0.0151275,0.0023,0.004,0.0202,0.00585,0,0.001379,5.0425,4.8,14.3440625,11.96793112,0.515,0.4,0.505,0.5,5850,0
MT11,8/1/2024,105.42,9.79,76.23567536,6.865,0.024380625,0.0176775,0.0169365,0.017420625,0.025971458,0.01340625,0.002855,0.006,0.0232,0.0033,0,0.001373,4.46875,5.355,13.68921875,10.90086105,0.14,0.6,0.58,0.5,3300,0
MT11,9/1/2024,105.42,9.79,64.77144735,6.81,0.01263375,0.00702,0.007031,0.00816375,0.01582875,0.0112275,0.00134,0.001,0.0108,0.0009,0,0.001362,3.7425,3.84,11.7515625,9.200623424,0.65,0.1,0.27,0.7,900,0
MT11,10/1/2024,105.42,9.79,63.44065349,6.95,0.03092875,0.02272,0.022245,0.02618125,0.024917083,0.0164175,0.00234,0.0026,0.0312,0.0093,0,0.00139,5.4725,4.84,15.0628125,12.83952317,0.35,0.26,0.78,0.6,9300,0
MT11,11/1/2024,105.42,9.79,52.59992823,7.32,0.03516375,0.026625,0.026432,0.0311025,0.02569875,0.0170775,0.00185,0.0031,0.046,0.0023,0,0.001464,5.6925,4.35,15.1753125,13.20498975,,0.31,1.15,0.6,2300,0
MT11,12/1/2024,105.42,9.79,52.86117986,7.243333333,0.025730833,0.017933333,0.017407667,0.019842917,0.024688611,0.015595,0.0025,0.003066667,0.022666667,0.007633333,0,0.001448667,5.198333333,5,14.69729167,12.31303962,0.333333333,0.306666667,0.566666667,0.6,7633.333333,0
MT11,1/1/2025,105.42,9.79,55.29194759,6.83,0.02532125,0.01718,0.016783,0.02029125,0.022799583,0.0162825,0.00216,0.0011,0.0288,0.0023,0,0.001366,5.4275,4.66,14.8996875,12.72059663,0.18,0.11,0.72,0.6,2300,0
MT11,2/1/2025,105.42,9.79,64.26236707,6.77,0.02254875,0.014655,0.014727,0.01590875,0.024497083,0.0157875,0.00121,0.004,0.022,0.0021,0,0.001354,5.2625,3.71,14.1565625,12.23882015,0.6,0.4,0.55,0.7,2100,0
MT11,3/1/2025,105.42,9.79,55.3595496,6.985,0.02349375,0.0163125,0.0158985,0.017685625,0.023435417,0.0143625,0.002225,0.0035,0.0236,0.0033,0,0.001397,4.7875,4.725,13.8921875,11.44297368,0.6,0.7,0.59,0.5,3300,0
MT11,4/1/2025,105.42,9.79,33.19152712,6.9,0.029600625,0.0216975,0.02114,0.0233,0.027184792,0.01580625,0.002495,0.005,0.0266,0.0093,0,0.00138,5.26875,4.995,14.80921875,12.45395058,0.3,0.5,0.665,0.55,9300,0
MT11,5/1/2025,105.42,9.79,50.31200088,6.9,0.01671375,0.010515,0.00989,0.0108,0.02044875,0.0123975,0.00263,0.0025,0.0116,0.0043,0,0.00138,4.1325,5.13,13.0303125,10.18876025,0.25,0.25,0.29,0.8,4300,0
MT11,6/1/2025,105.42,9.79,54.5134816,7.04,0.02930875,0.020605,0.020154,0.0220675,0.028837083,0.0174075,0.00231,0.005,0.0316,0.0023,0,0.001408,5.8025,4.81,15.5840625,13.49885167,0.8,0.5,0.79,0.7,2300,0
MT11,7/1/2025,105.42,9.79,52.43954332,7.52,0.0382525,0.028705,0.028902,0.0317525,0.031739167,0.019095,0.00111,0.007,0.04,0.0093,0,0.001504,6.365,3.61,15.898125,14.44161255,0.5,0.7,1,0.8,9300,0
MT12,11/1/2024,105.92,9.96,53.93261879,7.25,0.02927125,0.020935,0.020458333,0.022239583,0.028477361,0.0166725,0.002403333,0.005333333,0.0288,0.005333333,0,0.00145,5.5575,4.903333333,15.23260417,13.02055144,0.15,0.533333333,0.72,0.466666667,5333.333333,0
MT12,12/1/2024,105.92,9.96,53.14589404,6.85,0.0228325,0.0151,0.014735,0.01741875,0.022359167,0.015465,0.0021,0.0016,0.0256,0.0009,0,0.00137,5.155,4.6,14.426875,12.16278846,0.12,0.16,0.64,0.6,900,0
MT12,1/1/2025,105.92,9.96,55.94928609,7.07,0.0246675,0.015345,0.014657,0.01832125,0.0250075,0.018645,0.00279,0,0.0256,0.0023,0,0.001414,6.215,5.29,16.494375,14.40458544,0.1,,0.64,0.15,2300,0
MT12,2/1/2025,105.92,9.96,65.78862116,7.03,0.023820625,0.0165325,0.015928,0.01866,0.022389792,0.01457625,0.002615,0.002,0.0226,0.00585,0,0.001406,4.85875,5.115,14.20296875,11.64782511,0.9,0.4,0.565,0.45,5850,0
MT12,3/1/2025,105.92,9.96,66.17813368,7.015,0.026709375,0.0194325,0.0190015,0.021251875,0.024288542,0.01455375,0.002265,0.004,0.0268,0.0058,0,0.001403,4.85125,4.765,14.01578125,11.57756266,0.225,0.4,0.67,0.55,5800,0
MT12,4/1/2025,105.92,9.96,78.80929164,6.97,0.0449225,0.0371,0.036347,0.04105875,0.0298025,0.015645,0.0029,0.007,0.06,0.0043,0,0.001394,5.215,5.4,14.924375,12.40962957,0.3,0.7,1.5,0.5,4300,0
MT12,5/1/2025,105.92,9.96,75.95011974,6.96,0.0291125,0.02171,0.021546,0.0213075,0.029779167,0.014805,0.00172,0.009,0.0304,0.0023,0,0.001392,4.935,4.22,13.879375,11.66018443,0.3,0.9,0.76,0.11,2300,0
MT12,6/1/2025,105.92,9.96,44.90984094,7.06,0.0487275,0.04032,0.039856,0.04982,0.0223475,0.016815,0.00234,0,0.076,0.0023,0,0.001412,5.605,4.84,15.278125,13.10615227,,,1.9,0.7,2300,0
MT12,7/1/2025,105.92,9.96,52.22932592,7.62,0.0375475,0.028075,0.028012,0.02939,0.0345275,0.018945,0.00165,0.009,0.044,0.0015,0,0.001524,6.315,4.15,16.086875,14.42611759,0.1,0.9,1.1,0.8,1500,0
MT13,9/1/2024,106.17,10.16,76.22877206,7.37,0.02618875,0.0172375,0.016637,0.01889,0.027565417,0.0179025,0.002675,0.00305,0.0254,0.00335,0,0.001474,5.9675,5.175,16.0346875,13.88841504,0.5,0.305,0.635,0.75,3350,0
MT13,10/1/2024,106.17,10.16,55.31905148,7.15,0.03866375,0.031145,0.030465,0.03308125,0.030132083,0.0150375,0.00279,0.008,0.044,0.0075,0,0.00143,5.0125,5.29,14.5403125,11.9848006,0.2,0.8,1.1,0.6,7500,0
MT13,11/1/2024,106.17,10.16,76.52533245,7.085,0.026418125,0.018485,0.0181585,0.022198125,0.021858958,0.01586625,0.00207,0.0008,0.0308,0.0033,0,0.001417,5.28875,4.57,14.62921875,12.42720405,0.6,0.16,0.77,0.6,3300,0
MT13,12/1/2024,106.17,10.16,54.08731558,7,0.02493125,0.016985,0.01645,0.01653125,0.028947917,0.0158925,0.00247,0.00645,0.0206,0.00445,0,0.0014,5.2975,4.97,14.8434375,12.50786334,0.305,0.645,0.515,0.55,4450,0
MT13,1/1/2025,106.17,10.16,66.11627758,6.835,0.02461375,0.01822,0.0177335,0.018948125,0.023657083,0.0127875,0.00234,0.00515,0.0274,0.00155,0,0.001367,4.2625,4.84,13.0965625,10.40464612,0.27,0.515,0.685,0.45,1550,0
MT13,2/1/2025,106.17,10.16,75.76341418,7.06,0.0282175,0.019405,0.018811,0.02207,0.026290833,0.017625,0.0026,0.00231,0.0296,0.0043,0,0.001412,5.875,5.1,15.846875,13.69045555,0.5,0.231,0.74,0.2,4300,0
MT13,3/1/2025,106.17,10.16,51.59650018,6.76,0.02657625,0.0198,0.018896,0.0226575,0.021294583,0.0135525,0.00316,0.00154,0.034,0.0009,0,0.001352,4.5175,5.66,13.9209375,11.04703736,0.37,0.154,0.85,0.6,900,0
MT13,4/1/2025,106.17,10.16,79.2850335,6.77,0.02631375,0.01788,0.017467,0.02028375,0.025115417,0.0168675,0.00218,0.00248,0.0288,0.0023,0,0.001354,5.6225,4.68,15.2265625,13.11614675,,0.248,0.72,0.5,2300,0
MT13,5/1/2025,106.17,10.16,51.60217302,7.47,0.03095625,0.02199,0.020847,0.02374625,0.029647917,0.0179325,0.00378,0.0037,0.0272,0.0093,0,0.001494,5.9775,6.28,16.6034375,14.08271832,0.24,0.37,0.68,0.7,9300,0
MT13,6/1/2025,106.17,10.16,36.40708441,6.74,0.03146125,0.022825,0.022364,0.02703,0.02452625,0.0172725,0.00227,0.00148,0.0376,0.0043,0,0.001348,5.7575,4.77,15.4909375,13.40199322,0.28,0.148,0.94,0.9,4300,0
MT13,7/1/2025,106.17,10.16,13.97911955,6.88,0.02933625,0.02229,0.022218,0.0264225,0.020734583,0.0140925,0.00152,0.00216,0.0316,0.0093,0,0.001376,4.6975,4.02,13.3934375,11.15073849,0.7,0.216,0.79,0.4,9300,0
N1,12/1/2024,106.06,11.46,43.90276321,8.0775,0.020594688,0.032696875,0.030435875,0.033994063,0.036883438,0.018995625,0.0061375,0.00648125,0.0079,0.001675,0.0432,0.0016155,6.331875,9.1375,20.85804688,15.95558264,0.1328125,0.648125,0.1975,0,1675,54
N1,1/1/2025,106.06,11.46,63.42276426,8.3,0.02221875,0.02145,0.01938,0.018725,0.041227083,0.0207375,0.0058,0.0088,0.008,0.0011,0.0192,0.00166,6.9125,8.3,20.1328125,16.59788383,0.53,0.88,0.2,0,1100,24
N1,2/1/2025,106.06,11.46,64.34242253,8.44,0.0211125,0.02536,0.023144,0.028055,0.030595833,0.018705,0.00612,0.0014,0.0084,0.0076,0.0272,0.001688,6.235,8.62,19.60854167,15.41635298,0.5,0.14,0.21,0,7600,34
N1,3/1/2025,106.06,11.46,49.13066738,7.35,0.01749125,0.04106,0.038035,0.04566875,0.032879583,0.0176625,0.00752,0.003,0.004,0.0028,0.0648,0.00147,5.8875,10.02,21.7021875,15.55514265,0.36,0.3,0.1,0,2800,81
N1,4/1/2025,106.06,11.46,49.87522816,7.28,0.02292375,0.032225,0.029728,0.03166,0.037155417,0.0165975,0.00645,0.0088,0.0048,0.0092,0.0352,0.001456,5.5325,8.95,19.04864583,14.18609106,0.58,0.88,0.12,0,9200,44
N1,5/1/2025,106.06,11.46,51.46974913,7.6,0.019472813,0.021930625,0.020369375,0.023309375,0.027732396,0.015684375,0.0046425,0.00344375,0.0116,0.003575,0.0206,0.00152,5.228125,7.1425,16.88986979,13.04895603,0.5625,0.344375,0.29,0,3575,25.75
N1,6/1/2025,106.06,11.46,28.66364259,8.22,0.020395,0.0325,0.030672,0.035215,0.034171667,0.01899,0.0053,0.005,0.008,0.0035,0.0432,0.001644,6.33,7.8,20.18625,15.74098045,0.5125,0.5,0.2,0,3500,54
N1,7/1/2025,106.06,11.46,65.39137228,7.72,0.017835,0.02728,0.025772,0.029715,0.028081667,0.01551,0.00456,0.004,0.0092,0.0024,0.0344,0.001544,5.17,7.06,17.47291667,13.14557902,0.2875,0.4,0.23,0,2400,43
N2,12/1/2024,106.19,11.317778,63.62589567,7.53,0.02028875,0.019135,0.017328,0.02062875,0.026457083,0.0159075,0.00512,0.00165,0.0144,0.0035,0.0136,0.001506,5.3025,7.62,16.88489583,13.15895045,0.625,0.165,0.36,0,3500,17
N2,1/1/2025,106.19,11.317778,50.80216937,7.8,0.0241125,0.0194,0.01748,0.016225,0.0380625,0.018225,0.0054,0.009,0.0128,0.0028,0.0088,0.00156,6.075,7.9,18.03020833,14.67876997,0.6125,0.9,0.32,0,2800,11
N2,2/1/2025,106.19,11.317778,50.2096369,7.4,0.053,0.0429125,0.0350025,0.0408625,0.049116667,0.020175,0.0173,0.004625,0.0544,0.0095,0,0.00148,6.725,19.8,47.79568123,25.03758866,3.575,0.4625,1.36,0.1675,9500,0
N2,3/1/2025,106.19,11.317778,63.67115423,6.916,0.0479185,0.0375175,0.0129741,0.015002,0.085419833,0.020802,0.05047,0.001945,0.01704,0.00558,0,0.0013832,6.934,26.49275,66.15316723,31.13844238,0.7606,0.1945,0.426,3.986,5580,0
N2,4/1/2025,106.19,11.317778,49.38772861,7.28,0.04773,0.03681,0.013403,0.01566,0.083836667,0.02184,0.04827,0.00175,0.0144,0.0092,0,0.001456,7.28,28.2725,64.31351442,31.07747617,2.18,0.175,0.36,2.77,9200,0
N2,5/1/2025,106.19,11.317778,51.0316262,7.11,0.02978375,0.01911875,0.01227975,0.01382625,0.045345417,0.02133,0.0151,0.0024375,0.0164,0.0043,0,0.001422,7.11,17.6,38.11961078,22.56462509,0.27375,0.24375,0.41,3.55,4300,0
N2,6/1/2025,106.19,11.317778,17.48187995,6.75,0.0775236,0.0673986,0.0111611,0.012701375,0.158754167,0.02025,0.113825,0.002,0.0154222,0.00355,0,0.00135,6.75,42.56125,94.84309147,39.9071852,0.55,0.2,0.385555,3.55,3550,0
N2,7/1/2025,106.19,11.317778,51.50560768,7.08,0.06551,0.05381,0.013458,0.0145725,0.127306667,0.0234,0.08212,0.0036,0.0212,0.0007,0,0.001416,7.8,37.58,113.9859174,47.51712402,0.9875,0.36,0.53,2.1,700,0
N3,12/1/2024,106.201667,11.423333,51.93867293,7.31,0.023736875,0.0179075,0.0158735,0.01507625,0.028949375,0.01165875,0.00553,0.007625,0.01996,0.0027,0,0.001462,3.88625,8.03,17.58673338,11.25583571,1.076875,0.7625,0.499,0.2675,2700,0
N3,1/1/2025,106.201667,11.423333,50.06360292,7.26,0.043170587,0.035682078,0.030651,0.0375325,0.032364703,0.014977019,0.011514155,0.00125,0.054,0.0046,0,0.001452,4.99233975,14.014155,35.97778414,18.71290563,1.2875,0.125,1.35,0.195,4600,0
N3,2/1/2025,106.201667,11.423333,49.12965108,7.63,0.02576978,0.01880228,0.015388,0.01845375,0.02746282,0.013935,0.00835456,0.00125,0.0248,0.0032,0,0.001526,4.645,10.85456,24.10379741,14.44852062,0.5375,0.125,0.62,0.275,3200,0
N3,3/1/2025,106.201667,11.423333,35.18330131,7.26,0.01541125,0.0071875,0.0079135,0.009095,0.02067625,0.0164475,0,0.001275,0.0106,0.0025,0,0.001452,5.4825,5,12.17299107,11.94348237,0.69625,0.1275,0.265,0.1125,2500,0
N3,4/1/2025,106.201667,11.423333,35.21742267,7.24,0.027321065,0.019678565,0.0170365,0.0193425,0.029332485,0.015285,0.00673213,0.003125,0.0272,0.0023,0,0.001448,5.095,9.23213,23.22095512,14.84519707,0.615,0.3125,0.68,0.85,2300,0
N3,5/1/2025,106.201667,11.423333,63.11499246,7.69,0.042485944,0.0348925,0.0329915,0.04053625,0.025260537,0.015186889,0.00534,0.001125,0.06167,0.00165,0,0.001538,5.06229625,7.84,16.98324101,12.82964898,0.223,0.1125,1.54175,0.186875,1650,0
N3,6/1/2025,106.201667,11.423333,35.49042806,7.08,0.010170875,0.0061375,0.0062205,0.00676,0.012765374,0.00806675,0.00125,0.001625,0.0072,0.0022,0,0.001416,2.6889165,3.75,10.3716716,7.185225821,1.8925,0.1625,0.18,0.36125,2200,0
N3,7/1/2025,106.201667,11.423333,52.53013403,7.38,0.030305,0.0218,0.016488,0.0179225,0.038978333,0.01701,0.0121,0.0043,0.026,0.0012,0,0.001476,5.67,14.6,36.39892022,19.86216274,2.1,0.43,0.65,0.7625,1200,0
N4,12/1/2024,106.305,11.22,63.13182806,7.46,0.02540875,0.01675,0.009046,0.0088075,0.044587083,0.0173175,0.0169,0.004,0.0064,0.0062,0,0.001492,5.7725,19.4,39.63117551,21.03490874,1.26,0.4,0.16,0.99,6200,0
N4,1/1/2025,106.305,11.22,62.69074358,7.6,0.02204625,0.01257,0.008443333,0.008075,0.03814125,0.0189525,0.009773333,0.003966667,0.0052,0.0062,0,0.00152,6.3175,12.27333333,24.57634139,17.10624413,0.756666667,0.396666667,0.13,0.433333333,6200,0
N4,2/1/2025,106.305,11.22,62.33538698,7,0.01437875,0.00866,0.0048,0.005375,0.025150417,0.0114375,0.00912,0.001,0.006,0.0012,0,0.0014,3.8125,11.62,25.80994014,13.73764664,0.4,0.1,0.15,0.44,1200,0
N4,3/1/2025,106.305,11.22,50.4117583,7.345,0.027910625,0.02015,0.0189845,0.019730625,0.030008125,0.01552125,0.0038,0.0064,0.0238,0.0063,0,0.001469,5.17375,16.3,34.53695583,18.53078762,0.86,0.64,0.595,0.17,6300,0
N4,4/1/2025,106.305,11.22,63.78365282,7.65,0.0523175,0.044105,0.037265,0.04408125,0.041574167,0.016425,0.01521,0.004,0.0656,0.0034,0,0.00153,5.475,17.71,36.92827622,19.73654673,2.16,0.4,1.64,0.6,3400,0
N4,5/1/2025,106.305,11.22,63.72247342,7.6325,0.021995625,0.03431625,0.03233825,0.037454063,0.030789792,0.01615875,0.0054825,0.00475,0.0116,0.006,0.0408,0.0015265,5.38625,7.9825,18.61890625,13.831237,0.4146875,0.475,0.29,0,6000,51
N4,6/1/2025,106.305,11.22,49.82452644,7.64,0.01706,0.03707,0.035764,0.0422675,0.02709,0.01518,0.00414,0.0039,0.0068,0.0041,0.0552,0.001528,5.06,6.64,18.1675,13.19955233,0.3,0.39,0.17,0,4100,69
N4,7/1/2025,106.305,11.22,64.58177267,7.56,0.0204675,0.01602,0.013956,0.0148825,0.032940833,0.018495,0.00564,0.0041,0.0116,0.0011,0.0096,0.001512,6.165,8.14,18.338125,14.91084332,0.6,0.41,0.29,0,1100,12
N5,12/1/2024,106.305461,11.045828,51.27777632,7.56,0.0184325,0.015685,0.013356,0.01607,0.0278425,0.016695,0.00617,0.001,0.0108,0.0022,0.0112,0.001512,5.565,8.67,17.71145833,13.81328132,0.71,0.1,0.27,0,2200,14
N5,1/1/2025,106.305461,11.045828,35.345062,7.41,0.022375,0.02254,0.019991,0.02423875,0.028291667,0.01647,0.00658,0.0012,0.0192,0.0013,0.0168,0.001482,5.49,9.08,18.08625,13.81893758,0.51,0.12,0.48,0,1300,21
N5,2/1/2025,106.305461,11.045828,51.13514066,7.5575,0.023852813,0.0295275,0.02780575,0.031038438,0.034481563,0.018650625,0.004955,0.00595,0.0161,0.00205,0.03,0.0015115,6.216875,7.455,19.14242188,15.24221725,0.59375,0.595,0.4025,0,2050,37.5
N5,3/1/2025,106.305461,11.045828,63.81750438,7.96,0.0218325,0.03101,0.029246,0.0333075,0.0344925,0.019245,0.00512,0.0052,0.012,0.0021,0.0376,0.001592,6.415,7.62,19.94270833,15.79170187,0.575,0.52,0.3,0,2100,47
N5,4/1/2025,106.305461,11.045828,34.90563295,7.37,0.02610125,0.0318925,0.0299995,0.03492125,0.030102917,0.0164175,0.00526,0.004125,0.0188,0.0076,0.028,0.001474,5.4725,7.76,17.98114583,13.7595526,0.3375,0.4125,0.47,0,7600,35
N5,5/1/2025,106.305461,11.045828,51.37711999,7.16,0.01726875,0.01689,0.015291,0.018145,0.02489375,0.0151575,0.00463,0.00155,0.0104,0.0028,0.0144,0.001432,5.0525,7.13,16.2753125,12.59177412,0.5625,0.155,0.26,0,2800,18
N5,6/1/2025,106.305461,11.045828,22.85450098,7.69,0.02844375,0.0593975,0.0574315,0.06702375,0.03171875,0.0140925,0.00547,0.007625,0.0272,0.0025,0.076,0.001538,4.6975,7.97,19.32677083,13.02127233,0.4125,0.7625,0.68,0,2500,95
N5,7/1/2025,106.305461,11.045828,49.25334138,7.03,0.045175,0.0364525,0.0363405,0.04237875,0.027941667,0.017445,0.00163,0.004875,0.0592,0.0072,0,0.001406,5.815,4.13,11.98216506,12.38207284,1.59375,0.4875,1.48,0.4875,7200,0
N6,12/1/2024,106.394114,10.981075,52.02960131,7.218,0.06123725,0.05041025,0.01616805,0.01725225,0.112366917,0.021654,0.069928,0.0047325,0.02176,0.0044,0,0.0014436,7.218,33.58625,81.96094746,36.54797965,0.4544,0.47325,0.544,6.018,4400,0
N6,1/1/2025,106.394114,10.981075,43.61093303,7.52,0.05078,0.0395,0.015327,0.01744,0.087686667,0.02256,0.04985,0.00275,0.0188,0.0076,0,0.001504,7.52,29.0575,64.38751452,31.46080534,0.76375,0.275,0.47,5.52,7600,0
N6,2/1/2025,106.394114,10.981075,44.7301676,6.94,0.0627225,0.0523125,0.0068065,0.005305,0.138069167,0.02082,0.0924,0.005125,0.006,0.0011,0,0.001388,6.94,38.7525,88.44501879,38.17513833,0.4375,0.5125,0.15,5.75,1100,0
N6,3/1/2025,106.394114,10.981075,60.64754202,7.28,0.0383987,0.0274787,0.0107067,0.0105865,0.071534167,0.02184,0.035,0.004475,0.0076824,0.0078,0,0.001456,7.28,24.955,57.51633568,28.93460772,0.58,0.4475,0.19206,4.55,7800,0
N6,4/1/2025,106.394114,10.981075,64.93426754,7.23,0.065755,0.05491,0.031573,0.03421625,0.091245,0.02169,0.04812,0.0084,0.052,0.0013,0,0.001446,7.23,28.15375,65.97763398,31.52710403,0.11125,0.84,1.3,3.6,1300,0
N6,5/1/2025,106.394114,10.981075,57.07561955,7.07,0.022578125,0.01506125,0.01265575,0.01460875,0.027062292,0.01503375,0.006225,0.0019375,0.01846,0.0035,0,0.001414,5.01125,8.725,20.12296572,13.74290455,0.375625,0.19375,0.4615,0.285,3500,0
N6,6/1/2025,106.394114,10.981075,18.96172453,8,0.047910246,0.03826,0.0344,0.0405,0.038057241,0.019300493,0.00932,0.004,0.0608,0.0024,0,0.0016,6.4334975,11.82,30.86988517,19.26433363,1.1125,0.4,1.52,0.2625,2400,0
N6,7/1/2025,106.394114,10.981075,55.03466329,7.05,0.032090665,0.022955665,0.019405,0.02206875,0.035328218,0.01827,0.00851133,0.0035,0.0296,0.0043,0,0.00141,6.09,11.01133,27.31950233,17.62979897,0.85625,0.35,0.74,0.3375,4300,0
OX01,8/1/2024,105.639204,10.080774,62.24473887,7.17,0.02531625,0.017025,0.017742,0.01858375,0.026054583,0.0165825,0,0.00575,0.026,0.0023,0,0.001434,5.5275,12.17,29.89122807,17.5968074,0.425,0.575,0.65,0.4625,2300,0
OX01,9/1/2024,105.639204,10.080774,64.91419934,7.46,0.029502356,0.019752356,0.0167335,0.0163075,0.040138831,0.0195,0.007529712,0.007375,0.0224,0.0022,0,0.001492,6.5,10.029712,22.54497948,16.73959,0.4475,0.7375,0.56,0.375,2200,0
OX01,10/1/2024,105.639204,10.080774,64.61533118,7.165,0.026365093,0.01831,0.0150665,0.014770625,0.035618549,0.016110185,0.00792,0.0065,0.01935,0.00285,0,0.001433,5.37006175,10.42,23.73557972,15.42002948,1.00525,0.65,0.48375,0.34375,2850,0
OX01,11/1/2024,105.639204,10.080774,64.50022806,7.48,0.016605176,0.008479331,0.006298,0.0047475,0.031628744,0.01625169,0.005858662,0.005,0.005,0.0011,0,0.001496,5.41723,8.358662,22.64513326,15.14700933,0.44625,0.5,0.125,0.3125,1100,0
OX01,12/1/2024,105.639204,10.080774,54.26171621,7.26,0.03268125,0.02385,0.018526,0.0224075,0.036122917,0.0176625,0.0121,0.0012,0.0252,0.0092,0,0.001452,5.8875,14.6,33.83050634,19.3786984,1.66,0.12,0.63,0.13,9200,0
OX01,1/1/2025,105.639204,10.080774,53.56548202,7.15,0.03541875,0.0261,0.023565,0.02626875,0.035277083,0.0186375,0.0065,0.0051,0.0344,0.0062,0,0.00143,6.2125,9,19.98553389,15.50145299,0.58,0.51,0.86,0.7,6200,0
OX01,2/1/2025,105.639204,10.080774,33.99446155,7.26,0.024805,0.01537,0.012209333,0.01347,0.034428333,0.01887,0.007773333,0.002866667,0.015466667,0.004633333,0,0.001452,6.29,10.27333333,25.23322691,17.27208289,1.386666667,0.286666667,0.386666667,0.23,4633.333333,0
OX01,3/1/2025,105.639204,10.080774,65.28838669,7.18,0.021775,0.012895,0.007368,0.0075225,0.038441667,0.01776,0.01249,0.0027,0.0048,0.0058,0,0.001436,5.92,14.99,36.77660227,20.35623022,0.7,0.27,0.12,0.16,5800,0
OX01,4/1/2025,105.639204,10.080774,35.19442813,7.135,0.0286625,0.0203,0.0160385,0.016329375,0.0380625,0.016725,0.00995,0.00595,0.0208,0.0039,0,0.001427,5.575,12.45,34.34476751,19.07207362,0.88,0.595,0.52,0.29,3900,0
OX01,5/1/2025,105.639204,10.080774,44.42660513,7.23,0.02790625,0.019255,0.019373,0.02234125,0.025097917,0.0173025,0.00121,0.003,0.0248,0.0095,0,0.001446,5.7675,3.71,8.543511262,11.22675796,1.14,0.3,0.62,0.1,9500,0
OX01,6/1/2025,105.639204,10.080774,51.87957107,7.4875,0.02278125,0.03190625,0.02958,0.034560938,0.02935625,0.01515,0.00615,0.0038625,0.0169,0.0035,0.0334,0.0014975,5.05,8.65,18.02083333,13.13831442,0.4878125,0.38625,0.4225,0,3500,41.75
OX01,7/1/2025,105.639204,10.080774,51.11530965,7.52,0.0195225,0.017515,0.016002,0.018565,0.024785833,0.014415,0.00453,0.0023,0.0144,0.0034,0.0104,0.001504,4.805,7.03,15.61479167,12.0122893,0.47,0.23,0.36,0,3400,13
OX02,8/1/2024,105.661594,9.989848,76.53675498,7.67,0.027645,0.04105,0.038667,0.04320875,0.039771667,0.01959,0.0063,0.0082,0.0136,0.0076,0.0464,0.001534,6.53,8.8,21.17791667,16.35361181,0.5,0.82,0.34,0,7600,58
OX02,9/1/2024,105.661594,9.989848,73.47710335,7.42,0.02587625,0.0245,0.022142,0.023865,0.03436125,0.0171525,0.0062,0.0061,0.018,0.0043,0.0144,0.001484,5.7175,8.7,18.1409375,14.17742828,0.32,0.61,0.45,0,4300,18
OX02,10/1/2024,105.661594,9.989848,66.07107123,7.48,0.02178375,0.024385,0.021698,0.02531,0.031462083,0.0171975,0.00687,0.0029,0.0148,0.0018,0.0224,0.001496,5.7325,9.37,18.91697917,14.44458202,0.44,0.29,0.37,0,1800,28
OX02,11/1/2024,105.661594,9.989848,76.90303212,7.26,0.021342813,0.033524375,0.031972875,0.0377825,0.030199896,0.017836875,0.004555,0.00349375,0.0125,0.0043,0.0422,0.001452,5.945625,7.055,19.13705729,14.83365102,0.56875,0.349375,0.3125,0,4300,52.75
OX02,12/1/2024,105.661594,9.989848,85.31417858,7.14,0.0225775,0.03135,0.030014,0.03283,0.031330833,0.015255,0.0041,0.0075,0.014,0.0043,0.0328,0.001428,5.085,6.6,17.02145833,12.87575294,0.1625,0.75,0.35,0,4300,41
OX02,1/1/2025,105.661594,9.989848,51.41554701,708,0.02046,0.048575,0.117325,0.144,0.030006667,0.01737,0.0041,0.00425,0.0128,0.0024,0.0736,0.1416,5.79,6.6,20.29208333,14.96434531,0.3625,0.425,0.32,0,2400,92
OX02,2/1/2025,105.661594,9.989848,42.81282541,6.71,0.02165625,0.02509,0.023371,0.02452625,0.029647917,0.0131325,0.00478,0.0075,0.0144,0.0035,0.02,0.001342,4.3775,7.28,15.54510417,11.34906972,0.1625,0.75,0.36,0,3500,25
OX02,3/1/2025,105.661594,9.989848,37.61823811,7.52,0.02399,0.040695,0.038827,0.043065,0.037076667,0.01779,0.00524,0.00875,0.0108,0.0054,0.0512,0.001504,5.93,7.74,19.92291667,15.05796238,0.45125,0.875,0.27,0,5400,64
OX02,4/1/2025,105.661594,9.989848,40.49559025,7.08,0.03254375,0.0225875,0.0163705,0.0193225,0.04151875,0.0199125,0.01385,0.001825,0.0252,0.0043,0,0.001416,6.6375,16.35,40.04621956,22.46325491,1.33375,0.1825,0.63,0.5375,4300,0
OX02,5/1/2025,105.661594,9.989848,63.43282722,7.064,0.05692375,0.04630075,0.01294115,0.0140405,0.108261417,0.021246,0.068132,0.0034175,0.018352,0.0027,0,0.0014128,7.082,32.91625,77.24024172,34.85573699,0.7953,0.34175,0.4588,5.114,2700,0
OX02,6/1/2025,105.661594,9.989848,38.09181649,7.29,0.056735,0.0458,0.024229,0.02559875,0.086298333,0.02187,0.0446,0.0075,0.0352,0.0043,0,0.001458,7.29,27.37125,74.48541055,34.29925301,0.9375,0.75,0.88,5.71,4300,0
OX02,7/1/2025,105.661594,9.989848,36.23585935,6.71,0.0579275,0.0478625,0.0069835,0.00802625,0.1217475,0.02013,0.0831,0.001125,0.008,0.0035,0,0.001342,6.71,36.05375,89.74719985,38.240662,0.34,0.1125,0.2,4.85,3500,0
OX03,8/1/2024,105.629671,9.93044,77.08488478,6.83,0.05920044,0.04895544,0.00968844,0.008024613,0.12474875,0.02049,0.0799,0.0065375,0.00552338,0.00595,0,0.001366,6.83,35.44875,84.84369533,36.87479046,0.44,0.65375,0.1380845,4.075,5950,0
OX03,9/1/2024,105.629671,9.93044,76.25695022,6.85,0.069215,0.05894,0.026885,0.02910625,0.108768333,0.02055,0.06548,0.0072,0.038,0.0072,0,0.00137,6.85,31.87625,71.43754689,32.67838805,0.47,0.72,0.95,5.3,7200,0
OX03,10/1/2024,105.629671,9.93044,64.97169273,7.14,0.034959375,0.0267525,0.0258765,0.02892375,0.029246875,0.01641375,0.00318,0.005475,0.0403,0.00455,0,0.001428,5.47125,5.68,13.63399103,12.38720004,0.79875,0.5475,1.0075,0.49,4550,0
OX03,11/1/2024,105.629671,9.93044,76.05884466,7.44,0.046375795,0.037489736,0.033994,0.03718,0.040543521,0.017772118,0.008479472,0.0085,0.0504,0.0076,0,0.001488,5.92403925,10.979472,20.91589416,15.36206586,0.9125,0.85,1.26,0.1375,7600,0
OX03,12/1/2024,105.629671,9.93044,74.86541045,7.44,0.03968141,0.02975891,0.029944,0.03618,0.026789957,0.019845,0.00111782,0.002,0.048,0.0084,0,0.001488,6.615,3.61782,8.326775797,12.42968026,1.81875,0.2,1.2,0.175,8400,0
OX03,1/1/2025,105.629671,9.93044,44.19351538,6.93,0.0226025,0.0128375,0.0135305,0.01355375,0.029055833,0.01953,0,0.005375,0.0151,0.0052,0,0.001386,6.51,15.26,36.0152253,21.00119965,0.6125,0.5375,0.3775,0.4125,5200,0
OX03,2/1/2025,105.629671,9.93044,52.47065488,7,0.0502519,0.0406519,0.036375,0.043125,0.038387766,0.0192,0.009953799,0.00375,0.06,0.0076,0,0.0014,6.4,12.453799,28.17954762,18.36593557,0.87875,0.375,1.5,0.3875,7600,0
OX03,3/1/2025,105.629671,9.93044,51.20243126,7.195,0.021574279,0.01389875,0.01318825,0.013711875,0.026423319,0.015351059,0.00286,0.0044375,0.01585,0.00465,0,0.001439,5.117019625,5.36,11.10732556,11.05930168,1.493,0.44375,0.39625,0.35625,4650,0
OX03,4/1/2025,105.629671,9.93044,46.21063976,7.33,0.02953324,0.020245,0.016708,0.01885375,0.03542756,0.01857648,0.00854,0.00325,0.027,0.0017,0,0.001466,6.19216,11.04,25.56397727,17.22959475,0.35,0.325,0.675,0.175,1700,0
OX03,5/1/2025,105.629671,9.93044,65.52868536,7.39,0.02690125,0.0172,0.014239,0.01629875,0.034069583,0.0194025,0.0074,0.0024,0.0192,0.0054,0,0.001478,6.4675,9.9,26.10221208,17.81228786,1,0.24,0.48,0.475,5400,0
OX03,6/1/2025,105.629671,9.93044,36.6481662,6.63,0.045135,0.03555,0.030263,0.03626625,0.039165,0.01917,0.0119,0.0025,0.0488,0.0079,0,0.001326,6.39,14.4,32.87019635,19.82970251,0.74,0.25,1.22,0.84,7900,0
OX03,7/1/2025,105.629671,9.93044,43.32807532,7.396666667,0.02254,0.01272,0.010456333,0.01140375,0.033032222,0.01964,0.006006667,0.002666667,0.0104,0.006366667,0,0.001479333,6.546666667,8.506666667,22.74091011,16.8713588,0.796666667,0.266666667,0.26,0.386666667,6366.666667,0
OX04,8/1/2024,105.571151,9.93304,76.42194652,7.07,0.03222625,0.021835,0.016557,0.01813375,0.042994583,0.0207825,0.01197,0.0041,0.02,0.0076,0,0.001414,6.9275,14.47,37.31825789,22.03824177,1.47,0.41,0.5,0.2,7600,0
OX04,9/1/2024,105.571151,9.93304,64.91746178,7.435,0.022483125,0.014025,0.0092935,0.010866875,0.033910625,0.01691625,0.01095,0.0012,0.0088,0.0071,0,0.001487,5.63875,13.45,37.4709229,20.15324571,0.2,0.12,0.22,0.56,7100,0
OX04,10/1/2024,105.571151,9.93304,64.65278772,7.49,0.0311525,0.021605,0.013749,0.01643625,0.043755833,0.019095,0.01721,0.0012,0.0164,0.0084,0,0.001498,6.365,19.71,42.08708834,22.69790616,0.83,0.12,0.41,0.15,8400,0
OX04,11/1/2024,105.571151,9.93304,77.17163606,7.68,0.02171,0.012395,0.009218,0.0065225,0.040273333,0.01863,0.00789,0.008,0.0044,0.0045,0,0.001536,6.21,10.39,22.1602034,16.18328606,0.48,0.8,0.11,0.34,4500,0
OX04,12/1/2024,105.571151,9.93304,64.44898799,7.145,0.0224825,0.0255875,0.0240145,0.0271275,0.029388333,0.01599,0.004575,0.004625,0.0138,0.005975,0.0222,0.001429,5.33,7.075,17.105,13.26959016,0.2659375,0.4625,0.345,0,5975,27.75
OX04,1/1/2025,105.571151,9.93304,64.45894321,7.13,0.02146125,0.0318,0.029963,0.03351625,0.03397625,0.0177225,0.0051,0.0063,0.012,0.0018,0.0384,0.001426,5.9075,7.6,19.1496875,14.7804453,0.1225,0.63,0.3,0,1800,48
OX04,2/1/2025,105.571151,9.93304,35.25706939,7.17,0.02328875,0.0359,0.034292,0.04083375,0.030190417,0.0179775,0.00465,0.00325,0.0112,0.0095,0.0432,0.001434,5.9925,7.15,19.3128125,14.95937185,0.2625,0.325,0.28,0,9500,54
OX04,3/1/2025,105.571151,9.93304,64.93277982,6.79,0.02362,0.0210925,0.0191415,0.02072375,0.029213333,0.014655,0.00526,0.005125,0.0168,0.0054,0.0096,0.001358,4.885,7.76,16.068125,12.27520649,0.475,0.5125,0.42,0,5400,12
OX04,4/1/2025,105.571151,9.93304,54.73234094,7.87,0.02861125,0.05096,0.049162,0.05973375,0.03082625,0.0185025,0.00517,0.00275,0.0216,0.0092,0.0632,0.001574,6.1675,7.67,20.89885417,15.72188498,0.45,0.275,0.54,0,9200,79
OX04,5/1/2025,105.571151,9.93304,63.46752846,7.16,0.0308375,0.021875,0.018516,0.019395,0.037420833,0.017925,0.00815,0.006,0.0212,0.0084,0,0.001432,5.975,10.65,23.02151228,16.10232102,1.41625,0.6,0.53,0.5125,8400,0
OX04,6/1/2025,105.571151,9.93304,50.84392373,7.08,0.0639895,0.0529645,0.0132055,0.0138975,0.125018833,0.02205,0.080934,0.004175,0.01712,0.0037,0,0.001416,7.35,36.55225,88.96934599,38.95543695,0.68425,0.4175,0.428,5.066,3700,0
OX04,7/1/2025,105.571151,9.93304,65.36719251,7.44,0.053995,0.042835,0.019394,0.02268,0.085388333,0.02232,0.04837,0.0025,0.0256,0.0092,0,0.001488,7.44,28.5575,67.77881796,32.40994261,0.896,0.25,0.64,5.82,9200,0
OX05,8/1/2024,105.557149,9.976598,78.87445068,7.01,0.03585,0.0252,0.006551,0.00631375,0.0735,0.0213,0.0387,0.003,0.0044,0.0043,0,0.001402,7.1,25.5875,61.690667,29.9806012,1.175,0.3,0.11,3.5,4300,0
OX05,9/1/2024,105.557149,9.976598,63.74739903,6.84,0.0485949,0.0383349,0.0091814,0.009179875,0.097848333,0.02052,0.059675,0.003675,0.0088698,0.00445,0,0.001368,6.84,30.40875,79.65938329,35.25539196,1.245,0.3675,0.221745,3.625,4450,0
OX05,10/1/2024,105.557149,9.976598,63.89490952,6.98,0.07593,0.06546,0.024998,0.02731,0.12782,0.02094,0.08232,0.0063,0.0328,0.0095,0,0.001396,6.98,36.2975,95.89053569,40.58240091,0.5425,0.63,0.82,3.5,9500,0
OX05,11/1/2024,105.557149,9.976598,75.07139119,7.02,0.031975,0.02408875,0.02291575,0.02555875,0.028536667,0.0157725,0.00375,0.0049375,0.03374,0.00575,0,0.001404,5.2575,6.25,14.19865799,12.24459111,0.443125,0.49375,0.8435,0.345,5750,0
OX05,12/1/2024,105.557149,9.976598,63.40130451,7.56,0.054167685,0.046345,0.042481,0.04982,0.035157932,0.015645371,0.00924,0.00525,0.0728,0.0054,0,0.001512,5.2151235,11.74,30.72103786,17.38984725,1.17,0.525,1.82,0.45,5400,0
OX05,1/1/2025,105.557149,9.976598,63.83513369,7.27,0.025451958,0.015109458,0.01249575,0.01484625,0.033371235,0.020685,0.006681416,0.0012375,0.0128,0.0095,0,0.001454,6.895,9.181416,20.17001044,16.58336079,0.27375,0.12375,0.32,0.425,9500,0
OX05,2/1/2025,105.557149,9.976598,51.38337694,6.55,0.02065375,0.010975,0.01163,0.01375625,0.024042083,0.0193575,0,0.00125,0.0146,0.0061,0,0.00131,6.4525,17.9,54.40664548,26.71300141,0.42125,0.125,0.365,0.2375,6100,0
OX05,3/1/2025,105.557149,9.976598,51.76247427,6.93,0.031721596,0.023644096,0.019843,0.02230375,0.034000391,0.016155,0.008988192,0.004,0.0336,0.0007,0,0.001386,5.385,11.488192,30.23094356,17.4901556,0.62375,0.4,0.84,0.225,700,0
OX05,4/1/2025,105.557149,9.976598,55.89731186,7.045,0.024287786,0.016778125,0.014022625,0.014868125,0.030561501,0.015019322,0.00692,0.00425625,0.01763,0.00475,0,0.001409,5.00644075,9.42,25.22493887,15.34413113,0.758875,0.425625,0.44075,0.565,4750,0
OX05,5/1/2025,105.557149,9.976598,63.83096564,7.35,0.017630137,0.011498887,0.008585,0.00979375,0.024570319,0.0122625,0.007297773,0.0015,0.006,0.0082,0,0.00147,4.0875,9.797773,22.4598405,13.09399921,0.3,0.15,0.15,0.35,8200,0
OX05,6/1/2025,105.557149,9.976598,51.37905261,7,0.0229625,0.0137,0.0101,0.009625,0.037245833,0.018525,0.0086,0.0048,0.0068,0.0072,0,0.0014,6.175,11.1,22.98404478,16.39050907,1.17,0.48,0.17,0.325,7200,0
OX05,7/1/2025,105.557149,9.976598,43.39509904,7.74,0.0316325,0.02225,0.020274,0.0215925,0.035309167,0.018765,0.0055,0.006,0.0272,0.0058,0,0.001548,6.255,8,20.54206349,15.74065369,0.47,0.6,0.68,0.79,5800,0
OX06,8/1/2024,105.514058,9.876734,63.78729541,7.09,0.023858333,0.015803333,0.012075667,0.010782083,0.037197222,0.01611,0.008873333,0.0069,0.009733333,0.0061,0,0.001418,5.37,11.37333333,31.18508912,17.76845811,0.356666667,0.69,0.243333333,0.453333333,6100,0
OX06,9/1/2024,105.514058,9.876734,63.43203362,7.23,0.03337375,0.0229,0.015173,0.01659125,0.04858875,0.0209475,0.0169,0.0038,0.0172,0.0079,0,0.001446,6.9825,19.4,43.8309127,24.17391163,1.47,0.38,0.43,0.25,7900,0
OX06,10/1/2024,105.514058,9.876734,63.8448708,7.59,0.026426875,0.01705,0.015784,0.0165425,0.032554375,0.01875375,0.00405,0.0051,0.0212,0.00375,0,0.001518,6.25125,6.55,15.32519332,14.09036596,1.18,0.51,0.53,0.55,3750,0
OX06,11/1/2024,105.514058,9.876734,63.65053511,7.64,0.02510125,0.016825,0.014114,0.0157675,0.030919583,0.0165525,0.00695,0.003,0.0212,0.0025,0,0.001528,5.5175,9.45,22.09118832,15.12277847,1.63,0.3,0.53,0.1,2500,0
OX06,12/1/2024,105.514058,9.876734,50.68669428,7.1125,0.023475625,0.032814375,0.031058125,0.036607813,0.031268125,0.0183225,0.004935,0.00354375,0.0184,0.00175,0.037,0.0014225,6.1075,7.435,19.31927083,15.13390789,0.3384375,0.354375,0.46,0,1750,46.25
OX06,1/1/2025,105.514058,9.876734,63.94256326,7.16,0.0272325,0.039385,0.037366,0.0417075,0.0358925,0.017295,0.00547,0.008,0.0216,0.0021,0.0416,0.001432,5.765,7.97,19.26979167,14.60455916,0.15,0.8,0.54,0,2100,52
OX06,2/1/2025,105.514058,9.876734,51.12757122,7.19,0.02459125,0.04151,0.039669,0.04646125,0.032062917,0.0173625,0.00512,0.005,0.0204,0.0013,0.0512,0.001438,5.7875,7.62,19.63135417,14.75229482,0.375,0.5,0.51,0,1300,64
OX06,3/1/2025,105.514058,9.876734,51.42690606,6.42,0.0216675,0.03535,0.033292,0.03849,0.025940833,0.011835,0.0054,0.005,0.02,0.0011,0.0392,0.001284,3.945,7.9,16.15229167,10.89174075,0.9125,0.5,0.5,0,1100,49
OX06,4/1/2025,105.514058,9.876734,64.0875118,7.71,0.02480875,0.0209925,0.0192835,0.02121375,0.03315375,0.0188325,0.00496,0.004625,0.0188,0.0024,0.0112,0.001542,6.2775,7.46,18.26427083,15.05631016,0.45,0.4625,0.47,0,2400,14
OX06,5/1/2025,105.514058,9.876734,51.67219663,7.024,0.0575185,0.0469825,0.0140399,0.0152155,0.1074465,0.021072,0.06729,0.003735,0.01992,0.00302,0,0.0014048,7.024,32.6115,80.25097244,35.71789547,0.38255,0.3735,0.498,4.516,3020,0
OX06,6/1/2025,105.514058,9.876734,51.35872373,7.28,0.0527325,0.0418125,0.0151155,0.0177225,0.091659167,0.02184,0.05485,0.001875,0.0188,0.0081,0,0.001456,7.28,29.9175,70.99043394,33.18243188,0.4875,0.1875,0.47,4.93,8100,0
OX06,7/1/2025,105.514058,9.876734,34.57407203,6.66,0.04374,0.03375,0.011316,0.01102,0.083043333,0.01998,0.0462,0.005,0.0068,0.0095,0,0.001332,6.66,26.7475,68.11911489,31.34722411,0.18125,0.5,0.17,4.15,9500,0
OX07,8/1/2024,105.458364,9.820056,63.50168286,6.49,0.03387975,0.02414475,0.00589125,0.006075,0.069227083,0.01947,0.037805,0.0020625,0.006322,0.0021,0,0.001298,6.49,24.3725,54.22419634,26.71173277,0.205,0.20625,0.15805,3.9,2100,0
OX07,9/1/2024,105.458364,9.820056,63.51856657,6.76,0.06861,0.05847,0.011076,0.013095,0.137223333,0.02028,0.09614,0.0012,0.0104,0.0092,0,0.001352,6.76,39.395,102.750865,42.41517812,0.44625,0.12,0.26,5.5,9200,0
OX07,10/1/2024,105.458364,9.820056,63.84475485,6.905,0.026518125,0.01832625,0.01565675,0.018500625,0.028952292,0.01638375,0.00672,0.0017125,0.02342,0.0048,0,0.001381,5.46125,9.22,21.17058053,14.74817403,0.5425,0.17125,0.5855,0.625,4800,0
OX07,11/1/2024,105.458364,9.820056,74.6975715,7.58,0.019693685,0.010311695,0.008283,0.00926,0.030435265,0.01876398,0.00557339,0.00175,0.0112,0.0021,0,0.001516,6.25466,8.07339,17.91388529,14.91158814,0.275,0.175,0.28,0.225,2100,0
OX07,12/1/2024,105.458364,9.820056,50.58326413,7.56,0.03037296,0.02034921,0.017006,0.01532,0.044036907,0.0200475,0.00819842,0.0095,0.0168,0.0062,0,0.001512,6.6825,10.69842,27.37567598,18.53625819,0.575,0.95,0.42,0.15,6200,0
OX07,1/1/2025,105.458364,9.820056,50.96161726,6.59,0.015745,0.0064,0.007059,0.00663625,0.025888333,0.01869,0,0.0035,0.0048,0.0045,0,0.001318,6.23,13.28,32.23150656,19.38835011,0.83125,0.35,0.12,0.25,4500,0
OX07,2/1/2025,105.458364,9.820056,51.29608592,6.7,0.043344132,0.034835382,0.0297575,0.0350875,0.037202974,0.0170175,0.011495763,0.003375,0.05,0.0048,0,0.00134,5.6725,13.995763,46.72236121,23.12046539,0.885,0.3375,1.25,0.15,4800,0
OX07,3/1/2025,105.458364,9.820056,63.80013943,7.1,0.026220561,0.01636,0.01342,0.0154625,0.033974641,0.019721121,0.0073,0.0021,0.02032,0.003,0,0.00142,6.573707,9.8,21.13741127,16.40640264,0.671875,0.21,0.508,0.30625,3000,0
OX07,4/1/2025,105.458364,9.820056,52.56006818,7.35,0.01899,0.0118575,0.0081225,0.00648125,0.033926667,0.014265,0.00894,0.005875,0.0065,0.0024,0,0.00147,4.755,11.44,29.96108025,16.46007889,0.375,0.5875,0.1625,0.175,2400,0
OX07,5/1/2025,105.458364,9.820056,51.13721931,7.22,0.0223825,0.0145,0.011172,0.011215,0.032975833,0.015765,0.0081,0.0044,0.0084,0.0081,0,0.001444,5.255,10.6,30.94025227,17.51877121,1.56,0.44,0.21,0.13,8100,0
OX07,6/1/2025,105.458364,9.820056,50.81105526,7.37,0.0285525,0.01905,0.019237,0.02104625,0.029055833,0.019005,0.0011,0.0048,0.03,0.0022,0,0.001474,6.335,3.6,9.809110169,12.47699879,0.8,0.48,0.75,0.83,2200,0
OX07,7/1/2025,105.458364,9.820056,51.02415293,7.003333333,0.027416667,0.018126667,0.015933667,0.017562917,0.032822222,0.01858,0.005786667,0.003766667,0.021866667,0.004833333,0,0.001400667,6.193333333,8.286666667,21.35942413,15.90583359,0.556666667,0.376666667,0.546666667,0.496666667,4833.333333,0
OX08,8/1/2024,105.374179,9.772157,51.18920801,7.06,0.0236175,0.01566,0.011456,0.01207,0.034224167,0.015915,0.00982,0.0036,0.0148,0.0031,0,0.001412,5.305,12.32,31.7399322,17.84587711,0.45,0.36,0.37,0.11,3100,0
OX08,9/1/2024,105.374179,9.772157,63.71634699,7.39,0.032438125,0.022675,0.020739,0.02279875,0.034855625,0.01952625,0.00535,0.005,0.0296,0.0054,0,0.001478,6.50875,7.85,17.83096378,15.26658142,0.53,0.5,0.74,0.545,5400,0
OX08,10/1/2024,105.374179,9.772157,54.4229542,7.22,0.03141875,0.02285,0.019522,0.0200275,0.037610417,0.0171375,0.0081,0.007,0.0284,0.0022,0,0.001444,5.7125,10.6,25.95191298,16.63240479,1.71,0.7,0.71,0.9,2200,0
OX08,11/1/2024,105.374179,9.772157,74.60014786,7.06,0.0246675,0.024701875,0.022777875,0.025335625,0.033145,0.01813125,0.00526,0.00501875,0.0176,0.003325,0.0182,0.001412,6.04375,7.76,18.39901042,14.74816296,0.336875,0.501875,0.44,0,3325,22.75
OX08,12/1/2024,105.374179,9.772157,63.59630208,6.84,0.018215,0.03585,0.034384,0.03948,0.030135,0.01593,0.0043,0.0056,0.0084,0.0022,0.0512,0.001368,5.31,6.8,18.44541667,13.66216793,0.4875,0.56,0.21,0,2200,64
OX08,1/1/2025,105.374179,9.772157,63.46662742,7.03,0.02394375,0.02015,0.018428,0.02069125,0.029152083,0.0163875,0.00485,0.00375,0.0208,0.0021,0.0088,0.001406,5.4625,7.35,16.75989583,13.35954314,0.3375,0.375,0.52,0,2100,11
OX08,2/1/2025,105.374179,9.772157,50.61077663,5.32,0.024575,0.0257175,0.0237695,0.025415,0.034475,0.017715,0.00496,0.006875,0.0172,0.0024,0.02,0.001064,5.905,7.46,18.11729167,14.45122373,0.8625,0.6875,0.43,0,2400,25
OX08,3/1/2025,105.374179,9.772157,63.86349475,7.26,0.029295,0.045985,0.044301,0.0517825,0.033121667,0.01782,0.00482,0.00575,0.0248,0.0054,0.0512,0.001452,5.94,7.32,19.72916667,15.01188104,0.9625,0.575,0.62,0,5400,64
OX08,4/1/2025,105.374179,9.772157,51.49578019,6.666,0.053359,0.04336,0.0147136,0.01644825,0.095356333,0.019998,0.058626,0.00311,0.020384,0.0046,0,0.0013332,6.666,29.86375,69.33886033,31.74075925,1.0636,0.311,0.5096,5.056,4600,0
OX08,5/1/2025,105.374179,9.772157,63.93616258,7.31,0.0428775,0.0319125,0.0138435,0.01628875,0.0713475,0.02193,0.0376,0.001625,0.022,0.0026,0,0.001462,7.31,25.65375,65.87134766,31.61359636,0.33,0.1625,0.55,4.73,2600,0
OX08,6/1/2025,105.374179,9.772157,50.9389988,6.92,0.06158,0.0512,0.021192,0.0255525,0.097603333,0.02076,0.0614,0.0015,0.0384,0.0011,0,0.001384,6.92,30.97,73.69337842,33.49455814,0.4175,0.15,0.96,4.85,1100,0
OX08,7/1/2025,105.374179,9.772157,51.05214806,6.57,0.0536097,0.0437547,0.0073792,0.006458375,0.114566667,0.01971,0.074065,0.004425,0.0061694,0.00285,0,0.001314,6.57,33.5675,82.75614285,35.82667177,0.36,0.4425,0.154235,4.55,2850,0
OX09,8/1/2024,105.477978,9.886004,51.8168377,6.68,0.073895,0.063875,0.023418,0.025585,0.126221667,0.02004,0.08225,0.0059,0.0332,0.0064,0,0.001336,6.68,35.7925,89.72389975,38.18831644,0.145,0.59,0.83,5.1,6400,0
OX09,9/1/2024,105.477978,9.886004,63.5117962,7.26,0.023518125,0.014776875,0.012545375,0.0144325,0.029628958,0.0174825,0.005915,0.00199875,0.01994,0.0017,0,0.001452,5.8275,8.415,18.86889258,14.57192231,0.254375,0.199875,0.4985,0.315,1700,0
OX09,10/1/2024,105.477978,9.886004,63.71650174,7.8,0.020140131,0.010564885,0.00798,0.008975,0.032060306,0.019150493,0.00672977,0.0016,0.0124,0.0004,0,0.00156,6.3834975,9.22977,20.18660053,15.82133721,0.17,0.16,0.31,0.425,400,0
OX09,11/1/2024,105.477978,9.886004,74.64117581,7.27,0.032701085,0.023337335,0.019227,0.02190875,0.037102532,0.0187275,0.00967467,0.0034,0.0252,0.0084,0,0.001454,6.2425,12.17467,28.8371778,18.33700908,0.6625,0.34,0.63,0.5125,8400,0
OX09,12/1/2024,105.477978,9.886004,63.60553178,6.86,0.02628,0.01635,0.017036,0.017545,0.03017,0.01986,0,0.006,0.02,0.0067,0,0.001372,6.62,11.04,22.04317982,16.76139339,0.9375,0.6,0.5,0.3875,6700,0
OX09,1/1/2025,105.477978,9.886004,51.01967289,6.95,0.048574596,0.039645846,0.0356575,0.04361875,0.033540723,0.0178575,0.009366691,0.001525,0.06,0.0084,0,0.00139,5.9525,11.866691,27.12071668,17.3608801,0.7525,0.1525,1.5,0.2375,8400,0
OX09,2/1/2025,105.477978,9.886004,51.42566574,7.09,0.019514067,0.01115625,0.00864025,0.009276875,0.029870323,0.016715634,0.00645,0.0024375,0.008075,0.00535,0,0.001418,5.571878125,8.95,18.95916663,14.21694916,0.326375,0.24375,0.201875,0.3625,5350,0
OX09,3/1/2025,105.477978,9.886004,51.64193877,7.46,0.02192503,0.01440253,0.01276475,0.014495,0.025841737,0.015045,0.00476756,0.0023375,0.0148,0.0069,0,0.001492,5.015,7.26756,21.27993159,14.11327288,0.13875,0.23375,0.37,0.275,6900,0
OX09,4/1/2025,105.477978,9.886004,63.93504469,7.2725,0.02418125,0.02324,0.02172725,0.023784063,0.032622917,0.0180825,0.00448,0.0054,0.0172,0.0032,0.0162,0.0014545,6.0275,6.98,17.8784375,14.55967292,0.471875,0.54,0.43,0,3200,20.25
OX09,5/1/2025,105.477978,9.886004,34.72677156,7.47,0.02730875,0.041145,0.039947,0.04399625,0.031870417,0.0139275,0.00389,0.0095,0.0248,0.0025,0.0416,0.001494,4.6425,6.39,16.65572917,12.09670371,0.12625,0.95,0.62,0,2500,52
OX09,6/1/2025,105.477978,9.886004,63.81220878,7.36,0.02458875,0.03371,0.031786,0.0366075,0.03462375,0.0193575,0.00532,0.005,0.0152,0.0043,0.0376,0.001472,6.4525,7.82,20.10364583,15.89868879,0.325,0.5,0.38,0,4300,47
OX09,7/1/2025,105.477978,9.886004,63.68968017,6.84,0.02459,0.038565,0.037134,0.045355,0.028443333,0.01845,0.00423,0.0017,0.0224,0.0024,0.0464,0.001368,6.15,6.73,19.52541667,15.26264712,0.7625,0.17,0.56,0,2400,58
OX10,8/1/2024,105.562857,10.062936,63.55037035,7.11,0.02358125,0.022015,0.020336,0.02432625,0.024339583,0.0143325,0.00478,0.00175,0.0228,0.0035,0.0112,0.001422,4.7775,7.28,15.73677083,12.00949427,0.485,0.175,0.57,0,3500,14
OX10,9/1/2024,105.562857,10.062936,51.46166459,7.09,0.0505035,0.0397875,0.0214965,0.02301125,0.0765415,0.021432,0.038,0.006175,0.02976,0.00564,0,0.001418,7.144,25.484,59.85261461,29.46713954,0.4137,0.6175,0.744,4.82,5640,0
OX10,10/1/2024,105.562857,10.062936,63.73674045,7.25,0.0581025,0.0472275,0.0235875,0.02565625,0.0893725,0.02175,0.04873,0.006125,0.0344,0.0052,0,0.00145,7.25,28.33875,72.00374169,33.45688578,0.575,0.6125,0.86,5.22,5200,0
OX10,11/1/2024,105.562857,10.062936,63.97650401,6.79,0.023785,0.0136,0.011429,0.01022375,0.037998333,0.02037,0.0057,0.0065,0.0136,0.0014,0,0.001358,6.79,16.83375,48.31257621,25.2980442,0.575,0.65,0.34,4.2,1400,0
OX10,12/1/2024,105.562857,10.062936,63.0256367,6.85,0.04339985,0.03312485,0.01613985,0.016682625,0.07172375,0.02055,0.03534,0.0055875,0.0215722,0.00375,0,0.00137,6.85,24.34125,61.3262167,29.49070514,0.37,0.55875,0.539305,4.825,3750,0
OX10,1/1/2025,105.562857,10.062936,62.96015338,6.79,0.060225,0.05004,0.017979,0.02003625,0.104708333,0.02037,0.06548,0.0039,0.026,0.0047,0,0.001358,6.79,31.77875,71.12605958,32.49018902,0.17625,0.39,0.65,4.4,4700,0
OX10,2/1/2025,105.562857,10.062936,35.14489381,7.375,0.0395275,0.03106375,0.02796625,0.031859375,0.034480833,0.0169275,0.00767,0.0049575,0.041,0.0085,0,0.001475,5.6425,10.17,23.16370361,15.64839805,0.49,0.49575,1.025,0.515,8500,0
OX10,3/1/2025,105.562857,10.062936,50.83034689,6.56,0.036793083,0.02879113,0.025781,0.0280075,0.035100526,0.016003905,0.00733226,0.00675,0.0388,0.0047,0,0.001312,5.334635,9.83226,19.3334377,13.97907662,0.6375,0.675,0.97,0.85,4700,0
OX10,4/1/2025,105.562857,10.062936,43.49126418,7.6,0.03352475,0.02410475,0.02036625,0.0236375,0.035874417,0.01884,0.008997,0.0029125,0.0284,0.0079,0,0.00152,6.28,11.497,27.4588728,17.9587367,0.72875,0.29125,0.71,0.7125,7900,0
OX10,5/1/2025,105.562857,10.062936,63.97822527,7.25,0.01699375,0.0074125,0.0081375,0.00696875,0.028335417,0.0191625,0,0.005125,0.0075,0.0022,0,0.00145,6.3875,36.5,94.90410751,39.38267103,0.55375,0.5125,0.1875,0.3625,2200,0
OX10,6/1/2025,105.562857,10.062936,34.94640446,6.33,0.04319366,0.03357491,0.028633,0.03422875,0.03836854,0.0192375,0.01114982,0.0025,0.0492,0.0043,0,0.001266,6.4125,13.64982,30.7508729,19.19531775,0.8125,0.25,1.23,0.55,4300,0
OX10,7/1/2025,105.562857,10.062936,64.05471877,7.62,0.029690948,0.0204675,0.018017,0.018849375,0.035871379,0.018446896,0.006425,0.005875,0.023685,0.00495,0,0.001524,6.148965375,8.925,22.0424378,16.05460752,0.8025,0.5875,0.592125,0.675,4950,0
OX11,8/1/2024,105.622886,10.117432,63.76488939,7.75,0.0198575,0.01343,0.009925,0.01146875,0.026734167,0.012855,0.00856,0.0015,0.0084,0.0084,0,0.00155,4.285,11.06,21.89445296,13.21200598,0.56875,0.15,0.21,0.4125,8400,0
OX11,9/1/2024,105.622886,10.117432,73.8618631,7.19,0.0488025,0.04092,0.033794,0.04083625,0.0393225,0.015765,0.01569,0.00225,0.0544,0.0095,0,0.001438,5.255,18.19,51.08294258,23.86892578,3.25,0.225,1.36,0.95,9500,0
OX11,10/1/2024,105.622886,10.117432,51.4020433,7,0.03470625,0.02595,0.0203,0.0225625,0.040497917,0.0175125,0.0127,0.0045,0.0252,0.0095,0,0.0014,5.8375,15.2,34.65992063,19.56517832,1.76,0.45,0.63,0.13125,9500,0
OX11,11/1/2024,105.622886,10.117432,35.07975659,6.34,0.02088375,0.013275,0.009284,0.0077925,0.035662083,0.0152175,0.00925,0.0061,0.006,0.0052,0,0.001268,5.0725,11.75,28.04305446,16.33165494,0.95,0.61,0.15,0.58,5200,0
OX11,12/1/2024,105.622886,10.117432,43.64951232,7.24,0.0458125,0.03757375,0.03736775,0.045655,0.0233625,0.0164775,0.00186,0.0016875,0.064,0.0076,0,0.001448,5.4925,4.36,10.57579066,11.45495134,1.4325,0.16875,1.6,0.825,7600,0
OX11,1/1/2025,105.622886,10.117432,63.26996726,7.22,0.03338125,0.0238,0.018972,0.0181525,0.045689583,0.0191625,0.0111,0.0089,0.0192,0.0084,0,0.001444,6.3875,13.6,36.89083333,21.09349254,1.16,0.89,0.48,0.6125,8400,0
OX11,2/1/2025,105.622886,10.117432,35.48089721,7.7125,0.024171875,0.02729625,0.025415,0.029057813,0.032192708,0.01795125,0.005305,0.0043375,0.0162,0.00455,0.0242,0.0015425,5.98375,7.805,18.63651042,14.73303686,0.245,0.43375,0.405,0,4550,30.25
OX11,3/1/2025,105.622886,10.117432,44.51477213,7.84,0.0182775,0.0244,0.023534,0.0287925,0.025264167,0.017355,0.0033,0.001,0.0068,0.0081,0.0296,0.001568,5.785,5.8,17.59229167,14.10571301,0.15,0.1,0.17,0,8100,37
OX11,4/1/2025,105.622886,10.117432,64.37601576,7.33,0.01634125,0.02818,0.026083,0.02947875,0.029612917,0.0147225,0.00566,0.005,0.006,0.0013,0.0384,0.001466,4.9075,8.16,17.8046875,12.8564226,0.8,0.5,0.15,0,1300,48
OX11,5/1/2025,105.622886,10.117432,50.69952165,7.14,0.0185775,0.01915,0.016614,0.018455,0.0338975,0.018855,0.0065,0.0037,0.0056,0.0025,0.02,0.001428,6.285,9,19.50479167,15.45864491,0.37,0.37,0.14,0,2500,25
OX11,6/1/2025,105.622886,10.117432,43.62255948,6.98,0.0181375,0.02207,0.019648,0.02356,0.028904167,0.016935,0.00624,0.0016,0.008,0.0035,0.0248,0.001396,5.645,8.74,18.58479167,14.20860708,0.7,0.16,0.2,0,3500,31
OX11,7/1/2025,105.622886,10.117432,63.9183847,7.3975,0.021104063,0.0334675,0.03175225,0.035487188,0.031859479,0.015673125,0.00491,0.006725,0.01,0.0049,0.0404,0.0014795,5.224375,7.41,18.04877604,13.40868609,0.425,0.6725,0.25,0,4900,50.5
OX12,8/1/2024,105.691536,9.985615,65.35584118,7.42,0.0184825,0.035775,0.034042,0.0399275,0.0281925,0.015015,0.00495,0.0042,0.0104,0.0024,0.0496,0.001484,5.005,7.45,18.19145833,13.1246054,0.475,0.42,0.26,0,2400,62
OX12,9/1/2024,105.691536,9.985615,73.77990119,7.4,0.0197875,0.0199625,0.0181525,0.0201125,0.0308875,0.01725,0.0051,0.004125,0.012,0.0011,0.0176,0.00148,5.75,7.6,17.81041667,14.12197877,0.125,0.4125,0.3,0,1100,22
OX12,10/1/2024,105.691536,9.985615,54.44786111,6.93,0.02259875,0.021275,0.019418,0.02161625,0.027997083,0.0146475,0.0051,0.00425,0.012,0.0092,0.012,0.001386,4.8825,7.6,16.1090625,12.28436239,0.3875,0.425,0.3,0,9200,15
OX12,11/1/2024,105.691536,9.985615,63.76216621,7.65,0.02558125,0.0494875,0.0478275,0.05533125,0.033789583,0.0169875,0.00485,0.007125,0.0168,0.0054,0.0648,0.00153,5.6625,7.35,20.0015625,14.68150615,0.1225,0.7125,0.42,0,5400,81
OX12,12/1/2024,105.691536,9.985615,43.09403267,7.51,0.07007625,0.0605775,0.0486385,0.05900125,0.055127917,0.0189975,0.02538,0.002875,0.086,0.0069,0,0.001502,6.3325,27.88,67.70912757,30.72672212,3.375,0.2875,2.15,0.11375,6900,0
OX12,1/1/2025,105.691536,9.985615,34.93984137,6.71,0.0528495,0.0427845,0.0135685,0.01453875,0.097742167,0.02013,0.059774,0.003875,0.01864,0.00328,0,0.001342,6.71,30.22225,74.6893221,33.49353786,0.926,0.3875,0.466,4.302,3280,0
OX12,2/1/2025,105.691536,9.985615,34.98521239,7.06,0.05435,0.04295,0.024056,0.02507,0.081666667,0.0228,0.0392,0.008,0.0376,0.0011,0,0.001412,7.6,26.525,57.48495544,29.40471483,1.629,0.8,0.94,2.58,1100,0
OX12,3/1/2025,105.691536,9.985615,50.7710699,6.88,0.0557375,0.0454175,0.0200005,0.02211,0.0903875,0.02064,0.05221,0.004625,0.0248,0.0092,0,0.001376,6.88,28.6075,60.83117021,29.37963752,2.175,0.4625,0.62,4.25,9200,0
OX12,4/1/2025,105.691536,9.985615,44.68465274,6.95,0.0501675,0.0397425,0.0160075,0.01661875,0.0876575,0.02085,0.04886,0.005425,0.023,0.0022,0,0.00139,6.95,27.88375,61.47543192,29.68774651,0.96,0.5425,0.575,4.025,2200,0
OX12,5/1/2025,105.691536,9.985615,52.87213922,6.9,0.05849,0.04814,0.01609,0.0188,0.102993333,0.0207,0.06548,0.0021,0.0192,0.0095,0,0.00138,6.9,31.9575,66.74457031,31.27388724,0.6625,0.21,0.48,2.8,9500,0
OX12,6/1/2025,105.691536,9.985615,52.01057532,7.335,0.023931875,0.0157475,0.013676,0.015060625,0.029439375,0.01636875,0.00561,0.003255,0.01748,0.00515,0,0.001467,5.45625,8.11,19.3112679,14.1545099,2.24875,0.3255,0.437,0.895,5150,0
OX12,7/1/2025,105.691536,9.985615,43.41056548,7.8,0.077831047,0.0691425,0.0658175,0.0811,0.03203911,0.017377094,0.00821,0.001875,0.1248,0.0034,0,0.00156,5.79236475,10.71,31.44544643,18.48408509,2.54375,0.1875,3.12,0.11125,3400,0
OX13,8/1/2024,105.460678,9.777892,51.61478039,7.55,0.023180215,0.014858965,0.0123925,0.01369375,0.030287168,0.0166425,0.00644293,0.002875,0.012,0.0084,0,0.00151,5.5475,8.94293,20.41360174,14.63890503,0.27,0.2875,0.3,0.1,8400,0
OX13,9/1/2024,105.460678,9.777892,51.45374171,6.75,0.01634125,0.00805,0.008725,0.00778125,0.025179583,0.0165825,0,0.005,0.0066,0.0045,0,0.00135,5.5275,5,12.12469939,11.99575801,1.18125,0.5,0.165,0.13125,4500,0
OX13,10/1/2024,105.460678,9.777892,51.38285717,6.66,0.027287877,0.018636627,0.016466,0.0193325,0.02913838,0.0173025,0.005673254,0.002,0.0232,0.0064,0,0.001332,5.7675,8.173254,21.21215424,15.2206555,0.45375,0.2,0.58,0.6,6400,0
OX13,11/1/2024,105.460678,9.777892,63.97449875,7.32,0.025487489,0.0179225,0.0137795,0.0160525,0.031214142,0.015129979,0.00975,0.001875,0.01792,0.0063,0,0.001464,5.04332625,12.25,28.32812072,16.37776388,2.378625,0.1875,0.448,0.7125,6300,0
OX13,12/1/2024,105.460678,9.777892,63.16462424,7.54,0.02627987,0.01868636,0.015979,0.017505,0.030403029,0.015187019,0.00692272,0.00395,0.024,0.0025,0,0.001508,5.06233975,9.42272,24.66070297,15.25009947,0.98125,0.395,0.6,0.11625,2500,0
OX13,1/1/2025,105.460678,9.777892,63.20983341,8.09,0.023075,0.01355,0.008559,0.00969875,0.037625,0.01905,0.0116,0.0016,0.0044,0.0095,0,0.001618,6.35,14.1,28.4663187,18.38134259,0.86,0.16,0.11,0.63,9500,0
OX13,2/1/2025,105.460678,9.777892,52.14079592,7.46,0.02678625,0.01995,0.020096,0.0225575,0.022134583,0.0136725,0.0012,0.0041,0.0324,0.0022,0,0.001492,4.5575,3.7,8.198702701,9.30305413,2.16,0.41,0.81,0.125,2200,0
OX13,3/1/2025,105.460678,9.777892,50.82063761,7.31,0.0336625,0.0238,0.019631,0.02266375,0.037945833,0.019725,0.0098,0.003,0.0256,0.0092,0,0.001462,6.575,12.3,22.61819127,16.87517064,0.59,0.3,0.64,0.6,9200,0
OX13,4/1/2025,105.460678,9.777892,74.53800474,7.57,0.029821875,0.0204075,0.015507,0.014915,0.043509375,0.01882875,0.011315,0.00715,0.0206,0.00175,0,0.001514,6.27625,13.815,35.21226994,20.39743614,0.655,0.715,0.515,0.5,1750,0
OX13,5/1/2025,105.460678,9.777892,44.12639659,7.27,0.0205175,0.0131,0.009427,0.00678375,0.0369075,0.014835,0.0088,0.008,0.0048,0.0046,0,0.001454,4.945,11.3,25.21859595,15.24997035,0.51,0.8,0.12,0.1,4600,0
OX13,6/1/2025,105.460678,9.777892,43.88019374,7.415,0.0208975,0.012025,0.0089415,0.009989375,0.031844167,0.017745,0.00765,0.0019,0.0084,0.0061,0,0.001483,5.915,10.15,25.22260754,16.70623504,1.185,0.19,0.21,0.59,6100,0
OX13,7/1/2025,105.460678,9.777892,34.95111802,7.44,0.06410875,0.055255,0.046894,0.0561175,0.046570417,0.0177075,0.01821,0.004,0.084,0.0043,0,0.001488,5.9025,20.71,46.14424226,23.28320847,2.83,0.4,2.1,0.7,4300,0
QL1,11/1/2021,105.675,9.301111,43.42313503,7.64,0.021038438,0.03205,0.0302765,0.035501875,0.030335521,0.017176875,0.005075,0.00375,0.0128,0.003275,0.0392,0.001528,5.725625,7.575,18.88330729,14.42365417,0.618125,0.375,0.32,0,3275,49
QL1,12/1/2021,105.675,9.301111,40.31663514,7.77,0.02046,0.01689,0.015827,0.01740875,0.028256667,0.01674,0.00368,0.0038,0.012,0.0047,0.0096,0.001554,5.58,6.18,16.4075,13.42469735,0.24,0.38,0.3,0,4700,12
QL1,1/1/2022,105.675,9.301111,64.75792165,7.65,0.02401875,0.0213,0.018965,0.01751875,0.039127083,0.0174375,0.0062,0.0099,0.012,0.0025,0.012,0.00153,5.8125,8.7,18.1703125,14.329189,0.9,0.99,0.3,0,2500,15
QL1,2/1/2022,105.675,9.301111,28.08581039,7.71,0.02123875,0.01656,0.014771,0.01327625,0.036840417,0.0181575,0.00512,0.0083,0.0096,0.0013,0.0088,0.001542,6.0525,7.62,17.85364583,14.58935714,0.36,0.83,0.24,0,1300,11
QL1,3/1/2022,105.675,9.301111,37.36420129,7.5,0.02425,0.0337,0.0307,0.0330625,0.038616667,0.0171,0.0075,0.0085,0.01,0.0054,0.036,0.0015,5.7,10,19.8875,14.70179697,0.48,0.85,0.25,0,5400,45
QL1,4/1/2022,105.675,9.301111,28.38847431,7.375,0.02491875,0.0273,0.0253875,0.028015625,0.03276875,0.0168375,0.0053,0.00595,0.018,0.00375,0.0216,0.001475,5.6125,7.8,17.8953125,13.94249291,0.5,0.595,0.45,0,3750,27
QL1,5/1/2022,105.675,9.301111,34.73415353,7.28,0.02321,0.02733,0.025428,0.0295975,0.03234,0.01896,0.00526,0.0035,0.0152,0.0035,0.0272,0.001456,6.32,7.76,19.31666667,15.45183691,0.3625,0.35,0.38,0,3500,34
QL1,6/1/2022,105.675,9.301111,24.19014766,7.41,0.022585,0.0481975,0.0463785,0.05648875,0.027381667,0.015975,0.00512,0.002375,0.0192,0.0025,0.0672,0.001482,5.325,7.62,19.713125,14.08432377,0.2125,0.2375,0.48,0,2500,84
QL1,7/1/2022,105.675,9.301111,37.49572481,7.43,0.02285625,0.02397,0.022368,0.02530375,0.02743125,0.0145725,0.00469,0.00425,0.0168,0.0054,0.0168,0.001486,4.8575,7.19,16.1134375,12.24824165,0.3625,0.425,0.42,0,5400,21
QL1,8/1/2022,105.675,9.301111,42.63555486,7.28,0.025805,0.0400875,0.0383405,0.04691,0.028478333,0.017835,0.00495,0.001625,0.018,0.0092,0.0464,0.001456,5.945,7.45,19.55229167,14.96361969,0.5375,0.1625,0.45,0,9200,58
QL1,9/1/2022,105.675,9.301111,31.53672314,7.31,0.03709375,0.0284125,0.0235685,0.02828875,0.035452083,0.0173625,0.01115,0.001875,0.038,0.0058,0,0.001462,5.7875,13.65,35.58148369,19.78070892,1.1125,0.1875,0.95,0.8875,5800,0
QL1,10/1/2022,105.675,9.301111,51.52742977,6.738,0.05468925,0.04458225,0.01157905,0.01217225,0.106458917,0.020214,0.067354,0.0036825,0.015368,0.00276,0,0.0013476,6.738,30.4915,75.82468494,33.89347066,0.66165,0.36825,0.3842,5.056,2760,0
QL1,11/1/2022,105.675,9.301111,36.05727716,7.32,0.0414375,0.0304575,0.0048595,0.00509,0.088894167,0.02196,0.05266,0.001575,0.00648,0.0002,0,0.001464,7.32,29.435,58.53885625,29.31696603,0.5725,0.1575,0.162,3.94,200,0
QL1,12/1/2022,105.675,9.301111,43.19436762,6.76,0.0684375,0.0582975,0.0133135,0.0126575,0.1376375,0.02028,0.09132,0.006375,0.0188,0.0001,0,0.001352,6.76,38.19,103.4636452,42.63988813,1.28,0.6375,0.47,4.55,100,0
QL1,1/1/2023,105.675,9.301111,51.30234721,6.825,0.053022345,0.042784845,0.011562345,0.013456838,0.100191875,0.020475,0.06381,0.00159375,0.01751594,0.00265,0,0.001365,6.825,31.418125,72.48431778,32.97089148,1.175,0.159375,0.4378985,4,2650,0
QL1,2/1/2023,105.675,9.301111,52.60840079,6.82,0.078305,0.068075,0.020632,0.02229,0.142695,0.02046,0.09625,0.0056,0.0328,0.0015,0,0.001364,6.82,39.52,98.05052907,41.02335721,0.66,0.56,0.82,3.6,1500,0
QL1,3/1/2023,105.675,9.301111,35.07065304,7.28,0.030595,0.02263375,0.02029925,0.02394125,0.028396667,0.0159225,0.006125,0.0022925,0.0338,0.00305,0,0.001456,5.3075,8.625,22.52608461,14.94488323,1.318125,0.22925,0.845,0.225,3050,0
QL1,4/1/2023,105.675,9.301111,35.04796671,7.76,0.022490974,0.0175859,0.01493225,0.01722,0.022145606,0.009810148,0.0068593,0.0023125,0.0248,0.0012,0,0.001552,3.27004925,9.3593,28.77571145,13.85895516,0.2575,0.23125,0.62,0.325,1200,0
QL1,5/1/2023,105.675,9.301111,37.39530788,7.61,0.020143505,0.010809755,0.0082985,0.00882625,0.032301512,0.0186675,0.00654451,0.002475,0.0084,0.0042,0,0.001522,6.2225,9.04451,23.22411233,16.53744241,0.23375,0.2475,0.21,0.175,4200,0
QL1,6/1/2023,105.675,9.301111,44.05213095,7.27,0.019945,0.010525,0.011252,0.00953375,0.030438333,0.01884,0,0.00725,0.009,0.0048,0,0.001454,6.28,5,14.70851449,13.93907771,0.825,0.725,0.225,0.5375,4800,0
QL1,7/1/2023,105.675,9.301111,34.05981087,7.38,0.022010175,0.012695175,0.0098005,0.011485,0.031640408,0.01863,0.00726535,0.001225,0.0164,0.0005,0,0.001476,6.21,9.76535,25.13620856,17.12149702,0.385,0.1225,0.41,0.6375,500,0
QL1,8/1/2023,105.675,9.301111,57.74361945,7.495,0.030607131,0.022118125,0.020330125,0.0221275,0.031860806,0.016978013,0.005075,0.00525625,0.029455,0.00445,0,0.001499,5.6593375,7.575,18.41572516,14.17681368,0.24175,0.525625,0.736375,0.575,4450,0
QL1,9/1/2023,105.675,9.301111,37.10549403,7.88,0.032113748,0.022730177,0.0206255,0.0217975,0.036082079,0.018767144,0.005785353,0.006375,0.0288,0.0045,0,0.001576,6.2557145,8.285353,23.68180748,16.73155645,0.7,0.6375,0.72,0.6875,4500,0
QL1,10/1/2023,105.675,9.301111,65.07295436,7.27,0.020365,0.0118,0.008627,0.00822125,0.033868333,0.01713,0.0078,0.0041,0.0084,0.0033,0,0.001454,5.71,10.3,21.71060552,15.29154651,0.93,0.41,0.21,0.4875,3300,0
QL1,11/1/2023,105.675,9.301111,15.98123213,7.65,0.04552625,0.0362,0.029065,0.03545625,0.041827917,0.0186525,0.0158,0.0014,0.048,0.0072,0,0.00153,6.2175,18.3,41.7661788,22.3754867,0.3,0.14,1.2,0.64,7200,0
QL1,12/1/2023,105.675,9.301111,43.98697798,7.53,0.0223675,0.0143575,0.009503,0.00944125,0.036324167,0.01602,0.011215,0.0039,0.0066,0.007,0,0.001506,5.34,13.715,31.2967789,17.75866926,0.705,0.39,0.165,0.24,7000,0
QL1,1/1/2024,105.675,9.301111,37.55651298,7.2,0.0217925,0.012905,0.01022,0.0108375,0.032299167,0.017775,0.00681,0.0031,0.0064,0.0095,0,0.00144,5.925,9.31,21.81776042,15.647828,0.38,0.31,0.16,0.2,9500,0
QL1,2/1/2024,105.675,9.301111,42.3029427,7.663333333,0.022928333,0.013983333,0.010766333,0.012707917,0.031566111,0.01789,0.007966667,0.0012,0.013333333,0.005466667,0,0.001532667,5.963333333,10.46666667,26.20591856,17.08873221,0.676666667,0.12,0.333333333,0.433333333,5466.666667,0
QL1,3/1/2024,105.675,9.301111,51.37862134,7.49,0.02924375,0.02036,0.016549,0.01887375,0.034752083,0.0177675,0.00912,0.0029,0.0208,0.0079,0,0.001498,5.9225,11.62,31.62151786,18.73479598,0.2,0.29,0.52,0.5,7900,0
QL1,4/1/2024,105.675,9.301111,34.55044525,7.7025,0.020984063,0.032095625,0.030235875,0.035181563,0.030354479,0.016576875,0.00526,0.00418125,0.0114,0.00455,0.0388,0.0015405,5.525625,7.76,18.62997396,14.04378868,0.58875,0.418125,0.285,0,4550,48.5
QL1,5/1/2024,105.675,9.301111,48.98813571,7.82,0.0182025,0.03282,0.031782,0.03754,0.0246225,0.013965,0.00364,0.0035,0.014,0.0013,0.0432,0.001564,4.655,6.14,16.634375,12.10872163,0.29,0.35,0.35,0,1300,54
QL1,6/1/2024,105.675,9.301111,53.53937924,7.84,0.0232175,0.02129,0.019334,0.0197925,0.0358575,0.018255,0.00548,0.007,0.0088,0.0069,0.0144,0.001568,6.085,7.98,18.378125,14.80345366,0.8,0.7,0.22,0,6900,18
QL1,7/1/2024,105.675,9.301111,49.750213,7.77,0.01933625,0.036285,0.034327,0.03809625,0.03555125,0.0173025,0.00547,0.0077,0.006,0.0022,0.0512,0.001554,5.7675,7.97,19.77385417,14.76721916,0.36,0.77,0.15,0,2200,64
QL1,8/1/2024,105.675,9.301111,43.92140158,7.54,0.02778,0.02604,0.024054,0.02413,0.041136667,0.02028,0.00548,0.0095,0.0168,0.0035,0.0168,0.001508,6.76,7.98,19.6,16.20116015,0.41,0.95,0.42,0,3500,21
QL1,9/1/2024,105.675,9.301111,62.38063724,7.5225,0.022104063,0.030375625,0.028630375,0.034034063,0.029701146,0.017656875,0.004995,0.00280625,0.014,0.00475,0.0342,0.0015045,5.885625,7.495,18.84289063,14.65091248,0.465625,0.280625,0.35,0,4750,42.75
QL1,10/1/2024,105.675,9.301111,65.0195838,7.67,0.01882625,0.025825,0.023667,0.02739625,0.032844583,0.0188025,0.00585,0.0035,0.008,0.0015,0.0328,0.001534,6.2675,8.35,19.81802083,15.53114307,0.5625,0.35,0.2,0,1500,41
QL1,11/1/2024,105.675,9.301111,35.14783389,7.76,0.0205575,0.016265,0.014726,0.0171575,0.0280175,0.017385,0.00463,0.002,0.0128,0.0043,0.0088,0.001552,5.795,7.13,17.19020833,13.99395282,0.2375,0.2,0.32,0,4300,11
QL1,12/1/2024,105.675,9.301111,52.13883108,7.63,0.02316625,0.0353125,0.0333755,0.03914125,0.03317125,0.0189075,0.0054,0.004125,0.0144,0.0035,0.0432,0.001526,6.3025,7.9,20.1915625,15.70140526,0.5125,0.4125,0.36,0,3500,54
QL1,1/1/2025,105.675,9.301111,54.57865404,7.31,0.024815,0.05478625,0.05293725,0.06541375,0.026168333,0.0160575,0.00516,0.0012125,0.0248,0.0024,0.076,0.001462,5.3525,7.66,20.23614583,14.29046054,0.5,0.12125,0.62,0,2400,95
QL1,2/1/2025,105.675,9.301111,55.59975529,7.34,0.0485275,0.038125,0.032934,0.0361675,0.047430833,0.020805,0.01185,0.008,0.048,0.0084,0,0.001468,6.935,14.35,38.67671334,22.47775641,1.2375,0.8,1.2,0.7125,8400,0
QL1,3/1/2025,105.675,9.301111,50.51517649,7.104,0.051419,0.040574,0.0098714,0.0109055,0.101278333,0.02169,0.062826,0.002294,0.011608,0.00442,0,0.0014208,7.23,31.83025,70.7759573,33.0398163,0.4593,0.2294,0.2902,5.158,4420,0
QL1,4/1/2025,105.675,9.301111,47.27734925,7.4,0.0433575,0.0322575,0.0121475,0.0137625,0.077204167,0.0222,0.0417,0.002275,0.01104,0.0095,0,0.00148,7.4,26.825,67.31325623,32.20317031,0.3125,0.2275,0.276,5.12,9500,0
QL1,5/1/2025,105.675,9.301111,31.96817713,6.9,0.05338,0.04303,0.011115,0.0118625,0.10402,0.0207,0.06521,0.00325,0.0152,0.0024,0,0.00138,6.9,31.89,60.75045,29.38418979,0.4875,0.325,0.38,5.3,2400,0
QL1,6/1/2025,105.675,9.301111,50.75733348,6.9,0.05407907,0.04372907,0.01163157,0.012351963,0.1047375,0.0207,0.065575,0.0035,0.01098314,0.0074,0,0.00138,6.9,31.98125,74.11844132,33.59856284,0.2,0.35,0.2745785,4.025,7400,0
QL1,7/1/2025,105.675,9.301111,35.09271692,6.81,0.02916,0.018945,0.016331,0.01653875,0.038756667,0.02043,0.00659,0.0062,0.0208,0.0043,0,0.001362,6.81,17.08875,38.66717653,22.28724985,0.77625,0.62,0.52,4.2,4300,0
QL10,11/1/2021,105.230278,9.360556,43.10616124,7.615,0.04783625,0.0395975,0.0370015,0.044158125,0.03096625,0.0164775,0.006715,0.00335,0.06758,0.00155,0,0.001523,5.4925,9.215,19.81018812,14.36617374,1.325,0.335,1.6895,0.655,1550,0
QL10,12/1/2021,105.230278,9.360556,43.6716146,7.45,0.017618243,0.010501833,0.0069325,0.00768125,0.028509234,0.014232821,0.008628665,0.001575,0.0067,0.0041,0,0.00149,4.74427375,11.128665,25.087391,14.9075175,0.24375,0.1575,0.1675,0.425,4100,0
QL10,1/1/2022,105.230278,9.360556,35.26827458,7.69,0.019432463,0.009461213,0.0073315,0.00721125,0.033675746,0.0199425,0.005797425,0.003125,0.0048,0.0052,0,0.001538,6.6475,8.297425,22.60843221,16.98084401,0.5625,0.3125,0.12,0.125,5200,0
QL10,2/1/2022,105.230278,9.360556,34.25087287,7.34,0.01438875,0.00526875,0.00600275,0.0060425,0.024007083,0.01824,0,0.0023375,0.0049,0.0033,0,0.001468,6.08,5,12.08895337,12.81323877,0.59625,0.23375,0.1225,0.7125,3300,0
QL10,3/1/2022,105.230278,9.360556,34.35944015,7.46,0.030895715,0.022878215,0.01993975,0.023995,0.029040002,0.016035,0.00736893,0.0014875,0.0324,0.0045,0,0.001492,5.345,9.86893,23.15686834,15.19999317,0.57875,0.14875,0.81,0.575,4500,0
QL10,4/1/2022,105.230278,9.360556,52.8582433,7.555,0.018919698,0.009889375,0.008824875,0.009285,0.028576795,0.018060646,0.00364,0.00279375,0.007945,0.0054,0,0.001511,6.020215375,6.14,15.10692407,13.67500278,1.328,0.279375,0.198625,0.4875,5400,0
QL10,5/1/2022,105.230278,9.360556,51.7110669,7.73,0.027560562,0.019563087,0.017123,0.01896625,0.030707977,0.01599495,0.006426173,0.0039,0.022,0.0068,0,0.001546,5.33165,8.926173,24.11042035,15.48058356,0.6,0.39,0.55,0.5625,6800,0
QL10,6/1/2022,105.230278,9.360556,35.10716158,7.72,0.04604625,0.03585,0.032322,0.0344025,0.045024583,0.0203925,0.0086,0.0096,0.0476,0.0059,0,0.001544,6.7975,11.1,24.3308663,17.74885602,0.54,0.96,1.19,0.84,5900,0
QL10,7/1/2022,105.230278,9.360556,36.40700181,7.806666667,0.028642083,0.018968333,0.016014,0.017850833,0.035331528,0.0193475,0.00747,0.003466667,0.017866667,0.009133333,0,0.001561333,6.449166667,9.97,24.31264287,17.22061093,0.83,0.346666667,0.446666667,0.25,9133.333333,0
QL10,8/1/2022,105.230278,9.360556,35.67277692,7.24,0.0114375,0.00591,0.005774,0.0047175,0.019570833,0.011055,0.00172,0.004,0.0048,0.0013,0,0.001448,3.685,4.22,9.605647752,8.437855533,0.65,0.4,0.12,0.25,1300,0
QL10,9/1/2022,105.230278,9.360556,35.35780769,7.56,0.02362875,0.01455,0.011431,0.0133825,0.031917083,0.0181575,0.00775,0.00145,0.0164,0.0035,0,0.001512,6.0525,10.25,24.0614325,16.54641472,0.33,0.145,0.41,0.445,3500,0
QL10,10/1/2022,105.230278,9.360556,36.52988364,7.4925,0.022664688,0.020033125,0.017933625,0.019827188,0.031621771,0.017263125,0.0056975,0.00414375,0.0136,0.004625,0.012,0.0014985,5.754375,8.1975,17.82460938,14.13301564,0.535,0.414375,0.34,0,4625,15
QL10,11/1/2022,105.230278,9.360556,36.26722785,7.56,0.02242375,0.01932,0.018256,0.021195,0.02478875,0.0150075,0.00364,0.0026,0.016,0.0076,0.0088,0.001512,5.0025,6.14,15.40739583,12.243156,0.24,0.26,0.4,0,7600,11
QL10,12/1/2022,105.230278,9.360556,34.96793089,7.9,0.02315,0.02285,0.01989,0.024175,0.030333333,0.0174,0.0075,0.0011,0.0108,0.0095,0.0168,0.00158,5.8,10,19.05,14.58776797,0.7,0.11,0.27,0,9500,21
QL10,1/1/2023,105.230278,9.360556,50.94258881,7.47,0.01845625,0.03928,0.037047,0.04537125,0.027314583,0.0159525,0.00596,0.0015,0.0092,0.0043,0.0576,0.001494,5.3175,8.46,19.6209375,14.04401088,0.4,0.15,0.23,0,4300,72
QL10,2/1/2023,105.230278,9.360556,33.89390587,7.12,0.01967625,0.0179,0.015962,0.01839,0.02911125,0.0171525,0.0053,0.0025,0.012,0.0024,0.0136,0.001424,5.7175,7.8,17.64927083,14.02242618,0.28,0.25,0.3,0,2400,17
QL10,3/1/2023,105.230278,9.360556,38.76426855,7.5175,0.021532188,0.0288725,0.0270205,0.031158438,0.030466771,0.016719375,0.0052075,0.0041875,0.014,0.00295,0.0314,0.0015035,5.573125,7.7075,18.29549479,14.00959128,0.4625,0.41875,0.35,0,2950,39.25
QL10,4/1/2023,105.230278,9.360556,43.98259188,7.55,0.02182875,0.03291,0.031105,0.03731875,0.02783375,0.0162375,0.00512,0.0025,0.018,0.0018,0.0384,0.00151,5.4125,7.62,18.3553125,13.78751182,0.4875,0.25,0.45,0,1800,48
QL10,5/1/2023,105.230278,9.360556,33.79816635,7.62,0.02946875,0.02703,0.025687,0.0269525,0.032360417,0.0152775,0.00421,0.00825,0.022,0.0092,0.0104,0.001524,5.0925,6.71,15.92197917,12.54038278,0.2125,0.825,0.55,0,9200,13
QL10,6/1/2023,105.230278,9.360556,44.00203197,7.46,0.02134625,0.038265,0.036396,0.0448075,0.02764125,0.0173625,0.00523,0.0011,0.0168,0.0022,0.0512,0.001492,5.7875,7.73,19.68635417,14.76963404,0.6,0.11,0.42,0,2200,64
QL10,7/1/2023,105.230278,9.360556,35.70856762,7.51,0.0226075,0.01880375,0.01649475,0.01987625,0.029534167,0.0180075,0.00612,0.0011875,0.0164,0.0035,0.0104,0.001502,6.0025,8.62,18.35572917,14.67264318,0.6125,0.11875,0.41,0,3500,13
QL10,8/1/2023,105.230278,9.360556,35.91202761,7.37,0.03187625,0.0218675,0.0178245,0.01985875,0.039027917,0.0200175,0.00956,0.003875,0.0224,0.0079,0,0.001474,6.6725,12.06,36.00710148,21.24238855,1.17625,0.3875,0.56,0.1125,7900,0
QL10,9/1/2023,105.230278,9.360556,35.44329114,7.194,0.051474,0.040683,0.0078734,0.00829675,0.106297333,0.021582,0.067058,0.002472,0.008976,0.00286,0,0.0014388,7.194,32.82975,82.73773621,36.75686892,0.6089,0.2472,0.2244,5.866,2860,0
QL10,10/1/2023,105.230278,9.360556,35.93253835,7.5,0.1324275,0.1211775,0.0048725,0.005325,0.3008075,0.0225,0.23411,0.001225,0.00572,0.0013,0,0.0015,7.5,75.09,172.1319144,65.39814452,0.23875,0.1225,0.143,5.81,1300,0
QL10,11/1/2023,105.230278,9.360556,35.62307967,7.16,0.05027,0.03953,0.012191,0.0100825,0.100146667,0.02148,0.05611,0.00825,0.0112,0.0035,0,0.001432,7.16,30.0375,66.73574609,31.66110533,0.23875,0.825,0.28,5.85,3500,0
QL10,12/1/2023,105.230278,9.360556,51.80929333,7,0.052331135,0.041831135,0.008316135,0.009469388,0.106063125,0.021,0.06843,0.00148125,0.01205102,0.0017,0,0.0014,7,32.8575,79.89295031,35.56902595,0.54,0.148125,0.3012755,5.425,1700,0
QL10,1/1/2024,105.230278,9.360556,43.7936593,6.84,0.05589,0.04563,0.022034,0.02423,0.086776667,0.02052,0.04856,0.0053,0.0328,0.0046,0,0.001368,6.84,27.63,83.98076059,36.61774294,1.18875,0.53,0.82,3.3,4600,0
QL10,2/1/2024,105.230278,9.360556,34.64931794,7.525,0.024181875,0.0161625,0.0140875,0.015078125,0.030034375,0.01603875,0.005655,0.00405,0.01932,0.0033,0,0.001505,5.34625,8.155,22.32867535,14.94077328,4.2,0.405,0.483,0.6,3300,0
QL10,3/1/2024,105.230278,9.360556,62.25193308,7.87,0.032897812,0.027175079,0.0246995,0.02548375,0.031028227,0.011445465,0.006525158,0.008625,0.034,0.0052,0,0.001574,3.815155,9.025158,18.45278283,11.42222267,0.41125,0.8625,0.85,0.5625,5200,0
QL10,4/1/2024,105.230278,9.360556,37.11223825,7.71,0.021894246,0.013456746,0.01048975,0.01196375,0.030553241,0.016875,0.007475992,0.0018375,0.0128,0.0048,0,0.001542,5.625,9.975992,21.27719074,15.02740881,0.355,0.18375,0.32,0.3,4800,0
QL10,5/1/2024,105.230278,9.360556,34.78161409,7.43,0.0224025,0.014025,0.014768,0.01574125,0.0246225,0.016755,0,0.00435,0.0212,0.0025,0,0.001486,5.585,5,11.93321466,12.02164081,0.1625,0.435,0.53,0.8375,2500,0
QL10,6/1/2024,105.230278,9.360556,49.35855608,7.57,0.02308275,0.01539525,0.0124195,0.01482125,0.02795975,0.015375,0.0074655,0.001125,0.0184,0.0038,0,0.001514,5.125,9.9655,27.03202938,16.09167068,0.3125,0.1125,0.46,0.6625,3800,0
QL10,7/1/2024,105.230278,9.360556,53.23485039,7.625,0.025320123,0.01715,0.0144375,0.013984375,0.034755287,0.016340246,0.00695,0.0065,0.0169,0.00395,0,0.001525,5.44674875,9.45,24.47392412,15.76782934,1.097125,0.65,0.4225,0.229375,3950,0
QL10,8/1/2024,105.230278,9.360556,51.81526485,7.78,0.018610039,0.010593814,0.007253,0.0079725,0.030356758,0.01603245,0.008237628,0.00175,0.0108,0.0004,0,0.001556,5.34415,10.737628,24.52025963,15.62853888,0.12375,0.175,0.27,0.5125,400,0
QL10,9/1/2024,105.230278,9.360556,51.6422069,7.52,0.02459125,0.0151,0.009252,0.00944,0.041512917,0.0189825,0.0132,0.0034,0.0084,0.0052,0,0.001504,6.3275,15.7,36.16251134,20.77388283,0.62,0.34,0.21,0.14625,5200,0
QL10,10/1/2024,105.230278,9.360556,50.28833097,7.64,0.0419,0.0326,0.022264,0.027205,0.048766667,0.0186,0.0222,0.001,0.0392,0.0028,0,0.001528,6.2,24.7,64.8243764,29.61852976,0.61,0.1,0.98,0.11,2800,0
QL10,11/1/2024,105.230278,9.360556,35.81826891,7.566666667,0.019532917,0.010436667,0.007073333,0.0079875,0.032432361,0.0181925,0.00824,0.001366667,0.005866667,0.0054,0,0.001513333,6.064166667,10.74,27.46542897,17.63705359,0.726666667,0.136666667,0.146666667,0.51,5400,0
QL10,12/1/2024,105.230278,9.360556,35.94498342,7.25,0.0220375,0.0151,0.011275,0.01096875,0.0326375,0.013875,0.0091,0.005,0.008,0.0081,0,0.00145,4.625,11.6,27.96723936,15.63650358,0.97,0.5,0.2,0.31,8100,0
QL10,1/1/2025,105.230278,9.360556,36.2476502,7.505,0.02461625,0.01535,0.0105505,0.011000625,0.038654583,0.0185325,0.0111,0.0035,0.011,0.0051,0,0.001501,6.1775,13.6,34.03407749,19.87787594,0.49,0.35,0.275,0.725,5100,0
QL10,2/1/2025,105.230278,9.360556,53.24993759,7.65,0.69879125,0.68996,0.686665,0.85589375,0.034629583,0.0176625,0.00812,0.0039,1.36,0.0079,0,0.00153,5.8875,10.62,28.05585754,17.55819122,0.21,0.39,34,0.8,7900,0
QL10,3/1/2025,105.230278,9.360556,68.8290227,7.3975,0.019825938,0.0339425,0.03207725,0.039174688,0.027593854,0.016966875,0.00521,0.001475,0.0113,0.0047,0.0452,0.0014795,5.655625,7.71,19.14955729,14.40259175,0.4853125,0.1475,0.2825,0,4700,56.5
QL10,4/1/2025,105.230278,9.360556,49.27867928,7.53,0.02197625,0.021365,0.020053,0.02425375,0.02736125,0.0180225,0.00413,0.0013,0.0136,0.0069,0.0168,0.001506,6.0075,6.63,17.7021875,14.47410861,0.32,0.13,0.34,0,6900,21
QL10,5/1/2025,105.230278,9.360556,34.14733547,7.53,0.01893625,0.0188,0.016403,0.01975375,0.03240125,0.0202725,0.0063,0.0012,0.008,0.0021,0.02,0.001506,6.7575,8.8,20.17260417,16.37792849,0.1,0.12,0.2,0,2100,25
QL10,6/1/2025,105.230278,9.360556,50.54364765,7.31,0.02090375,0.0447,0.042181,0.04672625,0.036992083,0.0156075,0.0065,0.0096,0.008,0.0021,0.0632,0.001462,5.2025,9,19.99572917,13.98966714,0.79,0.96,0.2,0,2100,79
QL10,7/1/2025,105.230278,9.360556,69.58141753,7.01,0.02366375,0.02327,0.021051,0.02412625,0.031415417,0.0175875,0.00584,0.0035,0.0112,0.0092,0.0168,0.001402,5.8625,8.34,18.3215625,14.45187185,0.94,0.35,0.28,0,9200,21
QL11,11/1/2021,105.316944,9.506667,34.42192504,7.4075,0.020904688,0.033264375,0.031550125,0.037894688,0.026902604,0.015680625,0.00491,0.00246875,0.0166,0.00215,0.0404,0.0014815,5.226875,7.41,18.05283854,13.41371683,0.596875,0.246875,0.415,0,2150,50.5
QL11,12/1/2021,105.316944,9.506667,35.88906279,7.41,0.01903375,0.03633,0.034891,0.04098875,0.027495417,0.0150075,0.00436,0.0042,0.012,0.0025,0.0496,0.001482,5.0025,6.86,17.89239583,13.0265734,0.5375,0.42,0.3,0,2500,62
QL11,1/1/2022,105.316944,9.506667,34.77200205,7.52,0.026695,0.0238,0.021852,0.02544,0.030555,0.01779,0.0054,0.003,0.0248,0.0024,0.012,0.001504,5.93,7.9,17.96125,14.43953026,0.3875,0.3,0.62,0,2400,15
QL11,2/1/2022,105.316944,9.506667,33.79573548,7.37,0.02718875,0.0418425,0.0400995,0.04567125,0.034040417,0.0170925,0.00496,0.007125,0.0224,0.0028,0.0464,0.001474,5.6975,7.46,19.15510417,14.46715295,0.6125,0.7125,0.56,0,2800,58
QL11,3/1/2022,105.316944,9.506667,50.64534908,7.45,0.02401375,0.01887,0.016995,0.01986875,0.03094875,0.0190875,0.00524,0.0022,0.0172,0.0043,0.0088,0.00149,6.3625,7.74,18.41739583,15.23208412,0.4375,0.22,0.43,0,4300,11
QL11,4/1/2022,105.316944,9.506667,36.43117013,7.33,0.07498625,0.065915,0.054383,0.06610375,0.053284583,0.0181425,0.02453,0.003,0.1032,0.0011,0,0.001466,6.0475,27.03,70.45451633,31.1647293,3.41375,0.3,2.58,0.2875,1100,0
QL11,5/1/2022,105.316944,9.506667,35.30739569,6.884,0.049213,0.038887,0.0085154,0.0080005,0.101502333,0.020652,0.06212,0.00423,0.007864,0.00356,0,0.0013768,6.884,31.0915,81.46092566,35.88934352,1.73375,0.423,0.1966,5.394,3560,0
QL11,6/1/2022,105.316944,9.506667,35.27912999,7.54,0.05846375,0.04715375,0.00658775,0.0074925,0.12418875,0.02262,0.08264,0.0011875,0.00508,0.0054,0,0.001508,7.54,37.2875,82.73649577,37.27547786,2.16,0.11875,0.127,4.34,5400,0
QL11,7/1/2022,105.316944,9.506667,38.59508008,7.03,0.0278125,0.0168625,0.0141405,0.01650375,0.035729167,0.0219,0.00685,0.001875,0.0196,0.0054,0,0.001406,7.3,17.95,33.21539468,21.30352922,3.5125,0.1875,0.49,5.5,5400,0
QL11,8/1/2022,105.316944,9.506667,44.18323376,7.005,0.040738625,0.030231125,0.011329125,0.013141875,0.072159792,0.021015,0.039205,0.00163125,0.017776,0.00185,0,0.001401,7.005,25.559375,60.2602947,29.38716416,1.465,0.163125,0.4444,4.975,1850,0
QL11,9/1/2022,105.316944,9.506667,34.16010659,6.85,0.066205,0.05593,0.010435,0.01179375,0.134061667,0.02055,0.09236,0.002,0.0164,0.0011,0,0.00137,6.85,38.59625,93.92246466,39.76694977,0.62375,0.2,0.41,3.4,1100,0
QL11,10/1/2022,105.316944,9.506667,35.81686192,7.36,0.035180625,0.0269925,0.0259035,0.02973875,0.028293125,0.01637625,0.00365,0.004225,0.03906,0.00705,0,0.001472,5.45875,6.15,15.43639617,12.9366736,1.5525,0.4225,0.9765,0.19,7050,0
QL11,11/1/2022,105.316944,9.506667,43.13050168,7.91,0.047383755,0.040205683,0.0368035,0.04311375,0.031928762,0.014356145,0.008386366,0.004625,0.0652,0.0022,0,0.001582,4.7853815,10.886366,28.37751313,16.00641813,1.32875,0.4625,1.63,0.2225,2200,0
QL11,12/1/2022,105.316944,9.506667,2.37636181,6.93,0.0351635,0.027221,0.0238305,0.02861625,0.030248167,0.015885,0.008167,0.001875,0.038,0.0064,0,0.001386,5.295,10.667,27.80385963,16.58999673,1.425,0.1875,0.95,0.2125,6400,0
QL11,1/1/2023,105.316944,9.506667,42.65501927,7.24,0.01723,0.00745,0.008174,0.008655,0.025736667,0.01956,0,0.0025,0.008,0.0044,0,0.001448,6.52,5,12.8539935,13.71442418,1.61625,0.25,0.2,0.59125,4400,0
QL11,2/1/2023,105.316944,9.506667,35.21224386,7.34,0.045201638,0.036981638,0.0312215,0.0381675,0.035937154,0.01644,0.012988275,0.001375,0.0544,0.0052,0,0.001468,5.48,15.488275,36.39047689,19.57450091,1.265,0.1375,1.36,0.65875,5200,0
QL11,3/1/2023,105.316944,9.506667,36.90917819,7.445,0.0289717,0.0223625,0.017507,0.020618125,0.030850633,0.013218399,0.0112,0.002025,0.0267,0.0048,0,0.001489,4.406133125,13.7,37.72926466,18.38576484,1.9555,0.2025,0.6675,0.20375,4800,0
QL11,4/1/2023,105.316944,9.506667,35.73427959,7.84,0.021105845,0.012845,0.009784,0.01148,0.029646972,0.01652169,0.00769,0.0012,0.0116,0.0052,0,0.001568,5.50723,10.19,24.74734612,15.94474983,1.1875,0.12,0.29,0.28625,5200,0
QL11,5/1/2023,105.316944,9.506667,35.39481103,7.36,0.02453125,0.0151,0.009236,0.00942,0.041372917,0.0188625,0.0132,0.0034,0.0084,0.0052,0,0.001472,6.2875,15.7,33.43212853,19.85310641,0.62,0.34,0.21,0.14625,5200,0
QL11,6/1/2023,105.316944,9.506667,35.49381308,7.62,0.06132875,0.05135,0.041562,0.051265,0.04918375,0.0199575,0.0211,0.0011,0.072,0.0085,0,0.001524,6.6525,23.6,52.76047685,26.49403274,1.61,0.11,1.8,0.22,8500,0
QL11,7/1/2023,105.316944,9.506667,55.26276039,7.503333333,0.023747083,0.014303333,0.010350333,0.010917083,0.036782083,0.0188875,0.009406667,0.003233333,0.013466667,0.0025,0,0.001500667,6.295833333,11.90666667,29.35141538,18.57912685,1.12,0.323333333,0.336666667,0.3,2500,0
QL11,8/1/2023,105.316944,9.506667,38.15419103,7.14,0.02848625,0.019925,0.011264,0.010955,0.047684583,0.0171225,0.01875,0.005,0.008,0.0081,0,0.001428,5.7075,21.25,48.2663847,23.65973194,0.97,0.5,0.2,0.13,8100,0
QL11,9/1/2023,105.316944,9.506667,37.18780517,7.475,0.02878625,0.02105,0.0146725,0.016403125,0.038292917,0.0154725,0.01425,0.0031,0.0228,0.00195,0,0.001495,5.1575,16.75,40.88530475,20.50778365,1.53,0.31,0.57,0.415,1950,0
QL11,10/1/2023,105.316944,9.506667,35.16090869,7.6,0.0463425,0.037125,0.03681,0.0428875,0.029849167,0.018435,0.00215,0.005,0.0648,0.0023,0,0.00152,6.145,4.65,12.17180556,12.93685862,2.25,0.5,1.62,0.32,2300,0
QL11,11/1/2023,105.316944,9.506667,35.76084419,7.6475,0.021389063,0.028361875,0.026630375,0.030112188,0.030716146,0.016254375,0.0049925,0.00508125,0.0127,0.00375,0.0302,0.0015295,5.418125,7.4925,17.87361979,13.6440916,0.484375,0.508125,0.3175,0,3750,37.75
QL11,12/1/2023,105.316944,9.506667,34.7581679,7.79,0.022215,0.0307,0.029779,0.03384875,0.030601667,0.01743,0.0034,0.0054,0.0128,0.0054,0.0344,0.001558,5.81,5.9,17.93291667,14.25059794,0.18,0.54,0.32,0,5400,43
QL11,1/1/2024,105.316944,9.506667,35.35092936,7.76,0.02575875,0.04633,0.044676,0.05097,0.03770375,0.0196575,0.00486,0.0078,0.014,0.0052,0.0608,0.001552,6.5525,7.36,21.24447917,16.40834621,0.5,0.78,0.35,0,5200,76
QL11,2/1/2024,105.316944,9.506667,44.76430598,7.7,0.0197625,0.0136,0.01162,0.009275,0.037129167,0.017925,0.0055,0.0084,0.006,0.0017,0.0056,0.00154,5.975,8,17.75104167,14.4407603,0.64,0.84,0.15,0,1700,7
QL11,3/1/2024,105.316944,9.506667,37.54878562,7.52,0.0190575,0.0227,0.020202,0.0242525,0.0252175,0.013515,0.0065,0.0016,0.0144,0.0021,0.0208,0.001504,4.505,9,16.65395833,11.88989544,0.55,0.16,0.36,0,2100,26
QL11,4/1/2024,105.316944,9.506667,37.40194373,7.5625,0.020132813,0.020205,0.01855625,0.020773438,0.028864063,0.016055625,0.00481,0.003875,0.0115,0.004025,0.0162,0.0015125,5.351875,7.31,16.94554688,13.25213371,0.48125,0.3875,0.2875,0,4025,20.25
QL11,5/1/2024,105.316944,9.506667,48.77735569,7.33,0.02146125,0.03835,0.036283,0.04185375,0.033392917,0.0174225,0.0056,0.0056,0.01,0.0043,0.0512,0.001466,5.8075,8.1,19.90385417,14.86820276,0.4875,0.56,0.25,0,4300,64
QL11,6/1/2024,105.316944,9.506667,51.35079136,7.79,0.0208125,0.021015,0.019679,0.01991125,0.0328125,0.016395,0.00423,0.0075,0.01,0.0035,0.0168,0.001558,5.465,6.73,16.870625,13.39820145,0.3125,0.75,0.25,0,3500,21
QL11,7/1/2024,105.316944,9.506667,35.46635596,7.28,0.02246,0.01935,0.017378,0.0203475,0.028256667,0.01662,0.0054,0.0022,0.0164,0.0043,0.0104,0.001456,5.54,7.9,17.24416667,13.62846364,0.525,0.22,0.41,0,4300,13
QL11,8/1/2024,105.316944,9.506667,63.84038782,7.44,0.024015,0.049425,0.047469,0.0579925,0.027918333,0.01638,0.0054,0.00215,0.022,0.0021,0.0672,0.001488,5.46,7.9,20.0725,14.4001198,0.375,0.215,0.55,0,2100,84
QL11,9/1/2024,105.316944,9.506667,68.73347903,7.35,0.05533875,0.04536,0.040285,0.04566875,0.045590417,0.0199575,0.01162,0.0075,0.0652,0.0064,0,0.00147,6.6525,14.12,33.17564633,20.31974821,1.43125,0.75,1.63,0.75,6400,0
QL11,10/1/2024,105.316944,9.506667,35.22833166,7.346,0.04744225,0.03642325,0.01183485,0.01338825,0.08742125,0.022038,0.050646,0.0022485,0.015352,0.0046,0,0.0014692,7.346,28.97375,68.56063008,32.51541554,0.7903,0.22485,0.3838,5.07,4600,0
QL11,11/1/2024,105.316944,9.506667,55.32936755,7.41,0.04998375,0.03886875,0.01170475,0.01307625,0.09394875,0.02223,0.05581,0.0024875,0.01104,0.0084,0,0.001482,7.41,30.36875,60.77582161,30.1571884,0.2925,0.24875,0.276,4.24,8400,0
QL11,12/1/2024,105.316944,9.506667,35.01003992,6.99,0.0525625,0.0420775,0.0160365,0.01899875,0.0888125,0.02097,0.05348,0.001675,0.0236,0.0054,0,0.001398,6.99,29.10375,68.93575049,32.09967544,0.6675,0.1675,0.59,5.45,5400,0
QL11,1/1/2025,105.316944,9.506667,68.09576365,7.005,0.042973675,0.032061175,0.016049175,0.01873725,0.066930208,0.021825,0.033425,0.00211875,0.0266786,0.0019,0,0.001401,7.275,24.553125,46.84079085,25.56155134,0.94,0.211875,0.666965,4.65,1900,0
QL11,2/1/2025,105.316944,9.506667,54.53527825,6.78,0.0862,0.07603,0.037578,0.0375975,0.132533333,0.02034,0.07826,0.015,0.0504,0.0084,0,0.001356,6.78,34.9575,73.03086513,33.07569519,0.22875,1.5,1.26,3.6,8400,0
QL11,3/1/2025,105.316944,9.506667,65.91388798,7.375,0.03680375,0.02909375,0.02629125,0.029153125,0.033177083,0.01542,0.00708,0.0059375,0.03902,0.00615,0,0.001475,5.14,9.58,27.26879924,16.18881439,0.616875,0.59375,0.9755,0.7,6150,0
QL11,4/1/2025,105.316944,9.506667,37.64465833,7.69,0.046842864,0.039516635,0.0358565,0.04346125,0.029966682,0.014652458,0.00885827,0.002175,0.0632,0.0048,0,0.001538,4.8841525,11.35827,24.55254012,14.94871933,0.7625,0.2175,1.58,0.65,4800,0
QL11,5/1/2025,105.316944,9.506667,61.60218098,7.4,0.032784136,0.022685386,0.0189275,0.019675,0.041496317,0.0201975,0.008995772,0.006375,0.0224,0.0076,0,0.00148,6.7325,11.495772,23.43437378,17.36872912,0.66375,0.6375,0.56,0.275,7600,0
QL11,6/1/2025,105.316944,9.506667,61.01542877,7.32,0.01454875,0.0052,0.005932,0.0067275,0.023097083,0.0186975,0,0.0011,0.006,0.0033,0,0.001464,6.2325,5,11.48043847,12.85014927,0.63375,0.11,0.15,0.8375,3300,0
QL11,7/1/2025,105.316944,9.506667,34.39823405,7.44,0.036579363,0.027714363,0.023594,0.024805,0.04078518,0.01773,0.009728726,0.0075,0.0336,0.0046,0,0.001488,5.91,12.228726,27.81757347,17.51682014,0.675,0.75,0.84,0.7375,4600,0
QL12,7/1/2022,105.510861,9.583789,42.82742162,7.38,0.031028608,0.02278125,0.02080675,0.0247975,0.027833419,0.016494716,0.005425,0.0019375,0.0337,0.0045,0,0.001476,5.49823875,7.925,19.69736619,14.3392138,0.79875,0.19375,0.8425,0.2875,4500,0
QL12,8/1/2022,105.510861,9.583789,34.43068369,7.72,0.034477782,0.02604083,0.023247,0.026715,0.032381491,0.016873905,0.007131659,0.00375,0.0368,0.0044,0,0.001544,5.624635,9.631659,23.59091933,15.75628394,0.48375,0.375,0.92,0.7625,4400,0
QL12,9/1/2022,105.510861,9.583789,43.74183487,7.42,0.02361875,0.01385,0.013892,0.0166775,0.025710417,0.0195375,0.0014,0.0011,0.0188,0.0064,0,0.001484,6.5125,3.9,8.695173358,12.39207073,1.8,0.11,0.47,0.55,6400,0
QL12,10/1/2022,105.510861,9.583789,52.38141722,7.59,0.0467675,0.0377,0.034709,0.03738625,0.0411075,0.018135,0.0075,0.0096,0.0536,0.0047,0,0.001518,6.045,10,26.08220967,17.17223193,0.29,0.96,1.34,0.65,4700,0
QL12,11/1/2022,105.510861,9.583789,43.76941657,7.363333333,0.033155833,0.023453333,0.017603,0.019774583,0.042169167,0.019405,0.013173333,0.003566667,0.022666667,0.0075,0,0.001472667,6.468333333,15.67333333,36.21013469,21.0001465,1,0.356666667,0.566666667,0.48,7500,0
QL12,12/1/2022,105.510861,9.583789,43.86151284,6.94,0.02719,0.017455,0.011544,0.013805,0.039293333,0.01947,0.01321,0.001,0.02,0.0007,0,0.001388,6.49,15.71,40.33869792,22.3342112,0.9,0.1,0.5,0.19,700,0
QL12,1/1/2023,105.510861,9.583789,34.59466428,7.3,0.024723125,0.0155,0.012905,0.01356875,0.034062292,0.01844625,0.00665,0.0041,0.0128,0.00745,0,0.00146,6.14875,9.15,21.83668983,15.98942066,0.93,0.41,0.32,0.59,7450,0
QL12,2/1/2023,105.510861,9.583789,35.57981128,7.41,0.04676625,0.0396,0.034291,0.03723875,0.041337917,0.0143325,0.0121,0.009,0.056,0.0021,0,0.001482,4.7775,14.6,35.87608282,18.3585838,1.72,0.9,1.4,0.1,2100,0
QL12,3/1/2023,105.510861,9.583789,37.10627437,7.6875,0.022967188,0.038978125,0.036859375,0.043132813,0.032735938,0.017578125,0.005775,0.00470625,0.0139,0.003975,0.0496,0.0015375,5.859375,8.275,19.99231771,14.97390415,0.308125,0.470625,0.3475,0,3975,62
QL12,4/1/2023,105.510861,9.583789,43.69982391,7.83,0.02260375,0.04018,0.039133,0.04641625,0.032325417,0.0200475,0.00366,0.004,0.0164,0.0011,0.0552,0.001566,6.6825,6.16,20.5640625,16.38883906,0.41,0.4,0.41,0,1100,69
QL12,5/1/2023,105.510861,9.583789,37.49719306,7.65,0.02160875,0.038265,0.036115,0.04101875,0.035370417,0.0178875,0.00583,0.0066,0.0112,0.0017,0.0512,0.00153,5.9625,8.33,20.27072917,15.21636323,0.4,0.66,0.28,0,1700,64
QL12,6/1/2023,105.510861,9.583789,37.40002948,7.71,0.02015375,0.043125,0.041771,0.04783875,0.03325875,0.0172575,0.00425,0.007,0.0104,0.0014,0.0632,0.001542,5.7525,6.75,19.76447917,14.74176361,0.66,0.7,0.26,0,1400,79
QL12,7/1/2023,105.510861,9.583789,36.01006971,7.55,0.0200975,0.02636,0.024155,0.02688125,0.0292775,0.013875,0.00592,0.0053,0.0108,0.0043,0.0264,0.00151,4.625,8.42,16.850625,12.13189628,0.7,0.53,0.27,0,4300,33
QL12,8/1/2023,105.510861,9.583789,44.30393147,7.5925,0.022938438,0.02759875,0.0257405,0.029308438,0.031385521,0.017079375,0.005235,0.0045875,0.0156,0.003375,0.0264,0.0015185,5.693125,7.735,18.24382813,14.17330292,0.49375,0.45875,0.39,0,3375,33
QL12,9/1/2023,105.510861,9.583789,35.36440324,7.34,0.0224775,0.045375,0.043684,0.0536675,0.029580833,0.019005,0.00485,0.0015,0.0168,0.0028,0.0648,0.001468,6.335,7.35,21.094375,16.03477459,0.4625,0.15,0.42,0,2800,81
QL12,10/1/2023,105.510861,9.583789,37.16841224,7.58,0.02593875,0.0269425,0.0255705,0.0296975,0.030190417,0.0179925,0.00426,0.003625,0.0168,0.0092,0.02,0.001516,5.9975,6.76,17.91760417,14.52702054,0.225,0.3625,0.42,0,9200,25
QL12,11/1/2023,105.510861,9.583789,35.17338103,7.66,0.0191775,0.02007,0.018416,0.0218325,0.025380833,0.015015,0.00484,0.0019,0.0144,0.0022,0.0168,0.001532,5.005,7.34,16.428125,12.56869956,0.375,0.19,0.36,0,2200,21
QL12,12/1/2023,105.510861,9.583789,36.52051241,7.38,0.02205,0.04672,0.044388,0.05436,0.025433333,0.01386,0.00614,0.0018,0.0188,0.0035,0.0632,0.001476,4.62,8.64,18.86916667,12.76075872,0.1475,0.18,0.47,0,3500,79
QL12,1/1/2024,105.510861,9.583789,35.64929434,7.22,0.0374575,0.026965,0.018572,0.019465,0.052750833,0.020985,0.01823,0.006,0.0216,0.0081,0,0.001444,6.995,20.73,53.29265705,27.17555708,1.59375,0.6,0.54,0.4125,8100,0
QL12,2/1/2024,105.510861,9.583789,45.73535856,7.24,0.06525125,0.05439125,0.01789525,0.0185675,0.119282917,0.02172,0.07444,0.0060825,0.02176,0.0065,0,0.001448,7.24,34.75,75.23316612,34.45998932,1.23145,0.60825,0.544,5.476,6500,0
QL12,3/1/2024,105.510861,9.583789,62.33892274,7.12,0.134805,0.124125,0.013137,0.0109525,0.295761667,0.02136,0.2234,0.00875,0.0136,0.0025,0,0.001424,7.12,172.87,472.9842959,159.6744186,0.19875,0.875,0.34,6.7,2500,0
QL12,4/1/2024,105.510861,9.583789,35.21177373,7.2,0.02738,0.01658,0.01367,0.01365,0.040086667,0.0216,0.00726,0.0055,0.0112,0.0092,0,0.00144,7.2,17.89,40.30332386,23.38805923,1.975,0.55,0.28,4.9,9200,0
QL12,5/1/2024,105.510861,9.583789,67.03181881,6.9,0.0453225,0.0349725,0.01444,0.014175,0.0809025,0.0207,0.042445,0.0062,0.0188,0.0025,0,0.00138,6.9,26.19875,59.52055498,28.99645491,1.055,0.62,0.47,4.625,2500,0
QL12,6/1/2024,105.510861,9.583789,49.05319476,6.91,0.075905,0.06554,0.033491,0.03480125,0.113761667,0.02073,0.06548,0.0113,0.0528,0.0015,0,0.001382,6.91,31.97375,63.68780131,30.32521479,0.26125,1.13,1.32,4.3,1500,0
QL12,7/1/2024,105.510861,9.583789,33.37251137,7.32,0.02707875,0.01987875,0.01759075,0.0169025,0.033340417,0.0144,0.00604,0.0081375,0.01828,0.0073,0,0.001464,4.8,8.54,21.8885827,13.98265533,1.29375,0.81375,0.457,0.115,7300,0
QL12,8/1/2024,105.510861,9.583789,50.66444924,7.91,0.089159496,0.082424773,0.076616,0.09467625,0.03315549,0.013469447,0.013199545,0.00175,0.1456,0.0043,0,0.001582,4.4898155,15.699545,51.23617413,22.76945658,3.14125,0.175,3.64,0.9125,4300,0
QL12,9/1/2024,105.510861,9.583789,34.53583724,7.11,0.036685677,0.027100677,0.0240235,0.02557625,0.039516579,0.01917,0.007576353,0.007125,0.03,0.0095,0,0.001422,6.39,10.076353,21.98606817,16.39838845,0.72375,0.7125,0.75,0.2,9500,0
QL12,10/1/2024,105.510861,9.583789,48.22165315,7.21,0.017675,0.0077375,0.0084585,0.00971375,0.024791667,0.019875,0,0.001375,0.0079,0.0062,0,0.001442,6.625,5,10.83599537,13.23573309,1.14875,0.1375,0.1975,0.7125,6200,0
QL12,11/1/2024,105.510861,9.583789,55.20409563,7.27,0.03358208,0.02548958,0.020652,0.02159625,0.03974152,0.016185,0.01112916,0.00675,0.0272,0.0059,0,0.001454,5.395,13.62916,33.63230856,18.57746487,0.925,0.675,0.68,0.7125,5900,0
QL12,12/1/2024,105.510861,9.583789,35.85532638,7.34,0.026774868,0.01879375,0.01485275,0.016339375,0.033687191,0.015962235,0.00935,0.0035625,0.021425,0.00325,0,0.001468,5.320745,11.85,28.21356411,16.75777706,1.41125,0.35625,0.535625,0.20125,3250,0
QL12,1/1/2025,105.510861,9.583789,59.2718457,7.67,0.038625296,0.030761361,0.028292,0.03339625,0.02957569,0.015727871,0.006472721,0.00315,0.048,0.0039,0,0.001534,5.2426235,8.972721,19.09700385,13.76652158,0.8425,0.315,1.2,0.725,3900,0
QL12,2/1/2025,105.510861,9.583789,52.37047838,7.24,0.0304325,0.02135,0.016474,0.01878,0.0376425,0.018165,0.0112,0.0029,0.0248,0.0038,0,0.001448,6.055,13.7,39.31876701,21.3601693,2.38,0.29,0.62,0.12125,3800,0
QL12,3/1/2025,105.510861,9.583789,62.35539205,7.27,0.0273675,0.0177,0.016277,0.01790875,0.032124167,0.019335,0.0043,0.0039,0.022,0.0052,0,0.001454,6.445,6.8,16.76738564,14.83565436,0.66,0.39,0.55,0.64,5200,0
QL12,4/1/2025,105.510861,9.583789,37.41703773,7.426666667,0.02146875,0.01247,0.009909333,0.010803333,0.031660417,0.0179975,0.006606667,0.002533333,0.0116,0.0042,0,0.001485333,5.999166667,9.106666667,21.07665295,15.52543756,0.873333333,0.253333333,0.29,0.41,4200,0
QL12,5/1/2025,105.510861,9.583789,71.05618452,7.07,0.0288425,0.0197,0.014757,0.01744625,0.0363825,0.018285,0.0113,0.0016,0.0248,0.0017,0,0.001414,6.095,13.8,33.57822581,19.61041482,0.85,0.16,0.62,0.38,1700,0
QL12,6/1/2025,105.510861,9.583789,37.56331003,7.505,0.021459375,0.01275,0.0110005,0.009563125,0.033971875,0.01741875,0.005,0.0067,0.0064,0.0074,0,0.001501,5.80625,7.5,18.32513549,14.36862326,0.66,0.67,0.16,0.585,7400,0
QL12,7/1/2025,105.510861,9.583789,53.64320462,7.2,0.0420875,0.034505,0.02812,0.0344625,0.035554167,0.015165,0.01421,0.0011,0.0504,0.0033,0,0.00144,5.055,16.71,42.45418065,20.84863513,1.87,0.11,1.26,0.13,3300,0
QL13,8/1/2022,105.417964,9.592447,65.28845224,7.5625,0.024069688,0.036549375,0.034109375,0.039195313,0.031195938,0.014840625,0.0063925,0.00550625,0.016,0.0054,0.0398,0.0015125,4.946875,8.8925,18.30783854,13.07410775,0.3515625,0.550625,0.4,0,5400,49.75
QL13,9/1/2022,105.417964,9.592447,44.4120921,7.59,0.02018,0.041015,0.038909,0.04582375,0.03052,0.01593,0.00573,0.0045,0.0124,0.0018,0.0576,0.001518,5.31,8.23,19.49375,13.99266393,0.75,0.45,0.31,0,1800,72
QL13,10/1/2022,105.417964,9.592447,51.22960367,7.64,0.024025,0.01971,0.017164,0.01783,0.034825,0.01743,0.00662,0.0058,0.016,0.0022,0.0088,0.001528,5.81,9.12,18.20958333,14.33781946,0.12,0.58,0.4,0,2200,11
QL13,11/1/2022,105.417964,9.592447,36.42132455,7.48,0.02295125,0.01909,0.016948,0.0158725,0.03593625,0.0165225,0.00578,0.0085,0.0136,0.0015,0.0088,0.001496,5.5075,8.28,17.29802083,13.59669162,0.73,0.85,0.34,0,1500,11
QL13,12/1/2022,105.417964,9.592447,43.63705317,7.5,0.02242,0.02687,0.0247,0.02775,0.028396667,0.0135,0.00584,0.005,0.018,0.0025,0.0224,0.0015,4.5,8.34,16.39916667,11.8020702,0.64,0.5,0.45,0,2500,28
QL13,1/1/2023,105.417964,9.592447,35.07058182,7.4225,0.02042,0.025935,0.02424225,0.029365313,0.026296667,0.01617,0.00487,0.0015,0.0153,0.003,0.0272,0.0014845,5.39,7.37,17.61041667,13.51892707,0.7625,0.15,0.3825,0,3000,34
QL13,2/1/2023,105.417964,9.592447,35.61331273,7.84,0.021795,0.01718,0.015834,0.015855,0.033355,0.01803,0.00426,0.0063,0.0128,0.0022,0.0088,0.001568,6.01,6.76,17.35458333,14.36827343,0.575,0.63,0.32,0,2200,11
QL13,3/1/2023,105.417964,9.592447,36.19297513,7.36,0.022235,0.022675,0.020986,0.024045,0.024581667,0.01272,0.00485,0.0035,0.018,0.0054,0.0136,0.001472,4.24,7.35,15.02333333,10.97832703,0.3,0.35,0.45,0,5400,17
QL13,4/1/2023,105.417964,9.592447,43.78970991,7.14,0.0226775,0.0333,0.031414,0.0383925,0.0286475,0.017955,0.0052,0.0014,0.0116,0.0092,0.0392,0.001428,5.985,7.7,19.36729167,14.96529687,0.7,0.14,0.29,0,9200,49
QL13,5/1/2023,105.417964,9.592447,43.57907339,7.35,0.02357375,0.034155,0.032285,0.03935625,0.02618875,0.0156375,0.00521,0.0016,0.0204,0.0043,0.0368,0.00147,5.2125,7.71,17.99197917,13.3729679,0.7575,0.16,0.51,0,4300,46
QL13,6/1/2023,105.417964,9.592447,43.5234687,7,0.051825,0.0421125,0.0300875,0.0351875,0.056875,0.019425,0.02545,0.003875,0.048,0.0069,0,0.0014,6.475,27.95,71.35449617,32.0897056,2.44625,0.3875,1.2,0.725,6900,0
QL13,7/1/2023,105.417964,9.592447,35.19730107,7.29,0.05594225,0.04479125,0.01447825,0.01585875,0.102629917,0.022302,0.062084,0.0035825,0.020696,0.00322,0,0.001458,7.434,31.97625,68.58083597,32.65378562,0.8632,0.35825,0.5174,4.99,3220,0
QL13,8/1/2023,105.417964,9.592447,35.9741953,8.16,0.07584,0.0636,0.018566,0.0200825,0.141376667,0.02448,0.0917,0.005,0.0272,0.0033,0,0.001632,8.16,40.56,97.61094318,42.89477402,0.915,0.5,0.68,6.5,3300,0
QL13,9/1/2023,105.417964,9.592447,35.40669654,7.11,0.0832525,0.0725875,0.0159985,0.01838875,0.161589167,0.02133,0.1146,0.002575,0.0268,0.0012,0,0.001422,7.11,44.57875,92.95405949,39.85165179,0.38375,0.2575,0.67,4.6,1200,0
QL13,10/1/2023,105.417964,9.592447,43.07481498,7.31,0.07324925,0.06228425,0.01217525,0.01218,0.149884583,0.02193,0.10168,0.0048625,0.014776,0.00325,0,0.001462,7.31,41.67375,95.77596451,41.04128137,0.585,0.48625,0.3694,5.025,3250,0
QL13,11/1/2023,105.417964,9.592447,43.80304766,7.22,0.079455,0.068625,0.023122,0.02459,0.141178333,0.02166,0.09245,0.0069,0.0368,0.0011,0,0.001444,7.22,39.22,101.5006058,42.71102326,0.4525,0.69,0.92,4.6,1100,0
QL13,12/1/2023,105.417964,9.592447,63.19305898,7.53,0.0252175,0.01793875,0.01549175,0.0162475,0.030269167,0.0145575,0.0064,0.0049875,0.02034,0.00415,0,0.001506,4.8525,8.9,21.68417552,13.99696422,0.861875,0.49875,0.5085,0.205,4150,0
QL13,1/1/2024,105.417964,9.592447,35.405611,7.63,0.047266496,0.037755,0.034463,0.04245375,0.032821825,0.019022993,0.00811,0.001,0.0612,0.0052,0,0.001526,6.3409975,10.61,28.16886327,18.27406348,1.1625,0.1,1.53,0.3375,5200,0
QL13,2/1/2024,105.417964,9.592447,34.97225051,7.19,0.019840486,0.011294236,0.008569,0.00977375,0.0297278,0.0170925,0.006888471,0.0015,0.008,0.0062,0,0.001438,5.6975,9.388471,24.37042236,16.11132641,0.2825,0.15,0.2,0.1125,6200,0
QL13,3/1/2024,105.417964,9.592447,50.30599515,7.18,0.020605,0.0113875,0.0121055,0.01396,0.023695,0.018435,0,0.001875,0.0145,0.0064,0,0.001436,6.145,5,10.8624157,12.52406233,0.775,0.1875,0.3625,0.5125,6400,0
QL13,4/1/2024,105.417964,9.592447,65.51865551,7.22,0.04442109,0.03612234,0.0325095,0.0366525,0.036915877,0.0165975,0.00866968,0.006375,0.05,0.0072,0,0.001444,5.5325,11.16968,26.17053947,16.43132865,0.8325,0.6375,1.25,0.4,7200,0
QL13,5/1/2024,105.417964,9.592447,36.01791747,7.25,0.028039375,0.019465,0.01534,0.0151125,0.038906875,0.01714875,0.0097,0.0065,0.01543,0.0073,0,0.00145,5.71625,12.2,24.05402083,16.03970313,1.449,0.65,0.38575,0.375,7300,0
QL13,6/1/2024,105.417964,9.592447,50.83821114,7.6,0.027100235,0.0179325,0.0148475,0.0123875,0.041883881,0.018335469,0.00769,0.009875,0.0088,0.0095,0,0.00152,6.111823,10.19,25.99648654,17.24544148,0.68375,0.9875,0.22,0.325,9500,0
QL13,7/1/2024,105.417964,9.592447,32.04211499,7.41,0.02451375,0.01485,0.009241,0.01005125,0.040165417,0.0193275,0.0127,0.0024,0.0092,0.0054,0,0.001482,6.4425,15.2,33.35842827,20.06237177,0.79,0.24,0.23,0.1125,5400,0
QL13,8/1/2024,105.417964,9.592447,64.6302616,7.35,0.0340105,0.0238,0.021585,0.02416875,0.035957833,0.020421,0.0059,0.0045,0.0288,0.0084,0,0.00147,6.807,8.4,22.26447855,17.11165969,0.68,0.45,0.72,0.83,8400,0
QL13,9/1/2024,105.417964,9.592447,39.55659407,7.456666667,0.024332083,0.014268333,0.009162333,0.00928625,0.041180417,0.0201275,0.011703333,0.003466667,0.0048,0.008566667,0,0.001491333,6.709166667,14.20333333,34.03342328,20.6751697,0.943333333,0.346666667,0.12,0.453333333,8566.666667,0
QL13,10/1/2024,105.417964,9.592447,47.90073967,7.18,0.02334625,0.01549,0.009368,0.0097725,0.037907917,0.0157125,0.01368,0.0031,0.012,0.0022,0,0.001436,5.2375,16.18,35.33600887,18.87832089,0.8,0.31,0.3,0.11,2200,0
QL13,11/1/2024,105.417964,9.592447,51.4856706,7.29,0.029684375,0.02105,0.016204,0.01741125,0.038463542,0.01726875,0.01115,0.00455,0.0176,0.0088,0,0.001458,5.75625,13.65,33.54196627,19.09085869,1.24,0.455,0.44,0.66,8800,0
QL13,12/1/2024,105.417964,9.592447,68.37496194,6.67,0.03646375,0.027775,0.021717,0.02277125,0.044132083,0.0173775,0.01345,0.007,0.034,0.0011,0,0.001334,5.7925,15.95,32.60165533,18.84879266,1.26,0.7,0.85,0.11,1100,0
QL13,1/1/2025,105.417964,9.592447,34.81777847,6.9,0.020312366,0.011818616,0.0103275,0.01205,0.026512187,0.0169875,0.004362232,0.001375,0.012,0.0059,0,0.00138,5.6625,6.862232,18.77554215,14.2949928,0.2625,0.1375,0.3,0.256,5900,0
QL13,2/1/2025,105.417964,9.592447,70.0070638,6.805,0.0227075,0.014165,0.0117555,0.010788125,0.034434167,0.017085,0.00618,0.00625,0.0134,0.0025,0,0.001361,5.695,8.68,18.3544557,14.21099171,1.155,0.625,0.335,0.73,2500,0
QL13,3/1/2025,105.417964,9.592447,64.42101625,6.74,0.018995913,0.011192163,0.008692335,0.008814638,0.029442473,0.0156075,0.006347655,0.00328125,0.01210542,0.00065,0,0.001348,5.2025,8.847655,17.58946763,13.23107271,1.0675,0.328125,0.3026355,0.5975,650,0
QL13,4/1/2025,105.417964,9.592447,48.67875502,6.89,0.02797875,0.01977,0.016614,0.01811125,0.03308375,0.0164175,0.00769,0.00425,0.0248,0.0028,0,0.001378,5.4725,10.19,24.57170798,15.83728341,0.655,0.425,0.62,0.4,2800,0
QL13,5/1/2025,105.417964,9.592447,35.74230346,6.68,0.034280337,0.027865962,0.01163675,0.01042875,0.062079119,0.01282875,0.033794423,0.0065875,0.0122,0.00315,0,0.001336,4.27625,36.294423,73.00602209,29.31223821,2.049375,0.65875,0.365,0.565,3150,0
QL13,6/1/2025,105.417964,9.592447,46.84571151,6.62,0.023062311,0.015742311,0.013262,0.01564,0.026162059,0.01464,0.006284622,0.0015,0.0168,0.0069,0,0.001324,4.88,8.784622,19.51209707,13.353448,1.8,0.15,0.42,0.2,6900,0
QL13,7/1/2025,105.417964,9.592447,36.28609293,6.685,0.024374375,0.016968125,0.013384125,0.014773125,0.030856875,0.0148125,0.008505,0.00313125,0.0202,0.0021,0,0.001337,4.9375,11.005,25.37650883,15.28850373,1.22875,0.313125,0.505,0.49,2100,0
QL14,5/1/2023,105.294503,9.636392,43.96409682,6.53,0.04358078,0.036603905,0.033618405,0.035245663,0.03742025,0.01395375,0.007277,0.01084375,0.05138706,0.0037,0,0.001306,4.65125,9.777,20.65200554,13.36968885,1.23625,1.084375,1.2846765,0.410625,3700,0
QL14,6/1/2023,105.294503,9.636392,43.98385054,6.8,0.026465,0.02009,0.014955,0.0176,0.030485,0.01275,0.01163,0.00175,0.0256,0.0012,0,0.00136,4.25,14.13,25.32289004,14.24034995,1.3625,0.175,0.64,0.51,1200,0
QL14,7/1/2023,105.294503,9.636392,35.7594073,6.345,0.042478,0.034754875,0.01299075,0.012074375,0.078057,0.01544625,0.04479725,0.0066625,0.0156,0.00245,0,0.001269,5.14875,47.29725,95.51560795,37.71732675,1.7475,0.66625,0.45,0.775,2450,0
QL14,8/1/2023,105.294503,9.636392,35.99917793,6.54,0.019492998,0.011134248,0.009229,0.0098175,0.028683661,0.0167175,0.005118495,0.00275,0.0092,0.0052,0,0.001308,5.5725,7.618495,19.71651855,14.45664362,0.8875,0.275,0.23,0.41,5200,0
QL14,9/1/2023,105.294503,9.636392,34.63742464,7.095,0.020911875,0.01393125,0.01056575,0.011511875,0.028961042,0.01396125,0.00815,0.0027125,0.0152,0.0018,0,0.001419,4.65375,10.65,24.38933621,14.55166416,1.85,0.27125,0.38,0.39,1800,0
QL14,10/1/2023,105.294503,9.636392,35.10354695,6.33,0.020500585,0.01348621,0.01018071,0.012007138,0.026898375,0.01402875,0.007877,0.00115,0.01584542,0.0021,0,0.001266,4.67625,10.377,21.65202661,13.72245401,1.428125,0.115,0.3961355,0.35125,2100,0
QL14,11/1/2023,105.294503,9.636392,3.546181887,6.82,0.0211575,0.01275,0.008957,0.0069775,0.037934167,0.016815,0.00895,0.00675,0.008,0.0018,0,0.001364,5.605,11.45,28.85365827,17.38595469,1.37625,0.675,0.2,0.34,1800,0
QL14,12/1/2023,105.294503,9.636392,37.28067194,6.45,0.028382389,0.021126139,0.00492,0.003775,0.060683908,0.0145125,0.033702278,0.0038,0.0028,0.00195,0,0.00129,4.8375,36.202278,73.88167659,30.43017074,8.56625,0.38,0.13,0.54,1950,0
QL14,1/1/2024,105.294503,9.636392,43.24591398,5.3,0.0201125,0.015675,0.01338,0.0154125,0.023129167,0.012075,0.00565,0.0021,0.014,0.0064,0.0032,0.00106,4.025,8.15,26.59789307,14.30480551,0.14,0.21,0.35,0,6400,4
QL14,2/1/2024,105.294503,9.636392,43.02558172,7.05,0.0208675,0.0272925,0.0252675,0.03069375,0.0285075,0.01755,0.00546,0.001425,0.0124,0.0049,0.0304,0.00141,5.85,7.96,18.27685804,14.41902839,0.4875,0.1425,0.31,0,4900,38
QL14,3/1/2024,105.294503,9.636392,34.79285383,7.21,0.02129625,0.013605,0.011696,0.01390125,0.028224583,0.0177825,0.00526,0.00115,0.01,0.0084,0.0024,0.001442,5.9275,7.76,17.65223705,14.3383613,0.1,0.115,0.25,0,8400,3
QL14,4/1/2024,105.294503,9.636392,35.18642435,7.313333333,0.0197475,0.029658333,0.027756333,0.032268333,0.030794167,0.017245,0.005266667,0.003883333,0.008533333,0.004566667,0.037066667,0.001462667,5.748333333,7.766666667,16.17385076,13.60353744,0.69,0.388333333,0.213333333,0,4566.666667,46.33333333
QL14,5/1/2024,105.294503,9.636392,35.79543327,6.81,0.01816875,0.047315,0.044881,0.05403875,0.031777083,0.0177075,0.00623,0.0033,0.008,0.0011,0.076,0.001362,5.9025,8.73,18.58041096,14.59347603,0.21,0.33,0.2,0,1100,95
QL14,6/1/2024,105.294503,9.636392,35.07710419,7.55,0.0170375,0.027825,0.025955,0.03125625,0.026104167,0.015225,0.00525,0.0019,0.0104,0.0013,0.0368,0.00151,5.075,7.75,23.50694145,14.9053567,0.33,0.19,0.26,0,1300,46
QL14,7/1/2024,105.294503,9.636392,35.38755923,7.405,0.014576094,0.007538281,0.005643781,0.003543008,0.029125104,0.014075625,0.00527,0.00561875,0,0.004187813,0,0.001481,4.691875,7.77,19.37784706,13.02893705,4.369375,0.561875,0.12,0,4187.8125,0
QL14,8/1/2024,105.294503,9.636392,43.92607936,7,0.0134975,0.00626,0.0044,0.002375,0.028694167,0.014475,0.00512,0.005,0,0.0024,0,0.0014,4.825,7.62,16.88489583,12.44270045,0.275,0.5,0.12,0,2400,0
QL14,9/1/2024,105.294503,9.636392,33.99740545,7.51,0.01654125,0.0075375,0.005776,0.0051575,0.03072125,0.0180075,0.005025,0.0033,0,0.00675,0,0.001502,6.0025,7.525,16.96841902,14.23528185,0.32375,0.33,0.12,0,6750,0
QL14,10/1/2024,105.294503,9.636392,43.58666215,6.85,0.01395625,0.00565,0.003585,0.00354375,0.027547917,0.0166125,0.0055,0.0015,0,0.0043,0,0.00137,5.5375,8,19.5344519,14.34674556,0.62,0.15,0.12,0,4300,0
QL14,11/1/2024,105.294503,9.636392,64.85723371,6.970833333,0.023308146,0.015430021,0.01280125,0.013074479,0.031606507,0.01575625,0.006651708,0.004683333,0.015833333,0.003691667,0,0.001394167,5.252083333,9.151708,16.86048942,13.07563112,0.4934375,0.468333333,0.395833333,0.2025,3691.666667,0
QL14,12/1/2024,105.294503,9.636392,63.80130489,7.83,0.0433221,0.0365046,0.0343205,0.03985375,0.028518233,0.013635,0.0059342,0.004875,0.06,0.0022,0,0.001566,4.545,8.4342,15.352725,11.53967055,0.1125,0.4875,1.5,0.55,2200,0
QL14,1/1/2025,105.294503,9.636392,65.57801096,6.97,0.013500449,0.01,0.006792,0.00458375,0.024571048,0.007000898,0.00781,0.00625,0.00464,0.0013,0,0.001394,2.33363275,10.31,12.69715322,7.385428072,1.675,0.625,0.116,0.125,1300,0
QL14,2/1/2025,105.294503,9.636392,34.97677956,6.94,0.019459707,0.009477207,0.0076065,0.0084925,0.031172649,0.019965,0.005129413,0.001625,0.0044,0.0078,0,0.001388,6.655,7.629413,18.3790815,15.6587552,0.925,0.1625,0.11,0.1125,7800,0
QL14,3/1/2025,105.294503,9.636392,56.81879974,7.35,0.01662625,0.0071875,0.0079225,0.00748125,0.026544583,0.0188775,0,0.003875,0.0061,0.0044,0,0.00147,6.2925,5,16.4753125,14.51482582,0.28,0.3875,0.1525,0.1875,4400,0
QL14,4/1/2025,105.294503,9.636392,34.57571468,6.97,0.017812325,0.009663575,0.0077345,0.00787125,0.028495425,0.0162975,0.00525215,0.002875,0.006,0.0052,0,0.001394,5.4325,7.75215,16.4538875,13.21807141,0.6625,0.2875,0.15,0.25,5200,0
QL14,5/1/2025,105.294503,9.636392,63.46492863,7.23,0.022248262,0.014322164,0.0116855,0.00984125,0.035229277,0.015852195,0.006719328,0.007625,0.0048,0.0095,0,0.001446,5.284065,9.219328,16.94626963,13.15064656,0.725,0.7625,0.12,0.5375,9500,0
QL14,6/1/2025,105.294503,9.636392,51.98531849,7.25,0.06030625,0.05185,0.049525,0.05878125,0.03268125,0.0169125,0.0061,0.005,0.0924,0.0002,0,0.00145,5.6375,8.6,17.2109375,13.76423786,0.56,0.5,2.31,0.35,200,0
QL14,7/1/2025,105.294503,9.636392,62.42816541,7.14,0.035314922,0.026753672,0.0241015,0.02536125,0.036726484,0.0171225,0.006732343,0.007625,0.03495,0.0042,0,0.001428,5.7075,9.232343,17.640859,14.00477427,0.575,0.7625,0.87375,0.75,4200,0
QL15,5/1/2023,105.266069,9.405392,35.03090317,7.22,0.019553125,0.012025,0.008722,0.00905875,0.030398958,0.01505625,0.00805,0.00295,0.0104,0.00265,0,0.001444,5.01875,10.55,24.56843188,15.15562559,0.17,0.295,0.26,0.345,2650,0
QL15,6/1/2023,105.266069,9.405392,35.37754573,7.355,0.031545625,0.02341,0.0205855,0.023075625,0.032248125,0.01627125,0.00712,0.00425,0.0276,0.00785,0,0.001471,5.42375,9.62,20.8995872,14.60649108,0.945,0.425,0.69,0.12,7850,0
QL15,7/1/2023,105.266069,9.405392,36.29425756,7.375,0.02456,0.0144875,0.0113125,0.010421875,0.039573333,0.020145,0.007825,0.00595,0.0088,0.0064,0,0.001475,6.715,10.325,19.79915599,16.19644577,0.355,0.595,0.22,0.27,6400,0
QL15,8/1/2023,105.266069,9.405392,36.54686221,7.7,0.02475125,0.01427,0.012895,0.0150875,0.03138625,0.0209625,0.00429,0.00165,0.0176,0.005,0,0.00154,6.9875,6.79,17.25103927,15.80188029,0.55,0.165,0.44,0.59,5000,0
QL15,9/1/2023,105.266069,9.405392,42.70528625,7.39,0.06309,0.0543,0.052139,0.06342375,0.030543333,0.01758,0.0058,0.0028,0.0936,0.0064,0,0.001478,5.86,8.3,17.4225,14.16468474,0.361,0.28,2.34,0.21,6400,0
QL15,10/1/2023,105.266069,9.405392,36.32008398,7.53,0.02384125,0.01501,0.011703,0.01150375,0.035912917,0.0176625,0.00812,0.005,0.01,0.0069,0,0.001506,5.8875,10.62,30.9986301,18.48592532,0.4,0.5,0.25,0.1875,6900,0
QL15,11/1/2023,105.266069,9.405392,35.69066387,7.69,0.0217325,0.01225625,0.00872525,0.01021125,0.0334425,0.0189525,0.0086,0.0011125,0.0064,0.0084,0,0.001538,6.3175,11.1,30.24475636,18.8932602,0.4875,0.11125,0.16,0.85,8400,0
QL15,12/1/2023,105.266069,9.405392,34.47815932,7.29,0.022272391,0.012957391,0.010529,0.01059875,0.033885578,0.01863,0.006314782,0.0041,0.0092,0.0063,0,0.001458,6.21,8.8147815,22.10737345,16.16663097,1.173125,0.41,0.23,0.5,6300,0
QL15,1/1/2024,105.266069,9.405392,35.38312227,7.333333333,0.023412083,0.014152083,0.01016875,0.00884375,0.039830972,0.01852,0.009433333,0.0061875,0.007983333,0.0047,0,0.001466667,6.173333333,11.93333333,28.74314792,18.20361536,1.682083333,0.61875,0.199583333,0.400833333,4700,0
QL15,2/1/2024,105.266069,9.405392,35.39495281,7.31,0.0171025,0.0085,0.005631,0.00635125,0.029755833,0.017205,0.0072,0.0011,0.0084,0.0003,0,0.001462,5.735,9.7,19.83256065,14.73697688,0.52625,0.11,0.21,0.3625,300,0
QL15,3/1/2024,105.266069,9.405392,35.47330118,7.66,0.02091125,0.0110975,0.0078035,0.0085825,0.034559583,0.0196275,0.00812,0.001875,0.0064,0.0058,0,0.001532,6.5425,10.62,26.00087885,17.89284169,0.195,0.1875,0.16,0.3625,5800,0
QL15,4/1/2024,105.266069,9.405392,44.01677674,4.52,0.0274075,0.05685,0.054102,0.065065,0.0322175,0.017115,0.0064,0.0041,0.0188,0.0084,0.076,0.000904,5.705,8.9,15.95001566,13.46797152,0.22,0.41,0.47,0,8400,95
QL15,5/1/2024,105.266069,9.405392,52.61181666,6.98,0.0234675,0.026675,0.024473,0.0282475,0.033524167,0.019185,0.0058,0.00375,0.0136,0.0046,0.0256,0.001396,6.395,8.3,21.58093404,16.27816647,0.625,0.375,0.34,0,4600,32
QL15,6/1/2024,105.266069,9.405392,35.25864082,6.71,0.02571625,0.021925,0.020671,0.02146375,0.032704583,0.0171825,0.00385,0.007,0.018,0.0054,0.0096,0.001342,5.7275,6.35,14.30553977,12.9832865,0.18,0.7,0.45,0,5400,12
QL15,7/1/2024,105.266069,9.405392,50.41353041,6.823333333,0.022480417,0.028615,0.026592333,0.03218625,0.028809861,0.0175975,0.00541,0.001686667,0.015466667,0.0048,0.029866667,0.001364667,5.865833333,7.91,16.79022689,13.97410526,0.422916667,0.168666667,0.386666667,0,4800,37.33333333
QL15,8/1/2024,105.266069,9.405392,43.97260975,7.71,0.02847625,0.02631,0.023821,0.02465125,0.038094583,0.0179325,0.00652,0.0082,0.02,0.0043,0.0136,0.001542,5.9775,9.02,17.96673733,14.51251019,0.14,0.82,0.5,0,4300,17
QL15,9/1/2024,105.266069,9.405392,35.23340218,4.41,0.02381,0.047975,0.045941,0.05548875,0.028606667,0.01647,0.00495,0.0031,0.0136,0.0095,0.0648,0.000882,5.49,7.45,16.54768107,13.33389063,0.14,0.31,0.34,0,9500,81
QL15,10/1/2024,105.266069,9.405392,43.70448871,5.82,0.01314193,0.005351305,0.003233305,0.002311162,0.027708333,0.01558125,0.0054,0.00276875,0,0.002533859,0,0.001164,5.19375,7.9,20.60109105,14.16738763,9.235625,0.276875,0.12,0,2533.859375,0
QL15,11/1/2024,105.266069,9.405392,34.23685213,4.72,0.0136275,0.00666,0.005072,0.0016525,0.029814167,0.013935,0.00412,0.0075,0,0.0017,0,0.000944,4.645,6.62,15.11115971,11.61351504,0.425,0.75,0.12,0,1700,0
QL15,12/1/2024,105.266069,9.405392,34.98451448,5.605,0.013964375,0.00595625,0.00419175,0.003481875,0.027391875,0.01601625,0.00465,0.0028125,0,0.00445,0,0.001121,5.33875,7.15,17.93462686,13.54426209,0.3275,0.28125,0.12,0,4450,0
QL15,1/1/2025,105.266069,9.405392,34.82045927,5.12,0.014375,0.00683,0.004662,0.0019525,0.031091667,0.01509,0.00536,0.0062,0,0.0021,0,0.001024,5.03,7.86,20.27100947,13.8177016,0.57,0.62,0.12,0,2100,0
QL15,2/1/2025,105.266069,9.405392,35.21170177,6.729166667,0.023581993,0.015325743,0.012743229,0.014111979,0.030252427,0.0165125,0.00651086,0.002907292,0.016333333,0.0049,0,0.001345833,5.504166667,9.010860333,17.199701,13.56069546,0.598020833,0.290729167,0.408333333,0.4075,4900,0
QL15,3/1/2025,105.266069,9.405392,50.54794593,7.11,0.037084917,0.028681167,0.026511,0.03251375,0.027498139,0.0168075,0.005762333,0.001,0.0504,0.0002,0,0.001422,5.6025,8.262333,27.58232666,16.98140658,0.15375,0.1,1.26,0.1625,200,0
QL15,4/1/2025,105.266069,9.405392,35.23768801,7.2,0.024324453,0.0160825,0.0138825,0.016025,0.028523723,0.016483905,0.00584,0.002125,0.0179,0.0063,0,0.00144,5.494635,8.34,20.29506378,14.52223742,0.17125,0.2125,0.4475,0.1375,6300,0
QL15,5/1/2025,105.266069,9.405392,53.41519609,6.87,0.056028918,0.048536418,0.04098075,0.05048375,0.038100809,0.014985,0.016485336,0.0011875,0.0736,0.0058,0,0.001374,4.995,18.985336,55.59041153,24.89994374,2.9175,0.11875,1.84,0.1875,5800,0
QL15,6/1/2025,105.266069,9.405392,34.62258332,6.21,0.02591125,0.01663,0.017251,0.01750125,0.029239583,0.0185625,0,0.0065,0.02226,0.0045,0,0.001242,6.1875,5,10.00630938,12.31791752,1.36875,0.65,0.5565,0.5,4500,0
QL15,7/1/2025,105.266069,9.405392,48.90131908,6.23,0.0642149,0.05607365,0.048423,0.05584125,0.047051433,0.0162825,0.0165473,0.0075,0.084,0.0041,0,0.001246,5.4275,19.0473,41.65870181,21.15660366,1.6775,0.75,2.1,0.5,4100,0
QL2,11/1/2021,105.526667,9.26,46.30939728,7.13,0.01953333,0.011871895,0.0084005,0.00870375,0.030994437,0.015322871,0.00836879,0.002875,0.0104,0.0021,0,0.001426,5.1076235,10.86879,27.45501641,16.19895619,0.22625,0.2875,0.26,0.125,2100,0
QL2,12/1/2021,105.526667,9.26,44.96985485,6.95,0.23531125,0.2287,0.227145,0.28318125,0.02207625,0.0132225,0.0045,0.0012,0.4448,0.0069,0,0.00139,4.4075,7,12.9530787,10.57691163,3.21,0.12,11.12,0.25,6900,0
QL2,1/1/2022,105.526667,9.26,62.65844695,7.39,0.049829625,0.041298375,0.037614,0.04623625,0.031685792,0.0170625,0.00884675,0.00125,0.0707,0.0018,0,0.001478,5.6875,11.34675,27.53937101,17.09536444,0.19125,0.125,1.7675,0.1375,1800,0
QL2,2/1/2022,105.526667,9.26,33.57031193,7.18,0.02202,0.01323,0.011393,0.01324125,0.028338333,0.01758,0.00511,0.0016,0.0144,0.00535,0,0.001436,5.86,7.61,16.37652586,13.83493249,0.39,0.16,0.36,0.455,5350,0
QL2,3/1/2022,105.526667,9.26,33.24410745,7.12,0.19521375,0.188685,0.187762,0.2309525,0.02604875,0.0130575,0.00327,0.006,0.3648,0.0033,0,0.001424,4.3525,5.77,14.76457742,11.06550203,2.591,0.6,9.12,0.11,3300,0
QL2,4/1/2022,105.526667,9.26,34.42285865,7.475,0.021335,0.01262,0.0078725,0.008434375,0.035781667,0.01743,0.01099,0.00225,0.009,0.003,0,0.001495,5.81,13.49,32.11269703,18.7208944,0.455,0.225,0.225,0.235,3000,0
QL2,5/1/2022,105.526667,9.26,53.06847765,7.385,0.0336475,0.0230425,0.0180635,0.018485625,0.0457275,0.02121,0.011435,0.00655,0.0238,0.0043,0,0.001477,7.07,13.935,33.12058588,20.92863994,0.795,0.655,0.595,0.215,4300,0
QL2,6/1/2022,105.526667,9.26,33.98114865,6.455,0.038050625,0.02816,0.0249455,0.027775625,0.038443125,0.01978125,0.00772,0.00545,0.035,0.00815,0,0.001291,6.59375,10.22,26.40753769,18.09791935,1.215,0.545,0.875,0.23,8150,0
QL2,7/1/2022,105.526667,9.26,36.57689474,6.91,0.0248575,0.016675,0.010891,0.00955125,0.041784167,0.016365,0.01295,0.0065,0.0128,0.0011,0,0.001382,5.455,15.45,30.91949599,17.81222761,1.69875,0.65,0.32,0.625,1100,0
QL2,8/1/2022,105.526667,9.26,34.3546555,7.36,0.0213375,0.0112875,0.0064735,0.0053575,0.041504167,0.0201,0.0111,0.004375,0.006,0.0011,0,0.001472,6.7,13.6,34.80039046,20.90321263,0.43625,0.4375,0.15,0.9625,1100,0
QL2,9/1/2022,105.526667,9.26,34.36108233,7.33,0.026748809,0.016389434,0.01437675,0.014338125,0.03735972,0.02071875,0.005491368,0.0058125,0.018575,0.0029,0,0.001466,6.90625,7.9913675,19.40839774,16.36013091,0.556875,0.58125,0.464375,0.43125,2900,0
QL2,10/1/2022,105.526667,9.26,34.15899002,6.963333333,0.029508333,0.020308333,0.017338,0.018370417,0.036186111,0.0184,0.007333333,0.005283333,0.0199,0.0081,0,0.001392667,6.133333333,9.833333333,27.46301424,17.74004232,1.065833333,0.528333333,0.4975,0.229166667,8100,0
QL2,11/1/2022,105.526667,9.26,34.38217856,5.64,0.0208525,0.0121,0.008414,0.007455,0.036055833,0.017505,0.0085,0.0049,0.0104,0.0004,0,0.001128,5.835,11,24.05830327,16.21917821,1.74875,0.49,0.26,0.1625,400,0
QL2,12/1/2022,105.526667,9.26,64.27306194,7.79,0.0288175,0.0193375,0.0165165,0.01947375,0.0327075,0.01896,0.0072,0.001875,0.0248,0.0048,0,0.001558,6.32,9.7,18.02151132,15.04352816,0.21875,0.1875,0.62,0.175,4800,0
QL2,1/1/2023,105.526667,9.26,34.56302685,5.6,0.0264625,0.038225,0.03636,0.0427,0.029079167,0.015675,0.00485,0.0044,0.0208,0.0072,0.0392,0.00112,5.225,7.35,18.52178064,13.55874232,0.16,0.44,0.52,0,7200,49
QL2,2/1/2023,105.526667,9.26,43.38235086,7.4,0.02092,0.028345,0.025715,0.0301125,0.03073,0.01635,0.00674,0.00325,0.0124,0.0031,0.0312,0.00148,5.45,9.24,23.03602896,15.31939753,0.7625,0.325,0.31,0,3100,39
QL2,3/1/2023,105.526667,9.26,34.62437619,7.37,0.029875,0.019855,0.017887,0.01923375,0.035525,0.02004,0.00541,0.005,0.02,0.0093,0,0.001474,6.68,7.91,19.03605919,15.90337301,0.19,0.5,0.5,0,9300,0
QL2,4/1/2023,105.526667,9.26,42.44532629,7.053333333,0.022355,0.031005833,0.028992833,0.033319167,0.032056111,0.017365,0.005436667,0.004675,0.0136,0.003633333,0.034666667,0.001410667,5.788333333,7.936666667,16.26411757,13.69199482,0.449166667,0.4675,0.34,0,3633.333333,43.33333333
QL2,5/1/2023,105.526667,9.26,36.12920795,6.62,0.02540875,0.041345,0.039062,0.044265,0.032337083,0.0145275,0.00589,0.0073,0.0136,0.0095,0.0464,0.001324,4.8425,8.39,16.93846907,12.48583987,0.24,0.73,0.34,0,9500,58
QL2,6/1/2023,105.526667,9.26,36.57475817,5.55,0.02300125,0.04777,0.045255,0.05394375,0.032669583,0.0176625,0.00614,0.0042,0.0168,0.0012,0.0672,0.00111,5.8875,8.64,22.36015385,15.76257215,0.12,0.42,0.42,0,1200,84
QL2,7/1/2023,105.526667,9.26,35.0961382,6.4375,0.014837813,0.00686625,0.0050025,0.004241406,0.028206354,0.015943125,0.005015,0.00321875,0,0.00549875,0,0.0012875,5.314375,7.515,21.65979935,14.68209193,1628.8325,0.321875,0.12,0,5498.75,0
QL2,8/1/2023,105.526667,9.26,37.84880299,6.37,0.01501375,0.0072025,0.0057245,0.00254625,0.031765417,0.0156225,0.00423,0.007375,0,0.0028,0,0.001274,5.2075,6.73,14.37068009,12.22382254,0.4375,0.7375,0.12,0,2800,0
QL2,9/1/2023,105.526667,9.26,37.24632247,6.06,0.014796875,0.006365,0.004581,0.00403875,0.028401042,0.01686375,0.00478,0.0027,0,0.00525,0,0.001212,5.62125,7.28,18.71663617,14.21454719,0.5825,0.27,0.12,0,5250,0
QL2,10/1/2023,105.526667,9.26,37.03012665,6.01,0.0133825,0.00637,0.004401,0.00231375,0.028309167,0.014025,0.00514,0.0051,0,0.0025,0,0.001202,4.675,7.64,19.25047533,12.96346952,0.92,0.51,0.12,0,2500,0
QL2,11/1/2023,105.526667,9.26,35.35020748,6.631666667,0.023715471,0.015474221,0.012862125,0.01332375,0.032012489,0.0164825,0.006550526,0.00440625,0.016033333,0.003958333,0,0.001326333,5.494166667,9.05052625,17.20328396,13.54682502,0.658229167,0.440625,0.400833333,0.4175,3958.333333,0
QL2,12/1/2023,105.526667,9.26,37.26742088,7.19,0.10247622,0.09471747,0.0930565,0.11446125,0.027127847,0.0155175,0.00475994,0.002975,0.18,0.0017,0,0.001438,5.1725,7.25994,16.59222237,12.87168265,0.25375,0.2975,4.5,0.3,1700,0
QL2,1/1/2024,105.526667,9.26,35.54834942,6.99,0.021567531,0.018115,0.016724,0.01731125,0.019640905,0.006905061,0.00418,0.00575,0.0252,0.0011,0,0.001398,2.301687,6.68,14.28241957,7.837278157,0.9875,0.575,0.63,0.15,1100,0
QL2,2/1/2024,105.526667,9.26,42.9707231,7.21,0.03451102,0.02810602,0.02458975,0.02865125,0.028725713,0.01281,0.00847454,0.0033375,0.0368,0.0076,0,0.001442,4.27,10.97454,21.72527575,13.13617142,0.86625,0.33375,0.92,0.2625,7600,0
QL2,3/1/2024,105.526667,9.26,51.61907152,6.73,0.02692125,0.01723125,0.01790425,0.01777875,0.031199583,0.01938,0,0.0073625,0.021,0.0061,0,0.001346,6.46,5,12.05677526,13.37309434,0.425,0.73625,0.525,0.55,6100,0
QL2,4/1/2024,105.526667,9.26,35.10148731,6.79,0.017080083,0.011395083,0.00984775,0.01141125,0.020136859,0.01137,0.004452665,0.0014375,0.01,0.0069,0,0.001358,3.79,6.952665,13.67121248,9.877059421,0.8125,0.14375,0.25,0.2875,6900,0
QL2,5/1/2024,105.526667,9.26,63.61099457,6.84,0.014586921,0.009800688,0.007859,0.00498,0.02633615,0.009572468,0.005251375,0.00775,0.0051,0.0015,0,0.001368,3.1908225,7.751375,16.19365293,9.773513992,0.7125,0.775,0.1275,0.225,1500,0
QL2,6/1/2024,105.526667,9.26,56.53611824,6.85,0.08254125,0.07536,0.072985,0.08548125,0.034629583,0.0143625,0.00612,0.0092,0.13,0.0054,0,0.00137,4.7875,8.62,16.01499253,12.11220603,1.5,0.92,3.25,0.92,5400,0
QL2,7/1/2024,105.526667,9.26,51.17669795,7.25,0.031550596,0.026725935,0.0243625,0.02796875,0.023101391,0.009649322,0.00617687,0.003975,0.0381,0.0052,0,0.00145,3.21644075,8.67687,17.32480124,10.1685455,0.66375,0.3975,0.9525,0.15,5200,0
QL2,8/1/2024,105.526667,9.26,63.60531485,6.83,0.021226875,0.0130575,0.011533,0.0121975,0.028354375,0.01633875,0.004415,0.00355,0.0144,0.00375,0,0.001366,5.44625,6.915,18.95685089,14.02777692,0.37,0.355,0.36,0.35,3750,0
QL2,9/1/2024,105.526667,9.26,31.88056814,7.2,0.12364875,0.115425,0.113445,0.1394625,0.02986375,0.0164475,0.0054,0.00375,0.22,0.0017,0,0.00144,5.4825,7.9,18.7121051,14.00499373,1.133,0.375,5.5,0.15,1700,0
QL2,10/1/2024,105.526667,9.26,52.45356615,7.105,0.025409375,0.0173225,0.0120355,0.011513125,0.039455208,0.01617375,0.011995,0.00565,0.0124,0.0046,0,0.001421,5.39125,14.495,33.22579065,18.44368164,0.375,0.565,0.31,0.385,4600,0
QL2,11/1/2024,105.526667,9.26,52.04857298,6.97,0.03727875,0.02769,0.024122,0.02659,0.038975417,0.0191775,0.00853,0.0057,0.0372,0.00395,0,0.001394,6.3925,11.03,27.0537589,17.99977109,0.838,0.57,0.93,0.485,3950,0
QL2,12/1/2024,105.526667,9.26,67.49009053,6.995,0.058466875,0.047935,0.0400245,0.045030625,0.053997708,0.02106375,0.01722,0.008,0.0648,0.00585,0,0.001399,7.02125,19.72,53.12631573,27.16249156,3.785,0.8,1.62,0.685,5850,0
QL2,1/1/2025,105.526667,9.26,36.63362968,7.14,0.02272125,0.01362,0.008464,0.009455,0.037032917,0.0182025,0.01174,0.0018,0.0056,0.0081,0,0.001428,6.0675,14.24,34.33769594,19.80859424,0.9625,0.18,0.14,0.5125,8100,0
QL2,2/1/2025,105.526667,9.26,34.05564028,7.55,0.02723875,0.0180625,0.0148175,0.01281875,0.041390417,0.0183525,0.008,0.009125,0.0112,0.0078,0,0.00151,6.1175,10.5,24.87051944,16.89898627,0.44375,0.9125,0.28,0.175,7800,0
QL2,3/1/2025,105.526667,9.26,51.08691703,7.305,0.029830029,0.019705029,0.01668675,0.020069375,0.033845068,0.02025,0.007497559,0.0012625,0.0225,0.00815,0,0.001461,6.75,9.9975585,20.64766986,16.51644699,0.4225,0.12625,0.5625,0.7125,8150,0
QL2,4/1/2025,105.526667,9.26,49.30835521,7.263333333,0.020942083,0.012458333,0.009218,0.009012083,0.033737083,0.0169675,0.007933333,0.004016667,0.007433333,0.005533333,0,0.001452667,5.655833333,10.43333333,22.5089983,15.46199663,1.129166667,0.401666667,0.185833333,0.36125,5533.333333,0
QL2,5/1/2025,105.526667,9.26,56.16935041,6.86,0.02277875,0.01475,0.010736,0.0096075,0.036817083,0.0160575,0.0094,0.0061,0.0056,0.0084,0,0.001372,5.3525,11.9,23.39929057,15.28766884,1.88,0.61,0.14,0.8625,8400,0
QL2,6/1/2025,105.526667,9.26,49.54227636,7.38,0.0214575,0.0133575,0.0099755,0.0094225,0.034200833,0.0162,0.00824,0.004875,0.0084,0.0052,0,0.001476,5.4,10.74,29.38538404,17.24608576,0.27875,0.4875,0.21,0.575,5200,0
QL2,7/1/2025,105.526667,9.26,34.21044935,7.16,0.014427927,0.006821052,0.004959552,0.003398658,0.028991667,0.01521375,0.005155,0.00448125,0,0.004005853,0,0.001432,5.07125,7.655,18.37904792,13.28311962,6.095,0.448125,0.12,0,4005.853125,0
QL3,11/1/2021,105.41,9.234722,34.82296373,6.67,0.01745625,0.009375,0.007617,0.00608375,0.03093125,0.0161625,0.00485,0.0055,0,0.0084,0,0.001334,5.3875,7.35,15.21916479,12.76131456,0.375,0.55,0.12,0,8400,0
QL3,12/1/2021,105.41,9.234722,27.77214444,6.405,0.015289375,0.0077125,0.005703,0.002894375,0.031766875,0.01515375,0.0053,0.006775,0,0.00335,0,0.001281,5.05125,7.8,19.72418133,13.67718437,0.56375,0.6775,0.12,0,3350,0
QL3,1/1/2022,105.41,9.234722,41.97654667,6.23,0.01128625,0.005125,0.003273,0.00209125,0.023884583,0.0123225,0.00495,0.0032,0,0.0021,0,0.001246,4.1075,7.45,18.01254052,11.72195004,0.57,0.32,0.12,0,2100,0
QL3,2/1/2022,105.41,9.234722,35.68160973,7.043333333,0.02255088,0.01506838,0.012601729,0.014422083,0.027340942,0.014965,0.006341968,0.002128125,0.018366667,0.0033,0,0.001408667,4.988333333,8.84196825,16.27702579,12.49606425,0.55,0.2128125,0.459166667,0.33,3300,0
QL3,3/1/2022,105.41,9.234722,59.0294377,7.13,0.046533334,0.038313334,0.0362505,0.04164125,0.032511113,0.01644,0.005551668,0.005875,0.056,0.0092,0,0.001426,5.48,8.051668,18.13912706,13.82060752,0.5375,0.5875,1.4,0.25,9200,0
QL3,4/1/2022,105.41,9.234722,37.48101838,6.91,0.030628146,0.02183,0.019901,0.02175125,0.032475674,0.017596292,0.00524,0.005,0.02892,0.0045,0,0.001382,5.86543075,7.74,15.81161332,13.66498513,0.1375,0.5,0.723,0.3625,4500,0
QL3,5/1/2022,105.41,9.234722,52.50515626,7.17,0.051590663,0.044221913,0.03861075,0.04670875,0.034861547,0.0147375,0.012656326,0.0024875,0.064,0.0093,0,0.001434,4.9125,15.156326,30.18954858,16.76835548,2.78875,0.24875,1.6,0.6,9300,0
QL3,6/1/2022,105.41,9.234722,31.36353525,6.48,0.02745375,0.019275,0.019923,0.0197475,0.02870875,0.0163575,0,0.00825,0.0228,0.0075,0,0.001296,5.4525,5,11.10582622,11.56204957,1.5525,0.825,0.57,0.1875,7500,0
QL3,7/1/2022,105.41,9.234722,34.89619819,6.03,0.041811463,0.033283963,0.029678,0.03600375,0.031760079,0.017055,0.008417925,0.00175,0.048,0.0084,0,0.001206,5.685,10.917925,19.5664129,14.57807153,1.29125,0.175,1.2,0.1375,8400,0
QL3,8/1/2022,105.41,9.234722,35.30651696,6.71,0.017807022,0.0088622,0.0060835,0.00596375,0.031983051,0.017889644,0.0068994,0.002625,0.0075,0.0007,0,0.001342,5.9632145,9.3994,18.991927,14.81428171,0.7625,0.2625,0.1875,0.1,700,0
QL3,9/1/2022,105.41,9.234722,35.36665749,6.58,0.06361125,0.05589,0.053808,0.06201,0.034209583,0.0154425,0.00548,0.0084,0.096,0.0019,0,0.001316,5.1475,7.98,21.83383283,14.48664497,1.5,0.84,2.4,0.26,1900,0
QL3,10/1/2022,105.41,9.234722,35.10401462,6.62,0.038663416,0.0301937,0.02745575,0.0333275,0.029547971,0.016939433,0.0067999,0.0015875,0.0485,0.0035,0,0.001324,5.6464775,9.2999,24.18078656,15.97500836,0.18375,0.15875,1.2125,0.75,3500,0
QL3,11/1/2022,105.41,9.234722,36.14782748,6.775,0.019074375,0.0107625,0.0080525,0.008503125,0.030215208,0.01662375,0.006775,0.0025,0.0076,0.00465,0,0.001355,5.54125,9.275,27.51729287,16.86902912,0.7,0.25,0.19,0.68,4650,0
QL3,12/1/2022,105.41,9.234722,43.09556481,7.06,0.0258825,0.017295,0.015356,0.013195,0.037409167,0.017175,0.00529,0.0096,0.0172,0.0025,0,0.001412,5.725,7.79,18.60525521,14.33505839,0.114,0.96,0.43,0.1,2500,0
QL3,1/1/2023,105.41,9.234722,34.49387435,7.15,0.0206875,0.0127075,0.008065,0.00908125,0.0329875,0.01596,0.010715,0.0016,0.0088,0.0043,0,0.00143,5.32,13.215,31.97021787,17.94097663,0.205,0.16,0.22,0.345,4300,0
QL3,2/1/2023,105.41,9.234722,35.28252314,6.39,0.026831875,0.0188725,0.015929,0.0153175,0.035506042,0.01591875,0.007165,0.00735,0.01938,0.00385,0,0.001278,5.30625,9.665,24.86428512,15.68014584,1,0.735,0.4845,0.355,3850,0
QL3,3/1/2023,105.41,9.234722,35.49689703,5.915,0.038469375,0.0290625,0.0220415,0.025958125,0.042686875,0.01881375,0.015225,0.00255,0.0356,0.00475,0,0.001183,6.27125,17.725,48.55462289,24.59622648,2.535,0.255,0.89,0.665,4750,0
QL3,4/1/2023,105.41,9.234722,35.77116104,7.01,0.02410625,0.01588625,0.00948225,0.01062625,0.038047917,0.01644,0.01421,0.0019625,0.0144,0.0012,0,0.001402,5.48,16.71,37.11567123,19.8031246,1.83375,0.19625,0.36,0.475,1200,0
QL3,5/1/2023,105.41,9.234722,65.78614078,6.89,0.03880875,0.0295875,0.0195265,0.02323625,0.048787083,0.0184425,0.0215,0.001875,0.0336,0.0022,0,0.001378,6.1475,24,57.32042683,27.17409578,1.25875,0.1875,0.84,0.11625,2200,0
QL3,6/1/2023,105.41,9.234722,36.60714754,7.065,0.020044367,0.010003742,0.006903375,0.007101875,0.035161857,0.02008125,0.007613735,0.00244375,0.00725,0.0027,0,0.001413,6.69375,10.1137345,23.78913988,17.42244716,0.51,0.244375,0.18125,0.6875,2700,0
QL3,7/1/2023,105.41,9.234722,35.16239621,6.68,0.02746375,0.0186775,0.0135555,0.013501667,0.040437639,0.0175725,0.01158,0.005508333,0.015466667,0.0048,0,0.001336,5.8575,14.08,30.03676478,18.13768909,1.052916667,0.550833333,0.386666667,0.470833333,4800,0
QL3,8/1/2023,105.41,9.234722,44.2623263,3.76,0.02344,0.015325,0.009476,0.0110325,0.034976667,0.01623,0.01245,0.0013,0.0128,0.0041,0,0.000752,5.41,14.95,26.79244204,16.44363873,2.55,0.13,0.32,0.1875,4100,0
QL3,9/1/2023,105.41,9.234722,35.53890227,7.14,0.02797875,0.01936125,0.01639525,0.01908,0.03133375,0.017235,0.00736,0.0022625,0.0196,0.0095,0,0.001428,5.745,9.86,22.01564796,15.44021373,0.44625,0.22625,0.49,0.6125,9500,0
QL3,10/1/2023,105.41,9.234722,37.29960988,4.5475,0.012427292,0.005406355,0.003698605,0.002509975,0.025372813,0.014041875,0.004325,0.00338125,0,0.003106459,0,0.0009095,4.680625,6.825,16.59932798,12.13611026,0.93875,0.338125,0.12,0,3106.459375,0
QL3,11/1/2023,105.41,9.234722,35.24870588,6.03,0.01407125,0.00479,0.002578,0.00150375,0.031432917,0.0185625,0.00563,0.00275,0,0.0012,0,0.001206,6.1875,8.13,16.62254826,14.40374315,0.55,0.275,0.12,0,1200,0
QL3,12/1/2023,105.41,9.234722,37.24632389,4.9,0.01304875,0.00468625,0.00257125,0.00164375,0.028522083,0.016725,0.00521,0.0025125,0,0.00165,0,0.00098,5.575,7.71,20.71167663,14.77412567,0.71125,0.25125,0.12,0,1650,0
QL3,1/1/2024,105.41,9.234722,35.63065498,4.52,0.0162525,0.00882,0.006852,0.0032525,0.032905833,0.014865,0.00484,0.0085,0,0.0043,0,0.000904,4.955,7.34,19.91019975,13.59145326,0.52,0.85,0.12,0,4300,0
QL3,2/1/2024,105.41,9.234722,60.64917027,6.326666667,0.02105237,0.01334737,0.010963917,0.011327292,0.029454141,0.01541,0.00603224,0.003804167,0.012766667,0.004091667,0,0.001265333,5.136666667,8.53224,16.36320333,12.74573245,2.602083333,0.380416667,0.319166667,0.345833333,4091.666667,0
QL3,3/1/2024,105.41,9.234722,37.7842475,7.56,0.02021875,0.01042,0.006256,0.007195,0.035510417,0.0195975,0.00984,0.001,0.0048,0.0052,0,0.001512,6.5325,12.34,27.53959947,18.36293647,0.79375,0.1,0.12,0.3375,5200,0
QL3,4/1/2024,105.41,9.234722,58.62667139,7.63,0.02948375,0.020075,0.016688,0.02014125,0.03297875,0.0188175,0.0083,0.00115,0.0212,0.0095,0,0.001526,6.2725,10.8,25.99107955,17.48475238,0.39875,0.115,0.53,0.11625,9500,0
QL3,5/1/2024,105.41,9.234722,64.49547253,7.485,0.026574917,0.017147417,0.01182975,0.014045,0.037537305,0.018855,0.012132333,0.0011875,0.012025,0.00895,0,0.001497,6.285,14.632333,28.63904403,18.33829572,0.341875,0.11875,0.300625,0.7,8950,0
QL3,6/1/2024,105.41,9.234722,53.75896384,7.473333333,0.020987083,0.011652083,0.00833275,0.00808,0.035630972,0.01867,0.008133333,0.0037375,0.009366667,0.002066667,0,0.001494667,6.223333333,10.63333333,24.90091539,17.06731885,0.636666667,0.37375,0.234166667,0.304166667,2066.666667,0
QL3,7/1/2024,105.41,9.234722,51.69587359,7.22,0.0196775,0.01103,0.007552,0.0084025,0.031914167,0.017295,0.0084,0.00166,0.0072,0.0048,0,0.001444,5.765,10.9,28.20899038,17.42271765,0.57375,0.166,0.18,0.5375,4800,0
QL3,8/1/2024,105.41,9.234722,44.19979686,7.65,0.021835,0.011845,0.00919,0.01008125,0.033915,0.01998,0.00684,0.00225,0.0084,0.0062,0,0.00153,6.66,9.34,23.11572828,17.15952342,0.22875,0.225,0.21,0.5125,6200,0
QL3,9/1/2024,105.41,9.234722,63.46268503,6.185,0.010651033,0.00575822,0.00385172,0.002509963,0.021610313,0.009785625,0.00505,0.0036875,0,0.002778941,0,0.001237,3.261875,7.55,19.13816008,10.80837369,6.278125,0.36875,0.12,0,2778.940625,0
QL3,10/1/2024,105.41,9.234722,35.43369998,6.24,0.0137875,0.00796,0.005874,0.0067175,0.0210875,0.011655,0.00542,0.001,0,0.0095,0,0.001248,3.885,7.92,19.2344437,11.77341542,0.4375,0.1,0.12,0,9500,0
QL3,11/1/2024,105.41,9.234722,54.28764831,5.835,0.013288125,0.0054075,0.0035385,0.003416875,0.025988958,0.01576125,0.004905,0.00161,0,0.0043,0,0.001167,5.25375,7.405,19.63243776,13.95201143,0.41875,0.161,0.12,0,4300,0
QL3,12/1/2024,105.41,9.234722,33.92825249,6.01,0.0121925,0.00563,0.003601,0.00293875,0.024365833,0.013125,0.00526,0.0025,0,0.0035,0,0.001202,4.375,7.76,20.2266758,12.82122503,0.47,0.25,0.12,0,3500,0
QL3,1/1/2025,105.41,9.234722,50.48038409,6.3325,0.022744765,0.015499765,0.013080125,0.014255104,0.027939174,0.01449,0.00610578,0.003352083,0.017666667,0.003875,0,0.0012665,4.83,8.605780417,15.90164021,12.14022075,0.726145833,0.335208333,0.441666667,0.371666667,3875,0
QL3,2/1/2025,105.41,9.234722,51.037732,7.52,0.02749,0.0187075,0.0151395,0.0171275,0.033926667,0.017565,0.00864,0.002875,0.0164,0.0095,0,0.001504,5.855,11.14,26.10632127,16.89483331,1.1,0.2875,0.41,0.575,9500,0
QL3,3/1/2025,105.41,9.234722,51.44887883,7.45,0.0275125,0.01763125,0.01132625,0.01336875,0.040979167,0.0197625,0.0141,0.0012625,0.0164,0.0035,0,0.00149,6.5875,16.6,41.42291976,22.82227136,1.95,0.12625,0.41,0.21125,3500,0
QL3,4/1/2025,105.41,9.234722,63.56138999,7.34,0.025470136,0.015140761,0.011293375,0.013105,0.036680316,0.02065875,0.009162771,0.00161875,0.01465,0.00485,0,0.001468,6.88625,11.662771,26.28674296,18.49858779,1.4825,0.161875,0.36625,0.165625,4850,0
QL3,5/1/2025,105.41,9.234722,54.00128139,7.236666667,0.03225,0.023075,0.018165333,0.020425417,0.038811111,0.01835,0.011266667,0.00365,0.0241,0.007133333,0,0.001447333,6.116666667,13.76666667,34.1858285,19.83446674,2.535833333,0.365,0.6025,0.301666667,7133.333333,0
QL3,6/1/2025,105.41,9.234722,52.16551919,7.25,0.02659375,0.01645,0.012325,0.00928125,0.04641875,0.0202875,0.0097,0.0098,0.01,0.0034,0,0.00145,6.7625,12.2,26.59222871,18.40926977,1.2575,0.98,0.25,0.1325,3400,0
QL3,7/1/2025,105.41,9.234722,42.47256021,7.61,0.02405375,0.01427,0.010711,0.01120125,0.036992083,0.0195675,0.00864,0.0035,0.0092,0.0072,0,0.001522,6.5225,11.14,29.60265895,18.99833353,0.265,0.35,0.23,0.55,7200,0
QL4,1/1/2022,105.309444,9.192222,52.06995875,6.76,0.013925359,0.005990359,0.004321359,0.002464199,0.02947,0.01587,0.00469,0.0047,0,0.002590719,0,0.001352,5.29,7.19,17.34229512,13.28439947,7.490625,0.47,0.12,0,2590.71875,0
QL4,2/1/2022,105.309444,9.192222,41.87645226,6.54,0.0148175,0.008225,0.005979,0.005755,0.0253575,0.013185,0.0058,0.00275,0,0.0079,0,0.001308,4.395,8.3,24.08038014,14.06613813,0.45,0.275,0.12,0,7900,0
QL4,3/1/2022,105.309444,9.192222,31.98084247,6.28,0.01390375,0.00569875,0.00364675,0.00225375,0.029700417,0.01641,0.00536,0.0036875,0,0.00235,0,0.001256,5.47,7.86,18.08653095,13.78902615,0.6025,0.36875,0.12,0,2350,0
QL4,4/1/2022,105.309444,9.192222,26.87883154,6.03,0.0178675,0.010105,0.008303,0.00650375,0.0309575,0.015525,0.00481,0.0062,0,0.0092,0,0.001206,5.175,7.31,15.814375,12.63020965,0.68,0.62,0.12,0,9200,0
QL4,5/1/2022,105.309444,9.192222,42.70068098,6.6925,0.023148309,0.015257371,0.012683833,0.012456354,0.032322442,0.015781875,0.006485575,0.0054375,0.015233333,0.003358333,0,0.0013385,5.260625,8.985575333,16.79130329,13.06663211,0.679270833,0.54375,0.380833333,0.555,3358.333333,0
QL4,6/1/2022,105.309444,9.192222,29.53767867,6.97,0.02085625,0.014035,0.008897,0.00612125,0.038864583,0.0136425,0.01167,0.008,0.0072,0.0012,0,0.001394,4.5475,14.17,32.01464087,16.79623136,1.14,0.8,0.18,0.94,1200,0
QL4,7/1/2022,105.309444,9.192222,35.05650424,6.53,0.0239175,0.0159,0.012303,0.01106625,0.036674167,0.016035,0.0085,0.0069,0.0136,0.0028,0,0.001306,5.345,11,29.71201923,17.26656029,0.16,0.69,0.34,0.31,2800,0
QL4,8/1/2022,105.309444,9.192222,35.79809866,6.91,0.02768375,0.01904,0.016341,0.01573875,0.03682875,0.0172875,0.00678,0.0075,0.0204,0.0034,0,0.001382,5.7625,9.28,20.9199386,15.12103203,0.24,0.75,0.51,0.36,3400,0
QL4,9/1/2022,105.309444,9.192222,36.471028,7.02,0.01679875,0.00826,0.004652,0.00494,0.03161375,0.0170775,0.00862,0.0014,0.0048,0.0017,0,0.001404,5.6925,11.12,23.02545747,15.67981478,0.11,0.14,0.12,0.38,1700,0
QL4,10/1/2022,105.309444,9.192222,36.10725896,7.05,0.023975,0.042375,0.040005,0.04856875,0.026658333,0.0144,0.00615,0.0023,0.0216,0.0035,0.0512,0.00141,4.8,8.65,22.06767503,14.03911571,0.14,0.23,0.54,0,3500,64
QL4,11/1/2022,105.309444,9.192222,43.14276248,7.01,0.02212,0.0213325,0.0189135,0.02262625,0.030613333,0.018375,0.00624,0.001625,0.0116,0.0064,0.0168,0.001402,6.125,8.74,21.56746101,15.86891898,0.65,0.1625,0.29,0,6400,21
QL4,12/1/2022,105.309444,9.192222,35.15462457,7.34,0.022945,0.03503,0.033984,0.0377925,0.033238333,0.01743,0.00356,0.0075,0.0128,0.0046,0.0416,0.001468,5.81,6.06,13.22259881,12.76563014,0.12,0.75,0.32,0,4600,52
QL4,1/1/2023,105.309444,9.192222,36.02983634,7.256666667,0.030710417,0.042556667,0.041175667,0.047177917,0.03381875,0.0179075,0.004213333,0.006866667,0.0128,0.019633333,0.0416,0.001451333,5.969166667,6.713333333,14.02172883,13.25631268,0.735833333,0.686666667,0.32,0,19633.33333,52
QL4,2/1/2023,105.309444,9.192222,64.40761711,7.36,0.0231325,0.02271,0.020886,0.0236075,0.0330925,0.019245,0.00512,0.004,0.01,0.0079,0.0184,0.001472,6.415,7.62,16.20321653,14.61279525,0.58,0.4,0.25,0,7900,23
QL4,3/1/2023,105.309444,9.192222,36.00568595,7.4,0.0219675,0.05258,0.05039,0.0618625,0.026174167,0.014775,0.00586,0.0018,0.02,0.0015,0.076,0.00148,4.925,8.36,22.1952589,14.26683761,0.49,0.18,0.5,0,1500,95
QL4,4/1/2023,105.309444,9.192222,34.49403345,7.365,0.013297177,0.005416552,0.003775552,0.001922564,0.029156458,0.01576125,0.004755,0.004475,0,0.001603103,0,0.001473,5.25375,7.255,17.06916588,13.14391815,4.888125,0.4475,0.12,0,1603.103125,0
QL4,5/1/2023,105.309444,9.192222,37.53225449,6.92,0.0159875,0.008555,0.006642,0.006615,0.026570833,0.014865,0.00521,0.0027,0,0.0092,0,0.001384,4.955,7.71,16.34221998,12.46661727,0.25,0.27,0.12,0,9200,0
QL4,6/1/2023,105.309444,9.192222,43.96578618,7.31,0.0138975,0.00519375,0.00348725,0.002445,0.029569167,0.0174075,0.004875,0.0030625,0,0.00245,0,0.001462,5.8025,7.375,17.88255579,14.22347125,0.32,0.30625,0.12,0,2450,0
QL4,7/1/2023,105.309444,9.192222,43.91040467,7.05,0.0145975,0.00661,0.005005,0.00425625,0.027760833,0.015975,0.00462,0.0032,0,0.0054,0,0.00141,5.325,7.12,17.72353952,13.45709001,0.54,0.32,0.12,0,5400,0
QL4,8/1/2023,105.309444,9.192222,37.85564603,6.9625,0.020426681,0.012403556,0.010476458,0.010063021,0.030502532,0.01604625,0.005246694,0.004852083,0.011633333,0.003075,0,0.0013925,5.34875,7.746694417,16.31506596,13.04868173,0.255833333,0.485208333,0.290833333,0.340833333,3075,0
QL4,9/1/2023,105.309444,9.192222,35.62856759,7.6,0.01606195,0.0095557,0.007435,0.0072625,0.02569455,0.0130125,0.0057614,0.00325,0.0084,0.0017,0,0.00152,4.3375,8.2614,14.9291375,11.09488099,0.13875,0.325,0.21,0.2875,1700,0
QL4,10/1/2023,105.309444,9.192222,35.39510261,6.93,0.030173873,0.02425,0.020818,0.02367875,0.027822371,0.011847746,0.00825,0.00375,0.0293,0.0072,0,0.001386,3.94924875,10.75,15.54252922,10.70588108,1.4825,0.375,0.7325,0.625,7200,0
QL4,11/1/2023,105.309444,9.192222,35.16182522,7.05,0.03008912,0.02349662,0.01928,0.02113125,0.032407947,0.013185,0.00984324,0.00475,0.026,0.0064,0,0.00141,4.395,12.34324,17.063495,11.85400536,0.6375,0.475,0.65,0.225,6400,0
QL4,12/1/2023,105.309444,9.192222,35.60730621,7.42,0.01928875,0.00964375,0.01038575,0.012115,0.02412375,0.01929,0,0.0013875,0.0143,0.0036,0,0.001484,6.43,5,16.69875,14.79151639,0.9625,0.13875,0.3575,0.2125,3600,0
QL4,1/1/2024,105.309444,9.192222,43.65480587,7.16,0.020833205,0.011510705,0.0091285,0.009145,0.033210812,0.018645,0.00619641,0.003625,0.0084,0.0048,0,0.001432,6.215,8.69641,18.19758,14.94153531,0.9375,0.3625,0.21,0.1,4800,0
QL4,2/1/2024,105.309444,9.192222,44.13211458,7.3,0.021548639,0.013269186,0.0111925,0.0111,0.03126349,0.016558905,0.005613372,0.004625,0.008,0.0083,0,0.00146,5.519635,8.113372,16.77609288,13.45035189,0.11375,0.4625,0.2,0.125,8300,0
QL4,3/1/2024,105.309444,9.192222,52.14250137,6.52,0.09438,0.08721,0.085302,0.105315,0.025153333,0.01434,0.00512,0.0021,0.1648,0.0024,0,0.001304,4.78,7.62,15.3275,11.88421816,0.41,0.21,4.12,0.21,2400,0
QL4,4/1/2024,105.309444,9.192222,35.11113142,7.34,0.039825396,0.03042265,0.027284,0.0287925,0.040892591,0.018805493,0.0077453,0.0085,0.0354,0.0092,0,0.001468,6.2684975,10.2453,19.05895844,15.29333844,1.595,0.85,0.885,0.375,9200,0
QL4,5/1/2024,105.309444,9.192222,65.91756482,7.285,0.019575,0.0113475,0.0088035,0.006629375,0.035,0.016455,0.006545,0.007,0.0046,0.00455,0,0.001457,5.485,9.045,21.33750798,14.83642433,0.5,0.7,0.115,0.175,4550,0
QL4,6/1/2024,105.309444,9.192222,61.7135792,7.555,0.021330625,0.0121075,0.0091055,0.009944375,0.032971458,0.01844625,0.007515,0.0023,0.0084,0.006,0,0.001511,6.14875,10.015,23.49711698,16.51288445,0.19,0.23,0.21,0.555,6000,0
QL4,7/1/2024,105.309444,9.192222,53.47831037,7.405,0.02590875,0.01569,0.0125405,0.012769375,0.038345417,0.0204375,0.00778,0.00465,0.0156,0.00335,0,0.001481,6.8125,10.28,23.1884304,17.41119338,0.165,0.465,0.39,0.145,3350,0
QL4,8/1/2024,105.309444,9.192222,54.79325363,7.56,0.027374375,0.017075,0.014106,0.01482,0.037973542,0.02059875,0.00745,0.0045,0.0174,0.0048,0,0.001512,6.86625,9.95,25.86734794,18.33636994,0.35,0.45,0.435,0.485,4800,0
QL4,9/1/2024,105.309444,9.192222,34.24966057,6.8,0.09173875,0.08533,0.08396,0.1016,0.025990417,0.0128175,0.0041,0.00536,0.1584,0.0028,0,0.00136,4.2725,6.6,13.9928125,10.70219656,0.354,0.536,3.96,0.25,2800,0
QL4,10/1/2024,105.309444,9.192222,64.16381933,7.32,0.0269775,0.018495,0.014907,0.016915,0.033080833,0.016965,0.00864,0.00275,0.0164,0.0092,0,0.001464,5.655,11.14,30.02498862,17.83022655,1.175,0.275,0.41,0.2875,9200,0
QL4,11/1/2024,105.309444,9.192222,69.51126549,7.57,0.01897125,0.009675,0.006582,0.00557125,0.035632917,0.0185925,0.0077,0.00425,0.004,0.0034,0,0.001514,6.1975,10.2,21.75496387,16.03678086,0.35,0.425,0.1,0.95,3400,0
QL4,12/1/2024,105.309444,9.192222,49.91102993,7.385,0.024940455,0.01468983,0.0118385,0.011704375,0.038069395,0.02050125,0.00717966,0.00495,0.0121,0.00515,0,0.001477,6.83375,9.67966,22.60188265,17.25815421,0.21125,0.495,0.3025,0.5125,5150,0
QL4,1/1/2025,105.309444,9.192222,36.7495827,7.66,0.028855,0.0191125,0.015611833,0.016186667,0.038900556,0.019485,0.008533333,0.005325,0.017,0.007366667,0,0.001532,6.495,11.03333333,27.86319979,18.40870422,0.5125,0.5325,0.425,0.458333333,7366.666667,0
QL4,2/1/2025,105.309444,9.192222,50.63620813,7.23,0.01899375,0.0096,0.007273,0.00665375,0.033585417,0.0187875,0.0061,0.0039,0.0056,0.0036,0,0.001446,6.2625,8.6,22.41763807,16.34319454,0.35125,0.39,0.14,0.45,3600,0
QL4,3/1/2025,105.309444,9.192222,57.44656013,7.24,0.0208775,0.013325,0.009999,0.0110925,0.0296975,0.015105,0.0081,0.00225,0.0084,0.0079,0,0.001448,5.035,10.6,31.64803281,17.41190505,0.24375,0.225,0.21,0.4625,7900,0
QL4,4/1/2025,105.309444,9.192222,44.37294453,7.4,0.025225,0.01588,0.01264,0.015175,0.032258333,0.01869,0.00796,0.001,0.016,0.0068,0,0.00148,6.23,10.46,24.45225713,16.93587551,0.18,0.1,0.4,0.88,6800,0
QL4,5/1/2025,105.309444,9.192222,51.94557794,5.92,0.0258825,0.02515,0.022342,0.0264275,0.032975833,0.019065,0.0068,0.0024,0.02,0.0035,0.0176,0.001184,6.355,9.3,21.49073912,16.18973175,0.2,0.24,0.5,0,3500,22
QL4,6/1/2025,105.309444,9.192222,64.24771928,7.03,0.0266375,0.0341375,0.0316405,0.03431625,0.0333375,0.0138,0.0064,0.008375,0.0168,0.0079,0.0288,0.001406,4.6,8.9,23.10245822,14.06533992,0.14,0.8375,0.42,0,7900,36
QL4,7/1/2025,105.309444,9.192222,51.20145264,7.03,0.0185525,0.0348025,0.0327655,0.03931625,0.026605833,0.0147,0.00548,0.002625,0.012,0.0023,0.0472,0.001406,4.9,7.98,16.6665625,12.48636901,0.8,0.2625,0.3,0,2300,59
QL5,11/1/2021,105.593889,9.564917,29.24543244,7.053333333,0.021575833,0.0272575,0.024767833,0.0294025,0.027593611,0.01477,0.00639,0.002491667,0.016933333,0.002566667,0.026133333,0.001410667,4.923333333,8.89,21.45419607,14.03071125,0.3675,0.249166667,0.423333333,0,2566.666667,32.66666667
QL5,12/1/2021,105.593889,9.564917,52.82167864,7.54,0.02287125,0.027,0.025154,0.0283175,0.03306625,0.0181425,0.0052,0.005,0.016,0.0014,0.0264,0.001508,6.0475,7.7,15.313375,13.78101513,0.6,0.5,0.4,0,1400,33
QL5,1/1/2022,105.593889,9.564917,49.74830633,7.33,0.02340875,0.02676,0.024933,0.03010375,0.029070417,0.0180975,0.00512,0.0017,0.0184,0.0035,0.0248,0.001466,6.0325,7.62,20.64396376,15.43902861,0.53,0.17,0.46,0,3500,31
QL5,2/1/2022,105.593889,9.564917,50.26065379,6.8175,0.011614031,0.006152156,0.003950156,0.002425977,0.024161667,0.01092375,0.0057675,0.00401875,0,0.002518063,0,0.0013635,3.64125,8.2675,20.34463721,11.75778837,6.63625,0.401875,0.12,0,2518.0625,0
QL5,3/1/2022,105.593889,9.564917,50.02134143,6.67,0.01413875,0.006575,0.004767,0.00302125,0.028907083,0.0151275,0.00495,0.0047,0,0.0035,0,0.001334,5.0425,7.45,16.69612091,12.70943755,0.3375,0.47,0.12,0,3500,0
QL5,4/1/2022,105.593889,9.564917,23.70883356,7.01,0.01514,0.007055,0.0052385,0.0042825,0.028968333,0.01617,0.005035,0.003625,0,0.00545,0,0.001402,5.39,7.535,18.24411824,13.71870688,0.41875,0.3625,0.12,0,5450,0
QL5,5/1/2022,105.593889,9.564917,32.39543254,6.15,0.01275125,0.00482,0.002865,0.00226875,0.026952917,0.0158625,0.00514,0.0021,0,0.0024,0,0.00123,5.2875,7.64,18.13289571,13.52989304,0.42,0.21,0.12,0,2400,0
QL5,6/1/2022,105.593889,9.564917,64.279858,6.7875,0.023285135,0.01651451,0.013618333,0.014291146,0.029238925,0.01354125,0.007149853,0.004370833,0.0188,0.002708333,0,0.0013575,4.51375,9.649852583,15.90977004,11.66840875,0.631979167,0.437083333,0.47,0.245,2708.333333,0
QL5,7/1/2022,105.593889,9.564917,36.34287648,6.99,0.0542034,0.0474759,0.0455115,0.05612375,0.023341267,0.013455,0.0053268,0.001225,0.0848,0.0036,0,0.001398,4.485,7.8268,14.951525,11.32318884,0.75,0.1225,2.12,0.1875,3600,0
QL5,8/1/2022,105.593889,9.564917,34.77891372,6.83,0.017577484,0.012795,0.012833,0.01322875,0.017914129,0.009564968,0.00129,0.0045,0.017,0.0028,0,0.001366,3.1883225,3.79,10.82602406,8.077573303,1.59125,0.45,0.425,0.15,2800,0
QL5,9/1/2022,105.593889,9.564917,51.33075405,7.02,0.030881679,0.023175429,0.0231145,0.0278775,0.021657251,0.0154125,0.001525858,0.001625,0.038,0.0052,0,0.001404,5.1375,4.025858,14.1113665,12.03707172,1.3625,0.1625,0.95,0.75,5200,0
QL5,10/1/2022,105.593889,9.564917,34.57193836,6.72,0.030985,0.0219625,0.0226345,0.02759,0.022365,0.018045,0,0.001125,0.038,0.0048,0,0.001344,6.015,5,14.04149054,13.33129273,0.35,0.1125,0.95,0.4,4800,0
QL5,11/1/2022,105.593889,9.564917,34.84346481,6.22,0.029325655,0.022673155,0.0189845,0.018965,0.034476528,0.013305,0.00862131,0.007625,0.0232,0.0059,0,0.001244,4.435,11.12131,16.51753,11.74188525,0.6625,0.7625,0.58,0.1125,5900,0
QL5,12/1/2022,105.593889,9.564917,43.29648961,6.65,0.016637087,0.009820677,0.0075775,0.00833125,0.02481987,0.013632821,0.005816353,0.001825,0.0044,0.0076,0,0.00133,4.54427375,8.316353,15.29262134,11.51963299,0.6125,0.1825,0.11,0.1125,7600,0
QL5,1/1/2023,105.593889,9.564917,35.09258435,6.96,0.1157525,0.10835,0.106396,0.1296825,0.029639167,0.014805,0.0053,0.0053,0.2048,0.0013,0,0.001392,4.935,7.8,15.669375,12.22449716,0.63,0.53,5.12,0.24,1300,0
QL5,2/1/2023,105.593889,9.564917,52.39977619,7.06,0.029758173,0.02358305,0.0211935,0.02578875,0.022944071,0.012350246,0.0061911,0.001125,0.03815,0.0017,0,0.001412,4.11674875,8.6911,14.78526672,10.71839763,0.65,0.1125,0.95375,0.1,1700,0
QL5,3/1/2023,105.593889,9.564917,37.07182803,6.91,0.02644625,0.01778,0.012591,0.01455125,0.036157917,0.0173325,0.01176,0.0019,0.0182,0.0037,0,0.001382,5.7775,14.26,32.48439151,18.78932425,0.59,0.19,0.455,0.25,3700,0
QL5,4/1/2023,105.593889,9.564917,35.74493241,7.23,0.041184375,0.03399,0.027998,0.03240375,0.037296875,0.01438875,0.01343,0.00415,0.0424,0.008,0,0.001446,4.79625,15.93,38.53499051,19.22495208,1.01,0.415,1.06,0.415,8000,0
QL5,5/1/2023,105.593889,9.564917,35.70371699,7.13,0.03314875,0.023725,0.019288,0.02211,0.03773875,0.0188475,0.0103,0.0032,0.0258,0.00815,0,0.001426,6.2825,12.8,31.87263502,19.35396281,0.86,0.32,0.645,0.289,8150,0
QL5,6/1/2023,105.593889,9.564917,43.83313026,6.665,0.050428125,0.040785,0.0347165,0.041051875,0.042590625,0.01928625,0.01347,0.00375,0.06,0.00435,0,0.001333,6.42875,15.97,37.26368679,21.27291277,3.395,0.375,1.5,0.705,4350,0
QL5,7/1/2023,105.593889,9.564917,35.0711152,7.11,0.08616625,0.0772,0.075261,0.09307625,0.02897125,0.0179325,0.0053,0.0016,0.144,0.0035,0,0.001422,5.9775,7.8,17.3634375,14.32231479,0.28,0.16,3.6,0.13,3500,0
QL5,8/1/2023,105.593889,9.564917,37.70629192,7.21,0.04364375,0.0342575,0.0282085,0.03433875,0.03941875,0.0187725,0.01354,0.001475,0.05,0.0035,0,0.001442,6.2575,16.04,45.04510165,23.46919503,3.7675,0.1475,1.25,0.45,3500,0
QL5,9/1/2023,105.593889,9.564917,13.05000265,7.42,0.0274575,0.0189375,0.0124295,0.0148025,0.0381675,0.01704,0.0145,0.001175,0.016,0.0062,0,0.001484,5.68,17,44.31101656,22.37151846,0.8325,0.1175,0.4,0.1175,6200,0
QL5,10/1/2023,105.593889,9.564917,43.93678973,7.245,0.02560513,0.016442005,0.011302625,0.011499375,0.039970303,0.01832625,0.01172776,0.00420625,0.01,0.00695,0,0.001449,6.10875,14.2277595,36.41502714,20.52536559,0.865,0.420625,0.25,0.5875,6950,0
QL5,11/1/2023,105.593889,9.564917,37.58681099,7.163333333,0.027096667,0.017566667,0.013349667,0.014374583,0.038064444,0.01906,0.009866667,0.0037,0.0178,0.003766667,0,0.001432667,6.353333333,12.36666667,32.1586764,19.55038979,1.209583333,0.37,0.445,0.602916667,3766.666667,0
QL5,12/1/2023,105.593889,9.564917,43.88930535,6.51,0.01771625,0.0083,0.008251,0.00681375,0.030137917,0.0188325,0.0014,0.0056,0.0052,0.0044,0,0.001302,6.2775,3.9,8.430412946,11.95610276,2.83,0.56,0.13,0.525,4400,0
QL5,1/1/2024,105.593889,9.564917,36.81101952,7.35,0.030475,0.021925,0.018685,0.01960625,0.036225,0.0171,0.00795,0.006,0.0204,0.0095,0,0.00147,5.7,10.45,25.34793863,16.42324673,0.26125,0.6,0.51,0.4625,9500,0
QL5,2/1/2024,105.593889,9.564917,49.30216468,5.77,0.01920875,0.030495,0.028327,0.03365875,0.026270417,0.0142275,0.00549,0.0028,0.0144,0.0015,0.0368,0.001154,4.7425,7.99,15.38266679,11.84535996,0.14,0.28,0.36,0,1500,46
QL5,3/1/2024,105.593889,9.564917,32.11012567,7.11,0.02431625,0.0263875,0.0234735,0.02363875,0.041337917,0.0190575,0.00725,0.009125,0.012,0.0012,0.0232,0.001422,6.3525,9.75,24.12819089,17.01746087,0.1525,0.9125,0.3,0,1200,29
QL5,4/1/2024,105.593889,9.564917,33.11924445,6.99,0.02015875,0.0265375,0.0241115,0.02912375,0.02790375,0.0160425,0.00625,0.001625,0.0116,0.0048,0.0288,0.001398,5.3475,8.75,20.15145285,14.25626036,0.12,0.1625,0.29,0,4800,36
QL5,5/1/2024,105.593889,9.564917,51.14899137,7.08,0.021270417,0.0248975,0.022562167,0.026926667,0.030264306,0.0178125,0.006086667,0.002041667,0.0124,0.0042,0.025066667,0.001416,5.9375,8.586666667,20.87471066,15.36927354,0.6025,0.204166667,0.31,0,4200,31.33333333
QL5,6/1/2024,105.593889,9.564917,66.08145795,7.16,0.01983125,0.04284,0.041266,0.0492075,0.029822917,0.0171825,0.00458,0.0038,0.012,0.0021,0.0632,0.001432,5.7275,7.08,17.38947368,13.95552291,0.56,0.38,0.3,0,2100,79
QL5,7/1/2024,105.593889,9.564917,48.9991728,6.8,0.01941125,0.02848,0.02618,0.0320375,0.025342917,0.0146625,0.00596,0.0011,0.016,0.0011,0.0328,0.00136,4.8875,8.46,21.22908286,13.90599239,0.73,0.11,0.4,0,1100,41
QL5,8/1/2024,105.593889,9.564917,49.37906476,6.6725,0.011656453,0.004218328,0.002676828,0.00154916,0.025863542,0.01487625,0.0044175,0.002875,0,0.001144156,0,0.0013345,4.95875,6.9175,17.03909288,12.69193738,6.680625,0.2875,0.12,0,1144.15625,0
QL5,9/1/2024,105.593889,9.564917,54.27558556,6.75,0.01212875,0.00386,0.002225,0.00178125,0.026550417,0.0165375,0.00462,0.0016,0,0.0015,0,0.00135,5.5125,7.12,18.19796519,13.88790674,0.4125,0.16,0.12,0,1500,0
QL5,10/1/2024,105.593889,9.564917,62.69736153,7.1,0.01308,0.00507375,0.00330375,0.003325,0.02597,0.0160125,0.00496,0.0012875,0,0.0039,0,0.00142,5.3375,7.46,18.4216776,13.69593399,0.47125,0.12875,0.12,0,3900,0
QL5,11/1/2024,105.593889,9.564917,50.79389045,6.24,0.01354,0.0058,0.003624,0.00228,0.028793333,0.01548,0.0056,0.0036,0,0.0024,0,0.001248,5.16,8.1,19.51155266,13.77327637,0.4,0.36,0.12,0,2400,0
QL5,12/1/2024,105.593889,9.564917,33.35281076,6.863333333,0.021963505,0.014300067,0.011591542,0.012696458,0.029149567,0.015326875,0.006789718,0.00286875,0.015766667,0.003175,0,0.001372667,5.108958333,9.28971825,16.69691642,12.80937584,0.808020833,0.286875,0.394166667,0.325833333,3175,0
QL5,1/1/2025,105.593889,9.564917,63.57268749,6.99,0.046081869,0.037273119,0.034024,0.04174875,0.031224361,0.0176175,0.007896238,0.00125,0.064,0.0014,0,0.001398,5.8725,10.396238,23.64907958,16.14641696,0.55,0.125,1.6,0.15,1400,0
QL5,2/1/2025,105.593889,9.564917,54.65436619,7.06,0.013683399,0.00906,0.006586,0.0069825,0.020541265,0.009246799,0.00636,0.002,0.00666,0.0031,0,0.001412,3.08226625,8.86,19.18975861,10.55522744,0.9625,0.2,0.1665,0.5,3100,0
QL5,3/1/2025,105.593889,9.564917,63.05004918,7.08,0.025228755,0.018231255,0.015533,0.0145725,0.033317095,0.013995,0.00681251,0.00775,0.0124,0.0095,0,0.001416,4.665,9.31251,19.82019048,13.12807707,0.2875,0.775,0.31,0.1375,9500,0
QL5,4/1/2025,105.593889,9.564917,51.28293521,7,0.02635375,0.0181375,0.0188375,0.0226875,0.020775417,0.0164325,0,0.001375,0.0297,0.0052,0,0.0014,5.4775,5,15.16576868,12.87948098,0.1475,0.1375,0.7425,0.1125,5200,0
QL5,5/1/2025,105.593889,9.564917,48.81965608,6.99,0.015580685,0.007221935,0.005174,0.00506125,0.028538265,0.0167175,0.00549387,0.00225,0.006,0.0007,0,0.001398,5.5725,7.99387,26.08835577,16.46541954,0.85,0.225,0.15,0.1375,700,0
QL5,6/1/2025,105.593889,9.564917,52.22492553,7.12,0.0193758,0.011607075,0.008337,0.0093275,0.0294602,0.01553745,0.00796415,0.00175,0.0124,0.0011,0,0.001424,5.17915,10.46415,21.21084045,14.33771632,0.2925,0.175,0.31,0.2125,1100,0
QL5,7/1/2025,105.593889,9.564917,19.85961401,6.78,0.1364325,0.12813,0.126528,0.15666,0.0274925,0.016605,0.00456,0.0024,0.2448,0.0045,0,0.001356,5.535,7.06,17.12501883,13.58340127,0.14,0.24,6.12,0.14,4500,0
QL6,11/1/2021,105.458611,9.438056,42.83369278,6.95,0.030201529,0.026146414,0.02337,0.02436875,0.026603567,0.00811023,0.006942827,0.00775,0.0351,0.0025,0,0.00139,2.70341,9.442827,21.68155887,10.7725043,0.6875,0.775,0.8775,0.1,2500,0
QL6,12/1/2021,105.458611,9.438056,23.74235746,6.955,0.026765625,0.018645,0.0160955,0.019275625,0.028094792,0.01624125,0.00649,0.00135,0.0236,0.00585,0,0.001391,5.41375,8.99,22.85461418,15.20782998,0.46,0.135,0.59,0.285,5850,0
QL6,1/1/2022,105.458611,9.438056,44.23154989,7.29,0.0443325,0.0364125,0.029279,0.03559875,0.0386925,0.01584,0.015725,0.0016,0.0528,0.0027,0,0.001458,5.28,18.225,41.19709631,20.7898286,1.015,0.16,1.32,0.38,2700,0
QL6,2/1/2022,105.458611,9.438056,30.80385068,7.1,0.030885625,0.02185,0.016485,0.0192625,0.037766458,0.01807125,0.01215,0.00215,0.0246,0.0048,0,0.00142,6.02375,14.65,36.04709129,20.28187068,0.865,0.215,0.615,0.49,4800,0
QL6,3/1/2022,105.458611,9.438056,29.34638492,7.2,0.048035625,0.03795,0.034945,0.04018125,0.038758125,0.02017125,0.00745,0.0056,0.0558,0.00705,0,0.00144,6.72375,9.95,24.42376794,17.66751905,1.165,0.56,1.395,0.44,7050,0
QL6,4/1/2022,105.458611,9.438056,66.5969145,7.14,0.100405,0.089965,0.087814,0.1053925,0.039211667,0.02088,0.00573,0.007,0.158,0.0092,0,0.001428,6.96,8.23,16.77702865,15.6111944,0.58,0.7,3.95,0.4,9200,0
QL6,5/1/2022,105.458611,9.438056,34.50607661,7.09,0.07354875,0.06426375,0.05615275,0.06944875,0.043630417,0.01857,0.01764,0.0011875,0.1056,0.0041,0,0.001418,6.19,20.14,61.08771624,28.42551584,6.13,0.11875,2.64,0.3875,4100,0
QL6,6/1/2022,105.458611,9.438056,25.89859951,7.42,0.0331575,0.02413125,0.01412325,0.0169275,0.047500833,0.0180525,0.0215,0.0011625,0.0228,0.0028,0,0.001484,6.0175,24,48.92450639,24.3322104,1.15,0.11625,0.57,0.14125,2800,0
QL6,7/1/2022,105.458611,9.438056,52.10953934,7.055,0.028974693,0.020006568,0.01619925,0.016475625,0.038499284,0.01793625,0.009025636,0.0060375,0.023,0.00195,0,0.001411,5.97875,11.525636,25.22696416,16.8032335,0.86,0.60375,0.575,0.525,1950,0
QL6,8/1/2022,105.458611,9.438056,34.11959787,7.206666667,0.027412083,0.018945833,0.013333167,0.0156925,0.036350417,0.0169325,0.012666667,0.001558333,0.019633333,0.004033333,0,0.001441333,5.644166667,15.16666667,32.89051089,18.71735684,1.4175,0.155833333,0.490833333,0.379166667,4033.333333,0
QL6,9/1/2022,105.458611,9.438056,34.73073579,6.85,0.015295,0.007225,0.006935,0.00804375,0.022271667,0.01614,0.00195,0.001,0.0056,0.0059,0,0.00137,5.38,4.45,14.52277597,12.53052206,2.7525,0.1,0.14,0.775,5900,0
QL6,10/1/2022,105.458611,9.438056,34.33271861,7.33,0.03243125,0.02346125,0.01748925,0.02116625,0.037872917,0.01794,0.01341,0.0011125,0.024,0.0084,0,0.001466,5.98,15.91,39.90027559,21.43099483,0.73125,0.11125,0.6,0.5625,8400,0
QL6,11/1/2022,105.458611,9.438056,34.37663366,6,0.0224975,0.034185,0.03195,0.038,0.031494167,0.018225,0.00567,0.0031,0.0168,0.0012,0.0416,0.0012,6.075,8.17,19.28207017,15.07343007,0.16,0.31,0.42,0,1200,52
QL6,12/1/2022,105.458611,9.438056,35.51535804,7.15,0.02204875,0.02318,0.02079,0.02495625,0.02986375,0.0177375,0.00621,0.00165,0.0116,0.0069,0.02,0.00143,5.9125,8.71,18.86064055,14.69682079,0.75,0.165,0.29,0,6900,25
QL6,1/1/2023,105.458611,9.438056,35.04634829,7.02,0.02476375,0.02872625,0.02600825,0.0316275,0.029315417,0.016875,0.00684,0.0014125,0.0168,0.0076,0.0248,0.001404,5.625,9.34,17.7927,13.92889344,0.8,0.14125,0.42,0,7600,31
QL6,2/1/2023,105.458611,9.438056,53.39563149,7.006666667,0.025241667,0.028301667,0.025684,0.029605,0.034202778,0.01868,0.006636667,0.004,0.0164,0.004766667,0.0248,0.001401333,6.226666667,9.136666667,21.12778471,15.88280729,0.336666667,0.4,0.41,0,4766.666667,31
QL6,3/1/2023,105.458611,9.438056,33.83897607,7.17,0.02197625,0.029625,0.027117,0.03014625,0.03681125,0.0191025,0.00645,0.006,0.0112,0.0012,0.0344,0.001434,6.3675,8.95,20.25140692,15.81777173,0.95,0.6,0.28,0,1200,43
QL6,4/1/2023,105.458611,9.438056,34.13192084,6.41,0.02298375,0.03223,0.029891,0.03655125,0.02982875,0.0183075,0.00596,0.0013,0.018,0.0024,0.0368,0.001282,6.1025,8.46,22.58831165,16.15700084,0.7,0.13,0.45,0,2400,46
QL6,5/1/2023,105.458611,9.438056,34.0552297,6.8525,0.012715547,0.005893359,0.004186109,0.002412324,0.026765521,0.013644375,0.004785,0.0045125,0,0.002489219,0,0.0013705,4.548125,7.285,17.82019218,12.32224809,1.22125,0.45125,0.12,0,2489.21875,0
QL6,6/1/2023,105.458611,9.438056,36.29426983,7.26,0.01429375,0.0068125,0.0051135,0.00397,0.027635417,0.0149625,0.00485,0.003875,0,0.0049,0,0.001452,4.9875,7.35,18.71859031,13.26453825,0.2875,0.3875,0.12,0,4900,0
QL6,7/1/2023,105.458611,9.438056,36.51195324,7.18,0.017271875,0.0083075,0.0066305,0.00271,0.036917708,0.01792875,0.00479,0.008925,0,0.0029,0,0.001436,5.97625,7.29,16.68106024,14.10531455,0.5375,0.8925,0.12,0,2900,0
QL6,8/1/2023,105.458611,9.438056,37.5132745,6.05,0.011005,0.00463,0.003055,0.00294375,0.021595,0.01275,0.00436,0.0014,0,0.0035,0,0.00121,4.25,6.86,17.89239583,11.8978234,0.35,0.14,0.12,0,3500,0
QL6,9/1/2023,105.458611,9.438056,37.67028283,6.975,0.021208685,0.01314431,0.010729792,0.010267708,0.031948043,0.01612875,0.006224037,0.00503125,0.010566667,0.004466667,0,0.001395,5.37625,8.72403725,16.84842488,13.25807767,0.264583333,0.503125,0.264166667,0.345833333,4466.666667,0
QL6,10/1/2023,105.458611,9.438056,54.42500064,7.09,0.025352205,0.016067205,0.0146965,0.01563625,0.031621812,0.01857,0.00415941,0.004375,0.0204,0.0032,0,0.001418,6.19,6.65941,16.43324548,14.34781383,0.8,0.4375,0.51,0.25,3200,0
QL6,11/1/2023,105.458611,9.438056,35.77102983,6.93,0.016467199,0.010765,0.007633,0.00885375,0.023513463,0.011404397,0.00765,0.0011,0.00848,0.0043,0,0.001386,3.80146575,10.15,17.38927604,11.06640923,1.425,0.11,0.212,0.875,4300,0
QL6,12/1/2023,105.458611,9.438056,53.18546486,7.35,0.01987892,0.01248767,0.00991,0.01098125,0.027600813,0.0147825,0.00662534,0.00225,0.008,0.0081,0,0.00147,4.9275,9.12534,23.28035117,14.61267219,0.245,0.225,0.2,0.875,8100,0
QL6,1/1/2024,105.458611,9.438056,35.66558825,7.14,0.0219125,0.0137,0.014414,0.01708,0.0209125,0.016425,0,0.0015,0.0214,0.0045,0,0.001428,5.475,5,13.5988693,12.38175262,0.1525,0.15,0.535,0.875,4500,0
QL6,2/1/2024,105.458611,9.438056,38.15676171,6.68,0.035004673,0.027560923,0.023243,0.028085,0.030810903,0.0148875,0.009971845,0.00155,0.0372,0.0064,0,0.001336,4.9625,12.471845,33.11194124,17.76466464,0.72875,0.155,0.93,0.25,6400,0
QL6,3/1/2024,105.458611,9.438056,37.3222957,7.2,0.020049158,0.010698912,0.0081825,0.0079625,0.033598036,0.018700493,0.006472824,0.003625,0.01,0.0013,0,0.00144,6.2334975,8.972824,19.0798701,15.24743102,0.1625,0.3625,0.25,0.75,1300,0
QL6,4/1/2024,105.458611,9.438056,34.94721591,6.92,0.05780625,0.04881,0.046692,0.056115,0.031747917,0.0179925,0.00562,0.0036,0.0848,0.0036,0,0.001384,5.9975,8.12,20.36393701,15.2982478,0.12,0.36,2.12,0.12,3600,0
QL6,5/1/2024,105.458611,9.438056,35.58238183,7.25,0.031202636,0.02183364,0.019625,0.02371875,0.030222818,0.018737993,0.00586728,0.0013,0.0352,0.0013,0,0.00145,6.2459975,8.36728,18.13356147,14.96784917,0.14125,0.13,0.88,0.875,1300,0
QL6,6/1/2024,105.458611,9.438056,58.44672514,7.23,0.02292,0.0141675,0.011473,0.01027875,0.03598,0.017505,0.006835,0.0065,0.0086,0.0064,0,0.001446,5.835,9.335,23.88814831,16.16553541,0.465,0.65,0.215,0.27,6400,0
QL6,7/1/2024,105.458611,9.438056,35.20018692,7.46,0.02017375,0.011065,0.007046,0.00690125,0.035930417,0.0182175,0.00953,0.00305,0.0076,0.00195,0,0.001492,6.0725,12.03,30.84116917,18.71378442,0.9,0.305,0.19,0.245,1950,0
QL6,8/1/2024,105.458611,9.438056,63.95467456,6.95,0.0295875,0.0197925,0.018145,0.0185875,0.0359625,0.01959,0.004685,0.00655,0.0238,0.00455,0,0.00139,6.53,7.185,17.22981561,15.10893935,0.42,0.655,0.595,0.3,4550,0
QL6,9/1/2024,105.458611,9.438056,29.32887854,6.905,0.038320625,0.0275525,0.0207905,0.023956875,0.046306458,0.02153625,0.014905,0.00325,0.0294,0.00755,0,0.001381,7.17875,17.405,40.70627942,23.48321939,1.69,0.325,0.735,0.375,7550,0
QL6,10/1/2024,105.458611,9.438056,53.232401,7.2,0.0373125,0.027975,0.02557,0.0288375,0.0349125,0.018675,0.00625,0.005,0.0368,0.0079,0,0.00144,6.225,8.75,19.09203623,15.23852025,0.63,0.5,0.92,0.9,7900,0
QL6,11/1/2024,105.458611,9.438056,51.11933817,7.18,0.0342775,0.0249475,0.0189305,0.02296,0.0387975,0.01866,0.01347,0.001125,0.0336,0.0017,0,0.001436,6.22,15.97,43.43478855,22.90528012,2.96875,0.1125,0.84,0.4375,1700,0
QL6,12/1/2024,105.458611,9.438056,36.40891781,7.4,0.0290875,0.0186625,0.0114525,0.011425,0.048270833,0.02085,0.0159,0.004625,0.0104,0.0064,0,0.00148,6.95,18.4,40.14782475,22.96403681,0.84875,0.4625,0.26,0.8375,6400,0
QL6,1/1/2025,105.458611,9.438056,50.12878876,7.365,0.024725342,0.014662217,0.01010525,0.009670625,0.041359131,0.02012625,0.010586934,0.0047375,0.00765,0.00635,0,0.001473,6.70875,13.086934,24.79832747,17.76310214,0.29875,0.47375,0.19125,0.5125,6350,0
QL6,2/1/2025,105.458611,9.438056,69.64748775,7.436666667,0.02023125,0.011075,0.009218667,0.00759625,0.034761806,0.0183125,0.0052,0.006283333,0.006666667,0.004,0,0.001487333,6.104166667,7.7,17.96663778,14.70247881,0.406666667,0.628333333,0.166666667,0.25,4000,0
QL6,3/1/2025,105.458611,9.438056,51.67734736,6.56,0.03256,0.02425,0.020456,0.0246325,0.031523333,0.01662,0.0089,0.0015,0.036,0.0021,0,0.001312,5.54,11.4,30.26626214,17.73379008,2.65,0.15,0.9,0.6625,2100,0
QL6,4/1/2025,105.458611,9.438056,50.90063526,7.31,0.02375625,0.0146475,0.0123185,0.01422625,0.03058125,0.0182175,0.00612,0.001875,0.0144,0.0069,0,0.001462,6.0725,8.62,18.00322917,14.66651455,0.2,0.1875,0.36,0.475,6900,0
QL6,5/1/2025,105.458611,9.438056,47.1616193,5.03,0.0250375,0.0207,0.018153,0.02081625,0.031004167,0.017475,0.0061,0.003,0.0204,0.0031,0.0088,0.001006,5.825,8.6,22.63072507,15.75412203,0.16,0.3,0.51,0,3100,11
QL6,6/1/2025,105.458611,9.438056,33.90201582,7.25,0.02547375,0.01868,0.0168,0.01678125,0.034472083,0.0175875,0.00521,0.00675,0.0152,0.0062,0.004,0.00145,5.8625,7.71,20.17540051,15.03631006,0.8625,0.675,0.38,0,6200,5
QL6,7/1/2025,105.458611,9.438056,39.04307859,7.11,0.02623625,0.02472,0.022861,0.02645125,0.034034583,0.0206325,0.00514,0.0034,0.0192,0.0041,0.0176,0.001422,6.8775,7.64,17.51348816,15.71961953,0.1,0.34,0.48,0,4100,22
QL7,11/1/2021,105.355,9.3375,32.84126258,7.14,0.02627375,0.0249275,0.022759833,0.026705,0.032722083,0.0194925,0.005763333,0.002791667,0.019466667,0.005033333,0.0168,0.001428,6.4975,8.263333333,19.85074888,15.88646087,0.328333333,0.279166667,0.486666667,0,5033.333333,21
QL7,12/1/2021,105.355,9.3375,43.71031586,6.87,0.02868875,0.040275,0.037737,0.04367125,0.035557083,0.0184275,0.00645,0.0056,0.0188,0.0081,0.0416,0.001374,6.1425,8.95,19.66162882,15.29433916,0.13,0.56,0.47,0,8100,52
QL7,1/1/2022,105.355,9.3375,50.72712818,6.19,0.02416125,0.04959,0.047469,0.05621125,0.031292917,0.0163425,0.00548,0.005,0.02,0.0015,0.0672,0.001238,5.4475,7.98,24.25502966,15.69994788,0.1,0.5,0.5,0,1500,84
QL7,2/1/2022,105.355,9.3375,50.37547868,7.0825,0.014492734,0.006239922,0.004160672,0.003243809,0.029413854,0.016505625,0.005575,0.00313125,0,0.003773594,0,0.0014165,5.501875,8.075,18.53546088,13.97836763,5.825,0.313125,0.12,0,3773.59375,0
QL7,3/1/2022,105.355,9.3375,38.98176039,6.97,0.01715125,0.009475,0.007422,0.00662125,0.02928625,0.0153525,0.0055,0.00425,0,0.0092,0,0.001394,5.1175,8,20.54166667,14.03427858,0.35,0.425,0.12,0,9200,0
QL7,4/1/2022,105.355,9.3375,32.72283481,6.875,0.015815625,0.0071625,0.005375,0.004296875,0.030486458,0.01730625,0.00495,0.003875,0,0.0055,0,0.001375,5.76875,7.45,18.07581196,14.2337719,0.73625,0.3875,0.12,0,5500,0
QL7,5/1/2022,105.355,9.3375,52.36634363,6.23,0.01493125,0.00742,0.005123,0.00252875,0.031572917,0.0150225,0.00584,0.0062,0,0.0028,0,0.001246,5.0075,8.34,20.49359799,13.85412453,0.48,0.62,0.12,0,2800,0
QL7,6/1/2022,105.355,9.3375,34.18632871,6.843333333,0.019283853,0.011751666,0.009611417,0.008615833,0.030509547,0.015064375,0.005649165,0.0054375,0.009266667,0.00315,0,0.001368667,5.021458333,8.149164917,15.98445225,12.45351545,0.3396875,0.54375,0.231666667,0.470833333,3150,0
QL7,7/1/2022,105.355,9.3375,33.9135092,7.25,0.024245475,0.015114225,0.012175,0.01053125,0.038606108,0.0182625,0.00732845,0.0075,0.0128,0.0026,0,0.00145,6.0875,9.82845,23.02804008,16.27312897,0.85,0.75,0.32,0.1875,2600,0
QL7,8/1/2022,105.355,9.3375,53.08851229,6.83,0.020181312,0.0159575,0.0157955,0.01904125,0.013139728,0.008447624,0.00169,0.001125,0.0227,0.0064,0,0.001366,2.81587475,4.19,8.3328625,6.732911274,2.1475,0.1125,0.5675,0.1125,6400,0
QL7,9/1/2022,105.355,9.3375,34.69339994,6.72,0.050439398,0.043543148,0.0370595,0.04359,0.037891929,0.0137925,0.014311296,0.004375,0.0612,0.0072,0,0.001344,4.5975,16.811296,45.54485373,21.13674613,2.52625,0.4375,1.53,0.2,7200,0
QL7,10/1/2022,105.355,9.3375,35.39391208,3.23,0.0286575,0.0208875,0.0212105,0.02534125,0.0203175,0.01554,0,0.001875,0.0343,0.0056,0,0.000646,5.18,5,11.51511591,11.28233163,2.425,0.1875,0.8575,0.625,5600,0
QL7,11/1/2022,105.355,9.3375,35.10597676,3.65,0.075514925,0.068397425,0.06134,0.07558125,0.035968158,0.014235,0.01484485,0.00175,0.114,0.0062,0,0.00073,4.745,17.34485,45.29894482,21.28047125,3.59625,0.175,2.85,0.625,6200,0
QL7,12/1/2022,105.355,9.3375,35.03138475,6.5,0.083973946,0.077657135,0.0705875,0.0826875,0.043105873,0.012633621,0.01543927,0.008875,0.1284,0.0026,0,0.0013,4.211207,17.93927,41.4546421,19.2678326,5.24375,0.8875,3.21,0.875,2600,0
QL7,1/1/2023,105.355,9.3375,51.64580425,6.89,0.03327125,0.02585,0.023839,0.02886125,0.02536625,0.0148425,0.0054,0.0015,0.038,0.0068,0,0.001378,4.9475,7.9,16.49947917,12.50494457,0.56,0.15,0.95,0.18,6800,0
QL7,2/1/2023,105.355,9.3375,34.65328474,6.9,0.034059885,0.0264847,0.02339,0.0261125,0.032339732,0.015150371,0.0075694,0.005,0.0368,0.0036,0,0.00138,5.0501235,10.0694,21.87560174,14.35374822,0.395,0.5,0.92,0.375,3600,0
QL7,3/1/2023,105.355,9.3375,37.48672303,7.11,0.022334375,0.0137,0.010786,0.01245125,0.030530208,0.01726875,0.00725,0.00165,0.0112,0.0073,0,0.001422,5.75625,9.75,24.07909675,16.10760853,0.655,0.165,0.28,0.265,7300,0
QL7,4/1/2023,105.355,9.3375,43.94971323,7.375,0.03479,0.0256625,0.0209875,0.024390625,0.037368333,0.018255,0.010825,0.00295,0.033,0.00455,0,0.001475,6.085,13.325,32.65485072,19.30431296,0.78,0.295,0.825,0.34,4550,0
QL7,5/1/2023,105.355,9.3375,43.89373814,7.03,0.02793125,0.018095,0.015178,0.01450375,0.039739583,0.0196725,0.00724,0.00715,0.014,0.0078,0,0.001406,6.5575,9.74,22.32756341,16.75729773,0.555,0.715,0.35,0.65,7800,0
QL7,6/1/2023,105.355,9.3375,34.94239352,6.76,0.038645,0.029,0.023751,0.026345,0.042571667,0.01929,0.01185,0.00535,0.0346,0.0062,0,0.001352,6.43,14.35,37.48420063,21.34430663,1.055,0.535,0.865,0.605,6200,0
QL7,7/1/2023,105.355,9.3375,37.61864314,6.98,0.0365025,0.02925,0.027748,0.029685,0.031389167,0.014505,0.0044,0.008,0.046,0.0001,0,0.001396,4.835,6.9,17.91089457,12.78115529,0.469,0.8,1.15,0.4,100,0
QL7,8/1/2023,105.355,9.3375,50.85199893,5.67,0.03196875,0.0226425,0.0187295,0.02145875,0.035860417,0.0186525,0.00896,0.003125,0.0248,0.0084,0,0.001134,6.2175,11.46,26.39264568,17.52884952,1.62,0.3125,0.62,0.5,8400,0
QL7,9/1/2023,105.355,9.3375,44.03572995,7.29,0.02817875,0.019325,0.016004,0.01453625,0.040317083,0.0177075,0.0081,0.00875,0.0164,0.0054,0,0.001458,5.9025,10.6,27.51528732,17.41027185,0.28375,0.875,0.41,0.1375,5400,0
QL7,10/1/2023,105.355,9.3375,35.37738948,7.025,0.02194362,0.01191237,0.0092525,0.008846875,0.03632678,0.0200625,0.00672474,0.00435,0.0056,0.00715,0,0.001405,6.6875,9.22474,19.21379299,15.97065511,0.44625,0.435,0.14,0.5125,7150,0
QL7,11/1/2023,105.355,9.3375,37.74971918,7.15,0.025830833,0.017205833,0.013844167,0.01608125,0.031921944,0.01725,0.008153333,0.001958333,0.0162,0.0081,0,0.00143,5.75,10.65333333,25.87216935,16.66351493,0.43875,0.195833333,0.405,0.466666667,8100,0
QL7,12/1/2023,105.355,9.3375,56.17502642,6.49,0.01678875,0.00945,0.006999,0.00793625,0.02587375,0.0146775,0.0062,0.0013,0.0056,0.0058,0,0.001298,4.8925,8.7,22.72148908,14.38398615,1.825,0.13,0.14,0.9,5800,0
QL7,1/1/2024,105.355,9.3375,43.91887596,7.02,0.02751125,0.01922,0.015352,0.0145025,0.038759583,0.0165825,0.00914,0.0075,0.0164,0.0054,0,0.001404,5.5275,11.64,28.80534789,17.25447443,0.3625,0.75,0.41,0.25,5400,0
QL7,2/1/2024,105.355,9.3375,32.93335688,4.51,0.02368375,0.03348,0.030951,0.03650125,0.032045417,0.0180075,0.00596,0.0035,0.0192,0.0007,0.0376,0.000902,6.0025,8.46,21.64788995,15.71052489,0.15,0.35,0.48,0,700,47
QL7,3/1/2024,105.355,9.3375,33.84300384,7.25,0.02385125,0.0280325,0.0258375,0.02971875,0.032669583,0.0180375,0.00584,0.004125,0.0116,0.0081,0.0264,0.00145,6.0125,8.34,21.84225605,15.78680046,0.95,0.4125,0.29,0,8100,33
QL7,4/1/2024,105.355,9.3375,33.6534899,7.14,0.02472125,0.024775,0.022064,0.0235175,0.03691625,0.0182925,0.00685,0.0065,0.012,0.0058,0.0184,0.001428,6.0975,9.35,26.98857068,17.53671995,0.14,0.65,0.3,0,5800,23
QL7,5/1/2024,105.355,9.3375,36.78769375,7.37,0.02576625,0.034794167,0.032732833,0.037629583,0.033287917,0.0176775,0.005596667,0.005258333,0.019866667,0.003133333,0.035733333,0.001474,5.8925,8.096666667,17.98676134,14.39132293,0.219166667,0.525833333,0.496666667,0,3133.333333,44.66666667
QL7,6/1/2024,105.355,9.3375,55.66368571,7.01,0.022285,0.032235,0.030301,0.03281375,0.036248333,0.0177,0.00527,0.0081,0.012,0.0015,0.0376,0.001402,5.9,7.77,14.37791736,13.26485415,0.93,0.81,0.3,0,1500,47
QL7,7/1/2024,105.355,9.3375,34.41780609,3.86,0.0279725,0.05085,0.047986,0.0587325,0.027469167,0.015045,0.0065,0.002,0.0232,0.0092,0.0608,0.000772,5.015,9,30.04489651,16.87650268,0.12,0.2,0.58,0,9200,76
QL7,8/1/2024,105.355,9.3375,34.41038238,6.5,0.013379278,0.005024278,0.003255528,0.002409254,0.028237708,0.01671,0.0048375,0.00265625,0,0.002554806,0,0.0013,5.57,7.3375,17.2510308,13.67562762,14.374375,0.265625,0.12,0,2554.80625,0
QL7,9/1/2024,105.355,9.3375,37.1285529,6,0.0135875,0.0056,0.0036,0.0023125,0.0287875,0.015975,0.0052,0.0035,0,0.0025,0,0.0012,5.325,7.7,16.80760549,13.16833401,0.3375,0.35,0.12,0,2500,0
QL7,10/1/2024,105.355,9.3375,34.47658221,6.735,0.017034375,0.0071625,0.005386,0.003185625,0.035371875,0.01974375,0.0049,0.005675,0,0.00375,0,0.001347,6.58125,7.4,18.41573993,15.55968708,0.59375,0.5675,0.12,0,3750,0
QL7,11/1/2024,105.355,9.3375,71.31743876,6.14,0.014645,0.00593,0.004414,0.002955,0.030088333,0.01743,0.00426,0.0041,0,0.0035,0,0.001228,5.81,6.76,19.40108503,14.71345052,0.51,0.41,0.12,0,3500,0
QL7,12/1/2024,105.355,9.3375,43.28103514,6.740833333,0.022780423,0.015108548,0.01232825,0.012582188,0.031240431,0.01534375,0.006908762,0.004525,0.0133,0.005483333,0,0.001348167,5.114583333,9.408762,16.76557892,12.83945978,0.68875,0.4525,0.3325,0.360833333,5483.333333,0
QL7,1/1/2025,105.355,9.3375,37.0433103,7.01,0.104637522,0.095326272,0.0927135,0.11512625,0.030887551,0.0186225,0.006627544,0.001225,0.18,0.0028,0,0.001402,6.2075,9.127544,20.51706891,15.66152393,0.4125,0.1225,4.5,0.225,2800,0
QL7,2/1/2025,105.355,9.3375,52.56234244,6.89,0.028488183,0.02518,0.025014,0.03048625,0.011172426,0.006616365,0.00171,0.00125,0.0379,0.0095,0,0.001378,2.205455,4.21,8.105259975,5.745528015,2.825,0.125,0.9475,0.3,9500,0
QL7,3/1/2025,105.355,9.3375,36.08602508,6.98,0.053087146,0.046138396,0.040398,0.0473725,0.037070006,0.0138975,0.012876791,0.005,0.066,0.0084,0,0.001396,4.6325,15.376791,35.60615359,18.05598632,2.14875,0.5,1.65,0.3375,8400,0
QL7,4/1/2025,105.355,9.3375,53.66356098,6.32,0.016845,0.0076125,0.0082445,0.00569625,0.030146667,0.018465,0,0.007375,0.00565,0.0022,0,0.001264,6.155,5,10.82700376,12.52789841,1.26,0.7375,0.14125,0.4,2200,0
QL7,5/1/2025,105.355,9.3375,66.84411294,6.36,0.062342315,0.055614815,0.055511,0.06867,0.018765402,0.013455,0.00147963,0.00115,0.1048,0.0038,0,0.001272,4.485,3.97963,7.58119515,8.999629619,1.87375,0.115,2.62,0.1,3800,0
QL7,6/1/2025,105.355,9.3375,37.2734921,6.74,0.039383382,0.033974109,0.03388025,0.0395925,0.019561224,0.010818546,0.001535717,0.0044125,0.0608,0.0012,0,0.001348,3.606182,4.035717,10.1270178,8.483994879,1.83,0.44125,1.52,0.725,1200,0
QL7,7/1/2025,105.355,9.3375,34.30810404,7.15,0.09637875,0.087915,0.086315,0.10508125,0.030400417,0.0169275,0.00463,0.0045,0.164,0.0027,0,0.00143,5.6425,7.13,17.64451293,13.90842621,1.36,0.45,4.1,0.36,2700,0
QL8,11/1/2021,105.295,9.280556,43.19113207,7.06,0.040051033,0.035205959,0.0317685,0.03666375,0.026660743,0.009690148,0.008286918,0.004875,0.05005,0.0072,0,0.001412,3.23004925,10.786918,26.49418456,13.07968439,1.155,0.4875,1.25125,0.35,7200,0
QL8,12/1/2021,105.295,9.280556,43.71262131,6.88,0.01962,0.0105825,0.007788,0.0085475,0.03143,0.018075,0.006965,0.0019,0.0092,0.0031,0,0.001376,6.025,9.465,22.56027453,16.03191189,0.545,0.19,0.23,0.545,3100,0
QL8,1/1/2022,105.295,9.280556,43.16086699,7.25,0.0197875,0.011995,0.010125,0.00975,0.0296625,0.015585,0.00519,0.00465,0.013,0.00115,0,0.00145,5.195,7.69,19.14144792,13.7090977,0.255,0.465,0.325,0.28,1150,0
QL8,2/1/2022,105.295,9.280556,37.17372916,7,0.0198475,0.0107425,0.00938,0.00944375,0.030315833,0.01821,0.004125,0.00365,0.00916,0.00455,0,0.0014,6.07,6.625,16.18054117,14.08814665,0.395,0.365,0.229,0.54,4550,0
QL8,3/1/2022,105.295,9.280556,36.60886973,6.86,0.05021625,0.040095,0.034711,0.03832625,0.047229583,0.0202425,0.01214,0.0081,0.0514,0.00855,0,0.001372,6.7475,14.64,33.90996188,20.69374744,1.61,0.81,1.285,0.49,8550,0
QL8,4/1/2022,105.295,9.280556,35.27991513,7.23,0.148645,0.140185,0.138223,0.16740375,0.036038333,0.01692,0.00537,0.0086,0.2636,0.0028,0,0.001446,5.64,7.87,19.5257506,14.4977524,1.94,0.86,6.59,0.35,2800,0
QL8,5/1/2022,105.295,9.280556,34.95745651,7.03,0.02463875,0.0153875,0.0151655,0.01387875,0.03322375,0.0185025,0.00185,0.008125,0.0136,0.0072,0,0.001406,6.1675,4.35,9.419493273,12.10291875,1.55,0.8125,0.34,0.525,7200,0
QL8,6/1/2022,105.295,9.280556,34.25600941,7.36,0.02648875,0.01645,0.011136,0.01017,0.044540417,0.0200775,0.0121,0.006,0.0056,0.0092,0,0.001472,6.6925,14.6,36.22312056,21.3404904,0.56625,0.6,0.14,0.11375,9200,0
QL8,7/1/2022,105.295,9.280556,34.3913389,7.105,0.022132168,0.013443418,0.01160425,0.013075625,0.028891725,0.0173775,0.005099336,0.0022875,0.0107,0.0088,0,0.001421,5.7925,7.599336,15.63890321,13.50114067,0.2625,0.22875,0.2675,0.6125,8800,0
QL8,8/1/2022,105.295,9.280556,35.49592443,7.106666667,0.028559583,0.018852083,0.014754417,0.015607083,0.039164028,0.019415,0.009616667,0.0045375,0.01785,0.0057,0,0.001421333,6.471666667,12.11666667,28.6764209,18.6300791,1.25,0.45375,0.44625,0.46,5700,0
QL8,9/1/2022,105.295,9.280556,51.96655132,6.85,0.018275,0.0107,0.006435,0.00454375,0.035758333,0.01515,0.0099,0.0056,0.0048,0.0011,0,0.00137,5.05,12.4,23.622,14.90412989,2.15625,0.56,0.12,0.9125,1100,0
QL8,10/1/2022,105.295,9.280556,35.70047214,7,0.03576,0.028185,0.022825,0.027125,0.03444,0.01515,0.01212,0.00225,0.0328,0.0092,0,0.0014,5.05,14.62,33.90757757,18.14674577,1.3,0.225,0.82,0.55,9200,0
QL8,11/1/2022,105.295,9.280556,35.88834707,7.09,0.026965,0.044315,0.042209,0.05063625,0.029785,0.0165,0.00563,0.0034,0.0256,0.0028,0.0512,0.001418,5.5,8.13,15.10462753,12.89395572,0.11,0.34,0.64,0,2800,64
QL8,12/1/2022,105.295,9.280556,44.02770231,6.71,0.02060375,0.0345125,0.0316335,0.03696375,0.022642083,0.0081825,0.0071,0.004125,0.0184,0.0034,0.036,0.001342,2.7275,9.6,24.25,11.61836223,0.38875,0.4125,0.46,0,3400,45
QL8,1/1/2023,105.295,9.280556,34.63097597,7,0.0285375,0.0257875,0.0234375,0.0253125,0.035904167,0.0183,0.0061,0.006375,0.0256,0.0007,0.0128,0.0014,6.1,8.6,20.92776361,15.62974893,0.25,0.6375,0.64,0,700,16
QL8,2/1/2023,105.295,9.280556,42.56389246,6.876666667,0.022833333,0.031585,0.029371,0.034984583,0.028466667,0.01583,0.005803333,0.002766667,0.019066667,0.0022,0.033333333,0.001375333,5.276666667,8.303333333,21.11396212,14.4534496,0.3125,0.276666667,0.476666667,0,2200,41.66666667
QL8,3/1/2023,105.295,9.280556,36.79624713,7.18,0.019355,0.016,0.014468,0.0145225,0.029995,0.01551,0.0045,0.0057,0.0112,0.0018,0.0088,0.001436,5.17,7,14.00883314,12.05349721,0.163,0.57,0.28,0,1800,11
QL8,4/1/2023,105.295,9.280556,36.07774958,6.78,0.02479,0.02526,0.023028,0.027285,0.02996,0.01746,0.00582,0.0024,0.0204,0.0035,0.0184,0.001356,5.82,8.32,19.70692588,14.82486945,0.12,0.24,0.51,0,3500,23
QL8,5/1/2023,105.295,9.280556,64.41528999,6.7325,0.010531266,0.004752516,0.002935766,0.001675566,0.023016146,0.0115575,0.00498,0.003190625,0,0.001334406,0,0.0013465,3.8525,7.48,19.22566593,11.72189815,8.320625,0.3190625,0.12,0,1334.40625,0
QL8,6/1/2023,105.295,9.280556,37.29654661,6.51,0.0130575,0.00696,0.004801,0.00350125,0.025450833,0.012195,0.00562,0.004,0,0.0043,0,0.001302,4.065,8.12,18.17389305,11.7090678,0.375,0.4,0.12,0,4300,0
QL8,7/1/2023,105.295,9.280556,37.0988418,6.725,0.014544375,0.00600375,0.00409125,0.002371875,0.031078542,0.01708125,0.00517,0.0043875,0,0.00245,0,0.001345,5.69375,7.67,17.17502319,13.83729057,0.46125,0.43875,0.12,0,2450,0
QL8,8/1/2023,105.295,9.280556,24.99799393,6.01,0.0114825,0.00402,0.002201,0.00181375,0.024809167,0.014925,0.00484,0.0015,0,0.0017,0,0.001202,4.975,7.34,18.84358605,13.28519421,0.86,0.15,0.12,0,1700,0
QL8,9/1/2023,105.295,9.280556,13.05000265,6.935,0.024244922,0.017131172,0.014517979,0.015418958,0.029407596,0.0142275,0.006613386,0.004365625,0.020033333,0.00325,0,0.001387,4.7425,9.113385917,16.01325546,12.0441584,1.4409375,0.4365625,0.500833333,0.519166667,3250,0
QL8,10/1/2023,105.295,9.280556,55.19562707,7.07,0.059033183,0.049935683,0.04651325,0.05532125,0.036127426,0.018195,0.008258865,0.0045125,0.086,0.0011,0,0.001414,6.065,10.758865,24.34437465,16.65436464,0.825,0.45125,2.15,0.175,1100,0
QL8,11/1/2023,105.295,9.280556,35.67213456,7.04,0.028991059,0.02012,0.014964,0.01479875,0.041664137,0.017742118,0.01172,0.00625,0.01897,0.0033,0,0.001408,5.91403925,14.22,37.96758767,20.72275738,2.2675,0.625,0.47425,0.25,3300,0
QL8,12/1/2023,105.295,9.280556,55.54631943,6.74,0.023628885,0.015600135,0.0130115,0.012905,0.032617398,0.0160575,0.00652527,0.005375,0.0124,0.0069,0,0.001348,5.3525,9.02527,20.68899991,14.43322664,0.24125,0.5375,0.31,0.4125,6900,0
QL8,1/1/2024,105.295,9.280556,44.04663572,5.57,0.02765625,0.0190875,0.0196445,0.02369625,0.021597917,0.0171375,0,0.001375,0.0313,0.0055,0,0.001114,5.7125,5,11.10873843,11.95296766,1.23375,0.1375,0.7825,0.875,5500,0
QL8,2/1/2024,105.295,9.280556,32.41756394,4.67,0.082134715,0.075242215,0.067117,0.08077125,0.041964335,0.013785,0.01718443,0.005,0.124,0.0043,0,0.000934,4.595,19.68443,51.50989092,23.01352488,3.21625,0.5,3.1,0.3125,4300,0
QL8,3/1/2024,105.295,9.280556,53.82222598,6.63,0.016560357,0.008643073,0.0059505,0.00626625,0.028490834,0.015834569,0.006711146,0.001875,0.006,0.0027,0,0.001326,5.2781895,9.211146,21.13476028,14.46229064,0.6875,0.1875,0.15,0.1125,2700,0
QL8,4/1/2024,105.295,9.280556,31.31362869,7.32,0.04535,0.03608,0.034332,0.040665,0.031616667,0.01854,0.00496,0.0036,0.06,0.0036,0,0.001464,6.18,7.46,17.30167775,14.6065945,0.53,0.36,1.5,0.12,3600,0
QL8,5/1/2024,105.295,9.280556,36.1418131,7.18,0.038121455,0.03033023,0.0266555,0.03261625,0.029741728,0.01558245,0.00878546,0.001125,0.04455,0.0062,0,0.001436,5.19415,11.28546,26.63488759,16.07019334,0.95,0.1125,1.11375,0.75,6200,0
QL8,6/1/2024,105.295,9.280556,60.09782842,6.685,0.02258,0.01505,0.0103435,0.009804375,0.035945,0.01506,0.01075,0.005,0.0102,0.00415,0,0.001337,5.02,13.25,32.98632192,17.81131208,0.965,0.5,0.255,0.47,4150,0
QL8,7/1/2024,105.295,9.280556,35.29244581,7.125,0.024275,0.01595,0.0117125,0.011859375,0.036166667,0.01665,0.0099,0.00445,0.0138,0.00375,0,0.001425,5.55,12.4,26.82763977,16.66473511,0.275,0.445,0.345,0.25,3750,0
QL8,8/1/2024,105.295,9.280556,52.50515233,6.735,0.02820375,0.019665,0.0159485,0.014591875,0.040142083,0.0170775,0.00878,0.00855,0.0164,0.0056,0,0.001347,5.6925,11.28,28.21817097,17.31686191,0.55,0.855,0.41,0.25,5600,0
QL8,9/1/2024,105.295,9.280556,49.23527379,5.68,0.048384375,0.0389025,0.031218,0.03586625,0.047271875,0.01896375,0.016505,0.00505,0.049,0.00725,0,0.001136,6.32125,19.005,49.78792243,25.06003466,3.025,0.505,1.225,0.42,7250,0
QL8,10/1/2024,105.295,9.280556,34.69099607,7.28,0.0300475,0.02158,0.019758,0.0232225,0.028460833,0.016935,0.0051,0.00236,0.0336,0.0021,0,0.001456,5.645,7.6,17.4921627,13.8641465,0.145,0.236,0.84,0.6,2100,0
QL8,11/1/2024,105.295,9.280556,35.06507937,6.11,0.0455925,0.0375075,0.0302485,0.03632625,0.039999167,0.01617,0.01574,0.002375,0.0536,0.0033,0,0.001222,5.39,18.24,40.52467778,20.74284293,3.525,0.2375,1.34,0.1625,3300,0
QL8,12/1/2024,105.295,9.280556,53.92097773,7.07,0.0223375,0.012925,0.009432,0.01107125,0.033104167,0.018825,0.0084,0.00115,0.0084,0.0079,0,0.001414,6.275,10.9,25.08744387,17.20362354,0.5125,0.115,0.21,0.825,7900,0
QL8,1/1/2025,105.295,9.280556,60.53963314,7.015,0.023115825,0.01401645,0.0121265,0.014064375,0.029320258,0.01819875,0.0051829,0.00175,0.0132,0.0079,0,0.001403,6.06625,7.6829,18.75227567,14.89328284,0.260625,0.175,0.33,0.51875,7900,0
QL8,2/1/2025,105.295,9.280556,55.60409368,6.936666667,0.03009125,0.02130625,0.017249917,0.019012917,0.036340694,0.01757,0.0095,0.004079167,0.0199,0.009133333,0,0.001387333,5.856666667,12,27.41505199,17.30992181,0.912083333,0.407916667,0.4975,0.486666667,9133.333333,0
QL8,3/1/2025,105.295,9.280556,48.95202819,6.05,0.01684375,0.00895,0.008755,0.00919375,0.023552083,0.0157875,0.0016,0.0028,0.0104,0.0031,0,0.00121,5.2625,4.1,10.7288122,11.15819269,2.5725,0.28,0.26,0.3625,3100,0
QL8,4/1/2025,105.295,9.280556,50.2446561,6.68,0.03422625,0.02589375,0.01981175,0.0240225,0.036577917,0.016665,0.0135,0.0011875,0.036,0.0011,0,0.001336,5.555,16,42.93378076,21.74983315,1.875,0.11875,0.9,0.3125,1100,0
QL8,5/1/2025,105.295,9.280556,50.92949554,4.83,0.01889875,0.0433,0.041183,0.04929125,0.02881375,0.0159975,0.0052,0.0035,0.012,0.0011,0.0648,0.000966,5.3325,7.7,18.5674339,13.7343849,0.16,0.35,0.3,0,1100,81
QL8,6/1/2025,105.295,9.280556,54.93707408,7.26,0.03085,0.038115,0.035751,0.0426575,0.032316667,0.01827,0.00618,0.00325,0.0268,0.0072,0.0328,0.001452,6.09,8.68,18.55859309,14.86784776,0.775,0.325,0.67,0,7200,41
QL8,7/1/2025,105.295,9.280556,34.04929444,7.1,0.0300975,0.029885,0.028535,0.032075,0.0334775,0.018825,0.00412,0.00575,0.022,0.0095,0.0184,0.00142,6.275,6.62,13.21792124,13.4616555,0.22,0.575,0.55,0,9500,23
QL9,11/1/2021,105.156944,9.183056,43.80101828,7.133333333,0.021894583,0.032036667,0.030245,0.0361625,0.02942625,0.0175825,0.00501,0.00263,0.016666667,0.0019,0.037866667,0.001426667,5.860833333,7.51,15.71955287,13.62906616,0.421666667,0.263,0.416666667,0,1900,47.33333333
QL9,12/1/2021,105.156944,9.183056,43.25160327,8.55,0.02659375,0.048475,0.046855,0.05319375,0.040352083,0.0210375,0.00495,0.0086,0.0164,0.0022,0.0648,0.00171,7.0125,7.45,14.64913569,15.01910804,0.11,0.86,0.41,0,2200,81
QL9,1/1/2022,105.156944,9.183056,35.88560243,6.84,0.0342425,0.045165,0.043034,0.05198,0.032999167,0.019755,0.00563,0.0029,0.0348,0.0054,0.0416,0.001368,6.585,8.13,22.24424322,16.77228034,0.55,0.29,0.87,0,5400,52
QL9,2/1/2022,105.156944,9.183056,42.51376898,6.695,0.011953056,0.005462744,0.003584744,0.001777805,0.026134063,0.012980625,0.005095,0.004325,0,0.001505488,0,0.001339,4.326875,7.595,16.94301816,11.71383651,0.95625,0.4325,0.12,0,1505.4875,0
QL9,3/1/2022,105.156944,9.183056,34.63244478,6.58,0.0104675,0.0045125,0.0024705,0.00176,0.022674167,0.01191,0.0054,0.002125,0,0.0015,0,0.001316,3.97,7.9,19.8703382,12.10138657,0.4625,0.2125,0.12,0,1500,0
QL9,4/1/2022,105.156944,9.183056,64.46467339,4.725,0.013228125,0.0052125,0.0030975,0.003028125,0.026315625,0.01603125,0.005175,0.00135,0,0.0039,0,0.000945,5.34375,7.675,18.30928583,13.66987652,0.41875,0.135,0.12,0,3900,0
QL9,5/1/2022,105.156944,9.183056,51.6569193,6.25,0.01521375,0.00747,0.005475,0.00346875,0.030482083,0.0154875,0.00524,0.0054,0,0.0043,0,0.00125,5.1625,7.74,20.25676673,14.01196145,0.64,0.54,0.12,0,4300,0
QL9,6/1/2022,105.156944,9.183056,34.16721561,6.8575,0.026213641,0.018663953,0.016361271,0.017383229,0.030316551,0.015099375,0.005976865,0.004909375,0.022866667,0.003575,0,0.0013715,5.033125,8.476865,16.16726063,12.52864734,0.5503125,0.4909375,0.571666667,0.390833333,3575,0
QL9,7/1/2022,105.156944,9.183056,36.33070736,7.04,0.02509586,0.01657211,0.0143415,0.0171925,0.028107007,0.0170475,0.00586922,0.001175,0.026,0.0001,0,0.001408,5.6825,8.36922,22.02343219,15.34891778,0.625,0.1175,0.65,0.1875,100,0
QL9,8/1/2022,105.156944,9.183056,36.17568771,6.84,0.018619848,0.01084,0.008909,0.0094175,0.027462978,0.015559695,0.00523,0.00275,0.0053,0.0084,0,0.001368,5.186565,7.73,19.89762782,13.93483735,0.1125,0.275,0.1325,0.875,8400,0
QL9,9/1/2022,105.156944,9.183056,34.65979341,6.45,0.03115861,0.02399236,0.0204075,0.02199375,0.033153423,0.0143325,0.00845972,0.005625,0.026,0.0079,0,0.00129,4.7775,10.95972,28.70323867,16.09728363,1.2675,0.5625,0.65,0.2375,7900,0
QL9,10/1/2022,105.156944,9.183056,35.10205088,3.61,0.01819125,0.0102,0.010561,0.0077325,0.028854583,0.0159825,0,0.00875,0.00545,0.0062,0,0.000722,5.3275,5,9.345710375,10.81965806,1.61625,0.875,0.13625,0.5,6200,0
QL9,11/1/2022,105.156944,9.183056,52.39367597,3.69,0.092362425,0.084082425,0.075844,0.09246125,0.043778992,0.01656,0.01721485,0.00375,0.1408,0.0064,0,0.000738,5.52,19.71485,43.74489048,21.95304239,3.85375,0.375,3.52,0.225,6400,0
QL9,12/1/2022,105.156944,9.183056,33.95359379,6.24,0.040913531,0.033031579,0.0289615,0.03378,0.033864906,0.015763905,0.009388157,0.003875,0.05,0.0028,0,0.001248,5.254635,11.888157,34.3149054,18.58211183,0.95375,0.3875,1.25,0.1375,2800,0
QL9,1/1/2023,105.156944,9.183056,35.43513864,6.58,0.0566025,0.04905,0.047158,0.05576,0.0295225,0.015105,0.0051,0.0051,0.084,0.0039,0,0.001316,5.035,7.6,20.39354586,13.86383224,0.14,0.51,2.1,0.6,3900,0
QL9,2/1/2023,105.156944,9.183056,34.70124309,7.03,0.038131746,0.030196746,0.0265155,0.0300975,0.034432407,0.01587,0.008768492,0.004875,0.03725,0.0095,0,0.001406,5.29,11.268492,34.25032678,18.61480037,2.39125,0.4875,0.93125,0.1125,9500,0
QL9,3/1/2023,105.156944,9.183056,35.7192959,6.415,0.019153125,0.01047,0.0087165,0.009270625,0.028882292,0.01736625,0.00479,0.0026,0.0062,0.00735,0,0.001283,5.78875,7.29,18.76580402,14.48129777,0.75,0.26,0.155,0.45,7350,0
QL9,4/1/2023,105.156944,9.183056,36.54362969,7.055,0.0214075,0.01357,0.0088305,0.008444375,0.035834167,0.015675,0.01089,0.00415,0.007,0.0051,0,0.001411,5.225,13.39,30.60581727,17.36833773,0.23,0.415,0.175,0.24,5100,0
QL9,5/1/2023,105.156944,9.183056,37.67767668,6.885,0.021561875,0.012905,0.0116385,0.010235625,0.032811042,0.01731375,0.00391,0.0069,0.0104,0.0046,0,0.001377,5.77125,6.41,14.47808495,13.10330783,0.23,0.69,0.26,0.215,4600,0
QL9,6/1/2023,105.156944,9.183056,36.06024262,5.21,0.04453,0.03559,0.027221,0.03177625,0.045803333,0.01788,0.01778,0.0036,0.046,0.0038,0,0.001042,5.96,20.28,54.22974544,25.91848217,2.59,0.36,1.15,0.27,3800,0
QL9,7/1/2023,105.156944,9.183056,35.47809147,6.9,0.02138,0.014045,0.01231,0.013925,0.025503333,0.01467,0.00485,0.00234,0.0208,0.0001,0,0.00138,4.89,7.35,16.14670076,12.30747817,0.61,0.234,0.52,0.3,100,0
QL9,8/1/2023,105.156944,9.183056,38.00186519,4.59,0.04928375,0.0413075,0.0326465,0.03869875,0.04382875,0.0159525,0.01824,0.003375,0.0588,0.0022,0,0.000918,5.3175,20.74,38.76600664,20.07965688,3.3575,0.3375,1.47,0.25,2200,0
QL9,9/1/2023,105.156944,9.183056,38.03954742,6.84,0.02852375,0.0206375,0.0125215,0.0149175,0.040305417,0.0157725,0.0176,0.001175,0.0144,0.0081,0,0.001368,5.2575,20.1,44.15628372,21.68898762,0.59,0.1175,0.36,0.125,8100,0
QL9,10/1/2023,105.156944,9.183056,36.41330124,6.68,0.029182949,0.019522949,0.01461175,0.01755375,0.036885214,0.01932,0.011158398,0.0011375,0.0176,0.00915,0,0.001336,6.44,13.658398,37.76793196,21.44875535,0.53625,0.11375,0.44,0.53125,9150,0
QL9,11/1/2023,105.156944,9.183056,36.44605232,5.953333333,0.025824583,0.017408333,0.013153667,0.0152025,0.033268472,0.0168325,0.0097,0.001983333,0.0183,0.004833333,0,0.001190667,5.610833333,12.2,33.2689475,18.7866622,0.937083333,0.198333333,0.4575,0.1875,4833.333333,0
QL9,12/1/2023,105.156944,9.183056,35.82307999,3.81,0.0253575,0.018,0.013931,0.01178875,0.038050833,0.014715,0.0089,0.009,0.0112,0.0069,0,0.000762,4.905,11.4,25.29523438,15.21413127,1.32125,0.9,0.28,0.1125,6900,0
QL9,1/1/2024,105.156944,9.183056,35.82766021,6.45,0.04614875,0.03878,0.03117,0.03286875,0.047830417,0.0147375,0.01651,0.00975,0.0492,0.0021,0,0.00129,4.9125,19.01,35.17686088,18.34064813,1.95125,0.975,1.23,0.5125,2100,0
QL9,2/1/2024,105.156944,9.183056,50.02226163,5.96,0.05056,0.04135,0.037896,0.04237,0.040273333,0.01842,0.0081,0.008,0.06,0.0066,0,0.001192,6.14,10.6,22.46790296,16.17529097,0.1,0.8,1.5,0.3,6600,0
QL9,3/1/2024,105.156944,9.183056,52.19088801,6.26,0.03461,0.025175,0.021726,0.024345,0.036773333,0.01887,0.00815,0.0045,0.0314,0.0063,0,0.001252,6.29,10.65,25.69976333,17.41916246,0.19,0.45,0.785,0.35,6300,0
QL9,4/1/2024,105.156944,9.183056,37.16520351,6.455,0.034470625,0.02485,0.0210705,0.023838125,0.037439792,0.01924125,0.00885,0.004,0.0358,0.00105,0,0.001291,6.41375,11.35,26.46936687,17.84741153,0.4,0.4,0.895,0.4,1050,0
QL9,5/1/2024,105.156944,9.183056,63.10241437,6.57,0.0321325,0.022075,0.020207,0.02219625,0.035075833,0.020115,0.00505,0.0049,0.0318,0.0024,0,0.001314,6.705,7.55,18.92502912,15.90586984,0.385,0.49,0.795,0.35,2400,0
QL9,6/1/2024,105.156944,9.183056,55.80420591,6.14,0.04685875,0.03685,0.034239,0.04148625,0.03332875,0.0200175,0.00645,0.0021,0.0632,0.00195,0,0.001228,6.6725,8.95,20.12801558,16.23637156,0.88,0.21,1.58,0.35,1950,0
QL9,7/1/2024,105.156944,9.183056,34.14937879,5.615,0.047680625,0.037925,0.0361615,0.042045625,0.034079792,0.01951125,0.00465,0.00505,0.0624,0.00375,0,0.001123,6.50375,7.15,17.96114357,15.30012171,1.53,0.505,1.56,0.35,3750,0
QL9,8/1/2024,105.156944,9.183056,65.08546467,6.23,0.05316125,0.04385,0.040273,0.04659125,0.03852625,0.0186225,0.0084,0.006,0.0716,0.0017,0,0.001246,6.2075,10.9,26.97496737,17.69743139,0.37,0.6,1.79,0.3,1700,0
QL9,9/1/2024,105.156944,9.183056,36.07265299,6.35,0.04103125,0.03505,0.031635,0.03829375,0.025739583,0.0119625,0.0081,0.002,0.0544,0.0056,0,0.00127,3.9875,10.6,25.15820609,13.79468193,0.19,0.2,1.36,0.3,5600,0
QL9,10/1/2024,105.156944,9.183056,51.28441073,6.535,0.038413125,0.032475,0.0294035,0.035754375,0.024413958,0.01187625,0.00745,0.0016,0.0462,0.0097,0,0.001307,3.95875,9.95,25.39382786,13.8258387,0.21,0.16,1.155,0.35,9700,0
QL9,11/1/2024,105.156944,9.183056,51.58913899,6.555,0.035514375,0.029175,0.0259555,0.030538125,0.027391875,0.01267875,0.00775,0.00305,0.0454,0.00215,0,0.001311,4.22625,10.25,26.29494426,14.51117332,0.335,0.305,1.135,0.45,2150,0
QL9,12/1/2024,105.156944,9.183056,36.84804156,6.685,0.027844375,0.0214,0.0176185,0.020116875,0.028978542,0.01288875,0.0089,0.00305,0.0254,0.00545,0,0.001337,4.29625,11.4,28.23806072,15.22875732,0.505,0.305,0.635,0.5,5450,0
QL9,1/1/2025,105.156944,9.183056,54.91120863,6.655,0.033395625,0.026625,0.0245155,0.027050625,0.028981458,0.01354125,0.00555,0.00575,0.0392,0.00275,0,0.001331,4.51375,8.05,18.36911159,12.4437371,0.77,0.575,0.98,0.7,2750,0
QL9,2/1/2025,105.156944,9.183056,55.02791832,6.21,0.04652875,0.04105,0.037471,0.04590125,0.02433375,0.0109575,0.0084,0.0015,0.0668,0.0054,0,0.001242,3.6525,10.9,26.87911474,13.83471303,1.405,0.15,1.67,0.4,5400,0
QL9,3/1/2025,105.156944,9.183056,52.4273237,6.3,0.0528625,0.0469,0.04353,0.0506625,0.030245833,0.011925,0.008,0.006,0.0744,0.0054,0,0.00126,3.975,10.5,23.84927244,13.36327946,0.43,0.6,1.86,0.3,5400,0
QL9,4/1/2025,105.156944,9.183056,48.5230896,6.2,0.0398875,0.03295,0.03077,0.037275,0.0249375,0.013875,0.0056,0.0019,0.054,0.0044,0,0.00124,4.625,8.1,20.62865055,13.32295099,0.54,0.19,1.35,0.6,4400,0
QL9,5/1/2025,105.156944,9.183056,33.66253075,5.66,0.0312975,0.0249,0.022516,0.02723875,0.0235025,0.012795,0.0059,0.00145,0.0388,0.00365,0,0.001132,4.265,8.4,19.32985994,12.3734962,0.565,0.145,0.97,0.4,3650,0
QL9,6/1/2025,105.156944,9.183056,52.54140699,6.45,0.03549375,0.02835,0.02557,0.02915,0.029910417,0.0142875,0.00685,0.0045,0.042,0.00335,0,0.00129,4.7625,9.35,24.4304441,14.72774877,0.395,0.45,1.05,0.4,3350,0
QL9,7/1/2025,105.156944,9.183056,36.02233108,6.14,0.0417525,0.03495,0.032064,0.03873625,0.0265475,0.013605,0.007,0.00215,0.055,0.00575,0,0.001228,4.535,9.5,22.26960443,13.70527567,0.3,0.215,1.375,0.35,5750,0
T1,12/1/2024,106.11,11.39,63.86210784,5.375,0.0472675,0.040825,0.0380875,0.044796875,0.027924167,0.012885,0.00655,0.0045,0.0664,0.0042,0,0.001075,4.295,9.05,21.78947917,13.1939121,0.27,0.45,1.66,0.3,4200,0
T1,1/1/2025,106.11,11.39,55.01164472,5.67,0.044395,0.0385,0.035892,0.0395525,0.03108,0.01179,0.00635,0.0085,0.0606,0.00155,0,0.001134,3.93,8.85,21.46559259,12.5443041,0.495,0.85,1.515,0.3,1550,0
T1,2/1/2025,106.11,11.39,54.4520281,5.93,0.04453625,0.03905,0.036593,0.04386625,0.023417917,0.0109725,0.0061,0.003,0.0668,0.0022,0,0.001186,3.6575,8.6,19.17397202,11.4131012,0.23,0.3,1.67,0.3,2200,0
T1,3/1/2025,106.11,11.39,51.5104546,6.11,0.04922875,0.0421,0.040211,0.04651375,0.029467083,0.0142575,0.005,0.006,0.0676,0.0056,0,0.001222,4.7525,7.5,18.4294946,12.82089836,0.16,0.6,1.69,0.5,5600,0
T1,4/1/2025,106.11,11.39,53.68732378,6.04,0.0440625,0.0375,0.035304,0.04178625,0.026220833,0.013125,0.0056,0.00375,0.062,0.00365,0,0.001208,4.375,8.1,20.14301271,12.79484953,0.2,0.375,1.55,0.35,3650,0
T1,5/1/2025,106.11,11.39,50.22501609,6.655,0.031858125,0.024975,0.0225655,0.027456875,0.024635625,0.01376625,0.00615,0.0012,0.0408,0.0018,0,0.001331,4.58875,8.65,18.75540084,12.67801808,0.17,0.12,1.02,0.4,1800,0
T1,6/1/2025,106.11,11.39,28.05138122,6.11,0.03190375,0.025675,0.023311,0.0253575,0.02853375,0.0124575,0.00595,0.00605,0.037,0.00235,0,0.001222,4.1525,8.45,21.01795686,12.73693312,0.205,0.605,0.925,0.3,2350,0
T1,7/1/2025,106.11,11.39,36.96307854,6.34,0.04224,0.03525,0.032584,0.03938625,0.026518333,0.01398,0.0066,0.00215,0.0584,0.00335,0,0.001268,4.66,9.1,23.49771393,14.27994764,0.225,0.215,1.46,0.35,3350,0
T2,12/1/2024,106.08,11.31,53.03147269,6.565,0.043368125,0.037025,0.0344565,0.039539375,0.028917292,0.01268625,0.00645,0.00565,0.0584,0.00355,0,0.001313,4.22875,8.95,23.22777579,13.54797235,0.56,0.565,1.46,0.35,3550,0
T2,1/1/2025,106.08,11.31,52.54026347,5.78,0.03343,0.02755,0.024928,0.029285,0.024686667,0.01176,0.0064,0.003,0.044,0.0017,0,0.001156,3.92,8.9,20.69391131,12.286025,0.27,0.3,1.1,0.3,1700,0
T2,2/1/2025,106.08,11.31,51.95480787,6.05,0.045625,0.03925,0.037255,0.04569375,0.022575,0.01275,0.0052,0.0014,0.0664,0.0055,0,0.00121,4.25,7.7,17.2338641,11.69021567,0.26,0.14,1.66,0.7,5500,0
T2,3/1/2025,106.08,11.31,53.73003906,6.37,0.033172083,0.027183333,0.025237,0.02804625,0.026534861,0.0119775,0.005166667,0.0056,0.040266667,0.003333333,0,0.001274,3.9925,7.666666667,18.54721762,11.71801155,0.253333333,0.56,1.006666667,0.433333333,3333.333333,0
T2,4/1/2025,106.08,11.31,35.11833821,5.78,0.035405,0.02975,0.027478,0.03241,0.023461667,0.01131,0.0057,0.0031,0.0504,0.0003,0,0.001156,3.77,8.2,21.05141765,12.17373192,0.22,0.31,1.26,0.5,300,0
T2,5/1/2025,106.08,11.31,35.08365452,6.48,0.02632375,0.020125,0.018098,0.01846625,0.02846375,0.0123975,0.00535,0.00665,0.0252,0.00305,0,0.001296,4.1325,7.85,16.62530246,11.32211143,0.25,0.665,0.63,0.45,3050,0
T2,6/1/2025,106.08,11.31,31.16852514,6.615,0.030330625,0.024475,0.0223115,0.025389375,0.024921458,0.01171125,0.00565,0.004,0.0376,0.0017,0,0.001323,3.90375,8.15,19.26175158,11.81014946,0.315,0.4,0.94,0.35,1700,0
T2,7/1/2025,106.08,11.31,35.92228304,5.94,0.036865,0.031825,0.029544,0.0349925,0.022085,0.01008,0.00575,0.0031,0.0534,0.0014,0,0.001188,3.36,8.25,19.67130173,11.12363863,0.355,0.31,1.335,0.7,1400,0
T3,12/1/2024,106.09,11.24,51.16385271,6.14,0.0463275,0.04065,0.038464,0.046205,0.023280833,0.011355,0.0056,0.003,0.0716,0.0011,0,0.001228,3.785,8.1,19.87261364,11.82460392,0.33,0.3,1.79,0.3,1100,0
T3,1/1/2025,106.09,11.24,52.70631726,4.02,0.045275,0.0374,0.036152,0.04144,0.029225,0.01575,0.0033,0.006,0.0644,0.0011,0,0.000804,5.25,5.8,15.17948928,12.54255652,0.64,0.6,1.61,0.6,1100,0
T3,2/1/2025,106.09,11.24,50.92822101,3.82,0.026345,0.018275,0.017082,0.0194775,0.026005,0.01614,0.00315,0.003,0.0274,0.003,0,0.000764,5.38,5.65,14.701147,12.58675504,0.59,0.3,0.685,0.3,3000,0
T3,3/1/2025,106.09,11.24,52.12069639,4.86,0.03128125,0.02335,0.021411,0.02301375,0.031164583,0.0158625,0.00485,0.006,0.0326,0.00325,0,0.000972,5.2875,7.35,16.84913754,13.12517735,0.405,0.6,0.815,0.35,3250,0
T3,4/1/2025,106.09,11.24,52.89321799,3.42,0.02187,0.0144,0.012517,0.01220875,0.029038333,0.01494,0.00445,0.0055,0.0138,0.00505,0,0.000684,4.98,6.95,17.44112022,12.85055492,0.445,0.55,0.345,0.3,5050,0
T3,5/1/2025,106.09,11.24,52.62637201,3.375,0.026671875,0.01905,0.0169625,0.017453125,0.030442708,0.01524375,0.00485,0.006,0.0226,0.00465,0,0.000675,5.08125,7.35,19.75951634,13.73332404,0.42,0.6,0.565,0.3,4650,0
T3,6/1/2025,106.09,11.24,20.15153607,3.245,0.04326375,0.03555,0.0333495,0.040280625,0.026515417,0.0154275,0.00505,0.00225,0.0598,0.004,0,0.000649,5.1425,7.55,22.40184749,14.65821642,1.445,0.225,1.495,0.3,4000,0
T3,7/1/2025,106.09,11.24,50.70301622,3.82,0.043945,0.0361,0.033782,0.0366025,0.035105,0.01569,0.0054,0.009,0.0564,0.0014,0,0.000764,5.23,7.9,20.82903792,14.29362482,1.26,0.9,1.41,0.3,1400,0
TGLX1,2/1/2021,105.057211,10.438308,5.993059969,5.91,0.04822875,0.0396,0.036641,0.04142625,0.03658375,0.0172575,0.0071,0.007,0.0616,0.0035,0,0.001182,5.7525,9.6,20.49903846,14.97333968,0.42,0.7,1.54,0.3,3500,0
TGLX1,3/1/2021,105.057211,10.438308,35.38649381,6.255,0.03342125,0.023825,0.0206255,0.023781875,0.035049583,0.0191925,0.00765,0.0032,0.0332,0.0036,0,0.001251,6.3975,10.15,26.09687262,17.70560454,0.61,0.32,0.83,0.3,3600,0
TGLX1,4/1/2021,105.057211,10.438308,64.59283264,6.415,0.044393125,0.035125,0.0322415,0.036270625,0.037375625,0.01853625,0.00705,0.00645,0.0516,0.00515,0,0.001283,6.17875,9.55,26.04652788,17.36160794,0.605,0.645,1.29,0.45,5150,0
TGLX1,5/1/2021,105.057211,10.438308,36.36615791,6.745,0.031985625,0.023325,0.0207745,0.024343125,0.030766458,0.01732125,0.00645,0.0026,0.0358,0.0018,0,0.001349,5.77375,8.95,22.14264988,15.52337717,0.635,0.26,0.895,0.35,1800,0
TGLX1,6/1/2021,105.057211,10.438308,34.80297346,6.49,0.03722125,0.028825,0.026174,0.0313425,0.029857917,0.0167925,0.0066,0.0022,0.0486,0.00025,0,0.001298,5.5975,9.1,19.68765314,14.48504355,1.42,0.22,1.215,0.5,250,0
TGLX1,7/1/2021,105.057211,10.438308,52.78491352,6.295,0.045841875,0.036675,0.0341545,0.040786875,0.032297708,0.01833375,0.0063,0.00305,0.0626,0.0014,0,0.001259,6.11125,8.8,22.29410977,16.07737619,1.445,0.305,1.565,0.35,1400,0
TGLX1,8/1/2021,105.057211,10.438308,43.93242338,5.81,0.04146625,0.0331,0.030731,0.03653875,0.029904583,0.0167325,0.0059,0.003,0.0556,0.0017,0,0.001162,5.5775,8.4,19.71010982,14.46212321,1.13,0.3,1.39,0.3,1700,0
TGLX1,9/1/2021,105.057211,10.438308,33.6643396,6.2,0.0427375,0.03625,0.03382,0.03915,0.0280875,0.012975,0.0061,0.005,0.0568,0.0046,0,0.00124,4.325,8.6,20.79299979,12.92476349,0.14,0.5,1.42,0.3,4600,0
TGLX1,10/1/2021,105.057211,10.438308,62.4976546,6.13,0.0385125,0.03285,0.030763,0.03614125,0.023829167,0.011325,0.0054,0.0037,0.0522,0.0044,0,0.001226,3.775,7.9,21.41066458,12.29448757,0.46,0.37,1.305,0.3,4400,0
TGLX1,11/1/2021,105.057211,10.438308,49.63238804,6.445,0.044235625,0.0376,0.0350445,0.042930625,0.024583125,0.01327125,0.0064,0.0014,0.0634,0.004,0,0.001289,4.42375,8.9,19.27233443,12.59348579,0.285,0.14,1.585,0.4,4000,0
TGLX1,12/1/2021,105.057211,10.438308,49.69799016,6.495,0.043154375,0.03695,0.0346245,0.039655625,0.028185208,0.01240875,0.00595,0.0058,0.057,0.00515,0,0.001299,4.13625,8.45,22.73518307,13.2539283,0.185,0.58,1.425,0.4,5150,0
TGLX1,1/1/2022,105.057211,10.438308,38.11471067,6.25,0.0350375,0.02915,0.026675,0.0316875,0.0240625,0.011775,0.0062,0.00265,0.045,0.00445,0,0.00125,3.925,8.7,21.10647987,12.42359075,0.225,0.265,1.125,0.4,4450,0
TGLX1,2/1/2022,105.057211,10.438308,63.06210087,6.38,0.0423425,0.037025,0.034513,0.04201625,0.0218575,0.010635,0.0063,0.0018,0.0628,0.00315,0,0.001276,3.545,8.8,20.52372532,11.66987242,0.675,0.18,1.57,0.35,3150,0
TGLX1,3/1/2022,105.057211,10.438308,52.71327457,6.49,0.04530875,0.0395,0.037049,0.04318625,0.026620417,0.0116175,0.0062,0.005,0.0624,0.0054,0,0.001298,3.8725,8.7,21.00113266,12.31162915,0.21,0.5,1.56,0.3,5400,0
TGLX1,4/1/2022,105.057211,10.438308,52.33008808,6.15,0.03961875,0.03315,0.031465,0.03833125,0.022327083,0.0129375,0.0046,0.0016,0.0556,0.0045,0,0.00123,4.3125,7.1,17.24299877,11.78684545,0.19,0.16,1.39,0.3,4500,0
TGLX1,5/1/2022,105.057211,10.438308,51.16044937,5.94,0.03825875,0.0317,0.029794,0.03658625,0.022362083,0.0131175,0.005,0.00105,0.0552,0.00215,0,0.001188,4.3725,7.5,19.90884971,12.71727765,0.225,0.105,1.38,0.45,2150,0
TGLX1,6/1/2022,105.057211,10.438308,30.63212282,6.38,0.03943,0.032425,0.030563,0.03586,0.026553333,0.01401,0.005,0.00375,0.0518,0.0043,0,0.001276,4.67,7.5,20.89490035,13.47438851,0.49,0.375,1.295,0.5,4300,0
TGLX1,7/1/2022,105.057211,10.438308,36.90746666,6.395,0.038498125,0.030925,0.0291895,0.032393125,0.030853958,0.01514625,0.00475,0.00655,0.0488,0.00175,0,0.001279,5.04875,7.25,17.83073291,13.07650864,0.6,0.655,1.22,0.35,1750,0
TGLX1,8/1/2022,105.057211,10.438308,50.96231441,6.395,0.037748125,0.030625,0.0286395,0.031424375,0.030912292,0.01424625,0.00525,0.007,0.0472,0.0018,0,0.001279,4.74875,7.75,21.1959196,13.68741239,0.6,0.7,1.18,0.4,1800,0
TGLX1,9/1/2022,105.057211,10.438308,52.71071748,6.31,0.040685,0.034325,0.032181,0.0386325,0.02429,0.01272,0.00555,0.00255,0.0556,0.00495,0,0.001262,4.24,8.05,18.58066643,12.09980657,0.445,0.255,1.39,0.35,4950,0
TGLX1,10/1/2022,105.057211,10.438308,36.88656365,6.34,0.03644,0.03035,0.028084,0.03323,0.024476667,0.01218,0.0058,0.003,0.044,0.0079,0,0.001268,4.06,8.3,23.3088743,13.32041434,0.13,0.3,1.1,0.3,7900,0
TGLX1,11/1/2022,105.057211,10.438308,50.20338657,6.01,0.0350875,0.02875,0.027151,0.03206375,0.023420833,0.012675,0.0044,0.003,0.0476,0.0025,0,0.001202,4.225,6.9,16.73691642,11.49604868,0.13,0.3,1.19,0.3,2500,0
TGLX1,12/1/2022,105.057211,10.438308,63.33037198,6.525,0.034759375,0.0295,0.0279775,0.031534375,0.023763542,0.01051875,0.00435,0.0055,0.0462,0.00295,0,0.001305,3.50625,6.85,14.81437571,9.811826358,0.8,0.55,1.155,0.35,2950,0
TGLX1,1/1/2023,105.057211,10.438308,64.90550039,6.47,0.029845,0.0241,0.022222,0.025465,0.023613333,0.01149,0.00505,0.0037,0.0366,0.00285,0,0.001294,3.83,7.55,16.82767929,10.93216245,0.505,0.37,0.915,0.5,2850,0
TGLX1,2/1/2023,105.057211,10.438308,51.87489918,6.565,0.025793125,0.01945,0.0176065,0.018695625,0.026817292,0.01268625,0.005,0.0053,0.026,0.0026,0,0.001313,4.22875,7.5,15.5825292,11.13774328,0.13,0.53,0.65,0.55,2600,0
TGLX1,3/1/2023,105.057211,10.438308,51.74247822,6.465,0.032155625,0.025625,0.0236465,0.027058125,0.026029792,0.01306125,0.00525,0.004,0.0382,0.0038,0,0.001293,4.35375,7.75,24.40546801,14.10674985,0.41,0.4,0.955,0.4,3800,0
TGLX1,4/1/2023,105.057211,10.438308,51.86682719,6.165,0.040574375,0.0355625,0.033404,0.041051875,0.019481875,0.01002375,0.00555,0.001125,0.0598,0.00465,0,0.001233,3.34125,8.05,18.8357887,10.83211103,0.24,0.1125,1.495,0.6,4650,0
TGLX1,5/1/2023,105.057211,10.438308,63.92134923,6.52,0.0379325,0.0329,0.030902,0.0336275,0.027259167,0.010065,0.0053,0.008,0.0508,0.0017,0,0.001304,3.355,7.8,19.24784849,10.98264139,0.9,0.8,1.27,0.3,1700,0
TGLX1,6/1/2023,105.057211,10.438308,42.94930621,6.9,0.035481305,0.024140283,0.020611875,0.023675,0.040206378,0.022682044,0.008436817,0.00334375,0.0322,0.0043,0,0.00138,7.560681188,10.9368165,26.14263567,19.46480352,0.840625,0.334375,0.805,0.495,4300,0
TGLX1,7/1/2023,105.057211,10.438308,51.97037902,7.07,0.02055125,0.00998,0.007707,0.00682125,0.036869583,0.0211425,0.00596,0.0045,0.0064,0.0031,0,0.001414,7.0475,8.46,19.8771932,16.71979767,0.52,0.45,0.16,0.24,3100,0
TGLX1,8/1/2023,105.057211,10.438308,57.26858212,6.64,0.021857309,0.011783587,0.0090265,0.0096425,0.034550387,0.020147445,0.006842173,0.002625,0.006,0.0081,0,0.001328,6.715814875,9.342173,24.3506578,17.63256777,0.58625,0.2625,0.15,0.96,8100,0
TGLX1,9/1/2023,105.057211,10.438308,65.54751457,7.365,0.021945661,0.011114605,0.0086235,0.008779375,0.036536875,0.021662111,0.00645521,0.0032,0.006524,0.00605,0,0.001473,7.22070375,8.95521,24.90278687,18.56396447,0.6775,0.32,0.1631,0.231875,6050,0
TGLX1,10/1/2023,105.057211,10.438308,51.63866215,6.61,0.049795,0.040105,0.037661,0.04332625,0.036855,0.01938,0.00621,0.006,0.0652,0.0028,0,0.001322,6.46,8.71,25.26989289,17.53864215,0.7875,0.6,1.63,0.52,2800,0
TGLX1,11/1/2023,105.057211,10.438308,51.48351355,6.59,0.053128125,0.04155,0.037409,0.04238625,0.046382292,0.02315625,0.0096,0.007,0.0648,0.0017,0,0.001318,7.71875,12.1,32.68322115,21.76388198,3.23,0.7,1.62,0.6,1700,0
TGLX1,12/1/2023,105.057211,10.438308,35.36842512,7.65,0.023456415,0.013142725,0.011115,0.00920625,0.039331634,0.02062738,0.005585449,0.0075,0.0048,0.0084,0,0.00153,6.875793375,8.085449,24.14042974,17.80625934,0.9,0.75,0.12,0.325,8400,0
TGLX1,1/1/2024,105.057211,10.438308,35.44194543,6.93,0.02363,0.014045,0.011993,0.0126475,0.033145,0.01917,0.00549,0.00375,0.01165,0.0072,0,0.001386,6.39,7.99,20.82617778,16.03272314,0.12125,0.375,0.29125,0.1,7200,0
TGLX1,2/1/2024,105.057211,10.438308,61.60775714,7.27,0.03503849,0.02323429,0.019527,0.02165875,0.043023144,0.023608401,0.008868579,0.0044,0.0248,0.0084,0,0.001454,7.869467125,11.368579,29.22632811,20.90014272,1.63875,0.44,0.62,0.375,8400,0
TGLX1,3/1/2024,105.057211,10.438308,62.7269821,6.76,0.0298275,0.0196875,0.0203635,0.023095,0.028064167,0.02028,0,0.003775,0.0292,0.0064,0,0.001352,6.76,5,14.5062531,14.59531308,4.265,0.3775,0.73,0.1725,6400,0
TGLX1,4/1/2024,105.057211,10.438308,55.02580313,7.023333333,0.039275632,0.027223091,0.023064833,0.02558625,0.045520918,0.024105081,0.009721183,0.005191667,0.0316,0.007933333,0,0.001404667,8.035026833,12.22118267,31.00581609,21.70948101,0.974583333,0.519166667,0.79,0.239166667,7933.333333,0
TGLX1,5/1/2024,105.057211,10.438308,35.25427794,7.46,0.019044375,0.008715,0.006496,0.007495,0.032186875,0.02065875,0.00593,0.001,0.0104,0.0001,0,0.001492,6.88625,8.43,24.00494764,17.77923239,0.4,0.1,0.26,9.57,100,0
TGLX1,6/1/2024,105.057211,10.438308,63.99336394,7.23,0.026921875,0.01705,0.015023,0.01690375,0.032951042,0.01974375,0.0055,0.003,0.0164,0.0092,0,0.001446,6.58125,8,20.61034558,16.2515552,0.32,0.3,0.41,15.96,9200,0
TGLX1,7/1/2024,105.057211,10.438308,55.4769554,7.185,0.021125,0.0120125,0.0106185,0.010054375,0.0322,0.018225,0.004225,0.00515,0.0106,0.00405,0,0.001437,6.075,6.725,14.67477989,13.62094259,0.58,0.515,0.265,15.34,4050,0
TGLX1,8/1/2024,105.057211,10.438308,54.30909239,7.065,0.032665313,0.023955,0.0228065,0.024820625,0.031535729,0.017420625,0.00371,0.0059,0.0362,0.0021,0,0.001413,5.806875,6.21,16.87923278,13.91372763,1.045,0.59,0.905,25.11,2100,0
TGLX1,9/1/2024,105.057211,10.438308,57.25928706,7.24,0.033763125,0.022965,0.020124,0.022655,0.038180625,0.02159625,0.00713,0.004,0.0276,0.0072,0,0.001448,7.19875,9.63,20.5392453,17.15539023,0.59,0.4,0.69,26.45,7200,0
TGLX1,10/1/2024,105.057211,10.438308,35.54513117,6.885,0.035603504,0.02499687,0.02199475,0.026266875,0.035649844,0.021213269,0.00738124,0.0019625,0.0366,0.00405,0,0.001377,7.071089813,9.8812395,25.52660505,18.53620756,1.315,0.19625,0.915,0.315,4050,0
TGLX1,11/1/2024,105.057211,10.438308,49.568734,6.93,0.025888125,0.01524,0.012243,0.01286625,0.038005625,0.02129625,0.00738,0.0039,0.018,0.0012,0,0.001386,7.09875,9.88,23.09639583,17.8115537,1.21,0.39,0.45,0.38,1200,0
TGLX1,12/1/2024,105.057211,10.438308,51.11693398,6.73,0.0238375,0.0140125,0.0115605,0.00827875,0.0417375,0.01965,0.00625,0.009875,0.008,0.0039,0,0.001346,6.55,8.75,18.11805332,15.41896385,1.4425,0.9875,0.2,0.42,3900,0
TGLX1,1/1/2025,105.057211,10.438308,63.39478105,6.935,0.021119147,0.011163208,0.00878615,0.0083655,0.035280577,0.019911879,0.006141115,0.0041875,0.0095978,0.0024,0,0.001387,6.637293125,8.641115,21.86017019,16.72963773,0.615,0.41875,0.239945,0.3875,2400,0
TGLX1,2/1/2025,105.057211,10.438308,69.74679858,6.74,0.043942197,0.032819858,0.029224,0.032655,0.04314846,0.022244679,0.008539715,0.0062,0.0492,0.0017,0,0.001348,7.414893125,11.039715,26.69171996,19.41922492,0.17625,0.62,1.23,0.24,1700,0
TGLX1,3/1/2025,105.057211,10.438308,52.99742296,6.52,0.05320625,0.04265,0.039352,0.04844,0.035247917,0.0211125,0.0079,0.0012,0.0736,0.0026,0,0.001304,7.0375,10.4,26.79344926,18.88520626,2.5,0.12,1.84,0.95,2600,0
TGLX1,4/1/2025,105.057211,10.438308,50.06294482,7.58,0.045864528,0.034677425,0.031808,0.037885,0.038067232,0.022374206,0.00725485,0.003,0.0496,0.0095,0,0.001516,7.45806875,9.75485,26.34875371,19.37586533,1.15875,0.3,1.24,0.175,9500,0
TGLX1,5/1/2025,105.057211,10.438308,69.77279529,7.18,0.045654375,0.03363,0.029643,0.031585,0.049243542,0.02404875,0.00941,0.00875,0.048,0.0011,0,0.001436,8.01625,11.91,26.8487574,20.37076762,0.51375,0.875,1.2,0.1,1100,0
TGLX1,6/1/2025,105.057211,10.438308,51.6399012,7.39,0.045653683,0.033371586,0.0293515,0.03567375,0.041658593,0.024564194,0.009518172,0.001625,0.0492,0.0064,0,0.001478,8.1880645,12.018172,28.09478317,21.0213096,1.47,0.1625,1.23,0.125,6400,0
TGLX1,7/1/2025,105.057211,10.438308,65.05598277,7.01,0.01681125,0.00616125,0.00686225,0.0070075,0.02778125,0.0213,0,0.0025125,0.00531,0.0045,0,0.001402,7.1,5,11.73220823,14.23077182,2.6575,0.25125,0.13275,0.2475,4500,0
TGLX10,2/1/2021,105.114928,10.437028,4.409824497,7.136666667,0.041796066,0.029061752,0.02440325,0.028662917,0.045685265,0.025468629,0.010744337,0.002945833,0.039266667,0.005166667,0,0.001427333,8.489542917,13.24433667,32.15937946,22.75492581,0.934583333,0.294583333,0.981666667,0.416666667,5166.666667,0
TGLX10,3/1/2021,105.114928,10.437028,36.04569984,6.92,0.023865,0.01416,0.011992,0.014115,0.030951667,0.01941,0.00572,0.0014,0.016,0.0052,0,0.001384,6.47,8.22,22.29725368,16.61649233,1.53,0.14,0.4,11.52,5200,0
TGLX10,4/1/2021,105.114928,10.437028,44.32300658,7.25,0.022465625,0.01325,0.011825,0.01040625,0.034686458,0.01843125,0.0043,0.007,0.0068,0.0084,0,0.00145,6.14375,6.8,16.22917194,14.21410291,0.68,0.7,0.17,34.23,8400,0
TGLX10,5/1/2021,105.114928,10.437028,66.68570319,7.56,0.022554063,0.0127975,0.011181,0.01210125,0.031801146,0.019513125,0.004745,0.003,0.0114,0.00645,0,0.001512,6.504375,7.245,16.99431244,14.99625747,0.21,0.3,0.285,8.175,6450,0
TGLX10,6/1/2021,105.114928,10.437028,35.27071817,7.11,0.034338438,0.0260725,0.025661,0.028545,0.028498021,0.016531875,0.002245,0.00565,0.0384,0.00585,0,0.001422,5.510625,4.745,11.91907189,11.90561968,1.23,0.565,0.96,27.175,5850,0
TGLX10,7/1/2021,105.114928,10.437028,43.6623895,7.25,0.033378125,0.0236,0.021675,0.02265625,0.037282292,0.01955625,0.0053,0.0071,0.0284,0.0064,0,0.00145,6.51875,7.8,21.02288251,16.28786098,0.34,0.71,0.71,2.78,6400,0
TGLX10,8/1/2021,105.114928,10.437028,44.16410691,6.785,0.028787944,0.019189915,0.016991,0.018035625,0.035088537,0.019196059,0.00575483,0.005125,0.025,0.0025,0,0.001357,6.39868625,8.25483,18.60363225,15.34507611,0.32625,0.5125,0.625,0.515,2500,0
TGLX10,9/1/2021,105.114928,10.437028,4.368050296,6.85,0.0153625,0.00655,0.00511,0.00529375,0.0275625,0.017625,0.00425,0.00175,0.0056,0.0015,0,0.00137,5.875,6.75,19.70251913,14.90598018,0.21,0.175,0.14,0.24,1500,0
TGLX10,10/1/2021,105.114928,10.437028,53.37409007,6.59,0.018197061,0.009322147,0.007584,0.00401125,0.03650981,0.01774983,0.004794293,0.00875,0.004,0.0011,0,0.001318,5.916609875,7.294293,14.91386684,13.4587316,0.1875,0.875,0.1,0.32,1100,0
TGLX10,11/1/2021,105.114928,10.437028,50.90929491,7.48,0.022836188,0.01345275,0.01209325,0.01404625,0.028810104,0.018766875,0.004215,0.0017125,0.014428,0.00655,0,0.001496,6.255625,6.715,15.97086525,14.30048203,0.20625,0.17125,0.3607,0.2475,6550,0
TGLX10,12/1/2021,105.114928,10.437028,5.037505333,6.67,0.030578655,0.019388485,0.015667,0.01645875,0.042183527,0.02238034,0.008776969,0.005,0.0224,0.0026,0,0.001334,7.460113375,11.276969,30.5894694,20.71585399,0.1675,0.5,0.56,0.56,2600,0
TGLX10,1/1/2022,105.114928,10.437028,39.15966158,6.45,0.039765,0.030135,0.027595,0.03261875,0.033401667,0.01926,0.00637,0.003,0.0504,0.0005,0,0.00129,6.42,8.87,20.2258879,15.88847664,0.88,0.3,1.26,0.25,500,0
TGLX10,2/1/2022,105.114928,10.437028,5.042552828,7.51,0.021486091,0.010907425,0.0085135,0.00993875,0.033334211,0.021157331,0.00628985,0.001125,0.0068,0.0076,0,0.001502,7.05244375,8.78985,25.02964282,18.35156689,0.6875,0.1125,0.17,0.25,7600,0
TGLX10,3/1/2022,105.114928,10.437028,63.78815488,7.01,0.027434375,0.016925,0.014201,0.01462625,0.038346875,0.02101875,0.00685,0.005,0.0138,0.0082,0,0.001402,7.00625,9.35,24.0883414,17.98552298,0.1225,0.5,0.345,0.125,8200,0
TGLX10,4/1/2022,105.114928,10.437028,5.081600986,7.34,0.035207554,0.023885173,0.0206715,0.0209175,0.044817626,0.022644763,0.007895345,0.007875,0.0268,0.0052,0,0.001468,7.548254375,10.395345,21.25425879,17.90506088,0.7175,0.7875,0.67,0.375,5200,0
TGLX10,5/1/2022,105.114928,10.437028,5.011098219,3.73,0.01882,0.013225,0.013598,0.01621625,0.014513333,0.01119,0,0.00125,0.019,0.0062,0,0.000746,3.73,5,12.24146839,9.336320425,3.9925,0.125,0.475,0.5,6200,0
TGLX10,6/1/2022,105.114928,10.437028,64.61384114,6.706666667,0.034383648,0.024242305,0.021487333,0.024755,0.035584067,0.020282686,0.006851276,0.003366667,0.031466667,0.0068,0,0.001341333,6.760895292,9.351276333,23.92132669,17.56483811,0.375416667,0.336666667,0.786666667,0.183333333,6800,0
TGLX10,7/1/2022,105.114928,10.437028,63.23043118,6.38,0.016203125,0.007325,0.005388,0.00611,0.027890625,0.01775625,0.00515,0.001,0.0084,0.0001,0,0.001276,5.91875,7.65,22.84032557,15.96082537,0.19,0.1,0.21,12.65,100,0
TGLX10,8/1/2022,105.114928,10.437028,54.16872362,7.28,0.02064875,0.01037,0.008028,0.008785,0.033480417,0.0205575,0.00614,0.002,0.0072,0.0054,0,0.001456,6.8525,8.64,22.52042254,17.26059821,0.16,0.2,0.18,13.42,5400,0
TGLX10,9/1/2022,105.114928,10.437028,64.15013965,7.215,0.020360938,0.0107,0.0088465,0.009276875,0.031875521,0.019321875,0.00515,0.00285,0.0068,0.0066,0,0.001443,6.440625,7.65,18.74842805,15.45363234,0.535,0.285,0.17,11.785,6600,0
TGLX10,10/1/2022,105.114928,10.437028,54.82837485,7.075,0.024430938,0.0146425,0.0126575,0.011634375,0.036938854,0.019576875,0.005385,0.0067,0.0146,0.0026,0,0.001415,6.525625,7.885,22.04248512,16.61961188,0.12,0.67,0.365,15.25,2600,0
TGLX10,11/1/2022,105.114928,10.437028,54.13709225,6.96,0.02121875,0.01115,0.008696,0.0100575,0.032360417,0.0201375,0.0063,0.0013,0.0052,0.0095,0,0.001392,6.7125,8.8,20.67604021,16.46914099,0.5,0.13,0.13,14.69,9500,0
TGLX10,12/1/2022,105.114928,10.437028,52.17489853,6.665,0.033085221,0.024208303,0.022538375,0.024926875,0.032223849,0.017753837,0.004672855,0.00519375,0.0292,0.00935,0,0.001333,5.917945625,7.172855,18.08068059,14.45910021,1.705,0.519375,0.73,0.375,9350,0
TGLX10,1/1/2023,105.114928,10.437028,64.5341315,6.89,0.029628125,0.01895,0.015889,0.01811125,0.036932292,0.02135625,0.0075,0.0028,0.0192,0.0084,0,0.001378,7.11875,10,26.06702102,18.77806857,1.23,0.28,0.48,0.69,8400,0
TGLX10,2/1/2023,105.114928,10.437028,52.11775925,6.5,0.026191875,0.0160425,0.0130875,0.01425,0.036031042,0.02029875,0.00721,0.003375,0.0124,0.0091,0,0.0013,6.76625,9.71,23.58162226,17.46577546,1.55375,0.3375,0.31,0.95,9100,0
TGLX10,3/1/2023,105.114928,10.437028,52.09255187,7.295,0.024108048,0.013328243,0.01055486,0.011474825,0.036534605,0.021559611,0.007005765,0.00275,0.01545072,0.00145,0,0.001459,7.186536875,9.505765,24.43717325,18.3659255,1.0325,0.275,0.386268,0.7575,1450,0
TGLX10,4/1/2023,105.114928,10.437028,63.43347812,6.75,0.054043125,0.04371,0.040825,0.04971875,0.034867292,0.02066625,0.00712,0.0021,0.074,0.0042,0,0.00135,6.88875,9.62,25.07482231,18.12026949,0.8,0.21,1.85,0.84,4200,0
TGLX10,5/1/2023,105.114928,10.437028,44.23912161,6.44,0.056211875,0.046085,0.043094,0.0517425,0.036077708,0.02025375,0.00727,0.0034,0.072,0.0095,0,0.001288,6.75125,9.77,25.1167033,17.92722282,2.63,0.34,1.8,0.41,9500,0
TGLX10,6/1/2023,105.114928,10.437028,42.36140804,7.47,0.021740817,0.011011855,0.008447,0.00587125,0.041511906,0.021457924,0.00662371,0.0075,0.0044,0.0035,0,0.001494,7.15264125,9.12371,24.74862243,18.41326907,0.9375,0.75,0.11,0.35,3500,0
TGLX10,7/1/2023,105.114928,10.437028,63.48262241,6.89,0.021516875,0.0109175,0.0079265,0.009205,0.034631042,0.02119875,0.00736,0.001125,0.01095,0.0024,0,0.001378,7.06625,9.86,23.53229931,17.90022598,0.19375,0.1125,0.27375,0.375,2400,0
TGLX10,8/1/2023,105.114928,10.437028,32.37913766,7.44,0.044209022,0.036263069,0.036144,0.0423675,0.025804384,0.015891905,0.001726138,0.0045,0.0624,0.0039,0,0.001488,5.29730175,4.226138,10.20157296,11.04417865,2.9925,0.45,1.56,0.875,3900,0
TGLX10,9/1/2023,105.114928,10.437028,59.25569003,6.11,0.02752125,0.01835625,0.01896725,0.01976375,0.028749583,0.01833,0,0.0063125,0.0257,0.0047,0,0.001222,6.11,5,13.03351051,13.15601845,2.3275,0.63125,0.6425,0.3625,4700,0
TGLX10,10/1/2023,105.114928,10.437028,34.81008835,6.936666667,0.022680709,0.013740922,0.012393667,0.013762917,0.028849432,0.017879574,0.004081844,0.002766667,0.0168,0.003833333,0,0.001387333,5.959858042,6.581843667,15.03395862,13.5614638,0.577916667,0.276666667,0.42,0.41375,3833.333333,0
TGLX10,11/1/2023,105.114928,10.437028,61.76123328,7.43,0.024395,0.01325,0.013993,0.01436625,0.031838333,0.02229,0,0.005,0.0184,0.0031,0,0.001486,7.43,5,12.8539935,15.07942418,0.89,0.5,0.46,2.62,3100,0
TGLX10,12/1/2023,105.114928,10.437028,16.67855019,7.15,0.034543125,0.02496,0.023115,0.02639375,0.033000625,0.01916625,0.00512,0.004,0.0316,0.0092,0,0.00143,6.38875,7.62,19.45335459,15.59805394,0.84,0.4,0.79,25.21,9200,0
TGLX10,1/1/2024,105.114928,10.437028,42.70892131,7.375,0.017578438,0.008195,0.0067375,0.007765625,0.028241354,0.018766875,0.00439,0.00105,0.009,0.00195,0,0.001475,6.255625,6.89,18.07026035,14.96233421,0.15,0.105,0.225,22.8,1950,0
TGLX10,2/1/2024,105.114928,10.437028,55.2371058,7.245,0.054600313,0.04517,0.0435495,0.052155625,0.031734063,0.018860625,0.00469,0.00365,0.078,0.004,0,0.001449,6.286875,7.19,17.47732436,14.82228109,1.325,0.365,1.95,33.865,4000,0
TGLX10,3/1/2024,105.114928,10.437028,51.37083081,7.33,0.028411875,0.01776,0.015133,0.01522875,0.039577708,0.02130375,0.00672,0.0059,0.0148,0.0081,0,0.001466,7.10125,9.22,19.09125161,16.55264789,0.34,0.59,0.37,25.74,8100,0
TGLX10,4/1/2024,105.114928,10.437028,16.47485709,7.105,0.024838096,0.014599178,0.01212925,0.013950625,0.033572224,0.020477837,0.006360855,0.0019375,0.0188,0.0021,0,0.001421,6.825945625,8.860855,22.08937619,17.08487562,0.243125,0.19375,0.47,0.35,2100,0
TGLX10,5/1/2024,105.114928,10.437028,62.97556448,7.05,0.037855,0.027145,0.02458,0.02525625,0.042828333,0.02142,0.00654,0.00875,0.0336,0.0054,0,0.00141,7.14,9.04,21.57525211,17.39387519,0.91,0.875,0.84,0.35,5400,0
TGLX10,6/1/2024,105.114928,10.437028,49.08439945,6.44,0.023084375,0.012575,0.009244,0.007805,0.040796875,0.02101875,0.00795,0.006,0.0048,0.0064,0,0.001288,7.00625,10.45,28.34626532,19.32786974,0.6225,0.6,0.12,0.4,6400,0
TGLX10,7/1/2024,105.114928,10.437028,52.3267255,7.56,0.01972338,0.009002718,0.00652924,0.006763113,0.035160743,0.021441324,0.006458955,0.0022375,0.00565898,0.00365,0,0.001512,7.147108125,8.958955,19.82888965,16.85398175,0.89875,0.22375,0.1414745,0.36625,3650,0
TGLX10,8/1/2024,105.114928,10.437028,35.89264679,7.01,0.02304625,0.01351,0.011651,0.01368875,0.029857917,0.0190725,0.00512,0.0014,0.0192,0.0013,0,0.001402,6.3575,7.62,18.50586629,15.25247519,0.11125,0.14,0.48,0.63,1300,0
TGLX10,9/1/2024,105.114928,10.437028,58.57034034,6.91,0.046123125,0.03753,0.036341,0.04448875,0.026187292,0.01718625,0.00376,0.0015,0.0652,0.0046,0,0.001382,5.72875,6.26,16.87221084,13.7943264,0.36,0.15,1.63,0.48,4600,0
TGLX10,10/1/2024,105.114928,10.437028,35.68330635,7.31,0.043026949,0.031740623,0.028531,0.03441375,0.037862881,0.022572652,0.007881246,0.002,0.048,0.0056,0,0.001462,7.52421725,10.381246,23.40248156,18.5462507,0.5375,0.2,1.2,0.1125,5600,0
TGLX10,11/1/2024,105.114928,10.437028,52.43685116,7.1,0.022621875,0.01245,0.010035,0.0111375,0.033651042,0.02034375,0.00625,0.00225,0.0091,0.0073,0,0.00142,6.78125,8.75,18.11805332,15.76583885,0.25875,0.225,0.2275,0.1125,7300,0
TGLX10,12/1/2024,105.114928,10.437028,51.92164031,7.48,0.048866912,0.037113841,0.033648,0.0404975,0.040172795,0.023506142,0.008427682,0.0025,0.0608,0.0025,0,0.001496,7.83538075,10.927682,29.7752324,21.0220599,1.36,0.25,1.52,0.625,2500,0
TGLX10,1/1/2025,105.114928,10.437028,44.81984525,7.11,0.016805,0.00614,0.006851,0.00675125,0.028268333,0.02133,0,0.0029,0.00568,0.0037,0,0.001422,7.11,5,12.08895337,14.35823877,1.29625,0.29,0.142,0.325,3700,0
TGLX10,2/1/2025,105.114928,10.437028,69.83467679,6.766666667,0.045325339,0.03281266,0.028230833,0.033220833,0.045325792,0.025025359,0.010516986,0.003308333,0.047866667,0.003933333,0,0.001353333,8.341786417,13.016986,31.74825308,22.40367996,1.177083333,0.330833333,1.196666667,0.3625,3933.333333,0
TGLX10,3/1/2025,105.114928,10.437028,67.72704441,7.33,0.021406875,0.01179,0.010083,0.00947875,0.033966042,0.01923375,0.00488,0.005,0.0136,0.0001,0,0.001466,6.41125,7.38,17.81475391,15.11522113,0.21,0.5,0.34,1.69,100,0
TGLX10,4/1/2025,105.114928,10.437028,35.61352808,7.47,0.018751875,0.00852,0.006397,0.00549625,0.035237708,0.02046375,0.00574,0.004,0.0072,0.0001,0,0.001494,6.82125,8.24,20.01159294,16.42279333,0.11,0.4,0.18,14.23,100,0
TGLX10,5/1/2025,105.114928,10.437028,35.48572801,7.415,0.023674375,0.0142225,0.0127415,0.013895625,0.031031875,0.01890375,0.004445,0.00325,0.0152,0.00555,0,0.001483,6.30125,6.945,18.40679301,15.13686649,0.28,0.325,0.38,20.515,5550,0
TGLX10,6/1/2025,105.114928,10.437028,34.50719652,7.225,0.026320313,0.01665,0.0147975,0.016965625,0.031430729,0.019340625,0.00515,0.00245,0.0214,0.0043,0,0.001445,6.446875,7.65,21.3086279,16.27013214,0.4,0.245,0.535,22.335,4300,0
TGLX10,7/1/2025,105.114928,10.437028,65.87558362,7.52,0.024941875,0.014005,0.011302,0.0095025,0.042214375,0.02187375,0.00691,0.0074,0.0104,0.0033,0,0.001504,7.29125,9.41,22.10926572,17.78910253,0.15,0.74,0.26,18.21,3300,0
TGLX11,2/1/2021,105.017189,10.3161,25.87935309,6.945,0.029309063,0.01756125,0.01360075,0.014211875,0.043479479,0.023495625,0.00931,0.0044625,0.0186,0.00275,0,0.001389,7.831875,11.81,28.3499352,20.5674642,1.19625,0.44625,0.465,0.49,2750,0
TGLX11,3/1/2021,105.017189,10.3161,34.34890301,6.87,0.020568313,0.0114395,0.009737,0.01123375,0.028626063,0.018257625,0.004779,0.0015,0.012,0.0046,0,0.001374,6.085875,7.279,15.52493941,13.90527511,0.18,0.15,0.3,0.35,4600,0
TGLX11,4/1/2021,105.017189,10.3161,66.49391872,6.08,0.020015997,0.010733999,0.008758,0.01001,0.029437326,0.018563997,0.005167997,0.0015,0.0084,0.0064,0,0.001216,6.187998875,7.667997,18.77350857,15.08260001,0.215,0.15,0.21,0.26,6400,0
TGLX11,5/1/2021,105.017189,10.3161,53.58310728,7.13,0.023136983,0.012839702,0.01041623,0.010864038,0.035370424,0.020594562,0.006272944,0.00345,0.01065646,0.0053,0,0.001426,6.864854,8.772944,24.7179894,17.97193087,0.2,0.345,0.2664115,0.395,5300,0
TGLX11,6/1/2021,105.017189,10.3161,35.1413234,6.36,0.037416875,0.030605,0.030486,0.0336075,0.026056042,0.01362375,0.00151,0.0072,0.0492,0.0033,0,0.001272,4.54125,4.01,9.143834325,9.57663992,0.195,0.72,1.23,0.58,3300,0
TGLX11,7/1/2021,105.017189,10.3161,44.23188952,7.02,0.02603875,0.01543,0.012702,0.0121275,0.039757083,0.0212175,0.00686,0.006,0.0156,0.0024,0,0.001404,7.0725,9.36,22.73161528,17.65717853,0.33,0.6,0.39,0.51,2400,0
TGLX11,8/1/2021,105.017189,10.3161,43.03739507,7.51,0.046203048,0.032826067,0.02794475,0.03418875,0.045740444,0.026753962,0.011264633,0.0011875,0.048,0.0052,0,0.001502,8.917987375,13.764633,39.19564584,25.61583536,1.44625,0.11875,1.2,0.4375,5200,0
TGLX11,9/1/2021,105.017189,10.3161,23.86954653,7.12,0.029454375,0.0188925,0.0161495,0.0188275,0.035243542,0.02112375,0.00691,0.002175,0.0224,0.0063,0,0.001424,7.04125,9.41,24.24291899,18.08675488,0.31,0.2175,0.56,0.75,6300,0
TGLX11,10/1/2021,105.017189,10.3161,63.19447385,7.18,0.037117818,0.025403973,0.021693,0.0261475,0.039474908,0.023427689,0.008857946,0.00155,0.0328,0.0076,0,0.001436,7.80922975,11.357946,23.2223869,18.91699308,1.595,0.155,0.82,0.2125,7600,0
TGLX11,11/1/2021,105.017189,10.3161,50.75448663,6.15,0.01508125,0.00585625,0.00647125,0.00670625,0.02410625,0.01845,0,0.0022125,0.005,0.0045,0,0.00123,6.15,5,12.24146839,12.96632042,3.77,0.22125,0.125,0.125,4500,0
TGLX11,12/1/2021,105.017189,10.3161,29.08606592,7.143333333,0.027138514,0.016381727,0.01348725,0.01460125,0.03773431,0.021513574,0.007217621,0.0036125,0.015733333,0.0062,0,0.001428667,7.171191208,9.717621,24.40378793,18.332382,0.77625,0.36125,0.393333333,0.408333333,6200,0
TGLX11,1/1/2022,105.017189,10.3161,38.74509438,7.73,0.02970875,0.019385,0.017423,0.01615375,0.040970417,0.0206475,0.00547,0.009,0.0208,0.0035,0,0.001546,6.8825,7.97,23.79573788,17.70765223,0.44,0.9,0.52,14.28,3500,0
TGLX11,2/1/2022,105.017189,10.3161,51.83392039,7.18,0.02706625,0.01759,0.015868,0.0191475,0.029087917,0.0189525,0.00488,0.0011,0.0244,0.0048,0,0.001436,6.3175,7.38,19.23619425,15.42271729,0.33,0.11,0.61,21.56,4800,0
TGLX11,3/1/2022,105.017189,10.3161,51.58309808,7.01,0.027685625,0.0180425,0.016201,0.0166575,0.035141458,0.01928625,0.005085,0.00575,0.0208,0.00445,0,0.001402,6.42875,7.585,18.58132613,15.38313954,0.55,0.575,0.52,24.755,4450,0
TGLX11,4/1/2022,105.017189,10.3161,33.7791134,7.16,0.038424688,0.028205,0.026141,0.03148875,0.032549271,0.020439375,0.00556,0.0019,0.0466,0.00235,0,0.001432,6.813125,8.06,22.04654292,17.05214113,1.21,0.19,1.165,3.455,2350,0
TGLX11,5/1/2022,105.017189,10.3161,52.77176943,7.07,0.032163125,0.021665,0.019457,0.01913375,0.040980625,0.02099625,0.00583,0.0083,0.0224,0.0068,0,0.001414,6.99875,8.33,18.82018056,16.31344043,0.44,0.83,0.56,27.95,6800,0
TGLX11,6/1/2022,105.017189,10.3161,64.44488281,7.075,0.025378039,0.01490621,0.01276375,0.010821875,0.040665425,0.020943659,0.00569992,0.0082125,0.014,0.0019,0,0.001415,6.981219813,8.1999195,19.94025804,16.64025911,0.59875,0.82125,0.35,0.35,1900,0
TGLX11,7/1/2022,105.017189,10.3161,51.06432035,7.12,0.02393125,0.0121375,0.0082995,0.00889,0.04090625,0.0235875,0.0091,0.002375,0.0052,0.0076,0,0.001424,7.8625,11.6,27.25478027,20.26814479,0.85,0.2375,0.13,0.48,7600,0
TGLX11,8/1/2022,105.017189,10.3161,37.05235168,6.78,0.023953125,0.01273125,0.00908425,0.0105975,0.037690625,0.02244375,0.00865,0.0012125,0.0084,0.0072,0,0.001356,7.48125,11.15,29.0628138,20.26626775,1.1,0.12125,0.21,0.53,7200,0
TGLX11,9/1/2022,105.017189,10.3161,51.81937791,7.495,0.018704312,0.009182992,0.00771493,0.006362413,0.033515725,0.01904264,0.004435125,0.00525,0.00693086,0.00175,0,0.001499,6.347546688,6.9351245,19.90787897,15.67954165,0.955,0.525,0.1732715,0.39375,1750,0
TGLX11,10/1/2022,105.017189,10.3161,52.07357222,6.98,0.020219687,0.011041618,0.009398,0.0094975,0.03107927,0.018356139,0.004683235,0.0036,0.0092,0.0046,0,0.001396,6.118713125,7.183235,20.84036499,15.63026546,0.1,0.36,0.23,0.48,4600,0
TGLX11,11/1/2022,105.017189,10.3161,54.61162406,6.78,0.03161,0.02189,0.019578,0.0194725,0.03899,0.01944,0.00598,0.008,0.0236,0.0062,0,0.001356,6.48,8.48,22.90526573,16.82317331,1.57,0.8,0.59,0.15,6200,0
TGLX11,12/1/2022,105.017189,10.3161,52.15376,7.29,0.021195258,0.010583063,0.007954,0.00916125,0.034055602,0.021224391,0.006716125,0.00125,0.01,0.0032,0,0.001458,7.074796875,9.216125,23.74344015,17.97961024,0.165,0.125,0.25,0.2625,3200,0
TGLX11,1/1/2023,105.017189,10.3161,64.29205747,7.28,0.03579125,0.024365,0.021003,0.0223475,0.04349625,0.0228525,0.00818,0.00625,0.0248,0.0095,0,0.001456,7.6175,10.68,24.38866134,18.9970764,0.3425,0.625,0.62,0.5,9500,0
TGLX11,2/1/2023,105.017189,10.3161,51.02447012,6.23,0.047084442,0.036508855,0.032923,0.03865375,0.039163698,0.021151174,0.00841771,0.004,0.056,0.0046,0,0.001246,7.05039125,10.91771,31.86761336,20.50421656,1.545,0.4,1.4,0.25,4600,0
TGLX11,3/1/2023,105.017189,10.3161,51.98132714,7.03,0.01777375,0.00682375,0.00752675,0.00826,0.02769375,0.0219,0,0.0018375,0.00741,0.0044,0,0.001406,7.3,5,10.66419798,14.1940725,1.71,0.18375,0.18525,0.2125,4400,0
TGLX11,4/1/2023,105.017189,10.3161,51.56034255,6.64,0.034224482,0.02417255,0.021434833,0.023850833,0.036884902,0.020103863,0.006803434,0.004708333,0.032,0.004833333,0,0.001328,6.70128775,9.303434,22.68551559,17.08582683,0.838333333,0.470833333,0.8,0.4125,4833.333333,0
TGLX11,5/1/2023,105.017189,10.3161,52.20041772,6.91,0.024668125,0.01531,0.013441,0.01305125,0.034808958,0.01871625,0.00512,0.006,0.0172,0.0023,0,0.001382,6.23875,7.62,19.58948609,15.41597055,0.28,0.6,0.43,12.92,2300,0
TGLX11,6/1/2023,105.017189,10.3161,29.52225161,7.28,0.02208125,0.0116,0.009078,0.0082225,0.037872917,0.0209625,0.0065,0.005,0.01,0.0017,0,0.001456,6.9875,9,22.97640306,17.60684996,0.15,0.5,0.25,18.23,1700,0
TGLX11,7/1/2023,105.017189,10.3161,50.52531222,7.175,0.017943438,0.0085675,0.0069675,0.006959375,0.030551354,0.018751875,0.004635,0.0028,0.0056,0.0041,0,0.001435,6.250625,7.135,18.72329348,15.16070846,0.15,0.28,0.14,17.1875,4100,0
TGLX11,8/1/2023,105.017189,10.3161,33.34429496,7.255,0.030058438,0.0199775,0.0181255,0.021375625,0.031928021,0.020161875,0.005155,0.00205,0.029,0.00375,0,0.001451,6.720625,7.655,19.14214432,15.99775475,0.88,0.205,0.725,19.175,3750,0
TGLX11,9/1/2023,105.017189,10.3161,55.97563559,7.27,0.027171875,0.0167,0.014177,0.01372125,0.039484375,0.02094375,0.0065,0.0064,0.0156,0.0049,0,0.001454,6.98125,9,18.63571198,16.22903515,0.2,0.64,0.39,19.47,4900,0
TGLX11,10/1/2023,105.017189,10.3161,50.03116567,6.895,0.022921403,0.012843528,0.01035825,0.010799375,0.034933273,0.02015575,0.006349556,0.0034375,0.011,0.0049,0,0.001379,6.718583313,8.8495555,22.44651475,17.03642312,0.5675,0.34375,0.275,0.605,4900,0
TGLX11,11/1/2023,105.017189,10.3161,48.09294804,7.06,0.017903125,0.006925,0.004206,0.00432,0.035357292,0.02195625,0.00685,0.0015,0.0044,0.0011,0,0.001412,7.31875,9.35,21.85741913,17.75095575,0.25,0.15,0.11,0.1,1100,0
TGLX11,12/1/2023,105.017189,10.3161,36.56901769,6.6,0.03237221,0.023208246,0.0212225,0.0255125,0.029451824,0.018327929,0.005291492,0.001625,0.038,0.0015,0,0.00132,6.1093095,7.791492,16.13333343,14.13222826,0.19125,0.1625,0.95,0.21,1500,0
TGLX11,1/1/2024,105.017189,10.3161,32.69623162,7.265,0.0203552,0.01057145,0.00865545,0.00959275,0.031284167,0.0195675,0.005285,0.0019625,0.0101954,0.0037,0,0.001453,6.5225,7.785,19.77262651,15.89933213,0.175,0.19625,0.254885,0.26125,3700,0
TGLX11,2/1/2024,105.017189,10.3161,53.17881183,6.88,0.02556875,0.01625,0.014388,0.016235,0.030960417,0.0186375,0.0051,0.0028,0.0212,0.0034,0,0.001376,6.2125,7.6,18.37520912,14.9937844,0.8,0.28,0.53,0.52,3400,0
TGLX11,3/1/2024,105.017189,10.3161,51.60183425,7.56,0.035511875,0.025235,0.023156,0.02707,0.034094375,0.02055375,0.00567,0.003,0.0384,0.0034,0,0.001512,6.85125,8.17,21.04831543,16.79462892,0.91,0.3,0.96,0.24,3400,0
TGLX11,4/1/2024,105.017189,10.3161,17.14327745,7.37,0.081083499,0.067834882,0.062937,0.07773375,0.045811498,0.026497235,0.011269764,0.0015,0.1184,0.0045,0,0.001474,8.8324115,13.769764,32.86350993,23.49121181,3.3625,0.15,2.96,0.1375,4500,0
TGLX11,5/1/2024,105.017189,10.3161,62.47332357,7.11,0.0268325,0.019205,0.019061,0.02038875,0.026209167,0.015255,0.00171,0.0055,0.0256,0.0056,0,0.001422,5.085,4.21,9.599885913,10.53603906,0.5475,0.55,0.64,0.225,5600,0
TGLX11,6/1/2024,105.017189,10.3161,32.66397337,7.34,0.03196343,0.02119382,0.0184715,0.0181675,0.042381337,0.02153922,0.00691264,0.007875,0.0208,0.0068,0,0.001468,7.17974,9.41264,22.85945633,17.8583415,0.36625,0.7875,0.52,0.1125,6800,0
TGLX11,7/1/2024,105.017189,10.3161,66.84500332,3.46,0.017415,0.012225,0.012571,0.010245,0.022318333,0.01038,0,0.00875,0.0133,0.0024,0,0.000692,3.46,5,13.47620674,9.3205822,4.6625,0.875,0.3325,0.625,2400,0
TGLX11,8/1/2024,105.017189,10.3161,37.26393758,5.97,0.035185408,0.02445931,0.020497,0.02430875,0.038115951,0.021452196,0.009118619,0.0021,0.034266667,0.003433333,0,0.001194,7.150732125,11.618619,29.7649263,19.99183788,1.16,0.21,0.856666667,0.3375,3433.333333,0
TGLX11,9/1/2024,105.017189,10.3161,35.20590527,6.51,0.01379625,0.005235,0.003701,0.00337625,0.027407917,0.0171225,0.00437,0.002,0.004,0.0001,0,0.001302,5.7075,6.87,16.05994326,13.50637713,0.7,0.2,0.1,1.34,100,0
TGLX11,10/1/2024,105.017189,10.3161,33.96912364,7.26,0.028886875,0.018835,0.016676,0.018345,0.034852708,0.02010375,0.00577,0.004,0.0256,0.0023,0,0.001452,6.70125,8.27,22.53370586,17.0379109,0.31,0.4,0.64,17.32,2300,0
TGLX11,11/1/2024,105.017189,10.3161,53.09696165,7.22,0.02224,0.01276,0.011072,0.01093375,0.033168333,0.01896,0.00482,0.00465,0.0128,0.00325,0,0.001444,6.32,7.32,17.43709029,14.85928445,0.28,0.465,0.32,10.22,3250,0
TGLX11,12/1/2024,105.017189,10.3161,51.56129386,7.045,0.02754375,0.0174375,0.0150295,0.017693125,0.032885417,0.0202125,0.006225,0.00175,0.0194,0.0075,0,0.001409,6.7375,8.725,23.58357851,17.42326718,0.385,0.175,0.485,18.62,7500,0
TGLX11,1/1/2025,105.017189,10.3161,45.81622572,7.1,0.022974375,0.012735,0.01026,0.01045,0.035756875,0.02047875,0.00637,0.0038,0.0116,0.0037,0,0.00142,6.82625,8.87,20.25537697,16.50714832,0.19,0.38,0.29,2.78,3700,0
TGLX11,2/1/2025,105.017189,10.3161,51.5349507,6.92,0.022601314,0.012390692,0.00977325,0.00702125,0.041244732,0.020421244,0.006618884,0.0083125,0.0074,0.00245,0,0.001384,6.807081313,9.1188835,20.58140101,16.58117714,0.4325,0.83125,0.185,0.405,2450,0
TGLX11,3/1/2025,105.017189,10.3161,48.67640493,6.95,0.02750125,0.01738,0.01487,0.01780625,0.032552917,0.0202425,0.00641,0.00125,0.0228,0.0043,0,0.00139,6.7475,8.91,26.00732526,18.20237398,0.31,0.125,0.57,0.23,4300,0
TGLX11,4/1/2025,105.017189,10.3161,68.96100966,6.65,0.036143638,0.0264698,0.0240775,0.02689375,0.035685154,0.019347675,0.0061146,0.005125,0.0336,0.0081,0,0.00133,6.449225,8.6146,17.61335845,15.10869199,0.23625,0.5125,0.84,0.36,8100,0
TGLX11,5/1/2025,105.017189,10.3161,54.96603262,7.355,0.025590931,0.015978085,0.014298,0.016231875,0.031128838,0.019225691,0.00483117,0.002625,0.0225,0.002,0,0.001471,6.40856375,7.33117,17.39852919,14.97997336,0.31125,0.2625,0.5625,0.425,2000,0
TGLX11,6/1/2025,105.017189,10.3161,53.35757792,6.77,0.027553509,0.017364887,0.014627,0.01703375,0.034074854,0.020377245,0.006829773,0.002,0.0164,0.0095,0,0.001354,6.792414875,9.329773,25.30758094,18.04914594,0.8375,0.2,0.41,0.61,9500,0
TGLX11,7/1/2025,105.017189,10.3161,61.80420617,6.68,0.025854375,0.015705,0.012918,0.0136475,0.036410208,0.02029875,0.00691,0.004,0.0188,0.0017,0,0.001336,6.76625,9.41,21.45722718,16.79604183,1.6,0.4,0.47,0.15,1700,0
TGLX12,10/1/2021,104.864517,10.355711,64.39893281,7.36,0.065041974,0.05317637,0.0494985,0.05867,0.043964605,0.023731208,0.00882774,0.005125,0.084,0.0084,0,0.001472,7.9104025,11.32774,29.52609851,21.05605095,1.82375,0.5125,2.1,0.45,8400,0
TGLX12,11/1/2021,104.864517,10.355711,52.08854276,7.05,0.029011875,0.01851,0.01613,0.01500625,0.041327708,0.02100375,0.00617,0.00825,0.0164,0.0062,0,0.00141,7.00125,8.67,20.3705987,16.80597295,0.33125,0.825,0.41,0.375,6200,0
TGLX12,12/1/2021,104.864517,10.355711,48.2741243,7.49,0.032910048,0.021245538,0.01786775,0.02149875,0.03840678,0.023329022,0.008253575,0.0013375,0.0248,0.0081,0,0.001498,7.776340625,10.753575,27.45316373,20.2014478,0.555,0.13375,0.62,0.15,8100,0
TGLX12,1/1/2022,104.864517,10.355711,38.43595729,3.65,0.013845,0.00837,0.008735,0.00779375,0.018608333,0.01095,0,0.005,0.00454,0.0072,0,0.00073,3.65,5,11.29662698,8.91845113,2.9775,0.5,0.1135,0.875,7200,0
TGLX12,2/1/2022,104.864517,10.355711,51.74445355,6.39,0.040525551,0.029677833,0.025999417,0.030465417,0.039181842,0.021695437,0.008634833,0.003254167,0.0416,0.005866667,0,0.001278,7.23181225,11.13483267,31.30437361,20.59878193,1.4225,0.325416667,1.04,0.304166667,5866.666667,0
TGLX12,3/1/2022,104.864517,10.355711,51.7674581,7.02,0.021364375,0.011695,0.009802,0.0078775,0.036783542,0.01933875,0.00519,0.007,0.0084,0.0028,0,0.001404,6.44625,7.69,15.72292695,14.50825487,0.32,0.7,0.21,18.2,2800,0
TGLX12,4/1/2022,104.864517,10.355711,48.73112583,7.2,0.028830625,0.018835,0.01667,0.0183375,0.034721458,0.01999125,0.00577,0.004,0.0256,0.0023,0,0.00144,6.66375,8.27,24.13923455,17.48781748,0.31,0.4,0.64,17.32,2300,0
TGLX12,5/1/2022,104.864517,10.355711,48.98496099,7.24,0.023362188,0.0135175,0.011524,0.01099875,0.035670104,0.019689375,0.005435,0.00545,0.0132,0.00295,0,0.001448,6.563125,7.935,18.12911678,15.4421392,0.405,0.545,0.33,22.33,2950,0
TGLX12,6/1/2022,104.864517,10.355711,50.88589827,6.95,0.030668438,0.0210675,0.01902,0.02186875,0.032359688,0.019201875,0.005485,0.00305,0.0302,0.0034,0,0.00139,6.400625,7.985,20.33168453,15.89276743,0.945,0.305,0.755,31.13,3400,0
TGLX12,7/1/2022,104.864517,10.355711,34.96030667,6.94,0.0365175,0.02667,0.024394,0.024555,0.040990833,0.019695,0.00594,0.0095,0.0284,0.0095,0,0.001388,6.565,8.44,19.24537698,15.79686223,0.87,0.95,0.71,3.21,9500,0
TGLX12,8/1/2022,104.864517,10.355711,34.25276671,6.69,0.022825287,0.013262635,0.0110065,0.01118,0.033950669,0.019125304,0.00585027,0.004125,0.0144,0.00215,0,0.001338,6.37510125,8.35027,22.48719914,16.53402613,0.19625,0.4125,0.36,0.53,2150,0
TGLX12,9/1/2022,104.864517,10.355711,50.12846727,6.97,0.020791875,0.0112425,0.0092595,0.01087125,0.029847708,0.01909875,0.00536,0.001125,0.0096,0.0064,0,0.001394,6.36625,7.86,20.48867852,15.89069862,0.18,0.1125,0.24,0.42,6400,0
TGLX12,10/1/2022,104.864517,10.355711,51.79292947,6.37,0.017446875,0.009099265,0.0076245,0.00585875,0.031259374,0.01669522,0.004223529,0.005875,0.0048,0.0033,0,0.001274,5.565073375,6.723529,16.32870455,13.37746648,0.16875,0.5875,0.12,0.51,3300,0
TGLX12,11/1/2022,104.864517,10.355711,64.32297765,7.425,0.021214781,0.011504702,0.00980352,0.007605963,0.037035858,0.019420158,0.004887363,0.0074375,0.00658454,0.0041,0,0.001485,6.473386125,7.387363,19.022503,15.58917849,0.27125,0.74375,0.1646135,0.3825,4100,0
TGLX12,12/1/2022,104.864517,10.355711,64.05050994,6.93,0.019243411,0.009836605,0.007943,0.00911625,0.029501291,0.018813611,0.00517321,0.0013,0.01,0.0032,0,0.001386,6.27120375,7.67321,20.00045502,15.59421263,0.675,0.13,0.25,0.48,3200,0
TGLX12,1/1/2023,104.864517,10.355711,63.57073376,7.45,0.031040625,0.0204,0.017895,0.01674375,0.042911458,0.02128125,0.0065,0.009,0.0232,0.0021,0,0.00149,7.09375,9,26.87097125,18.99402073,0.2,0.9,0.58,0.9,2100,0
TGLX12,2/1/2023,104.864517,10.355711,36.30502423,7.78,0.035316561,0.0239475,0.021103,0.0212225,0.04460531,0.022738124,0.007244999,0.00825,0.0252,0.0072,0,0.001556,7.579374625,9.744999,21.96818758,18.17681338,0.62375,0.825,0.63,0.225,7200,0
TGLX12,3/1/2023,104.864517,10.355711,50.72517641,7.34,0.024938125,0.01393375,0.01100275,0.01257375,0.036430625,0.02200875,0.00733,0.0018875,0.01025,0.0084,0,0.001468,7.33625,9.83,20.35433876,17.30334687,0.365,0.18875,0.25625,0.625,8400,0
TGLX12,4/1/2023,104.864517,10.355711,54.14581997,7.22,0.026186459,0.015748775,0.0132095,0.01534,0.034151739,0.020875369,0.00652255,0.001875,0.0136,0.0095,0,0.001444,6.95845625,9.02255,24.5842186,18.07016187,0.1875,0.1875,0.34,0.1,9500,0
TGLX12,5/1/2023,104.864517,10.355711,52.99713044,6.88,0.02403875,0.01371875,0.01440675,0.0170475,0.02587375,0.02064,0,0.0015375,0.0195,0.0064,0,0.001376,6.88,5,12.08895337,14.01323877,1.31875,0.15375,0.4875,0.1375,6400,0
TGLX12,6/1/2023,104.864517,10.355711,34.99720516,7.106666667,0.025029358,0.014464551,0.0117065,0.011471667,0.038646279,0.021129614,0.006937435,0.005058333,0.012,0.004933333,0,0.001421333,7.043204667,9.437434667,23.1115746,17.73302093,0.3875,0.505833333,0.3,0.379166667,4933.333333,0
TGLX12,7/1/2023,104.864517,10.355711,44.18702013,7.12,0.01805625,0.00885,0.007312,0.00664,0.031397917,0.0184125,0.0045,0.004,0.0064,0.0028,0,0.001424,6.1375,7,16.89746306,14.41541238,0.24,0.4,0.16,15.34,2800,0
TGLX12,8/1/2023,104.864517,10.355711,34.41748327,7.23,0.021921875,0.0134,0.012573,0.01259125,0.029334375,0.01704375,0.0031,0.005,0.0108,0.0079,0,0.001446,5.68125,5.6,13.60011171,12.6915193,0.5,0.5,0.27,28.63,7900,0
TGLX12,9/1/2023,104.864517,10.355711,56.98969769,7.6,0.02094125,0.011015,0.009285,0.0098875,0.032179583,0.0198525,0.00498,0.00275,0.0108,0.0035,0,0.00152,6.6175,7.48,19.83900782,16.0627594,0.21,0.275,0.27,19.805,3500,0
TGLX12,10/1/2023,104.864517,10.355711,37.27870256,7.475,0.02506875,0.0148125,0.0126725,0.014246875,0.03364375,0.0205125,0.005775,0.00255,0.0158,0.0055,0,0.001495,6.8375,8.275,23.02111867,17.39594693,0.26,0.255,0.395,16.305,5500,0
TGLX12,11/1/2023,104.864517,10.355711,52.25664092,8.24,0.02873125,0.01735,0.014924,0.01528,0.040439583,0.0227625,0.0065,0.0054,0.0144,0.0084,0,0.001648,7.5875,9,21.14595021,17.92978411,0.29,0.54,0.36,24.48,8400,0
TGLX12,12/1/2023,104.864517,10.355711,36.05518883,6.975,0.026791525,0.016886085,0.01481625,0.013778125,0.038421891,0.019810879,0.005534671,0.0075875,0.0138,0.00685,0,0.001395,6.603626438,8.0346705,22.63312401,16.92281797,0.286875,0.75875,0.345,0.46,6850,0
TGLX12,1/1/2024,104.864517,10.355711,42.95699847,6.93,0.02125625,0.0113,0.008918,0.01036625,0.031864583,0.0199125,0.00615,0.00125,0.008,0.0072,0,0.001386,6.6375,8.65,22.23740875,16.84887571,0.31,0.125,0.2,0.57,7200,0
TGLX12,2/1/2024,104.864517,10.355711,48.74342534,6.43,0.02371721,0.013499276,0.010418,0.00786625,0.042156824,0.02043587,0.007448551,0.00825,0.0044,0.0069,0,0.001286,6.811956625,9.948551,23.37461823,17.46907562,0.28,0.825,0.11,0.43,6900,0
TGLX12,3/1/2024,104.864517,10.355711,50.37609146,7.465,0.020795461,0.010928648,0.00912548,0.008367788,0.034644707,0.019733627,0.005099336,0.0048625,0.00689546,0.005,0,0.001493,6.577875813,7.5993355,19.59004166,15.92483442,0.34875,0.48625,0.1723865,0.4575,5000,0
TGLX12,4/1/2024,104.864517,10.355711,64.10055559,6.92,0.023512514,0.01425883,0.012492,0.01449,0.029429199,0.018507368,0.00491766,0.0018,0.0192,0.0026,0,0.001384,6.1691225,7.41766,16.75890762,14.41916535,0.825,0.18,0.48,0.62,2600,0
TGLX12,5/1/2024,104.864517,10.355711,60.81592625,7.16,0.030330625,0.020485,0.018416,0.018645,0.037638125,0.01969125,0.00557,0.007,0.026,0.0024,0,0.001432,6.56375,8.07,18.19223109,15.46297402,0.96,0.7,0.65,0.8,2400,0
TGLX12,6/1/2024,104.864517,10.355711,62.57466106,7.42,0.034343199,0.018737976,0.011792,0.0125525,0.058434131,0.031210446,0.015375952,0.0035,0.01,0.0086,0,0.001484,10.403482,17.875952,46.05369354,30.00613521,5.54375,0.35,0.25,0.425,8600,0
TGLX12,7/1/2024,104.864517,10.355711,53.98323162,7.2,0.02424375,0.01395,0.01152,0.01315,0.033702083,0.0205875,0.0063,0.002,0.0104,0.0092,0,0.00144,6.8625,8.8,20.09552619,16.511129,0.27375,0.2,0.26,0.275,9200,0
TGLX12,8/1/2024,104.864517,10.355711,35.64346831,7.34,0.046648479,0.035440093,0.03232775,0.0351675,0.044913117,0.022416772,0.007692686,0.0083875,0.0496,0.0052,0,0.001468,7.47225725,10.192686,29.7513468,20.46984451,1.38375,0.83875,1.24,0.875,5200,0
TGLX12,9/1/2024,104.864517,10.355711,34.79074751,7,0.0284125,0.0179125,0.0186125,0.0196875,0.031179167,0.021,0,0.005725,0.0256,0.0045,0,0.0014,7,5,10.66419798,13.7440725,2.28,0.5725,0.64,0.4875,4500,0
TGLX12,10/1/2024,104.864517,10.355711,3.50803381,7.16,0.043537697,0.031593843,0.02773475,0.032561667,0.042476848,0.023887709,0.009150185,0.003370833,0.043733333,0.006933333,0,0.001432,7.9625695,11.65018533,28.42303379,20.7865509,1.395833333,0.337083333,1.093333333,0.325,6933.333333,0
TGLX12,11/1/2024,104.864517,10.355711,51.59551498,6.915,0.027517424,0.017262428,0.014600875,0.016739375,0.034573989,0.020509993,0.006706105,0.00241875,0.0224,0.003,0,0.001383,6.836664375,9.206105,22.84586181,17.33944228,1.32375,0.241875,0.56,0.52,3000,0
TGLX12,12/1/2024,104.864517,10.355711,35.33142506,6.84,0.028137125,0.018191,0.015734,0.01698,0.035553292,0.01989225,0.006282,0.0043,0.0204,0.0054,0,0.001368,6.63075,8.782,23.92877931,17.37196967,0.12,0.43,0.51,0.13,5400,0
TGLX12,1/1/2025,104.864517,10.355711,65.67633215,6.22,0.030202438,0.0211835,0.018972,0.02309,0.028822354,0.018037875,0.005667,0.001,0.034,0.0017,0,0.001244,6.012625,8.167,19.09192963,14.91992414,0.1475,0.1,0.85,0.12,1700,0
TGLX12,2/1/2025,104.864517,10.355711,53.66256326,6.89,0.022942813,0.0130775,0.010739,0.009955,0.036558229,0.019730625,0.006055,0.00555,0.0138,0.00075,0,0.001378,6.576875,8.555,18.87956405,15.69934909,0.23,0.555,0.345,0.575,750,0
TGLX12,3/1/2025,104.864517,10.355711,34.95768216,6.78,0.028782575,0.019659447,0.017878,0.01916,0.032976008,0.018246256,0.004918894,0.0051,0.0276,0.0017,0,0.001356,6.08208525,7.418894,21.12576062,15.66529705,0.85,0.51,0.69,0.4,1700,0
TGLX12,4/1/2025,104.864517,10.355711,53.48451244,7.05,0.031043125,0.021385,0.019755,0.02219375,0.032650625,0.01931625,0.00467,0.004,0.0296,0.0045,0,0.00141,6.43875,7.17,16.37328668,14.70203631,0.98,0.4,0.74,0.26,4500,0
TGLX12,5/1/2025,104.864517,10.355711,53.25025394,7.37,0.024790894,0.01370895,0.010737,0.01279625,0.035678752,0.022163888,0.0074179,0.001,0.0168,0.0022,0,0.001474,7.3879625,9.9179,23.67048594,18.42635924,0.33875,0.1,0.42,0.525,2200,0
TGLX12,6/1/2025,104.864517,10.355711,5.237969105,6.84,0.020225625,0.01104,0.009259,0.0076675,0.034476458,0.01837125,0.00493,0.00625,0.0076,0.0033,0,0.001368,6.12375,7.43,16.94231647,14.4089278,0.16375,0.625,0.19,0.875,3300,0
TGLX12,7/1/2025,104.864517,10.355711,51.18405945,7.12,0.051538715,0.040012337,0.036412,0.0445775,0.038707002,0.023052757,0.008624673,0.0015,0.0676,0.0023,0,0.001424,7.684252375,11.124673,27.01728491,19.92590092,1.53,0.15,1.69,0.175,2300,0
TGLX13,3/1/2023,104.791192,10.473281,42.06330312,3.76,0.029065,0.023425,0.023801,0.0274075,0.017535,0.01128,0,0.00375,0.0399,0.0032,0,0.000752,3.76,5,13.47620674,9.7705822,2.225,0.375,0.9975,0.875,3200,0
TGLX13,4/1/2023,104.791192,10.473281,5.07539073,6.82,0.032458931,0.021760085,0.018615333,0.021519167,0.037159728,0.021397692,0.007653504,0.0028,0.0304,0.002666667,0,0.001364,7.132563875,10.15350367,26.29926737,18.87200703,0.4875,0.28,0.76,0.245833333,2666.666667,0
TGLX13,5/1/2023,104.791192,10.473281,5.042037189,6.93,0.03089971,0.019712731,0.01623675,0.01674125,0.04246599,0.022373958,0.008337963,0.0056875,0.0186,0.0068,0,0.001386,7.457985938,10.8379625,27.28555487,19.67107565,1.491875,0.56875,0.465,0.44,6800,0
TGLX13,6/1/2023,104.791192,10.473281,5.178163284,6.94,0.0238825,0.0132925,0.0103565,0.011305,0.0362425,0.02118,0.00726,0.002625,0.0072,0.0095,0,0.001388,7.06,9.76,23.89534629,18.00530463,0.62,0.2625,0.18,0.29,9500,0
TGLX13,7/1/2023,104.791192,10.473281,53.2957753,6.09,0.024745704,0.012915626,0.008759,0.00751125,0.045139976,0.023660157,0.009531251,0.0055,0.006,0.0048,0,0.001218,7.886719125,12.031251,35.11791897,22.78339488,0.7375,0.55,0.15,0.36,4800,0
TGLX13,8/1/2023,104.791192,10.473281,50.72904596,6.25,0.024941875,0.01438,0.010825,0.01140625,0.038364375,0.02112375,0.00836,0.0034,0.0144,0.0026,0,0.00125,7.04125,10.86,22.20428956,17.4440596,0.63,0.34,0.36,0.21,2600,0
TGLX13,9/1/2023,104.791192,10.473281,5.114191946,6.88,0.034471227,0.024462931,0.021988,0.0241725,0.036916197,0.020016594,0.006325861,0.0053,0.0368,0.0005,0,0.001376,6.672197875,8.825861,21.06417878,16.53105179,0.8875,0.53,0.92,0.58,500,0
TGLX13,10/1/2023,104.791192,10.473281,4.998740604,7.135,0.024560625,0.0137175,0.0107385,0.011235625,0.037999792,0.02168625,0.007385,0.0035,0.0142,0.00235,0,0.001427,7.22875,9.885,22.48572706,17.81403517,1.4,0.35,0.355,0.315,2350,0
TGLX13,11/1/2023,104.791192,10.473281,35.11861805,6.905,0.028354375,0.0178675,0.0149905,0.017019375,0.036001875,0.02097375,0.007135,0.00275,0.0236,0.00225,0,0.001381,6.99125,9.635,24.92418502,18.2265298,0.906875,0.275,0.59,0.56,2250,0
TGLX13,12/1/2023,104.791192,10.473281,50.93480437,6.91,0.02071125,0.0101325,0.0071785,0.00780125,0.03537625,0.0211575,0.00729,0.001875,0.008,0.0031,0,0.001382,7.0525,9.79,26.3864128,18.77938455,0.51,0.1875,0.2,0.72,3100,0
TGLX13,1/1/2024,104.791192,10.473281,55.42460793,6.25,0.026618673,0.015777905,0.011975,0.01028125,0.044376904,0.021681536,0.00885581,0.0075,0.0076,0.0076,0,0.00125,7.22717875,11.35581,29.60121379,20.05489605,0.525,0.75,0.19,0.51,7600,0
TGLX13,2/1/2024,104.791192,10.473281,53.68205691,6.81,0.02217875,0.01094,0.007606,0.00657,0.041075417,0.0224775,0.00803,0.0047,0.0064,0.00275,0,0.001362,7.4925,10.53,28.5255493,20.11376554,0.675,0.47,0.16,0.315,2750,0
TGLX13,3/1/2024,104.791192,10.473281,52.24154251,6.98,0.017390802,0.007407436,0.005048,0.005185,0.032528537,0.019966731,0.006114872,0.0018,0.0056,0.0013,0,0.001396,6.655577,8.614872,20.24107271,16.24662928,0.1,0.18,0.14,0.84,1300,0
TGLX13,4/1/2024,104.791192,10.473281,48.70923303,7.51,0.027126875,0.01652,0.014101,0.01668875,0.033896042,0.02121375,0.00634,0.0015,0.0248,0.0004,0,0.001502,7.07125,8.84,22.56793367,17.6037015,0.26,0.15,0.62,0.51,400,0
TGLX13,5/1/2024,104.791192,10.473281,44.00235041,6.97,0.03014625,0.020506875,0.018443875,0.02055875,0.03359125,0.01927875,0.00552,0.00399375,0.0294,0.0021,0,0.001394,6.42625,8.02,20.40691652,15.95492245,2.035,0.399375,0.735,0.43,2100,0
TGLX13,6/1/2024,104.791192,10.473281,52.88790123,6.58,0.022795,0.01198,0.008508,0.009885,0.036271667,0.02163,0.00826,0.0012,0.0104,0.0041,0,0.001316,7.21,10.76,29.06375699,19.8596901,2.95,0.12,0.26,0.9,4100,0
TGLX13,7/1/2024,104.791192,10.473281,54.54698957,6.88,0.020759375,0.009725,0.006338,0.0072975,0.036421875,0.02206875,0.00815,0.001,0.0096,0.0007,0,0.001376,7.35625,10.65,24.06181548,18.50216046,4.115,0.1,0.24,0.6,700,0
TGLX13,8/1/2024,104.791192,10.473281,6.61424487,7.14,0.02637375,0.014595,0.010789,0.01048625,0.043630417,0.0235575,0.00904,0.0048,0.0084,0.00695,0,0.001428,7.8525,11.54,29.77342646,21.04716944,2.43,0.48,0.21,0.675,6950,0
TGLX13,9/1/2024,104.791192,10.473281,36.66672771,6.83,0.058216875,0.04548,0.040533,0.04466625,0.054056042,0.02547375,0.01126,0.0096,0.0676,0.0025,0,0.001366,8.49125,13.76,32.16664035,22.75977549,0.6525,0.96,1.69,0.62,2500,0
TGLX13,10/1/2024,104.791192,10.473281,5.142949293,6.83,0.055718125,0.04396,0.039883,0.04785375,0.042275625,0.02351625,0.00952,0.0032,0.072,0.0032,0,0.001366,7.83875,12.02,28.20422857,20.53184145,3.65,0.32,1.8,0.29,3200,0
TGLX13,11/1/2024,104.791192,10.473281,52.59636785,7.44,0.022208125,0.012145,0.010144,0.01018,0.034552292,0.02012625,0.00549,0.004,0.0056,0.0092,0,0.001488,6.70875,7.99,20.54068161,16.42084304,0.11,0.4,0.14,14.2,9200,0
TGLX13,12/1/2024,104.791192,10.473281,35.32323649,6.71,0.035945868,0.024659453,0.02088975,0.0233075,0.041932025,0.022572831,0.008881405,0.0044875,0.032,0.00395,0,0.001342,7.524276875,11.381405,27.83567018,19.94394059,1.8,0.44875,0.8,0.455,3950,0
TGLX13,1/1/2025,104.791192,10.473281,65.98305967,7.08,0.0235775,0.01226,0.009408,0.0104475,0.037164167,0.022635,0.00712,0.0021,0.0072,0.0081,0,0.001416,7.545,9.62,28.72208261,20.25447434,0.64,0.21,0.18,0.51,8100,0
TGLX13,2/1/2025,104.791192,10.473281,50.17815285,6.66,0.02294267,0.01122458,0.0070245,0.007218125,0.041613063,0.02343618,0.00973216,0.0025,0.008517,0.0017,0,0.001332,7.81206,12.23216,32.96862341,21.99382247,0.7575,0.25,0.212925,0.41,1700,0
TGLX13,3/1/2025,104.791192,10.473281,51.03014738,7.59,0.023435789,0.01214593,0.0091945,0.007922813,0.041665257,0.022579718,0.00742086,0.0057125,0.0066585,0.0045,0,0.001518,7.5265725,9.92086,25.85997879,19.3245305,0.635,0.57125,0.1664625,0.46125,4500,0
TGLX13,4/1/2025,104.791192,10.473281,54.01933911,6.48,0.047626364,0.037182995,0.033948,0.0408725,0.03634485,0.020886739,0.00776599,0.0025,0.06,0.0041,0,0.001296,6.96224625,10.26599,26.39179375,18.64570032,0.4525,0.25,1.5,0.92,4100,0
TGLX13,5/1/2025,104.791192,10.473281,50.95048596,6.67,0.042103125,0.03135,0.028017,0.03408375,0.036173958,0.02150625,0.008,0.0015,0.05,0.0032,0,0.001334,7.16875,10.5,30.4631315,20.23897982,2.27,0.15,1.25,0.48,3200,0
TGLX13,6/1/2025,104.791192,10.473281,49.99211335,7.27,0.020889357,0.010553815,0.008152,0.00940875,0.032875166,0.020671084,0.00625763,0.00125,0.0124,0.0012,0,0.001454,6.89036125,8.75763,23.75560799,17.70679282,0.51875,0.125,0.31,0.6,1200,0
TGLX13,7/1/2025,104.791192,10.473281,65.80817141,7.05,0.02537625,0.014205,0.01123,0.01325625,0.03611125,0.0223425,0.00736,0.00125,0.0103,0.0095,0,0.00141,7.4475,9.86,23.53229931,18.47210098,0.18125,0.125,0.2575,0.375,9500,0
TGLX14,3/1/2023,105.478094,10.311481,59.23536744,7.1,0.043542607,0.032089168,0.028535,0.030825,0.045716083,0.022906878,0.008528336,0.00775,0.0384,0.0095,0,0.00142,7.635626,11.028336,26.62155717,19.72820482,1.7525,0.775,0.96,0.25,9500,0
TGLX14,4/1/2023,105.478094,10.311481,48.0655381,5.01,0.029,0.02135,0.021851,0.02637625,0.0196,0.0153,0,0.0015,0.034,0.0072,0,0.001002,5.1,5,13.03351051,11.64101845,3.1375,0.15,0.85,0.125,7200,0
TGLX14,5/1/2023,105.478094,10.311481,30.46793389,6.976666667,0.03671888,0.025200061,0.021597667,0.02335125,0.043716276,0.023037638,0.008600122,0.005833333,0.031066667,0.0049,0,0.001395333,7.679212542,11.10012233,25.2243124,19.35309132,0.855833333,0.583333333,0.776666667,0.458333333,4900,0
TGLX14,6/1/2023,105.478094,10.311481,35.55084561,7.65,0.019964375,0.00962,0.007565,0.00758125,0.034216875,0.02068875,0.00564,0.003,0.006,0.0046,0,0.00153,6.89625,8.14,21.98689423,17.15802387,0.46,0.3,0.15,15.46,4600,0
TGLX14,7/1/2023,105.478094,10.311481,48.38744761,7.18,0.0269375,0.01745,0.015718,0.0177725,0.031354167,0.018975,0.0049,0.003,0.0224,0.0046,0,0.001436,6.325,7.4,16.68184759,14.62868776,0.28,0.3,0.56,16.21,4600,0
TGLX14,8/1/2023,105.478094,10.311481,49.95090684,7.135,0.024558438,0.014815,0.0130385,0.015641875,0.029769688,0.019486875,0.00498,0.00105,0.0198,0.0038,0,0.001427,6.495625,7.48,16.51117645,14.83081974,0.505,0.105,0.495,9.19,3800,0
TGLX14,9/1/2023,105.478094,10.311481,5.115084841,7.06,0.035232188,0.0261975,0.024756,0.02997625,0.027900104,0.018069375,0.004295,0.00155,0.0432,0.00335,0,0.001412,6.023125,6.795,17.24735299,14.35415566,0.705,0.155,1.08,2.97,3350,0
TGLX14,10/1/2023,105.478094,10.311481,48.97211949,0.99,0.0289625,0.024125,0.020749,0.02418625,0.0226625,0.009675,0.00695,0.0028,0.034,0.0045,0,0.000198,3.225,9.45,22.84812186,11.92265822,0.25,0.28,0.85,2.74,4500,0
TGLX14,11/1/2023,105.478094,10.311481,34.54520859,7.48,0.0342975,0.02454,0.022848,0.02606,0.0331275,0.019515,0.00488,0.004,0.036,0.0042,0,0.001496,6.505,7.38,18.84065051,15.57926876,0.12,0.4,0.9,13.8,4200,0
TGLX14,12/1/2023,105.478094,10.311481,63.45595652,7.12,0.01805625,0.00885,0.007312,0.00664,0.031397917,0.0184125,0.0045,0.004,0.0064,0.0028,0,0.001424,6.1375,7,20.30875433,15.49085099,0.24,0.4,0.16,18.34,2800,0
TGLX14,1/1/2024,105.478094,10.311481,51.56333628,6.97,0.022055625,0.01236,0.010247,0.01030875,0.033846458,0.01939125,0.00562,0.004,0.0124,0.0027,0,0.001394,6.46375,8.12,18.34572222,15.36136341,0.43,0.4,0.31,18.64,2700,0
TGLX14,2/1/2024,105.478094,10.311481,54.89842009,7.27,0.02270875,0.012535,0.010277,0.00909625,0.03770375,0.0203475,0.00597,0.006,0.0096,0.0035,0,0.001454,6.7825,8.47,22.87825481,17.26840788,0.48,0.6,0.24,17.28,3500,0
TGLX14,3/1/2024,105.478094,10.311481,55.15976564,6.82,0.039484548,0.028473243,0.02508825,0.0282275,0.041030612,0.02202261,0.008133987,0.0050125,0.042,0.0018,0,0.001364,7.340869938,10.6339865,24.41619284,18.59081085,1.53125,0.50125,1.05,0.705,1800,0
TGLX14,4/1/2024,105.478094,10.311481,63.26096881,6.75,0.0185625,0.008325,0.005525,0.00584375,0.033979167,0.020475,0.00695,0.0017,0.008,0,0,0.00135,6.825,9.45,21.350625,16.85055958,0.52,0.17,0.2,0.48,0,0
TGLX14,5/1/2024,105.478094,10.311481,63.2201879,6.39,0.018236655,0.00856872,0.005939,0.00617375,0.032518862,0.01933587,0.00653744,0.002,0.0072,0.0014,0,0.001278,6.44529,9.03744,26.2198784,17.81606816,0.25,0.2,0.18,0.51,1400,0
TGLX14,6/1/2024,105.478094,10.311481,54.06172657,7.145,0.023716244,0.0128629,0.01018415,0.00945675,0.039352469,0.021706688,0.0067865,0.0052375,0.0111518,0.00255,0,0.001429,7.2355625,9.2865,24.4308344,18.43746557,0.48125,0.52375,0.278795,0.67375,2550,0
TGLX14,7/1/2024,105.478094,10.311481,43.24893609,6.71,0.038303585,0.029094334,0.027171,0.03296375,0.029408364,0.018418502,0.005188668,0.0016,0.0492,0.0022,0,0.001342,6.1395005,7.688668,15.92042249,14.11039277,0.11125,0.16,1.23,0.62,2200,0
TGLX14,8/1/2024,105.478094,10.311481,6.565873493,7.39,0.049351875,0.03717,0.033239,0.04086125,0.040604375,0.02436375,0.00934,0.0011,0.0624,0.0015,0,0.001478,8.12125,11.84,32.26107345,22.23454633,1.79,0.11,1.56,0.52,1500,0
TGLX14,9/1/2024,105.478094,10.311481,43.72098355,7.52,0.085582701,0.07215583,0.0672395,0.082565,0.047326303,0.026853743,0.01133666,0.002375,0.126,0.0046,0,0.001504,8.9512475,13.83666,41.31161035,26.33280137,4.2125,0.2375,3.15,0.65,4600,0
TGLX14,10/1/2024,105.478094,10.311481,5.227128972,6.94,0.027113125,0.01744,0.015319,0.0183675,0.030597292,0.01934625,0.00563,0.00125,0.0224,0.0056,0,0.001388,6.44875,8.13,21.19109204,16.23589046,0.3125,0.125,0.56,0.1375,5600,0
TGLX14,11/1/2024,105.478094,10.311481,53.65165547,7.51,0.059063494,0.046657086,0.0426385,0.05056375,0.045181486,0.024812817,0.009539171,0.004375,0.0736,0.0058,0,0.001502,8.270939125,12.039171,30.95028515,22.04584285,1.86375,0.4375,1.84,0.375,5800,0
TGLX14,12/1/2024,105.478094,10.311481,53.70684368,6.89,0.0302475,0.0199125,0.0206015,0.02417375,0.027060833,0.02067,0,0.002525,0.034,0.0033,0,0.001378,6.89,5,14.5062531,14.79031308,2.46875,0.2525,0.85,0.3875,3300,0
TGLX14,1/1/2025,105.478094,10.311481,53.95768531,6.973333333,0.03816711,0.026231581,0.022180667,0.02508,0.0438677,0.023871057,0.009496495,0.004233333,0.033866667,0.004866667,0,0.001394667,7.957019083,11.99649533,30.33501597,21.38099394,1.110833333,0.423333333,0.846666667,0.383333333,4866.666667,0
TGLX14,2/1/2025,105.478094,10.311481,55.0592412,7.57,0.019963125,0.00984,0.007907,0.00675875,0.035730625,0.02024625,0.00538,0.005,0.0092,0.0001,0,0.001514,6.74875,7.88,18.42101206,15.81259917,0.28,0.5,0.23,16.45,100,0
TGLX14,3/1/2025,105.478094,10.311481,51.68168283,7.25,0.027335,0.018215,0.016875,0.01671875,0.034265,0.01824,0.00413,0.007,0.0252,0.0001,0,0.00145,6.08,6.63,18.06511123,14.6972734,0.34,0.7,0.63,22.54,100,0
TGLX14,4/1/2025,105.478094,10.311481,34.0653554,7.135,0.0243825,0.0149175,0.0131635,0.014423125,0.031634167,0.01893,0.004935,0.00325,0.0138,0.00785,0,0.001427,6.31,7.435,17.72298461,14.93441507,0.46,0.325,0.345,25.69,7850,0
TGLX14,5/1/2025,105.478094,10.311481,57.36495672,7.215,0.028398125,0.0184925,0.0164215,0.018683125,0.033070625,0.01981125,0.005585,0.00295,0.0232,0.00525,0,0.001443,6.60375,8.085,21.78826571,16.65665454,1.185,0.295,0.58,29.87,5250,0
TGLX14,6/1/2025,105.478094,10.311481,56.38420261,7.2,0.03060625,0.02065,0.01852,0.01915,0.037347917,0.0199125,0.0057,0.0064,0.0216,0.0076,0,0.00144,6.6375,8.2,18.72537668,15.74167771,0.33,0.64,0.54,22.96,7600,0
TGLX14,7/1/2025,105.478094,10.311481,64.34916154,7.01,0.022296321,0.012630989,0.01065725,0.0122825,0.030733082,0.019330663,0.005349479,0.0016625,0.0166,0.00165,0,0.001402,6.443554438,7.8494785,20.47330864,16.00180979,0.278125,0.16625,0.415,0.175,1650,0
TGLX15,12/1/2023,105.1751,10.07,64.0881997,7.06,0.0171775,0.0071725,0.0053185,0.005945,0.030630833,0.02001,0.00512,0.001125,0.004,0.0041,0,0.001412,6.67,7.62,21.69842242,16.72770568,0.12,0.1125,0.1,0.84,4100,0
TGLX15,1/1/2024,105.1751,10.07,50.83697506,6.4,0.021632663,0.0121014,0.0096025,0.0088,0.035542879,0.019062525,0.0062778,0.005125,0.0044,0.0084,0,0.00128,6.354175,8.7778,21.22288297,16.10405032,0.11375,0.5125,0.11,0.63,8400,0
TGLX15,2/1/2024,105.1751,10.07,50.63834693,7.515,0.023312518,0.013125647,0.01108465,0.012488625,0.032837276,0.020373743,0.005584994,0.0021875,0.0107788,0.0077,0,0.001503,6.791247563,8.0849935,19.85426164,16.32818964,0.246875,0.21875,0.26947,0.65625,7700,0
TGLX15,3/1/2024,105.1751,10.07,40.34255971,6.94,0.027457284,0.017588722,0.015294,0.0174925,0.033033663,0.019737125,0.005977444,0.0026,0.0208,0.0058,0,0.001388,6.5790415,8.477444,17.33293014,15.21500933,0.62375,0.26,0.52,0.14,5800,0
TGLX15,4/1/2024,105.1751,10.07,48.20018514,7.08,0.045514375,0.035845,0.034458,0.0380725,0.036783542,0.01933875,0.00419,0.008,0.0588,0.0007,0,0.001416,6.44625,6.69,16.3790847,14.71511419,0.28,0.8,1.47,0.35,700,0
TGLX15,5/1/2024,105.1751,10.07,63.1543165,7.3,0.044587603,0.032466225,0.028505,0.0301625,0.049437741,0.024242756,0.00938245,0.00875,0.038,0.0088,0,0.00146,8.08091875,11.88245,30.97196699,21.76764767,1.1375,0.875,0.95,0.9125,8800,0
TGLX15,6/1/2024,105.1751,10.07,48.46754123,7.15,0.03853,0.0271075,0.0236275,0.02789375,0.039503333,0.022845,0.00839,0.002625,0.034,0.0092,0,0.00143,7.615,10.89,25.58659975,19.37098668,0.425,0.2625,0.85,0.75,9200,0
TGLX15,7/1/2024,105.1751,10.07,51.29109494,8.09,0.039911732,0.030843756,0.031009,0.03544875,0.02884404,0.018135951,0.001287512,0.0053,0.0544,0.0007,0,0.001618,6.045317,3.787512,9.669266923,11.99838752,2.325,0.53,1.36,0.35,700,0
TGLX15,8/1/2024,105.1751,10.07,54.42185922,7.11,0.025315,0.01465,0.015361,0.01576375,0.031301667,0.02133,0,0.0055,0.0186,0.0052,0,0.001422,7.11,5,11.29662698,14.10845113,2.5275,0.55,0.465,0.275,5200,0
TGLX15,9/1/2024,105.1751,10.07,54.49560473,6.986666667,0.023110023,0.012721996,0.010009083,0.0111025,0.034828942,0.020776054,0.006823159,0.002254167,0.009733333,0.006633333,0,0.001397333,6.925351167,9.323158667,26.41924731,18.59901266,0.552083333,0.225416667,0.243333333,0.341666667,6633.333333,0
TGLX15,10/1/2024,105.1751,10.07,63.56491158,7.2,0.019446875,0.010475,0.00922,0.00715,0.033709375,0.01794375,0.00395,0.007,0.0064,0.0036,0,0.00144,5.98125,6.45,13.18763054,13.0114811,0.63,0.7,0.16,18.32,3600,0
TGLX15,11/1/2024,105.1751,10.07,54.15357335,7.17,0.042500625,0.03354,0.032267,0.03845875,0.029051458,0.01792125,0.00398,0.003,0.06,0.0001,0,0.001434,5.97375,6.48,18.91441837,14.80564971,0.71,0.3,1.5,3.63,100,0
TGLX15,12/1/2024,105.1751,10.07,51.60017598,7.16,0.021201563,0.0118875,0.010441,0.01048875,0.031561979,0.018628125,0.004325,0.0041,0.012,0.00335,0,0.001432,6.209375,6.825,15.56923784,14.10449057,0.235,0.41,0.3,17.22,3350,0
TGLX15,1/1/2025,105.1751,10.07,51.92106866,7.1,0.03079125,0.021615,0.020085,0.02341875,0.029787917,0.0183525,0.00448,0.0027,0.03,0.00605,0,0.00142,6.1175,6.98,17.9102941,14.70471598,0.525,0.27,0.75,10.85,6050,0
TGLX15,2/1/2025,105.1751,10.07,51.51898654,7.53,0.020591875,0.00973,0.007103,0.00800375,0.034864375,0.02172375,0.00676,0.0014,0.0072,0.0041,0,0.001506,7.24125,9.26,21.11518849,17.40071122,0.9,0.14,0.18,15.63,4100,0
TGLX15,3/1/2025,105.1751,10.07,36.58710933,7.86,0.016120885,0.006985885,0.006111,0.005295,0.029565397,0.01827,0.003321769,0.00375,0.0048,0.0021,0,0.001572,6.09,5.821769,16.5571345,14.2368709,0.625,0.375,0.12,0.12,2100,0
TGLX15,4/1/2025,105.1751,10.07,63.61593188,8.025,0.017021875,0.0077125,0.0058525,0.005253125,0.031784375,0.01861875,0.005325,0.0033,0.0046,0.0022,0,0.001605,6.20625,7.825,17.74765625,14.78656802,0.11625,0.33,0.115,0.14,2200,0
TGLX15,5/1/2025,105.1751,10.07,35.20739883,7.47,0.020439385,0.01237876,0.0108687,0.012648375,0.025824598,0.01612125,0.00451412,0.0015,0.0175934,0.00115,0,0.001494,5.37375,7.01412,15.98940375,12.98351395,0.474375,0.15,0.439835,0.5625,1150,0
TGLX15,6/1/2025,105.1751,10.07,53.69175573,7.33,0.0241425,0.01515,0.013633,0.01235375,0.0349825,0.017985,0.0045,0.0075,0.0104,0.0079,0,0.001466,5.995,7,16.991875,14.23142654,0.7875,0.75,0.26,0.32,7900,0
TGLX15,7/1/2025,105.1751,10.07,50.44467359,7.405,0.026424188,0.015288563,0.006928,0.005988125,0.052206439,0.02227125,0.018202127,0.004275,0.004,0.0041,0,0.001481,7.42375,20.7021265,26.164657,19.26634915,8.0025,0.4275,0.16,0.295,4100,0
TGLX2,2/1/2021,105.101042,10.710792,42.31376505,7.71,0.019757589,0.010622589,0.009321,0.00696375,0.034901041,0.01827,0.004145178,0.0075,0.0092,0.0004,0,0.001542,6.09,6.645178,16.968839,14.36666425,0.1325,0.75,0.23,0.3,400,0
TGLX2,3/1/2021,105.101042,10.710792,35.50085937,6.69,0.022379375,0.0139925,0.0120065,0.0114925,0.032326875,0.01677375,0.00531,0.005625,0.0154,0.00165,0,0.001338,5.59125,7.81,16.74078125,13.5466421,0.129375,0.5625,0.385,0.125,1650,0
TGLX2,4/1/2021,105.101042,10.710792,44.81788497,7.245,0.025389756,0.018566631,0.0165078,0.019541,0.02445673,0.01364625,0.005566662,0.00175,0.0212666,0.00855,0,0.001449,4.54875,8.0666615,15.1750495,11.48928184,0.47375,0.175,0.531665,0.3175,8550,0
TGLX2,5/1/2021,105.101042,10.710792,37.08621956,6.65,0.02572625,0.017045,0.015365,0.01826875,0.027477917,0.0173625,0.00469,0.0015,0.0248,0.0031,0,0.00133,5.7875,7.19,16.7496875,13.84382487,0.125,0.15,0.62,0.12,3100,0
TGLX2,6/1/2021,105.101042,10.710792,35.53062352,7.145,0.018140748,0.011456373,0.005052,0.003893125,0.036728411,0.01336875,0.014237745,0.003875,0.002,0.0028,0,0.001429,4.45625,16.737745,19.36027875,12.66996099,1.205,0.3875,0.11,0.51,2800,0
TGLX2,7/1/2021,105.101042,10.710792,37.22263907,7.42,0.01568622,0.00806622,0.006892,0.007365,0.024584513,0.01524,0.00383244,0.002,0.0044,0.0059,0,0.001484,5.08,6.33244,15.17122,12.28494956,0.9,0.2,0.11,0.9,5900,0
TGLX2,8/1/2021,105.101042,10.710792,36.81983447,7.07,0.018436875,0.00985125,0.00820075,0.00807125,0.029602708,0.01717125,0.004715,0.0034875,0.007,0.0045,0,0.001414,5.72375,7.215,16.65859375,13.71948179,0.1175,0.34875,0.175,0.895,4500,0
TGLX2,9/1/2021,105.101042,10.710792,33.76188381,7.015,0.02163417,0.013187295,0.011839,0.0140175,0.025950563,0.01689375,0.00409959,0.00125,0.018725,0.0023,0,0.001403,5.63125,6.59959,16.20057625,13.43633788,0.543125,0.125,0.468125,0.9075,2300,0
TGLX2,10/1/2021,105.101042,10.710792,65.59059372,6.34,0.021205,0.01219,0.010684,0.012105,0.028361667,0.01803,0.00428,0.002,0.0112,0.0069,0,0.001268,6.01,6.78,16.90625,14.22693253,0.14625,0.2,0.28,0.16,6900,0
TGLX2,11/1/2021,105.101042,10.710792,50.05196603,6.54,0.023585943,0.013573443,0.00597275,0.00609875,0.045175533,0.020025,0.016509385,0.0021875,0.003,0.00545,0,0.001308,6.675,19.009385,24.1015675,17.49281762,11.245,0.21875,0.135,0.23,5450,0
TGLX2,12/1/2021,105.101042,10.710792,49.90598893,7.04,0.019984421,0.011021921,0.009004,0.01063,0.028430315,0.017925,0.005443841,0.001,0.0084,0.0072,0,0.001408,5.975,7.943841,20.55090953,15.32344247,0.1975,0.1,0.21,0.36,7200,0
TGLX2,1/1/2022,105.101042,10.710792,40.18801058,7.04,0.019474623,0.010647123,0.00871025,0.00888,0.030507453,0.017655,0.005281745,0.0032125,0.0084,0.0044,0,0.001408,5.885,7.781745,18.39427284,14.5085444,0.270625,0.32125,0.21,0.32375,4400,0
TGLX2,2/1/2022,105.101042,10.710792,63.37831003,7.17,0.02695125,0.018525,0.015692,0.01733375,0.032202917,0.0168525,0.0071,0.00365,0.0248,0.0015,0,0.001434,5.6175,9.6,21.33662338,15.03489545,1.3375,0.365,0.62,0.26,1500,0
TGLX2,3/1/2022,105.101042,10.710792,51.71498916,6.725,0.023094405,0.01629753,0.0138225,0.016059375,0.025478612,0.01359375,0.006295061,0.00195,0.0212,0.00315,0,0.001345,4.53125,8.7950605,22.47272785,13.76368706,0.215,0.195,0.53,0.175,3150,0
TGLX2,4/1/2022,105.101042,10.710792,52.4656565,6.98,0.02008625,0.011675,0.009898,0.0063725,0.03660125,0.0168225,0.00495,0.0096,0.006,0.0028,0,0.001396,5.6075,7.45,16.95783786,13.63944605,0.21,0.96,0.15,0.25,2800,0
TGLX2,5/1/2022,105.101042,10.710792,51.07632804,7.92,0.025529485,0.0175718,0.0119545,0.01424,0.034835466,0.015915371,0.0128186,0.001125,0.014,0.0072,0,0.001584,5.3051235,15.3186,40.38882282,20.57269875,0.36125,0.1125,0.35,0.75,7200,0
TGLX2,6/1/2022,105.101042,10.710792,57.65082356,7.12,0.026089939,0.019770617,0.015737,0.0185775,0.027859858,0.012638645,0.009491234,0.00175,0.02,0.0083,0,0.001424,4.2128815,11.991234,25.60507989,14.27363495,0.53,0.175,0.5,0.4375,8300,0
TGLX2,7/1/2022,105.101042,10.710792,52.26331453,7.29,0.028856729,0.019822979,0.016054,0.01741125,0.036532367,0.0180675,0.008995957,0.00425,0.02,0.0064,0,0.001458,6.0225,11.495957,29.59082601,18.24460309,0.5225,0.425,0.5,0.15,6400,0
TGLX2,8/1/2022,105.101042,10.710792,43.24662956,7.17,0.024061459,0.0140325,0.0069545,0.0070525,0.044651737,0.020057918,0.01559,0.002625,0.00915,0.0007,0,0.001434,6.6859725,18.09,55.61875568,27.44533822,5.29,0.2625,0.22875,0.125,700,0
TGLX2,9/1/2022,105.101042,10.710792,63.99189335,7.065,0.028238642,0.01925125,0.01661275,0.019945625,0.030306832,0.017974784,0.00669,0.0013125,0.023,0.0075,0,0.001413,5.99159475,9.19,25.23370465,16.82462562,0.48,0.13125,0.575,0.13625,7500,0
TGLX2,10/1/2022,105.101042,10.710792,64.32903685,7.25,0.01947375,0.00987,0.007925,0.00928125,0.029805417,0.0192075,0.00534,0.001,0.008,0.0054,0,0.00145,6.4025,7.84,20.15506181,15.83989811,0.35,0.1,0.2,14.27,5400,0
TGLX2,11/1/2022,105.101042,10.710792,62.76842548,7.06,0.0229875,0.0126,0.010706,0.0091325,0.0382375,0.020775,0.0052,0.0068,0.0068,0.0064,0,0.001412,6.925,7.7,19.65758929,16.46681566,0.75,0.68,0.17,15.23,6400,0
TGLX2,12/1/2022,105.101042,10.710792,64.17677161,7.315,0.023679874,0.0149225,0.0133815,0.013914375,0.030986372,0.017514748,0.004545,0.0045,0.0162,0.0046,0,0.001463,5.838249263,7.045,17.99999477,14.31411878,0.44,0.45,0.405,10.305,4600,0
TGLX2,1/1/2023,105.101042,10.710792,54.8314662,7.215,0.032862693,0.024255,0.0220715,0.025901875,0.03001295,0.017215386,0.00581,0.0027,0.0346,0.0054,0,0.001443,5.738461994,8.31,20.38414907,14.91606281,0.47,0.27,0.865,2.415,5400,0
TGLX2,2/1/2023,105.101042,10.710792,63.72508444,7.28,0.019354358,0.01111,0.009528,0.01066,0.026960168,0.016488716,0.00462,0.002,0.0104,0.0052,0,0.001456,5.496238539,7.12,14.74291881,12.77428177,0.59,0.2,0.26,18.5,5200,0
TGLX2,3/1/2023,105.101042,10.710792,44.19468401,7.34,0.0351875,0.0207125,0.0146965,0.017355,0.051420833,0.02895,0.0135,0.001625,0.0168,0.0095,0,0.001468,9.65,16,43.21748252,27.98177255,0.9475,0.1625,0.42,0.65,9500,0
TGLX2,4/1/2023,105.101042,10.710792,63.82314004,7.31,0.020190625,0.00985,0.007481,0.00785125,0.034161458,0.02068125,0.0062,0.0024,0.01,0.0011,0,0.001462,6.89375,8.7,19.61244243,16.40570773,0.3,0.24,0.25,0.36,1100,0
TGLX2,5/1/2023,105.101042,10.710792,64.22654175,7.5,0.02573875,0.0141175,0.0107875,0.01184375,0.03969875,0.0232425,0.00816,0.002625,0.01215,0.0053,0,0.0015,7.7475,10.66,23.62456798,18.95118946,0.6225,0.2625,0.30375,0.675,5300,0
TGLX2,6/1/2023,105.101042,10.710792,62.81801293,7.345,0.021786563,0.011115,0.0084845,0.008418125,0.036835313,0.021343125,0.00673,0.0035,0.0072,0.0048,0,0.001469,7.114375,9.23,23.50192339,17.96283721,0.68,0.35,0.18,0.68125,4800,0
TGLX2,7/1/2023,105.101042,10.710792,35.88705219,7.42,0.02185,0.010675,0.007667,0.0088025,0.036283333,0.02235,0.0075,0.00125,0.0057,0.0069,0,0.001484,7.45,10,24.17790673,18.67938422,0.95,0.125,0.1425,0.5875,6900,0
TGLX2,8/1/2023,105.101042,10.710792,34.31041001,6.74,0.02885211,0.02266836,0.019874,0.0213425,0.029054923,0.0123675,0.00693672,0.0056,0.0244,0.0084,0,0.001348,4.1225,9.43672,26.97272962,14.56922592,0.2,0.56,0.61,0.51,8400,0
TGLX2,9/1/2023,105.101042,10.710792,56.59178703,6.855,0.020547846,0.013477221,0.011648,0.013138125,0.025019973,0.01414125,0.005029442,0.002275,0.0154,0.00425,0,0.001371,4.71375,7.5294415,19.65255172,13.14835253,1.435625,0.2275,0.385,0.32,4250,0
TGLX2,10/1/2023,105.101042,10.710792,56.08456516,6.65,0.04044125,0.0347975,0.0310025,0.03445625,0.03159625,0.0112875,0.00892,0.006875,0.048,0.0058,0,0.00133,3.7625,11.42,24.3853145,13.21352128,0.74125,0.6875,1.2,0.21,5800,0
TGLX2,11/1/2023,105.101042,10.710792,64.19242477,6.855,0.039384295,0.03242617,0.0305605,0.033856875,0.030296688,0.01391625,0.00510234,0.00695,0.0468,0.006,0,0.001371,4.63875,7.60234,19.54229672,13.0010937,0.2625,0.695,1.17,0.18,6000,0
TGLX2,12/1/2023,105.101042,10.710792,34.5673737,6.78,0.02368,0.01585,0.013978,0.014785,0.029236667,0.01566,0.0051,0.0043,0.0208,0.0015,0,0.001356,5.22,7.6,23.36664141,15.07862592,0.28,0.43,0.52,0.52,1500,0
TGLX2,1/1/2024,105.101042,10.710792,38.24714685,7.5,0.028553598,0.019441098,0.016525,0.014875,0.040608394,0.018225,0.007332195,0.00925,0.0204,0.0019,0,0.0015,6.075,9.832195,23.73416454,16.47699071,0.455,0.925,0.51,0.2375,1900,0
TGLX2,2/1/2024,105.101042,10.710792,49.35188537,7.1,0.030002892,0.020946185,0.018385,0.0206375,0.033140081,0.018113415,0.006542369,0.00375,0.0264,0.0052,0,0.00142,6.037805,9.042369,21.96021937,15.8619469,0.25,0.375,0.66,0.2625,5200,0
TGLX2,3/1/2024,105.101042,10.710792,64.91486274,7.27,0.031473177,0.021771927,0.0186645,0.01778375,0.041937413,0.0194025,0.007668854,0.008875,0.0208,0.0062,0,0.001454,6.4675,10.168854,27.40751576,18.22379595,0.365,0.8875,0.52,0.175,6200,0
TGLX2,4/1/2024,105.101042,10.710792,66.02782547,7.21,0.0261125,0.01708625,0.01567725,0.01790125,0.029195833,0.0180525,0.00426,0.0027125,0.0248,0.0024,0,0.001442,6.0175,6.76,15.41454365,13.76790941,0.26875,0.27125,0.62,0.25,2400,0
TGLX2,5/1/2024,105.101042,10.710792,63.16725258,7.07,0.032625022,0.023775354,0.020832,0.02338375,0.03412505,0.017699336,0.007300707,0.00425,0.0312,0.0048,0,0.001414,5.89977875,9.800707,27.30617222,17.34026466,0.721875,0.425,0.78,0.4375,4800,0
TGLX2,6/1/2024,105.101042,10.710792,44.22529172,7.2,0.03369,0.02496,0.02392,0.0285875,0.026926667,0.01746,0.00352,0.0021,0.0348,0.0095,0,0.00144,5.82,6.02,14.07290515,13.04869645,1.47,0.21,0.87,27.8,9500,0
TGLX2,7/1/2024,105.101042,10.710792,66.62467825,7.14,0.0238125,0.0138,0.011564,0.0136425,0.0317625,0.020025,0.0059,0.0013,0.0116,0.0088,0,0.001428,6.675,8.4,22.88792373,17.11020609,0.7,0.13,0.29,28.32,8800,0
TGLX2,8/1/2024,105.101042,10.710792,66.10353373,7.25,0.033354063,0.0232975,0.021125,0.02065625,0.040959479,0.020113125,0.005795,0.0092,0.0238,0.0078,0,0.00145,6.704375,8.295,19.76482635,16.16968556,0.695,0.92,0.595,19.63,7800,0
TGLX2,9/1/2024,105.101042,10.710792,52.49617268,7.1,0.058784063,0.0488175,0.046885,0.05545,0.035312813,0.019933125,0.005285,0.00505,0.0816,0.0057,0,0.00142,6.644375,7.785,20.96790571,16.45896657,2.71,0.505,2.04,36.64,5700,0
TGLX2,10/1/2024,105.101042,10.710792,34.39245049,6.96,0.05531875,0.0448,0.041946,0.0493075,0.038660417,0.0210375,0.0071,0.005,0.068,0.0095,0,0.001392,7.0125,9.6,21.92239221,17.31206406,1.68,0.5,1.7,3.4,9500,0
TGLX2,11/1/2024,105.101042,10.710792,52.45332201,7.26,0.03529375,0.0239875,0.0207135,0.022845,0.041402083,0.0226125,0.008,0.004875,0.0328,0.0023,0,0.001452,7.5375,10.5,29.89940097,20.61438398,0.68625,0.4875,0.82,0.5625,2300,0
TGLX2,12/1/2024,105.101042,10.710792,52.45221123,7.17,0.021034375,0.0133,0.013117,0.01552125,0.021780208,0.01546875,0.0018,0.0014,0.0152,0.0082,0,0.001434,5.15625,4.3,11.07806075,11.10892126,0.78,0.14,0.38,0.84,8200,0
TGLX2,1/1/2025,105.101042,10.710792,65.66718329,7.42,0.0387375,0.022725,0.015417,0.01427125,0.065479167,0.032025,0.0161,0.008,0.0178,0.00355,0,0.001484,10.675,18.6,40.02500135,28.51281568,2.66375,0.8,0.445,0.42625,3550,0
TGLX2,2/1/2025,105.101042,10.710792,66.97473926,7.05,0.024854688,0.0140125,0.010955,0.01144375,0.038277604,0.021684375,0.007525,0.0036,0.0104,0.0065,0,0.00141,7.228125,10.025,28.37951819,19.67116549,1.068125,0.36,0.26,0.1625,6500,0
TGLX2,3/1/2025,105.101042,10.710792,52.79588744,7.1,0.02843875,0.0163825,0.0122925,0.01169375,0.046185417,0.0241125,0.0096,0.005875,0.00779,0.0095,0,0.00142,8.0375,12.1,25.8073591,20.07433295,1.45375,0.5875,0.19475,0.7625,9500,0
TGLX2,4/1/2025,105.101042,10.710792,52.67862772,6.66,0.01390875,0.00708,0.007141,0.00752,0.019970417,0.0136575,0.00121,0.00225,0.0072,0.0035,0,0.001332,4.5525,3.71,9.348071135,9.657902312,3.82,0.225,0.18,0.39,3500,0
TGLX2,5/1/2025,105.101042,10.710792,43.46243203,6.745,0.237250625,0.22999625,0.01264325,0.011405625,0.533868125,0.01450875,0.436055,0.0070375,0.0074,0.0095,0,0.001349,4.83625,48.555,132.5482964,48.92344701,1.413125,0.70375,0.185,0.3325,9500,0
TGLX2,6/1/2025,105.101042,10.710792,52.30469113,6.69,0.05250875,0.0456125,0.0426815,0.04358625,0.042720417,0.0137925,0.0072,0.015625,0.0592,0.0092,0,0.001338,4.5975,9.7,21.86674616,13.67202117,0.67,1.5625,1.48,0.19,9200,0
TGLX2,7/1/2025,105.101042,10.710792,60.85021851,6.675,0.039406508,0.031953383,0.0290675,0.031553125,0.034606851,0.01490625,0.007106766,0.00765,0.0442,0.00495,0,0.001335,4.96875,9.6067655,21.05961321,13.97444064,0.225625,0.765,1.105,0.325,4950,0
TGLX3,2/1/2021,105.133692,10.265919,40.89711785,6.59,0.01838375,0.011075,0.007609,0.00694875,0.031462083,0.0146175,0.00825,0.0041,0.0084,0.0014,0,0.001318,4.8725,10.75,24.28774802,14.84776262,2.96,0.41,0.21,0.43,1400,0
TGLX3,3/1/2021,105.133692,10.265919,41.98328585,7.33,0.056316386,0.04991,0.044083,0.05104125,0.037838234,0.012812772,0.01312,0.0065,0.078,0.0022,0,0.001466,4.270924,15.62,36.69997137,17.85845768,2.79875,0.65,1.95,0.75,2200,0
TGLX3,4/1/2021,105.133692,10.265919,34.57075494,6.96,0.036642876,0.028499318,0.024246,0.0296825,0.031716712,0.016287118,0.009898635,0.001,0.038,0.0081,0,0.001392,5.42903925,12.398635,31.87439474,18.07432645,0.775,0.1,0.95,0.1375,8100,0
TGLX3,5/1/2021,105.133692,10.265919,60.76101146,7.34,0.03813367,0.02813617,0.0219715,0.0237925,0.046278563,0.019995,0.01379734,0.005875,0.0344,0.0022,0,0.001468,6.665,16.29734,47.28266776,24.7858568,1.9425,0.5875,0.86,0.45,2200,0
TGLX3,6/1/2021,105.133692,10.265919,34.31194862,7.37,0.022264797,0.0137375,0.0098495,0.01098375,0.03316786,0.017054594,0.00925,0.002125,0.0128,0.0033,0,0.001474,5.68486475,11.75,30.62673204,18.06472841,1.4475,0.2125,0.32,0.5,3300,0
TGLX3,7/1/2021,105.133692,10.265919,34.80335743,6.965,0.037493805,0.028800557,0.024534,0.029839375,0.033410546,0.017386496,0.009926115,0.001325,0.0422,0.00415,0,0.001393,5.79549875,12.4261145,29.69828984,17.93798011,0.881875,0.1325,1.055,0.44375,4150,0
TGLX3,8/1/2021,105.133692,10.265919,36.16712587,7.12,0.02923125,0.0189,0.016362,0.0195775,0.033322917,0.0206625,0.0065,0.0014,0.0224,0.0075,0,0.001424,6.8875,9,18.40134494,16.01452394,1.13,0.14,0.56,24.29,7500,0
TGLX3,9/1/2021,105.133692,10.265919,35.32514875,7,0.01842875,0.010055,0.009145,0.0104375,0.025150417,0.0167475,0.00322,0.00159,0.0084,0.0069,0,0.0014,5.5825,5.72,16.69606066,13.51941856,0.36,0.159,0.21,2.12,6900,0
TGLX3,10/1/2021,105.133692,10.265919,59.27258778,7.26,0.032979688,0.0232625,0.021401,0.0252825,0.031452604,0.019434375,0.005175,0.00235,0.0336,0.0054,0,0.001452,6.478125,7.675,17.58088757,15.14180527,0.69,0.235,0.84,32.45,5400,0
TGLX3,11/1/2021,105.133692,10.265919,49.80988776,7.04,0.04348875,0.03375,0.031964,0.038755,0.03077375,0.0194775,0.00498,0.00192,0.0522,0.0084,0,0.001408,6.4925,7.48,18.82332579,15.555057,0.77,0.192,1.305,3.41,8400,0
TGLX3,12/1/2021,105.133692,10.265919,49.33430636,7.03,0.02878,0.01837,0.015903,0.01887875,0.033553333,0.02082,0.00634,0.0016,0.0276,0.0012,0,0.001406,6.94,8.84,20.15748016,16.64691052,1.63,0.16,0.69,27.5,1200,0
TGLX3,1/1/2022,105.133692,10.265919,34.12004688,7.31,0.046603125,0.0317625,0.0253935,0.03010125,0.054257292,0.02968125,0.0142,0.002625,0.0388,0.0079,0,0.001462,9.89375,16.7,45.29977328,29.00385744,1.31,0.2625,0.97,0.55,7900,0
TGLX3,2/1/2022,105.133692,10.265919,50.84474432,7.16,0.0278875,0.016,0.012116,0.0139575,0.0406875,0.023775,0.0092,0.0019,0.0164,0.0045,0,0.001432,7.925,11.7,27.92372231,20.57278446,1.69,0.19,0.41,0.1,4500,0
TGLX3,3/1/2022,105.133692,10.265919,51.83373423,7.245,0.041373438,0.0256375,0.018412,0.020124375,0.060663021,0.031471875,0.0159,0.004625,0.0286,0.00215,0,0.001449,10.490625,18.4,43.24661673,29.25189486,2.24125,0.4625,0.715,0.1375,2150,0
TGLX3,4/1/2022,105.133692,10.265919,50.38006669,7.065,0.03230875,0.02110375,0.01822525,0.020664375,0.038462083,0.02241,0.00717,0.0033875,0.0266,0.00505,0,0.001413,7.47,9.67,24.76153251,18.89337721,1.6275,0.33875,0.665,0.55625,5050,0
TGLX3,5/1/2022,105.133692,10.265919,50.97541161,7.12,0.035073125,0.020405,0.014012,0.0115775,0.061887292,0.02933625,0.01421,0.0095,0.0136,0.0035,0,0.001424,9.77875,16.71,45.03748292,28.74866817,2.53625,0.95,0.34,0.13125,3500,0
TGLX3,6/1/2022,105.133692,10.265919,49.80671329,6.61,0.019515,0.011805,0.008361,0.00732625,0.033401667,0.01542,0.00821,0.005,0.008,0.0024,0,0.001322,5.14,10.71,25.13039002,15.51466268,0.85625,0.5,0.2,0.54,2400,0
TGLX3,7/1/2022,105.133692,10.265919,54.47197078,6.98,0.02266,0.0144175,0.0110105,0.00806,0.039456667,0.016485,0.00821,0.009125,0.0072,0.0043,0,0.001396,5.495,10.71,29.18210275,17.32449961,0.7,0.9125,0.18,0.75,4300,0
TGLX3,8/1/2022,105.133692,10.265919,42.81803288,6.76,0.037485,0.028875,0.026076,0.029095,0.034731667,0.01722,0.00695,0.0056,0.038,0.0072,0,0.001352,5.74,9.45,24.34597072,16.16736782,0.24,0.56,0.95,0.43,7200,0
TGLX3,9/1/2022,105.133692,10.265919,42.32204085,6.755,0.020223118,0.012368743,0.0101255,0.009563125,0.030912274,0.01570875,0.005837485,0.00495,0.0092,0.00475,0,0.001351,5.23625,8.337485,17.99228755,13.40869012,0.56375,0.495,0.23,0.22,4750,0
TGLX3,10/1/2022,105.133692,10.265919,54.67333847,7.52,0.0199325,0.0125,0.009552,0.0080025,0.033325833,0.014865,0.0074,0.0063,0.0092,0.0021,0,0.001504,4.955,9.9,23.93612767,14.86066131,1.26,0.63,0.23,0.41,2100,0
TGLX3,11/1/2022,105.133692,10.265919,52.89948487,6.56,0.0247075,0.01741,0.014006,0.0128825,0.035134167,0.014595,0.00812,0.0074,0.0112,0.0081,0,0.001312,4.865,10.62,30.24110841,16.71336015,1.31,0.74,0.28,0.29,8100,0
TGLX3,12/1/2022,105.133692,10.265919,50.12333467,7.28,0.030033572,0.020875,0.017553,0.02116,0.032278334,0.018317144,0.0081,0.00125,0.0276,0.0048,0,0.001456,6.1057145,10.6,23.89561952,16.57396252,0.32625,0.125,0.69,0.175,4800,0
TGLX3,1/1/2023,105.133692,10.265919,51.37644294,6.9,0.032118469,0.023232634,0.01964625,0.0233625,0.032943093,0.01777167,0.008552767,0.0019125,0.0336,0.0024,0,0.00138,5.92389,11.052767,22.88624249,15.98301107,0.28,0.19125,0.84,0.45,2400,0
TGLX3,2/1/2023,105.133692,10.265919,50.83425665,7.53,0.0199714,0.01006015,0.0073655,0.00787875,0.033649933,0.0198225,0.0068953,0.002125,0.008,0.0031,0,0.001506,6.6075,9.3953,25.59987022,17.86392031,0.13,0.2125,0.2,0.275,3100,0
TGLX3,3/1/2023,105.133692,10.265919,50.79667885,7.39,0.020810966,0.0120525,0.0096765,0.0076425,0.036017255,0.017516933,0.00623,0.007125,0.00535,0.0054,0,0.001478,5.8389775,8.73,23.5805389,16.07452517,0.165,0.7125,0.13375,0.3375,5400,0
TGLX3,4/1/2023,105.133692,10.265919,51.77672476,7.075,0.027476988,0.017023928,0.0143075,0.012103125,0.043171305,0.020906121,0.006847855,0.00925,0.014,0.00395,0,0.001415,6.968707,9.347855,21.89044747,17.23630371,0.341875,0.925,0.35,0.46875,3950,0
TGLX3,5/1/2023,105.133692,10.265919,49.82903047,7.03,0.027005,0.01682,0.014553,0.01319125,0.040028333,0.02037,0.00594,0.008,0.0128,0.0069,0,0.001406,6.79,8.44,20.3735126,16.49001658,0.22,0.8,0.32,12.9,6900,0
TGLX3,6/1/2023,105.133692,10.265919,34.34850474,6.91,0.0179875,0.009175,0.007791,0.00886375,0.0270375,0.017625,0.00415,0.0014,0.0072,0.0056,0,0.001382,5.875,6.65,16.15013265,13.7860601,0.36,0.14,0.18,18.2,5600,0
TGLX3,7/1/2023,105.133692,10.265919,65.42616728,7.085,0.01854125,0.00869,0.0065835,0.007229375,0.03142125,0.0197025,0.00563,0.0016,0.0056,0.00455,0,0.001417,6.5675,8.13,21.56125405,16.53071218,0.405,0.16,0.14,14.465,4550,0
TGLX3,8/1/2023,105.133692,10.265919,37.11405024,7.15,0.034458125,0.023795,0.02099,0.02076875,0.043302292,0.02132625,0.00704,0.00875,0.028,0.0038,0,0.00143,7.10875,9.54,26.75817399,18.98096043,0.725,0.875,0.7,8.855,3800,0
TGLX3,9/1/2023,105.133692,10.265919,36.30713926,7.03,0.03914625,0.02841,0.025653,0.02712875,0.04234125,0.0214725,0.00692,0.0079,0.0348,0.0072,0,0.001406,7.1575,9.42,22.13276122,17.59588468,0.88,0.79,0.87,2.5,7200,0
TGLX3,10/1/2023,105.133692,10.265919,34.33045889,7.02,0.035225,0.0236375,0.0200395,0.022315,0.042175,0.023175,0.0086,0.004375,0.0332,0.0011,0,0.001404,7.725,11.1,33.14086455,21.91753296,0.27125,0.4375,0.83,0.6125,1100,0
TGLX3,11/1/2023,105.133692,10.265919,50.46662451,7.06,0.02295625,0.01105,0.007506,0.0062575,0.04353125,0.0238125,0.0085,0.005,0.0064,0.0022,0,0.001412,7.9375,11,28.67183425,20.82738312,0.33,0.5,0.16,0.65,2200,0
TGLX3,12/1/2023,105.133692,10.265919,16.12043638,7.29,0.025103125,0.01433125,0.01156025,0.0101925,0.041248958,0.02154375,0.007,0.0068125,0.007,0.00785,0,0.001458,7.18125,9.5,23.96902786,18.21040837,0.509375,0.68125,0.175,0.6625,7850,0
TGLX3,1/1/2024,105.133692,10.265919,34.06779951,7.035,0.019829375,0.010458125,0.008956625,0.009410625,0.030343542,0.0187425,0.00441,0.00285625,0.0106,0.00305,0,0.001407,6.2475,6.91,19.35100789,15.35391327,0.563125,0.285625,0.265,0.45,3050,0
TGLX3,2/1/2024,105.133692,10.265919,32.71396531,7.14,0.02594375,0.0148625,0.0116765,0.01217375,0.039477083,0.0221625,0.0078,0.003875,0.00855,0.0095,0,0.001428,7.3875,10.3,23.27105159,18.29974041,1.35,0.3875,0.21375,0.675,9500,0
TGLX3,3/1/2024,105.133692,10.265919,51.9721266,6.79,0.0162375,0.0096975,0.0068165,0.00578625,0.028670833,0.01308,0.00712,0.004375,0.0068,0.0011,0,0.001358,4.36,9.62,23.55258518,13.84724627,1.22375,0.4375,0.17,0.52,1100,0
TGLX3,4/1/2024,105.133692,10.265919,31.5282395,6.815,0.020902948,0.013734823,0.01077525,0.010414375,0.030923544,0.01433625,0.007282145,0.0048875,0.0102,0.0051,0,0.001363,4.77875,9.782145,27.45740739,15.70639971,1.51875,0.48875,0.255,0.40625,5100,0
TGLX3,5/1/2024,105.133692,10.265919,34.80918913,6.79,0.02679625,0.01975,0.016354,0.01709875,0.03219125,0.0140925,0.00815,0.00535,0.0248,0.0012,0,0.001358,4.6975,10.65,25.41774723,14.94150449,1.1925,0.535,0.62,0.28,1200,0
TGLX3,6/1/2024,105.133692,10.265919,50.72931809,7.025,0.0246265,0.017435875,0.0148525,0.016409375,0.028470167,0.01438125,0.00657175,0.00345,0.0202,0.00465,0,0.001405,4.79375,9.07175,21.23544353,13.76737264,0.77,0.345,0.505,0.355,4650,0
TGLX3,7/1/2024,105.133692,10.265919,37.16908523,6.58,0.02171125,0.014575,0.011758,0.0110725,0.03152625,0.0142725,0.00695,0.0058,0.0072,0.0092,0,0.001316,4.7575,9.45,20.15533418,13.37248398,1.36,0.58,0.18,0.31,9200,0
TGLX3,8/1/2024,105.133692,10.265919,36.14944531,7.42,0.044513313,0.034195,0.028767,0.0326775,0.044597729,0.020636625,0.01234,0.00525,0.0496,0.0012,0,0.001484,6.878875,14.84,42.25782004,23.52254328,1.83875,0.525,1.24,0.875,1200,0
TGLX3,9/1/2024,105.133692,10.265919,34.68685027,7.13,0.042446529,0.033282688,0.028338,0.03432875,0.036625234,0.018327683,0.011315375,0.00175,0.0448,0.0087,0,0.001426,6.1092275,13.815375,35.59245664,20.26675948,0.81375,0.175,1.12,0.225,8700,0
TGLX3,10/1/2024,105.133692,10.265919,44.14681884,7.65,0.0292382,0.0211157,0.017465,0.02101875,0.030772467,0.016245,0.0088314,0.0013,0.0276,0.0045,0,0.00153,5.415,11.3314,23.16811111,15.30853755,0.87875,0.13,0.69,0.3625,4500,0
TGLX3,11/1/2024,105.133692,10.265919,33.83022098,7.61,0.022331164,0.01232895,0.008161,0.00901375,0.037056049,0.020004428,0.0098579,0.0019,0.0112,0.0017,0,0.001522,6.6681425,12.3579,29.87881536,19.30385794,1.1525,0.19,0.28,0.75,1700,0
TGLX3,12/1/2024,105.133692,10.265919,47.86935759,7.075,0.042090228,0.032665559,0.02835125,0.031571875,0.040927198,0.018849338,0.010043618,0.0061875,0.0456,0.0035,0,0.001415,6.2831125,12.5436175,33.15102615,19.75790524,1.161875,0.61875,1.14,0.25625,3500,0
TGLX3,1/1/2025,105.133692,10.265919,64.56388425,7.41,0.061815625,0.0466,0.039991,0.04792625,0.056503125,0.03043125,0.0147,0.0033,0.07,0.0052,0,0.001482,10.14375,17.2,46.45879371,29.74424849,0.95,0.33,1.75,0.45,5200,0
TGLX3,2/1/2025,105.133692,10.265919,50.85106334,7.37,0.021289375,0.01123,0.009167,0.00977125,0.033155208,0.02011875,0.0056,0.0027,0.00936,0.0048,0,0.001474,6.70625,8.1,18.2598602,15.69804467,0.51,0.27,0.234,0.68,4800,0
TGLX3,3/1/2025,105.133692,10.265919,52.49382432,7.41,0.03396875,0.02001875,0.01453475,0.01702,0.04921875,0.0279,0.01245,0.0018375,0.0174,0.00835,0,0.001482,9.3,14.95,33.11915173,24.27318781,0.39,0.18375,0.435,0.74375,8350,0
TGLX3,4/1/2025,105.133692,10.265919,35.02280075,7.155,0.030332813,0.017775,0.0132905,0.011831875,0.050359896,0.025115625,0.0104,0.00765,0.011,0.0065,0,0.001431,8.371875,12.9,33.08751551,22.87102672,0.47625,0.765,0.275,0.45,6500,0
TGLX3,5/1/2025,105.133692,10.265919,55.54673005,7.11,0.025700625,0.015435,0.012946,0.01540125,0.032878125,0.02053125,0.0064,0.00125,0.01862,0.0046,0,0.001422,6.84375,8.9,21.51833699,16.93155722,0.9925,0.125,0.4655,0.5875,4600,0
TGLX3,6/1/2025,105.133692,10.265919,69.70897724,6.91,0.015340034,0.009148784,0.0069035,0.00667625,0.024943412,0.0123825,0.005872567,0.003125,0.0072,0.0021,0,0.001382,4.1275,8.372567,21.824788,12.9537935,0.46875,0.3125,0.18,0.39,2100,0
TGLX3,7/1/2025,105.133692,10.265919,42.94738054,7.07,0.024106875,0.01675875,0.01421325,0.015915,0.028191042,0.01469625,0.006505,0.0029625,0.0222,0.00185,0,0.001414,4.89875,9.005,24.27044608,14.88168303,0.9075,0.29625,0.555,0.29375,1850,0
TGLX4,2/1/2021,104.871111,10.508672,33.19705679,7.35,0.02226625,0.0137725,0.0106975,0.00766875,0.039354583,0.0169875,0.00762,0.009125,0.0056,0.0052,0,0.00147,5.6625,10.12,26.37808751,16.69175993,0.73125,0.9125,0.14,0.35,5200,0
TGLX4,3/1/2021,104.871111,10.508672,44.13096742,7.54,0.021505728,0.013587603,0.011354,0.01297375,0.027721698,0.01583625,0.005975205,0.00195,0.0166,0.00265,0,0.001508,5.27875,8.475205,20.7608426,14.34525066,0.195,0.195,0.415,0.385,2650,0
TGLX4,4/1/2021,104.871111,10.508672,43.15136888,6.79,0.0184925,0.01094,0.008879,0.00878625,0.0283325,0.015105,0.00548,0.0037,0.0084,0.0043,0,0.001358,5.035,7.98,21.50802596,14.21518158,0.57,0.37,0.21,0.28,4300,0
TGLX4,5/1/2021,104.871111,10.508672,54.74084939,7.18,0.044269208,0.03462,0.029518,0.034085,0.041344818,0.019298415,0.01164,0.0045,0.048,0.0051,0,0.001436,6.432805,14.14,30.15835188,19.03897795,1.1875,0.45,1.2,0.225,5100,0
TGLX4,6/1/2021,104.871111,10.508672,35.69400455,7.17,0.033069151,0.024292655,0.024417,0.02833375,0.025944686,0.017552993,0.00118531,0.0035,0.0344,0.0095,0,0.001434,5.8509975,3.68531,9.996629191,11.81011201,0.6475,0.35,0.86,0.425,9500,0
TGLX4,7/1/2021,104.871111,10.508672,51.29479476,7.59,0.022723568,0.013194818,0.010359,0.01169875,0.032954992,0.0190575,0.007189636,0.002,0.0096,0.0076,0,0.001518,6.3525,9.689636,22.09486939,16.37643896,0.2375,0.2,0.24,0.4125,7600,0
TGLX4,8/1/2021,104.871111,10.508672,35.30730681,7.29,0.018066435,0.010345,0.008454,0.00791125,0.029088349,0.015442871,0.00524,0.00425,0.0063,0.0049,0,0.001458,5.1476235,7.74,18.94979306,13.57761213,0.48875,0.425,0.1575,0.15,4900,0
TGLX4,9/1/2021,104.871111,10.508672,33.89775937,6.79,0.042557854,0.033435231,0.02977275,0.03491125,0.035718326,0.018245246,0.008682962,0.0036875,0.0488,0.0057,0,0.001358,6.08174875,11.1829615,26.8393132,17.46603838,1.27625,0.36875,1.22,0.24375,5700,0
TGLX4,10/1/2021,104.871111,10.508672,63.54407513,7.04,0.01545375,0.00981,0.007454,0.007755,0.023225417,0.0112875,0.00612,0.0025,0.0064,0.0046,0,0.001408,3.7625,8.62,25.00878034,13.41007419,1.28,0.25,0.16,0.51,4600,0
TGLX4,11/1/2021,104.871111,10.508672,51.49653264,7.17,0.018037243,0.011039743,0.00874825,0.008365,0.028145233,0.013995,0.006016986,0.0041125,0.0082,0.00375,0,0.001434,4.665,8.5169855,21.11868936,13.5374399,0.79,0.41125,0.205,0.24,3750,0
TGLX4,12/1/2021,104.871111,10.508672,49.72702334,7.02,0.0221225,0.01436,0.011602,0.009815,0.034935833,0.015525,0.00692,0.0075,0.01,0.0043,0,0.001404,5.175,9.42,26.36873148,15.95756037,0.92375,0.75,0.25,0.29,4300,0
TGLX4,1/1/2022,104.871111,10.508672,38.53130113,7.19,0.020812257,0.012603507,0.010044,0.0101175,0.0313536,0.0164175,0.006557014,0.0039,0.0116,0.00315,0,0.001438,5.4725,9.057014,24.62833046,15.85513413,0.605625,0.39,0.29,0.2,3150,0
TGLX4,2/1/2022,104.871111,10.508672,51.27004594,7.82,0.01827,0.01095,0.008182,0.0091025,0.027463333,0.01464,0.0071,0.0018,0.0076,0.0054,0,0.001564,4.88,9.6,23.51337662,14.61488544,1.56,0.18,0.19,0.39,5400,0
TGLX4,3/1/2022,104.871111,10.508672,51.62138217,7.25,0.053303936,0.04334085,0.0391875,0.04421875,0.043525851,0.019926173,0.0097567,0.007625,0.0648,0.0045,0,0.00145,6.6420575,12.2567,31.94956565,19.91755209,0.69,0.7625,1.62,0.3375,4500,0
TGLX4,4/1/2022,104.871111,10.508672,50.33144832,7,0.049596685,0.040883939,0.0358,0.044125,0.034992264,0.017425493,0.011567877,0.001,0.06,0.0092,0,0.0014,5.8084975,14.067877,37.91632377,20.54828338,0.8875,0.1,1.5,0.525,9200,0
TGLX4,5/1/2022,104.871111,10.508672,50.51127146,7.43,0.02879683,0.01905808,0.015993,0.01530375,0.04035927,0.0194775,0.00761616,0.0075,0.0172,0.0058,0,0.001486,6.4925,10.11616,26.36807843,17.93360449,0.3575,0.75,0.43,0.8,5800,0
TGLX4,6/1/2022,104.871111,10.508672,53.85670266,7.25,0.02266,0.01519375,0.01509375,0.01684375,0.023123333,0.0149325,0.00165,0.0032375,0.0224,0.0031,0,0.00145,4.9775,4.15,10.07865421,10.52572485,1.3775,0.32375,0.56,0.1125,3100,0
TGLX4,7/1/2022,104.871111,10.508672,51.42713728,7,0.031204809,0.022407217,0.020703125,0.02371875,0.030169555,0.017595185,0.004808184,0.00345625,0.0302,0.00635,0,0.0014,5.86506175,7.3081835,20.47873265,15.13578072,0.6525,0.345625,0.755,0.325,6350,0
TGLX4,8/1/2022,104.871111,10.508672,34.26659586,7.14,0.0269425,0.01702,0.014864,0.01483,0.036849167,0.019845,0.00574,0.006,0.018,0.0043,0,0.001428,6.615,8.24,21.18338129,16.48283458,0.24,0.6,0.45,1.4,4300,0
TGLX4,9/1/2022,104.871111,10.508672,50.90459919,7.1,0.04488125,0.03389375,0.03075375,0.036825,0.037639583,0.021975,0.0077,0.0025875,0.048,0.0095,0,0.00142,7.325,10.2,29.04513237,20.02631853,0.34875,0.25875,1.2,0.575,9500,0
TGLX4,10/1/2022,104.871111,10.508672,55.1388093,7.49,0.028530625,0.01801,0.015649,0.01768625,0.035304792,0.02104125,0.00622,0.003,0.0244,0.0024,0,0.001498,7.01375,8.72,22.26158163,17.42087142,0.45,0.3,0.61,15.45,2400,0
TGLX4,11/1/2022,104.871111,10.508672,62.5911061,7.32,0.043075,0.03075625,0.02663825,0.0306025,0.045091667,0.0246375,0.0097,0.0043125,0.044,0.0035,0,0.001464,8.2125,12.2,31.43077701,22.10966331,0.1625,0.43125,1.1,0.55,3500,0
TGLX4,12/1/2022,104.871111,10.508672,54.22270822,7.57,0.0204925,0.010645,0.008957,0.01032125,0.030315833,0.019695,0.00489,0.0014,0.0096,0.0054,0,0.001514,6.565,7.39,21.44024208,16.48881213,0.73,0.14,0.24,21.25,5400,0
TGLX4,1/1/2023,104.871111,10.508672,63.82901851,7.3,0.03135,0.0193875,0.0155675,0.0170375,0.04305,0.023925,0.0091,0.003875,0.0196,0.0062,0,0.00146,7.975,11.6,26.48955726,20.19565172,0.7,0.3875,0.49,0.5875,6200,0
TGLX4,2/1/2023,104.871111,10.508672,54.85576062,6.93,0.022628125,0.0127,0.010343,0.01174125,0.032498958,0.01985625,0.0061,0.0019,0.0112,0.0062,0,0.001386,6.61875,8.6,19.43019841,15.93575376,0.63,0.19,0.28,19.28,6200,0
TGLX4,3/1/2023,104.871111,10.508672,51.67533699,7.24,0.041175,0.026625,0.020449,0.02228,0.056175,0.0291,0.0138,0.00525,0.0264,0.0078,0,0.001448,9.7,16.3,33.32688027,24.938676,0.67125,0.525,0.66,0.6625,7800,0
TGLX4,4/1/2023,104.871111,10.508672,52.51893364,7.43,0.02288041,0.01446916,0.012568,0.01180375,0.033087623,0.0168225,0.00528832,0.00625,0.012,0.0054,0,0.001486,5.6075,7.78832,21.01008176,14.91695043,0.8375,0.625,0.3,0.39,5400,0
TGLX4,5/1/2023,104.871111,10.508672,36.74265831,6.695,0.018903473,0.010683473,0.0089095,0.008699375,0.029431436,0.01644,0.004886945,0.0039,0.00888,0.0037,0,0.001339,5.48,7.386945,18.34107735,13.88427407,0.118125,0.39,0.222,0.45625,3700,0
TGLX4,6/1/2023,104.871111,10.508672,34.82878393,7.25,0.01920375,0.01131,0.008975,0.00996875,0.027892083,0.0157875,0.00612,0.002,0.0064,0.0081,0,0.00145,5.2625,8.62,22.03180617,14.72155775,0.51125,0.2,0.16,0.54,8100,0
TGLX4,7/1/2023,104.871111,10.508672,50.50924652,7.11,0.019474596,0.011526471,0.009411,0.0084825,0.031265724,0.01589625,0.005652942,0.00525,0.008,0.00415,0,0.001422,5.29875,8.152942,20.19421099,14.19661522,0.31625,0.525,0.2,0.325,4150,0
TGLX4,8/1/2023,104.871111,10.508672,62.43392129,7.2,0.0180425,0.00938,0.00767,0.0080875,0.0286825,0.017325,0.00486,0.0024,0.0084,0.0031,0,0.00144,5.775,7.36,17.74473118,14.13877086,0.62,0.24,0.21,0.3,3100,0
TGLX4,9/1/2023,104.871111,10.508672,64.07792432,7.82,0.020392196,0.01080945,0.006982,0.0074775,0.035448458,0.019165493,0.0092189,0.002,0.008,0.0024,0,0.001564,6.3884975,11.7189,26.47680839,17.81187878,0.67,0.2,0.2,0.2125,2400,0
TGLX4,10/1/2023,104.871111,10.508672,49.7855372,7.01,0.02210155,0.01346206,0.010751,0.01187625,0.03103695,0.01727898,0.00682412,0.0025,0.014,0.0036,0,0.001402,5.75966,9.32412,25.18531207,16.46146732,0.48,0.25,0.35,0.6,3600,0
TGLX4,11/1/2023,104.871111,10.508672,63.07611618,7.55,0.0268958,0.0170783,0.0145675,0.01594375,0.034756866,0.019635,0.006531599,0.003625,0.0168,0.0072,0,0.00151,6.545,9.031599,18.70114197,15.59528751,0.36125,0.3625,0.42,0.275,7200,0
TGLX4,12/1/2023,104.871111,10.508672,20.24524544,7.56,0.021130395,0.012088499,0.006581,0.0071325,0.037754254,0.018083792,0.012526997,0.00175,0.0073,0.0026,0,0.001512,6.02793075,15.026997,37.86346008,20.86076752,0.82875,0.175,0.1825,0.75,2600,0
TGLX4,1/1/2024,104.871111,10.508672,31.57356381,7.415,0.033601998,0.0245375,0.0202415,0.024051875,0.035237996,0.018128996,0.010075,0.002,0.0314,0.0056,0,0.001483,6.04299875,12.575,28.94617941,18.07212089,1.2275,0.2,0.785,0.6,5600,0
TGLX4,2/1/2024,104.871111,10.508672,61.40152758,7.58,0.018580559,0.0103,0.007758,0.0065725,0.032854637,0.016561118,0.0066,0.005,0.0064,0.0026,0,0.001516,5.520372518,9.1,21.27299616,14.86914521,0.11,0.5,0.16,16.89,2600,0
TGLX4,3/1/2024,104.871111,10.508672,35.54112514,7.43,0.020153125,0.00916,0.007443,0.00617875,0.037223958,0.02198625,0.00492,0.005,0.0048,0.0036,0,0.001486,7.32875,7.42,20.21766596,17.2490096,0.78,0.5,0.12,13.96,3600,0
TGLX4,4/1/2024,104.871111,10.508672,33.78981409,7.57,0.021380313,0.0120025,0.010732,0.0118525,0.029529063,0.018755625,0.004055,0.0025,0.0142,0.00325,0,0.001514,6.251875,6.555,15.59711254,14.17702831,0.25,0.25,0.355,15.915,3250,0
TGLX4,5/1/2024,104.871111,10.508672,35.61515046,7.465,0.035258438,0.024165,0.0212715,0.024370625,0.038519688,0.022186875,0.00728,0.00355,0.0316,0.0059,0,0.001493,7.395625,9.78,26.58233104,19.35583695,0.5,0.355,0.79,20.62,5900,0
TGLX4,6/1/2024,104.871111,10.508672,33.1485865,7.69,0.032675,0.021725,0.019169,0.02264875,0.035758333,0.0219,0.00665,0.0021,0.0284,0.0063,0,0.001538,7.3,9.15,20.89478008,17.41935059,0.84,0.21,0.71,22.6,6300,0
TGLX4,7/1/2024,104.871111,10.508672,37.07263626,7.63,0.033084375,0.0205875,0.0166005,0.01926625,0.043013542,0.02499375,0.0095,0.002375,0.0224,0.0069,0,0.001526,8.33125,12,34.17074397,23.15158621,0.5175,0.2375,0.56,0.575,6900,0
TGLX4,8/1/2024,104.871111,10.508672,37.20299738,7.5,0.024875,0.01475,0.01275,0.0131875,0.035175,0.02025,0.0055,0.0044,0.0124,0.0072,0,0.0015,6.75,8,20.61034558,16.5046802,0.27,0.44,0.31,0.7,7200,0
TGLX4,9/1/2024,104.871111,10.508672,47.22418194,7.645,0.034745313,0.02333125,0.02032075,0.022549375,0.040764063,0.022828125,0.00755,0.0045625,0.02575,0.0088,0,0.001529,7.609375,10.05,21.68336455,18.13202106,0.48875,0.45625,0.64375,0.36875,8800,0
TGLX4,10/1/2024,104.871111,10.508672,25.84514534,7.67,0.028893125,0.017838125,0.015170125,0.01795875,0.035683958,0.02211,0.00687,0.00160625,0.0204,0.0068,0,0.001534,7.37,9.37,25.47232924,18.96746193,0.69625,0.160625,0.51,0.45625,6800,0
TGLX4,11/1/2024,104.871111,10.508672,30.9437541,7.58,0.02563875,0.013245,0.009303,0.009285,0.044260417,0.0247875,0.0094,0.00375,0.00494,0.0084,0,0.001516,8.2625,11.9,25.38079118,20.27735378,1.12,0.375,0.1235,0.7,8400,0
TGLX4,12/1/2024,104.871111,10.508672,35.28105859,6.66,0.01782,0.0101475,0.0077535,0.0088325,0.026646667,0.015345,0.00612,0.001375,0.0116,0.0012,0,0.001332,5.115,8.62,20.76414616,14.10066714,0.535,0.1375,0.29,0.54,1200,0
TGLX4,1/1/2025,104.871111,10.508672,56.08133316,6.62,0.019731283,0.011989408,0.009762,0.010265,0.028422993,0.01548375,0.005778815,0.0031,0.0102,0.0049,0,0.001324,5.16125,8.278815,19.09981959,13.64534902,0.56,0.31,0.255,0.475,4900,0
TGLX4,2/1/2025,104.871111,10.508672,35.39751912,6.25,0.03668,0.02938625,0.02638125,0.02971875,0.03157,0.0145875,0.00726,0.0052125,0.0368,0.0095,0,0.00125,4.8625,9.76,22.16846657,14.1646411,0.7125,0.52125,0.92,0.12,9500,0
TGLX4,3/1/2025,104.871111,10.508672,35.82017718,6.735,0.02679593,0.01929218,0.0164985,0.018529375,0.02950717,0.0150075,0.00693436,0.00335,0.0238,0.0045,0,0.001347,5.0025,9.43436,23.6344411,14.83680205,0.17625,0.335,0.595,0.24,4500,0
TGLX4,4/1/2025,104.871111,10.508672,52.55311167,6.38,0.02100875,0.014285,0.011938,0.0132975,0.025687083,0.0134475,0.00597,0.0026,0.0136,0.0064,0,0.001276,4.4825,8.47,21.60618854,13.41737817,0.48,0.26,0.34,0.61,6400,0
TGLX4,5/1/2025,104.871111,10.508672,53.65439427,7.6,0.029607265,0.020119765,0.015085,0.016825,0.039450285,0.018975,0.01158953,0.00325,0.02,0.0054,0,0.00152,6.325,14.08953,33.06025995,19.79212167,1.3,0.325,0.5,0.325,5400,0
TGLX4,6/1/2025,104.871111,10.508672,53.57944197,6.89,0.030086135,0.021414639,0.018139,0.01986125,0.034734314,0.017342993,0.007929277,0.0045,0.026,0.0044,0,0.001378,5.7809975,10.429277,25.21580866,16.50308788,0.475,0.45,0.65,0.325,4400,0
TGLX4,7/1/2025,104.871111,10.508672,33.42922693,7.42,0.031147873,0.021761623,0.018642,0.0195525,0.037911703,0.0187725,0.007723245,0.006,0.024,0.0058,0,0.001484,6.2575,10.223245,26.33807655,17.57164614,0.45125,0.6,0.6,0.175,5800,0
TGLX5,2/1/2021,104.644658,10.525283,44.11018006,7.41,0.019984381,0.010555385,0.0071285,0.0075825,0.034205223,0.018857993,0.00833577,0.002125,0.00735,0.0033,0,0.001482,6.2859975,10.83577,29.52479492,18.61903248,0.64375,0.2125,0.18375,0.275,3300,0
TGLX5,3/1/2021,104.644658,10.525283,35.46123572,7.16,0.033525921,0.023737125,0.02230975,0.02511375,0.033018815,0.019577591,0.00428675,0.0044375,0.0344,0.00435,0,0.001432,6.52586375,6.78675,18.1629067,15.39689988,1.068125,0.44375,0.86,0.20625,4350,0
TGLX5,4/1/2021,104.644658,10.525283,35.35511191,7.36,0.02197375,0.01162,0.009286,0.0066075,0.040655417,0.0207075,0.00614,0.008,0.0056,0.0035,0,0.001472,6.9025,8.64,17.66529114,15.80497671,0.3,0.8,0.14,1.36,3500,0
TGLX5,5/1/2021,104.644658,10.525283,44.06612814,7.1,0.02185125,0.01263,0.01106,0.0110125,0.03208625,0.0184425,0.00456,0.0045,0.012,0.0042,0,0.00142,6.1475,7.06,20.60737557,15.59999387,0.12,0.45,0.3,18.21,4200,0
TGLX5,6/1/2021,104.644658,10.525283,36.54532286,7.14,0.0288425,0.019595,0.018039,0.01998625,0.0316575,0.018495,0.00454,0.0041,0.0246,0.00595,0,0.001428,6.165,7.04,16.23599805,14.2481299,0.42,0.41,0.615,10.4,5950,0
TGLX5,7/1/2021,104.644658,10.525283,64.22183863,7.275,0.037690938,0.02722,0.0247025,0.027940625,0.037487188,0.020941875,0.00649,0.0047,0.0374,0.00585,0,0.001455,6.980625,8.99,22.86714638,17.56209336,0.56,0.47,0.935,20.61,5850,0
TGLX5,8/1/2021,104.644658,10.525283,38.25534087,7.33,0.034346875,0.0232,0.020133,0.02116625,0.042342708,0.02229375,0.0076,0.0064,0.0252,0.0072,0,0.001466,7.43125,10.1,23.03060516,18.28956263,0.9,0.64,0.63,24.7,7200,0
TGLX5,9/1/2021,104.644658,10.525283,35.27767271,7.16,0.0227625,0.015375,0.015491,0.01827,0.020679167,0.014775,0.0012,0.00175,0.022,0.0058,0,0.001432,4.925,3.7,10.03647672,10.43367803,0.85375,0.175,0.55,0.625,5800,0
TGLX5,10/1/2021,104.644658,10.525283,60.57932038,7.29,0.027803125,0.01765,0.015429,0.01503625,0.038507292,0.02030625,0.0059,0.0068,0.0164,0.0062,0,0.001458,6.76875,8.4,20.04780063,16.35545811,0.16,0.68,0.41,0.51,6200,0
TGLX5,11/1/2021,104.644658,10.525283,51.05733727,7.29,0.01795,0.0101875,0.0100915,0.0101925,0.024558333,0.015525,0.00165,0.003875,0.007,0.00785,0,0.001458,5.175,4.15,9.750450956,10.71850598,1.63125,0.3875,0.175,0.46875,7850,0
TGLX5,12/1/2021,104.644658,10.525283,50.9965345,7.09,0.027548438,0.016725,0.0137215,0.01348,0.040771354,0.021646875,0.007425,0.005875,0.012,0.00815,0,0.001418,7.215625,9.925,24.90793933,18.55797071,0.79,0.5875,0.3,0.275,8150,0
TGLX5,1/1/2022,104.644658,10.525283,50.35949087,7.56,0.02181375,0.0109575,0.0083635,0.00912625,0.035627083,0.0217125,0.0067,0.002125,0.00589,0.0072,0,0.001512,7.2375,9.2,24.7962204,18.55556286,0.625,0.2125,0.14725,0.15,7200,0
TGLX5,2/1/2022,104.644658,10.525283,62.90977907,6.75,0.02049125,0.012335,0.00845,0.00665625,0.036962917,0.0163125,0.00912,0.00625,0.006,0.0033,0,0.00135,5.4375,11.62,30.41642593,17.62738049,0.35,0.625,0.15,0.42,3300,0
TGLX5,3/1/2022,104.644658,10.525283,51.3324442,6.705,0.015364315,0.00744994,0.006058,0.005306875,0.027508401,0.01582875,0.004124879,0.003625,0.0048,0.00235,0,0.001341,5.27625,6.624879,15.44846935,12.66672978,1.15,0.3625,0.12,0.43,2350,0
TGLX5,4/1/2022,104.644658,10.525283,54.49501401,6.92,0.03106375,0.02340625,0.02004825,0.021865,0.033282083,0.015315,0.0081,0.0051125,0.0272,0.0064,0,0.001384,5.105,10.6,24.09990506,15.13729353,0.19125,0.51125,0.68,0.32,6400,0
TGLX5,5/1/2022,104.644658,10.525283,49.14729017,6.91,0.022578425,0.0151778,0.013566,0.0150825,0.026141326,0.01480125,0.004605601,0.003,0.02,0.00275,0,0.001382,4.93375,7.1056005,17.10915146,12.67652395,0.48125,0.3,0.5,0.325,2750,0
TGLX5,6/1/2022,104.644658,10.525283,64.42789782,6.46,0.0251225,0.017975,0.014696,0.017495,0.027469167,0.014295,0.00785,0.0014,0.0224,0.0043,0,0.001292,4.765,10.35,26.99508701,15.54002428,0.36,0.14,0.56,0.5,4300,0
TGLX5,7/1/2022,104.644658,10.525283,64.94030105,7.42,0.030227232,0.019908919,0.017192,0.0180525,0.03856354,0.020636625,0.006917838,0.0055,0.0252,0.0022,0,0.001484,6.878875,9.417838,27.48964939,18.86675178,0.46125,0.55,0.63,0.75,2200,0
TGLX5,8/1/2022,104.644658,10.525283,63.83292858,7.3,0.035886663,0.026122075,0.0222675,0.021975,0.044418879,0.019529175,0.00916915,0.009375,0.0312,0.0025,0,0.00146,6.509725,11.66915,28.56950617,18.65346082,0.56,0.9375,0.78,0.175,2500,0
TGLX5,9/1/2022,104.644658,10.525283,52.59328899,7.47,0.042222956,0.033436706,0.0286095,0.03380875,0.037153563,0.0175725,0.011148411,0.003125,0.048,0.0046,0,0.001494,5.8575,13.648411,37.02215114,20.33989159,1.675,0.3125,1.2,0.1,4600,0
TGLX5,10/1/2022,104.644658,10.525283,64.24293311,7.92,0.019302456,0.008573835,0.0059295,0.00670875,0.034364064,0.021457242,0.00687267,0.001125,0.00735,0.0018,0,0.001584,7.152414,9.37267,19.16330374,16.65210894,0.25,0.1125,0.18375,0.2375,1800,0
TGLX5,11/1/2022,104.644658,10.525283,62.64186962,6.87,0.038626241,0.028890323,0.02360575,0.0272025,0.040952896,0.019471838,0.011943145,0.0036875,0.0394,0.00275,0,0.001374,6.4906125,14.443145,33.37927559,20.14111282,1.045,0.36875,0.985,0.33125,2750,0
TGLX5,12/1/2022,104.644658,10.525283,63.96947943,7.3,0.018038125,0.007915,0.00573,0.0052875,0.033922292,0.02024625,0.00583,0.003,0.0048,0.0022,0,0.00146,6.74875,8.33,20.10798104,16.3444305,0.14,0.3,0.12,11.57,2200,0
TGLX5,1/1/2023,104.644658,10.525283,64.26455504,7.11,0.024700625,0.01529,0.013561,0.01263875,0.035701458,0.01882125,0.00488,0.0069,0.0096,0.0092,0,0.001422,6.27375,7.38,17.92300436,14.943098,0.68,0.69,0.24,16.12,9200,0
TGLX5,2/1/2023,104.644658,10.525283,52.14072398,7.205,0.026615313,0.017155,0.0154705,0.014838125,0.036085729,0.018920625,0.00481,0.0072,0.017,0.0053,0,0.001441,6.306875,7.31,19.38391566,15.45335022,0.45,0.72,0.425,22.73,5300,0
TGLX5,3/1/2023,104.644658,10.525283,64.24579918,7.23,0.033494375,0.02324,0.020873,0.02321625,0.036503542,0.02050875,0.00618,0.0046,0.0294,0.0063,0,0.001446,6.83625,8.68,24.12415511,17.74181356,1.145,0.46,0.735,22.27,6300,0
TGLX5,4/1/2023,104.644658,10.525283,51.57144887,7.34,0.04299625,0.03211,0.029284,0.03423,0.03814125,0.0217725,0.00712,0.0038,0.052,0.0013,0,0.001468,7.2575,9.62,22.60267122,17.89402781,2.11,0.38,1.3,32.5,1300,0
TGLX5,5/1/2023,104.644658,10.525283,51.07290276,7.27,0.039046875,0.02295,0.015427,0.01740875,0.060309375,0.03219375,0.0165,0.003,0.0192,0.0072,0,0.001454,10.73125,19,56.72760598,33.86282897,1.24875,0.3,0.48,0.2125,7200,0
TGLX5,6/1/2023,104.644658,10.525283,53.18558308,7.21,0.026721875,0.01895,0.018771,0.01777625,0.030851042,0.01554375,0.0018,0.0091,0.0216,0.0054,0,0.001442,5.18125,4.3,11.20808066,11.18741115,0.79,0.91,0.54,0.58,5400,0
TGLX5,7/1/2023,104.644658,10.525283,51.99694641,7.21,0.021969063,0.010673125,0.007511625,0.008510625,0.037056979,0.022591875,0.007765,0.00140625,0.006825,0.00535,0,0.001442,7.530625,10.265,25.30513014,19.15568849,1.1025,0.140625,0.170625,0.4,5350,0
TGLX5,8/1/2023,104.644658,10.525283,62.11633489,7.075,0.023793438,0.0116425,0.007445,0.008071875,0.042101354,0.024301875,0.00981,0.001975,0.0062,0.0053,0,0.001415,8.100625,12.31,33.32842404,22.54010019,0.76625,0.1975,0.155,0.28125,5300,0
TGLX5,9/1/2023,104.644658,10.525283,64.93765192,7.1,0.0222125,0.0102125,0.0061725,0.0063875,0.0415625,0.024,0.0095,0.002125,0.0077,0.0011,0,0.00142,8,12,27.11190476,20.42935207,1.9375,0.2125,0.1925,0.3625,1100,0
TGLX5,10/1/2023,104.644658,10.525283,32.63975801,6.68,0.018065944,0.011623444,0.010118,0.0118975,0.021503868,0.012885,0.004346887,0.0012,0.0096,0.0081,0,0.001336,4.295,6.846887,16.29222585,11.4608562,0.135,0.12,0.24,0.53,8100,0
TGLX5,11/1/2023,104.644658,10.525283,65.33509583,6.71,0.019172438,0.011987438,0.0104085,0.00952625,0.028519022,0.01437,0.004499876,0.005575,0.009,0.0049,0,0.001342,4.79,6.999876,17.24524779,12.50380447,0.478125,0.5575,0.225,0.6175,4900,0
TGLX5,12/1/2023,104.644658,10.525283,43.80811106,6.83,0.02621625,0.0190425,0.0160955,0.01854125,0.028154583,0.0143475,0.00726,0.002525,0.0204,0.0079,0,0.001366,4.7825,9.76,24.06612998,14.64289564,0.1375,0.2525,0.51,0.28,7900,0
TGLX5,1/1/2024,104.644658,10.525283,44.61464458,6.865,0.048835699,0.042706324,0.0405865,0.044983125,0.031583297,0.01225875,0.005612647,0.0092,0.0668,0.0038,0,0.001373,4.08625,8.112647,18.75099822,11.92288011,0.625,0.92,1.67,0.245,3800,0
TGLX5,2/1/2024,104.644658,10.525283,50.61732199,7.15,0.01734125,0.00926,0.007415,0.00826875,0.02669625,0.0161625,0.00512,0.0016,0.0096,0.0022,0,0.00143,5.3875,7.62,16.98903102,13.31927996,0.24,0.16,0.24,0.45,2200,0
TGLX5,3/1/2024,104.644658,10.525283,64.10963974,7.3,0.02203625,0.0145175,0.0111425,0.0091625,0.036017917,0.0150375,0.00821,0.007625,0.01,0.0032,0,0.00146,5.0125,10.71,25.85311848,15.55125898,0.9375,0.7625,0.25,0.3,3200,0
TGLX5,4/1/2024,104.644658,10.525283,54.27609732,7.15,0.02470997,0.015442756,0.012715,0.01489375,0.031523263,0.018534428,0.006885512,0.0016,0.016,0.0064,0,0.00143,6.1781425,9.385512,22.7935735,16.33517513,0.4,0.16,0.4,0.25,6400,0
TGLX5,5/1/2024,104.644658,10.525283,49.76803656,7.35,0.024105741,0.014149491,0.01175375,0.01391875,0.031980061,0.0199125,0.006261481,0.0012375,0.0124,0.0084,0,0.00147,6.6375,8.761481,23.61430586,17.28295424,0.265,0.12375,0.31,0.3,8400,0
TGLX5,6/1/2024,104.644658,10.525283,63.5468102,7.34,0.023586847,0.0159575,0.0088465,0.00769875,0.042377643,0.015258694,0.01569,0.005375,0.00865,0.0022,0,0.001468,5.08623125,18.19,41.47789187,20.58769866,0.8,0.5375,0.21625,0.1875,2200,0
TGLX5,7/1/2024,104.644658,10.525283,39.7225121,7.045,0.032980746,0.02381581,0.0192595,0.022043125,0.03745174,0.018329871,0.01052162,0.00325,0.02746,0.0064,0,0.001409,6.109957,13.02162,36.2822898,20.48532951,1.550625,0.325,0.6865,0.25625,6400,0
TGLX5,8/1/2024,104.644658,10.525283,38.36684881,7.32,0.026123125,0.016105,0.014032,0.013165,0.038087292,0.02003625,0.00561,0.007,0.0112,0.0084,0,0.001464,6.67875,8.11,20.84917746,16.47309898,0.17,0.7,0.28,13.8,8400,0
TGLX5,9/1/2024,104.644658,10.525283,36.41019838,7.11,0.018710625,0.00993,0.008761,0.01013875,0.026391458,0.01756125,0.00376,0.0013,0.0104,0.0044,0,0.001422,5.85375,6.26,15.9813648,13.7009796,0.24,0.13,0.26,22.14,4400,0
TGLX5,10/1/2024,104.644658,10.525283,36.08718189,7.405,0.023075,0.0133625,0.0116405,0.012238125,0.032725,0.019425,0.004925,0.0037,0.0158,0.0023,0,0.001481,6.475,7.425,19.46194813,15.73013812,0.345,0.37,0.395,10.325,2300,0
TGLX5,11/1/2024,104.644658,10.525283,34.64342239,7.225,0.035900625,0.0264525,0.0247975,0.026934375,0.035176458,0.01889625,0.004755,0.0065,0.0348,0.00685,0,0.001445,6.29875,7.255,17.66183117,14.89826093,0.585,0.65,0.87,10.32,6850,0
TGLX5,12/1/2024,104.644658,10.525283,52.52963624,7.25,0.033259375,0.0223,0.019325,0.01984375,0.042255208,0.02191875,0.0074,0.0069,0.0208,0.0095,0,0.00145,7.30625,9.9,20.49928318,17.30404183,1.7,0.69,0.52,26.4,9500,0
TGLX5,1/1/2025,104.644658,10.525283,65.4293238,7.42,0.0371,0.026375,0.023767,0.0245525,0.042466667,0.02145,0.0067,0.00825,0.0356,0.0022,0,0.001484,7.15,9.2,24.85005245,18.44128387,0.44,0.825,0.89,0.3375,2200,0
TGLX5,2/1/2025,104.644658,10.525283,54.44438436,7.32,0.03440625,0.0195,0.013082,0.010415,0.062547917,0.0298125,0.0143,0.0095,0.014,0.0012,0,0.001464,9.9375,16.8,37.87230263,26.72790909,0.85,0.95,0.35,0.73,1200,0
TGLX5,3/1/2025,104.644658,10.525283,69.21269935,7.435,0.026782188,0.013135,0.0079435,0.008491875,0.048375104,0.027294375,0.01187,0.0023,0.00625,0.00585,0,0.001487,9.098125,14.37,31.58970324,23.48820366,1.2125,0.23,0.15625,0.5125,5850,0
TGLX5,4/1/2025,104.644658,10.525283,50.05266811,7.445,0.021914063,0.010153125,0.006647625,0.006868125,0.040049479,0.023521875,0.0085,0.00230625,0.0082,0.0013,0,0.001489,7.840625,11,27.96723182,20.4599387,0.825625,0.230625,0.205,0.20625,1300,0
TGLX5,5/1/2025,104.644658,10.525283,65.58231786,7.36,0.02938,0.015505,0.010041,0.0114575,0.048883333,0.02775,0.0124,0.00175,0.01406,0.0028,0,0.001472,9.25,14.9,36.02508103,25.11430676,2.775,0.175,0.3515,0.2,2800,0
TGLX5,6/1/2025,104.644658,10.525283,34.91365569,7.14,0.013209441,0.007719441,0.006039,0.005205,0.022772028,0.01098,0.004788881,0.00375,0.0056,0.0013,0,0.001428,3.66,7.288881,17.73534001,10.96331022,0.27,0.375,0.14,0.48,1300,0
TGLX5,7/1/2025,104.644658,10.525283,65.04288157,6.885,0.01536355,0.00980605,0.00774475,0.007329375,0.023773283,0.011115,0.0054996,0.0037625,0.0084,0.00195,0,0.001377,3.705,7.9996,17.81822362,11.05693998,1.005,0.37625,0.21,0.45375,1950,0
TGLX6,2/1/2021,105.092314,10.018097,4.329488784,6.92,0.03106375,0.02374375,0.01981075,0.02124,0.03444875,0.01464,0.00925,0.0056375,0.0304,0.0022,0,0.001384,4.88,11.75,33.72230017,17.83333549,2.61,0.56375,0.76,0.45,2200,0
TGLX6,3/1/2021,105.092314,10.018097,51.55884937,7.165,0.037381595,0.030279095,0.0267665,0.030864375,0.031282055,0.014205,0.00845819,0.00415,0.042,0.00595,0,0.001433,4.735,10.95819,28.41593718,15.94295939,0.915,0.415,1.05,0.31,5950,0
TGLX6,4/1/2021,105.092314,10.018097,45.86300783,6.69,0.02880875,0.02225,0.020219,0.02358625,0.02475375,0.0131175,0.0054,0.0027,0.0336,0.0028,0,0.001338,4.3725,7.9,20.0725,12.7688698,0.35,0.27,0.84,0.53,2800,0
TGLX6,5/1/2021,105.092314,10.018097,45.73591371,7.24,0.027064516,0.0168125,0.0134865,0.0127175,0.041100538,0.020504033,0.0081,0.006625,0.0144,0.0045,0,0.001448,6.8346775,10.6,24.90523025,17.98569539,0.26875,0.6625,0.36,0.1375,4500,0
TGLX6,6/1/2021,105.092314,10.018097,35.58731689,7.73,0.027241483,0.017660897,0.0151355,0.01821625,0.03136346,0.019161173,0.006596793,0.001125,0.0204,0.0072,0,0.001546,6.3870575,9.096793,23.38602362,16.83532257,0.17125,0.1125,0.51,0.35,7200,0
TGLX6,7/1/2021,105.092314,10.018097,36.44604022,7.65,0.0337773,0.0234948,0.0198775,0.02101875,0.0413637,0.020565,0.0087646,0.006125,0.0276,0.0045,0,0.00153,6.855,11.2646,32.68142772,20.46769159,0.78625,0.6125,0.69,0.2125,4500,0
TGLX6,8/1/2021,105.092314,10.018097,44.25443966,7.36,0.027578621,0.01706,0.014236,0.01642,0.035416782,0.021037242,0.00712,0.0022,0.0212,0.0036,0,0.001472,7.012414,9.62,25.07482231,18.30576549,0.1175,0.22,0.53,0.2,3600,0
TGLX6,9/1/2021,105.092314,10.018097,42.63262169,7.16,0.025078113,0.015623634,0.014491,0.01686375,0.028707263,0.018908959,0.003697267,0.002,0.021,0.00455,0,0.001432,6.30298625,6.197267,15.58937793,14.25125678,0.686875,0.2,0.525,0.2,4550,0
TGLX6,10/1/2021,105.092314,10.018097,64.62426872,7.26,0.0221875,0.01195,0.009626,0.0070325,0.0403375,0.020475,0.0061,0.008,0.008,0.0018,0,0.001452,6.825,8.6,20.10415022,16.4575978,0.1,0.8,0.2,15.1,1800,0
TGLX6,11/1/2021,105.092314,10.018097,51.0793701,7.02,0.02128,0.01138,0.009282,0.0098775,0.032853333,0.0198,0.0056,0.00276,0.0072,0.0072,0,0.001404,6.6,8.1,22.07049788,16.74000564,0.69,0.276,0.18,17.12,7200,0
TGLX6,12/1/2021,105.092314,10.018097,50.39930442,7.48,0.02389,0.01366,0.011548,0.01296625,0.033285,0.02046,0.00572,0.00235,0.0126,0.00665,0,0.001496,6.82,8.22,19.56601153,16.280445,0.2,0.235,0.315,15.77,6650,0
TGLX6,1/1/2022,105.092314,10.018097,40.62925954,7.44,0.029834063,0.0188175,0.015969,0.01683625,0.039921146,0.022033125,0.007185,0.005,0.022,0.00345,0,0.001488,7.344375,9.685,26.26434061,19.17871276,0.17,0.5,0.55,17.56,3450,0
TGLX6,2/1/2022,105.092314,10.018097,50.18850374,7.32,0.034456875,0.023415,0.020432,0.0247275,0.035949375,0.02208375,0.00743,0.0013,0.03,0.0081,0,0.001464,7.36125,9.93,22.67597444,18.07276228,0.76,0.13,0.75,24.8,8100,0
TGLX6,3/1/2022,105.092314,10.018097,51.27673596,7.26,0.044625,0.031125,0.025901,0.0306575,0.048591667,0.027,0.0119,0.00275,0.0464,0.0012,0,0.001452,9,14.4,41.00489276,26.30923479,0.6,0.275,1.16,0.4125,1200,0
TGLX6,4/1/2022,105.092314,10.018097,55.43090378,7.54,0.03528125,0.0272,0.027054,0.0331925,0.022122917,0.0161625,0.0018,0.001,0.0448,0.0068,0,0.001508,5.3875,4.3,11.07806075,11.45579626,0.91,0.1,1.12,0.5,6800,0
TGLX6,5/1/2022,105.092314,10.018097,50.07521931,7.495,0.020878125,0.011475,0.010112,0.01179625,0.028444792,0.01880625,0.004225,0.00135,0.008425,0.00895,0,0.001499,6.26875,6.725,14.19202284,13.75937432,0.273125,0.135,0.210625,0.45625,8950,0
TGLX6,6/1/2022,105.092314,10.018097,62.68390498,7.21,0.030565,0.01915375,0.01592725,0.01596375,0.043201667,0.0228225,0.007895,0.0063125,0.0192,0.0049,0,0.001442,7.6075,10.395,28.2147763,20.18829171,0.50625,0.63125,0.48,0.19375,4900,0
TGLX6,7/1/2022,105.092314,10.018097,64.4128138,7.1,0.02312625,0.0120825,0.0088925,0.00619375,0.04405625,0.0220875,0.0078,0.007875,0.00779,0.0007,0,0.00142,7.3625,10.3,21.96824783,17.85152044,0.965,0.7875,0.19475,0.5375,700,0
TGLX6,8/1/2022,105.092314,10.018097,64.59054446,7.04,0.019757383,0.010738633,0.008129,0.00563,0.037233894,0.0180375,0.006627266,0.00725,0.0048,0.0028,0,0.001408,6.0125,9.127266,20.42831972,15.34104499,0.495,0.725,0.12,0.39,2800,0
TGLX6,9/1/2022,105.092314,10.018097,64.38135908,7.105,0.026309585,0.01813271,0.01564175,0.016263125,0.032689032,0.01635375,0.00640292,0.0052625,0.021,0.0036,0,0.001421,5.45125,8.90292,20.01927931,14.37021652,0.466875,0.52625,0.525,0.37375,3600,0
TGLX6,10/1/2022,105.092314,10.018097,63.39215882,7.21,0.02095125,0.0119475,0.0092585,0.01071375,0.030569583,0.0180075,0.00682,0.001375,0.014,0.0017,0,0.001442,6.0025,9.32,25.77706114,17.01228126,0.11375,0.1375,0.35,0.2,1700,0
TGLX6,11/1/2022,105.092314,10.018097,62.70585941,6.905,0.035595938,0.027522188,0.0254405,0.028581875,0.031315522,0.0161475,0.005544376,0.00515,0.0378,0.00655,0,0.001381,5.3825,8.044376,19.09766292,13.97654411,0.53375,0.515,0.945,0.275,6550,0
TGLX6,12/1/2022,105.092314,10.018097,49.26613518,6.96,0.0183125,0.009965,0.007196,0.0058075,0.0335125,0.016695,0.00693,0.0051,0.0064,0.0015,0,0.001392,5.565,9.43,21.62828772,15.04809512,0.62,0.51,0.16,0.42,1500,0
TGLX6,1/1/2023,105.092314,10.018097,63.32930073,7.62,0.02313922,0.01465672,0.011212,0.011515,0.034274847,0.016965,0.00841344,0.004,0.0152,0.0017,0,0.001524,5.655,10.91344,24.65701216,16.13792628,0.25625,0.4,0.38,0.525,1700,0
TGLX6,2/1/2023,105.092314,10.018097,51.83347227,7.05,0.029354021,0.019568209,0.01558,0.01588125,0.040492716,0.019571625,0.009386417,0.00575,0.0212,0.0028,0,0.00141,6.523875,11.886417,32.10631368,19.78969449,0.7,0.575,0.53,0.65,2800,0
TGLX6,3/1/2023,105.092314,10.018097,51.99152439,7.78,0.02263115,0.0130424,0.011078,0.0132225,0.02993935,0.0191775,0.0054848,0.001,0.012,0.0076,0,0.001556,6.3925,7.9848,16.53360367,14.68320261,0.2775,0.1,0.3,0.1375,7600,0
TGLX6,4/1/2023,105.092314,10.018097,50.77796537,7.45,0.021541098,0.0135325,0.0111575,0.009025,0.035154228,0.016017195,0.00624,0.007875,0.01065,0.0023,0,0.00149,5.339065,8.74,18.89277158,13.84679787,0.265,0.7875,0.26625,0.6875,2300,0
TGLX6,5/1/2023,105.092314,10.018097,51.33517392,7.105,0.037872985,0.028207424,0.02510425,0.028450625,0.036920297,0.019331121,0.007627348,0.0046875,0.0402,0.0039,0,0.001421,6.443707,10.127348,23.25267517,16.87825759,0.644375,0.46875,1.005,0.6375,3900,0
TGLX6,6/1/2023,105.092314,10.018097,51.8361744,7.14,0.02071375,0.01123,0.009464,0.01108,0.029315417,0.0189675,0.00496,0.0012,0.0084,0.0079,0,0.001428,6.3225,7.46,15.25267036,14.17437748,0.25,0.12,0.21,16.37,7900,0
TGLX6,7/1/2023,105.092314,10.018097,53.35031595,7,0.02051625,0.011355,0.009745,0.010625,0.02967125,0.0183225,0.00462,0.00249,0.0108,0.0048,0,0.0014,6.1075,7.12,20.78250907,15.5952062,0.33,0.249,0.27,12.63,4800,0
TGLX6,8/1/2023,105.092314,10.018097,32.66551422,7.155,0.017844063,0.00802,0.0059655,0.005956875,0.032186146,0.019648125,0.00554,0.0024,0.0046,0.0035,0,0.001431,6.549375,8.04,18.37514673,15.49907723,0.1,0.24,0.115,7.145,3500,0
TGLX6,9/1/2023,105.092314,10.018097,3.793221839,7.19,0.036740625,0.0265125,0.024394,0.02633625,0.038244792,0.02045625,0.005675,0.00665,0.036,0.0047,0,0.001438,6.81875,8.175,20.67270486,16.62746449,0.615,0.665,0.9,10.47,4700,0
TGLX6,10/1/2023,105.092314,10.018097,3.192915526,6.98,0.04252125,0.03231,0.029748,0.0351225,0.035282917,0.0204225,0.00652,0.0033,0.048,0.0068,0,0.001396,6.8075,9.02,20.56792659,16.57755725,0.93,0.33,1.2,26.1,6800,0
TGLX6,11/1/2023,105.092314,10.018097,29.62377953,7.09,0.0409375,0.0292,0.026059,0.02913625,0.0427875,0.023475,0.0077,0.0055,0.0368,0.0084,0,0.001418,7.825,10.2,27.668125,20.34220523,0.54,0.55,0.92,0.35,8400,0
TGLX6,12/1/2023,105.092314,10.018097,34.62171754,7.34,0.03309375,0.0216,0.018234,0.0221675,0.037552083,0.0229875,0.0082,0.001,0.0248,0.0092,0,0.001468,7.6625,10.7,25.53707938,19.42662496,0.34,0.1,0.62,0.66,9200,0
TGLX6,1/1/2024,105.092314,10.018097,34.10489756,7.38,0.023875,0.013975,0.012063,0.010469375,0.0378875,0.0198,0.0053,0.007375,0.007475,0.0078,0,0.001476,6.6,7.8,18.56795425,15.63579894,0.80125,0.7375,0.186875,0.65625,7800,0
TGLX6,2/1/2024,105.092314,10.018097,51.19707622,7.165,0.03353,0.0216575,0.0177915,0.019583125,0.043353333,0.023745,0.009165,0.00425,0.0228,0.0071,0,0.001433,7.915,11.665,29.3723567,21.01447878,0.759375,0.425,0.57,0.139375,7100,0
TGLX6,3/1/2024,105.092314,10.018097,50.31593198,7.08,0.03072875,0.0194225,0.0165805,0.01830375,0.039185417,0.0226125,0.0071,0.003875,0.02147,0.0064,0,0.001416,7.5375,9.6,25.87431694,19.34544197,0.93,0.3875,0.53675,0.8375,6400,0
TGLX6,4/1/2024,105.092314,10.018097,52.68090135,6.96,0.0219075,0.01356,0.011196,0.0105575,0.033034167,0.016695,0.00612,0.0055,0.0112,0.0043,0,0.001392,5.565,8.62,19.14170023,14.26417725,0.14625,0.55,0.28,0.51,4300,0
TGLX6,5/1/2024,105.092314,10.018097,35.02958568,7.005,0.02070125,0.012095,0.009463,0.010938125,0.029519583,0.0172125,0.006665,0.001425,0.0108,0.0053,0,0.001401,5.7375,9.165,20.41669427,14.92487997,0.303125,0.1425,0.27,0.345,5300,0
TGLX6,6/1/2024,105.092314,10.018097,37.34880802,7.24,0.025125,0.017685,0.014849,0.0168425,0.028875,0.01488,0.00712,0.00275,0.0212,0.0043,0,0.001448,4.96,9.62,22.44913613,14.39937457,1.1175,0.275,0.53,0.51,4300,0
TGLX6,7/1/2024,105.092314,10.018097,67.03315561,6.9,0.02002365,0.012570525,0.009565,0.00826875,0.032896849,0.01490625,0.00739105,0.0059,0.0068,0.00505,0,0.00138,4.96875,9.8910495,25.05504846,15.23403561,0.385,0.59,0.17,0.27,5050,0
TGLX6,8/1/2024,105.092314,10.018097,34.85435641,7.1,0.020495,0.01097,0.00911,0.0077625,0.034988333,0.01905,0.00514,0.0058,0.0064,0.0046,0,0.00142,6.35,7.64,19.21637771,15.46521996,0.11,0.58,0.16,0.61,4600,0
TGLX6,9/1/2024,105.092314,10.018097,36.22247661,7.4,0.020908383,0.012339633,0.008915,0.0084875,0.03466956,0.0171375,0.008329266,0.00425,0.01,0.0021,0,0.00148,5.7125,10.829266,25.41024073,16.461638,0.17125,0.425,0.25,0.1125,2100,0
TGLX6,10/1/2024,105.092314,10.018097,34.17726511,7,0.026869051,0.017562215,0.01435,0.012,0.041927786,0.018613673,0.00782443,0.0095,0.016,0.0018,0,0.0014,6.2045575,10.32443,24.96231056,17.05851045,0.2625,0.95,0.4,0.9125,1800,0
TGLX6,11/1/2024,105.092314,10.018097,24.90763336,7.61,0.02268375,0.0143625,0.0116735,0.00888875,0.038112083,0.0166425,0.0069,0.009125,0.0084,0.0043,0,0.001522,5.5475,9.4,24.21715606,15.8380079,0.14875,0.9125,0.21,0.2,4300,0
TGLX6,12/1/2024,105.092314,10.018097,62.93023599,7.49,0.022220882,0.013674632,0.010699,0.01262375,0.030032058,0.0170925,0.007449264,0.0012,0.0168,0.0019,0,0.001498,5.6975,9.949264,27.10928519,16.97477623,0.115,0.12,0.42,0.4,1900,0
TGLX6,1/1/2025,105.092314,10.018097,67.15601946,7,0.032783783,0.022734025,0.02178125,0.021875,0.037295494,0.020099516,0.00330555,0.0085625,0.0284,0.0052,0,0.0014,6.69983875,5.80555,15.50773062,14.82079552,0.52125,0.85625,0.71,0.35625,5200,0
TGLX6,2/1/2025,105.092314,10.018097,53.70010258,6.43,0.016456875,0.00774,0.005993,0.00624125,0.028249375,0.01743375,0.00478,0.002,0.0076,0.0011,0,0.001286,5.81125,7.28,17.57336158,14.13912014,0.27,0.2,0.19,14.44,1100,0
TGLX6,3/1/2025,105.092314,10.018097,34.32168805,6.92,0.034489375,0.025645,0.024242,0.0274275,0.030891875,0.01768875,0.00419,0.0046,0.036,0.0065,0,0.001384,5.89625,6.69,16.24727631,13.84856047,0.3,0.46,0.9,2.85,6500,0
TGLX6,4/1/2025,105.092314,10.018097,50.07551748,7.03,0.01994875,0.010495,0.008878,0.00844125,0.032430417,0.0189075,0.00464,0.00425,0.0066,0.0055,0,0.001406,6.3025,7.14,18.92395385,15.30178085,0.385,0.425,0.165,16.86,5500,0
TGLX6,5/1/2025,105.092314,10.018097,50.8617974,6.965,0.033902813,0.02433,0.0223215,0.024120625,0.035706563,0.019145625,0.00541,0.00605,0.032,0.0052,0,0.001393,6.381875,7.91,21.73988929,16.30859096,0.465,0.605,0.8,22.74,5200,0
TGLX6,6/1/2025,105.092314,10.018097,52.33435276,6.94,0.022985625,0.012705,0.010044,0.01018,0.036249792,0.02056125,0.00671,0.0038,0.0104,0.0045,0,0.001388,6.85375,9.21,21.63935572,16.9847094,0.49,0.38,0.26,18.2,4500,0
TGLX6,7/1/2025,105.092314,10.018097,49.5234349,7.02,0.03225625,0.02095,0.017602,0.0201275,0.03933125,0.0226125,0.0081,0.003,0.0232,0.0076,0,0.001404,7.5375,10.6,31.64803281,21.16565505,0.26125,0.3,0.58,0.8,7600,0
TGLX7,2/1/2021,104.925547,10.189381,4.367221142,7,0.02598125,0.0143,0.01045,0.0109375,0.041839583,0.0233625,0.0091,0.0034,0.0116,0.0045,0,0.0014,7.7875,11.6,30.23575248,21.09542165,0.69,0.34,0.29,0.58,4500,0
TGLX7,3/1/2021,104.925547,10.189381,37.21763783,7.165,0.026648438,0.0141375,0.009704,0.009239375,0.046604688,0.025021875,0.0103,0.004625,0.00635,0.007,0,0.001433,8.340625,12.8,31.72254294,22.3938325,0.624375,0.4625,0.15875,0.525,7000,0
TGLX7,4/1/2021,104.925547,10.189381,43.20914823,7.19,0.027364063,0.017571875,0.015803375,0.017805,0.032291146,0.019584375,0.004975,0.00311875,0.0212,0.00585,0,0.001438,6.528125,7.475,21.04246203,16.30809608,0.348125,0.311875,0.53,0.29375,5850,0
TGLX7,5/1/2021,104.925547,10.189381,45.13980649,7.12,0.0274325,0.0167075,0.0138195,0.01532125,0.037070833,0.02145,0.0072,0.003125,0.01729,0.0058,0,0.001424,7.15,9.7,21.91545635,17.51612747,0.7675,0.3125,0.43225,0.725,5800,0
TGLX7,6/1/2021,104.925547,10.189381,35.09099858,6.69,0.020215584,0.012138084,0.0101315,0.01008625,0.029903029,0.016155,0.005351168,0.004125,0.0072,0.0076,0,0.001338,5.385,7.851168,18.19239649,13.69490116,0.3575,0.4125,0.18,0.61,7600,0
TGLX7,7/1/2021,104.925547,10.189381,43.93808296,7.035,0.022943055,0.01392618,0.011969125,0.014066875,0.028917128,0.01803375,0.00532111,0.00143125,0.0168,0.0043,0,0.001407,6.01125,7.82111,20.35623962,15.31644613,0.2275,0.143125,0.42,0.24375,4300,0
TGLX7,8/1/2021,104.925547,10.189381,38.22327291,6.8,0.0189125,0.0093875,0.0069425,0.0075375,0.031645833,0.01905,0.00625,0.001825,0.0096,0.0011,0,0.00136,6.35,8.75,22.70899077,16.56629595,0.4125,0.1825,0.24,0.32,1100,0
TGLX7,9/1/2021,104.925547,10.189381,4.146931136,6.845,0.024694187,0.016474187,0.0143095,0.013824375,0.033411435,0.01644,0.005698373,0.0065,0.0164,0.00435,0,0.001369,5.48,8.198373,21.41110017,14.8521249,0.74125,0.65,0.41,0.23,4350,0
TGLX7,10/1/2021,104.925547,10.189381,62.87733901,7.41,0.02236625,0.013625,0.011891,0.01036375,0.03457125,0.0174825,0.00495,0.0072,0.0056,0.0095,0,0.001482,5.8275,7.45,17.15610752,14.03195224,0.39,0.72,0.14,0.27,9500,0
TGLX7,11/1/2021,104.925547,10.189381,52.69904059,7.32,0.021570914,0.014157164,0.0113195,0.013415,0.026998799,0.0148275,0.007139328,0.001175,0.0164,0.0036,0,0.001464,4.9425,9.639328,28.13615472,16.16600559,0.185,0.1175,0.41,0.2125,3600,0
TGLX7,12/1/2021,104.925547,10.189381,52.16960111,7.61,0.026977017,0.017633176,0.01496725,0.01776375,0.031563039,0.018687683,0.006853851,0.0015125,0.0224,0.0045,0,0.001522,6.2292275,9.353851,22.90097426,16.44566164,0.3625,0.15125,0.56,0.1125,4500,0
TGLX7,1/1/2022,104.925547,10.189381,40.12333209,7.64,0.024797218,0.016397218,0.014189,0.015705,0.030326842,0.0168,0.005944436,0.00325,0.0172,0.0064,0,0.001528,5.6,8.444436,22.90605008,15.50342058,0.33625,0.325,0.43,0.1125,6400,0
TGLX7,2/1/2022,104.925547,10.189381,51.32974918,7.3,0.019273661,0.012081161,0.008555,0.0061625,0.035171876,0.014385,0.008512322,0.00725,0.0051,0.0033,0,0.00146,4.795,11.012322,22.51572619,14.17286765,0.96375,0.725,0.1275,0.1125,3300,0
TGLX7,3/1/2022,104.925547,10.189381,54.54132612,6.97,0.022264233,0.012886629,0.01060325,0.0116525,0.031824877,0.018755209,0.005960758,0.0025625,0.0168,0.00045,0,0.001394,6.25173625,8.4607575,19.07734142,15.27399196,0.3525,0.25625,0.42,0.24375,450,0
TGLX7,4/1/2022,104.925547,10.189381,53.58443088,7.08,0.026714375,0.017045,0.015658,0.01851,0.029433542,0.01933875,0.00419,0.0017,0.0224,0.0058,0,0.001416,6.44625,6.69,17.1986433,14.97348701,0.74,0.17,0.56,19.36,5800,0
TGLX7,5/1/2022,104.925547,10.189381,51.46908397,7.05,0.02045375,0.010295,0.00822,0.00944375,0.031742083,0.0203175,0.00556,0.00133,0.01,0.0037,0,0.00141,6.7725,8.06,20.57664541,16.52780593,1.11,0.133,0.25,4.23,3700,0
TGLX7,6/1/2022,104.925547,10.189381,47.61922131,7.085,0.027429688,0.0178625,0.0162335,0.019323125,0.029585938,0.019134375,0.004675,0.00155,0.0252,0.0043,0,0.001417,6.378125,7.175,18.35789959,15.23676492,0.66,0.155,0.63,30.73,4300,0
TGLX7,7/1/2022,104.925547,10.189381,53.81790489,7.005,0.045058438,0.0349925,0.0328455,0.040344375,0.031461354,0.020131875,0.005695,0.00114,0.0554,0.00775,0,0.001401,6.710625,8.195,19.97522985,16.24539206,0.915,0.114,1.385,15.44,7750,0
TGLX7,8/1/2022,104.925547,10.189381,34.80284159,7,0.04794875,0.03737,0.0345,0.039125,0.040480417,0.0211575,0.00714,0.0064,0.052,0.0092,0,0.0014,7.0525,9.64,19.96091817,16.75369268,1.3,0.64,1.3,26.8,9200,0
TGLX7,9/1/2022,104.925547,10.189381,54.01403767,7.27,0.046278125,0.031925,0.025952,0.02728375,0.058748958,0.02870625,0.0134,0.00825,0.038,0.0042,0,0.001454,9.56875,15.9,42.94737325,27.7747433,1.875,0.825,0.95,0.35,4200,0
TGLX7,10/1/2022,104.925547,10.189381,54.37614503,7.24,0.0287175,0.01383,0.007354,0.008255,0.0532875,0.029775,0.0144,0.0015,0.00856,0.0032,0,0.001448,9.925,16.9,38.097733,26.78022793,1.51,0.15,0.214,0.91,3200,0
TGLX7,11/1/2022,104.925547,10.189381,55.35362965,7.335,0.027226563,0.0145,0.0100335,0.008791875,0.048828646,0.025453125,0.0104,0.006,0.0073,0.0053,0,0.001467,8.484375,12.9,29.04793786,21.76626548,1.09875,0.6,0.1825,0.4025,5300,0
TGLX7,12/1/2022,104.925547,10.189381,63.49119483,7.17,0.022164688,0.011811875,0.009301375,0.0109275,0.032992604,0.020705625,0.006455,0.00111875,0.0148,0.00125,0,0.001434,6.901875,8.955,23.66056319,17.69409976,1.21,0.111875,0.37,0.59375,1250,0
TGLX7,1/1/2023,104.925547,10.189381,50.20948011,7.1,0.02733875,0.015395,0.011405,0.0100375,0.046710417,0.0238875,0.0094,0.00675,0.01254,0.0021,0,0.00142,7.9625,11.9,28.77170901,20.89636949,1.645,0.675,0.3135,0.775,2100,0
TGLX7,2/1/2023,104.925547,10.189381,51.0478354,7.99,0.02741125,0.017125,0.014674,0.01599875,0.035959583,0.0205725,0.0065,0.00375,0.0205,0.0035,0,0.001598,6.8575,9,20.14347752,16.51874607,0.16375,0.375,0.5125,0.25,3500,0
TGLX7,3/1/2023,104.925547,10.189381,36.07910242,891,0.02920125,0.019605,0.1054,0.128625,0.03593625,0.0191925,0.00661,0.005,0.0248,0.0028,0,0.1782,6.3975,9.11,23.14527742,16.77508904,0.8875,0.5,0.62,0.875,2800,0
TGLX7,4/1/2023,104.925547,10.189381,51.41741849,8.615,0.0218875,0.01241875,0.01030525,0.011358125,0.031879167,0.0189375,0.00595,0.0024375,0.01355,0.0029,0,0.001723,6.3125,8.45,21.07923813,15.99625256,0.6625,0.24375,0.33875,0.4375,2900,0
TGLX7,5/1/2023,104.925547,10.189381,63.71159441,7.525,0.028603758,0.018536883,0.01709,0.018003125,0.034892101,0.02013375,0.004398765,0.005375,0.02065,0.00665,0,0.001505,6.71125,6.898765,15.45986699,14.82282298,0.38375,0.5375,0.51625,0.425,6650,0
TGLX7,6/1/2023,104.925547,10.189381,24.42523748,7.92,0.034745,0.02435,0.022882,0.023915,0.038278333,0.02079,0.00452,0.0075,0.03128,0.0054,0,0.001584,6.93,7.02,19.41576923,16.39807983,0.25,0.75,0.782,0.875,5400,0
TGLX7,7/1/2023,104.925547,10.189381,35.17565511,7.93,0.02601125,0.0156125,0.0124555,0.01486625,0.034792917,0.0207975,0.0079,0.001125,0.0175,0.0047,0,0.001586,6.9325,10.4,23.87931202,17.80899969,0.2775,0.1125,0.4375,0.15,4700,0
TGLX7,8/1/2023,104.925547,10.189381,34.06960773,714,0.0241275,0.014475,0.08205,0.0969375,0.0419475,0.019305,0.00765,0.009,0.01,0.0023,0,0.1428,6.435,10.15,24.62024661,17.29633563,0.1725,0.9,0.25,0.2,2300,0
TGLX7,9/1/2023,104.925547,10.189381,58.66885368,350.72,0.031301875,0.0228625,0.0549345,0.06718375,0.029462708,0.01687875,0.006,0.002375,0.03375,0.0036,0,0.070144,5.62625,8.5,18.22518587,14.06711329,0.361875,0.2375,0.84375,0.3,3600,0
TGLX7,10/1/2023,104.925547,10.189381,46.04718194,6.885,0.027124299,0.018366174,0.01589475,0.017954375,0.031381697,0.01751625,0.006319847,0.0030625,0.0188,0.00855,0,0.001377,5.83875,8.819847,18.56530226,14.49308788,0.285625,0.30625,0.47,0.6125,8550,0
TGLX7,11/1/2023,104.925547,10.189381,37.16446281,6.34,0.02061925,0.0116155,0.0091295,0.01024,0.03047625,0.0180075,0.00624,0.001875,0.006716,0.0084,0,0.001268,6.0025,8.74,18.60169437,14.7501858,0.4875,0.1875,0.1679,0.1125,8400,0
TGLX7,12/1/2023,104.925547,10.189381,37.17110014,6.91,0.01713625,0.0080875,0.0056785,0.006395,0.029659583,0.0180975,0.0062,0.001125,0.00475,0.0041,0,0.001382,6.0325,8.7,18.98293888,14.91537638,0.12125,0.1125,0.11875,0.175,4100,0
TGLX7,1/1/2024,104.925547,10.189381,33.58700533,699,0.02179625,0.0122,0.0765,0.0940625,0.038374583,0.0191925,0.0112,0.0025,0.0068,0.0039,0,0.1398,6.3975,13.7,44.71056872,23.57373068,0.3875,0.25,0.17,0.25,3900,0
TGLX7,2/1/2024,104.925547,10.189381,67.37570722,352.56,0.021861875,0.01251875,0.04589975,0.05616375,0.028436042,0.01868625,0.00375,0.0019375,0.0142,0.00515,0,0.070512,6.22875,6.25,16.59345211,14.45644534,0.3625,0.19375,0.355,0.30625,5150,0
TGLX7,3/1/2024,104.925547,10.189381,53.57413869,6.835,0.022953499,0.015243499,0.011721,0.013166875,0.03057483,0.01542,0.008411997,0.002375,0.01495,0.00475,0,0.001367,5.14,10.911997,25.31820185,15.57387196,0.806875,0.2375,0.37375,0.6875,4750,0
TGLX7,4/1/2024,104.925547,10.189381,77.41159005,7.2,0.024405,0.014685,0.012165,0.0138,0.032865,0.01944,0.00648,0.00225,0.01144,0.0092,0,0.00144,6.48,8.98,15.38479792,14.45228181,0.2,0.225,0.286,0.1375,9200,0
TGLX7,5/1/2024,104.925547,10.189381,48.62763431,7.05,0.02735,0.01745,0.013805,0.01663125,0.034416667,0.0198,0.0087,0.001,0.024,0.0012,0,0.00141,6.6,11.2,30.46146724,19.38533015,0.21125,0.1,0.6,0.2,1200,0
TGLX7,6/1/2024,104.925547,10.189381,49.90305446,697,0.0191175,0.010035,0.07665,0.094375,0.031074167,0.018165,0.00617,0.0023,0.0092,0.0024,0,0.1394,6.055,8.67,18.43594322,14.77668134,0.71125,0.23,0.23,0.1375,2400,0
TGLX7,7/1/2024,104.925547,10.189381,70.29931577,351.565,0.0240525,0.01464375,0.04467525,0.054476875,0.036464167,0.0188175,0.01025,0.0021875,0.01065,0.0062,0,0.070313,6.2725,12.75,33.04629273,19.70896839,0.44625,0.21875,0.26625,0.35625,6200,0
TGLX7,8/1/2024,104.925547,10.189381,37.01900351,7.095,0.02165509,0.012761965,0.0097095,0.010886875,0.031861876,0.01778625,0.007523929,0.002,0.00965,0.00635,0,0.001419,5.92875,10.023929,23.19261207,16.08688669,0.380625,0.2,0.24125,0.36875,6350,0
TGLX7,9/1/2024,104.925547,10.189381,38.33108845,7.42,0.016659,0.006744,0.004786,0.005045,0.031185,0.01983,0.0054,0.0015,0.005888,0.0007,0,0.001484,6.61,7.9,18.50968531,15.63242917,0.225,0.15,0.1472,0.15,700,0
TGLX7,10/1/2024,104.925547,10.189381,17.11860229,7.41,0.03109,0.0221125,0.0186535,0.02261375,0.03206,0.017955,0.0084,0.001125,0.0295,0.0052,0,0.001482,5.985,10.9,29.5300794,18.16920221,0.195,0.1125,0.7375,0.25,5200,0
TGLX7,11/1/2024,104.925547,10.189381,59.08518379,859,0.02176625,0.010895,0.0959,0.11925,0.02862125,0.0217425,0.00179,0.001,0.0156,0.0034,0,0.1718,7.2475,4.29,9.319952673,13.69153773,0.4325,0.1,0.39,0.325,3400,0
TGLX7,12/1/2024,104.925547,10.189381,51.81175172,7.885,0.020611875,0.01005,0.0073135,0.007891875,0.035202708,0.02112375,0.00705,0.002,0.0081,0.00295,0,0.001577,7.04125,9.55,20.66738975,16.95953885,0.31,0.2,0.2025,0.375,2950,0
TGLX7,1/1/2025,104.925547,10.189381,77.0961449,7.705,0.033465459,0.024304209,0.0213205,0.025400625,0.032469404,0.0183225,0.007508418,0.002,0.03395,0.00515,0,0.001541,6.1075,10.0084175,24.6972786,16.82937062,0.169375,0.2,0.84875,0.625,5150,0
TGLX7,2/1/2025,104.925547,10.189381,53.65782413,7.77,0.02474325,0.0144945,0.0125365,0.01387375,0.033649583,0.0204975,0.00547,0.002875,0.014444,0.0062,0,0.001554,6.8325,7.97,19.72324937,16.34876557,0.325,0.2875,0.3611,0.1,6200,0
TGLX7,3/1/2025,104.925547,10.189381,53.72143935,7.23,0.03643125,0.0272625,0.0234855,0.02865375,0.03320625,0.0183375,0.009,0.001125,0.0375,0.0069,0,0.001446,6.1125,11.5,22.14025884,16.03074837,0.22,0.1125,0.9375,0.25,6900,0
TGLX7,4/1/2025,104.925547,10.189381,35.29151572,727,0.02742125,0.01763,0.0826,0.1015,0.044149583,0.0195825,0.01546,0.0028,0.0096,0.0074,0,0.1454,6.5275,17.96,44.55940036,23.72107357,0.27375,0.28,0.24,0.5625,7400,0
TGLX7,5/1/2025,104.925547,10.189381,57.1794135,366.55,0.02294625,0.01314375,0.04514875,0.0549125,0.03656625,0.019605,0.0093,0.0024375,0.0098,0.00475,0,0.07331,6.535,11.8,27.7325294,18.42750927,0.254375,0.24375,0.245,0.51875,4750,0
TGLX7,6/1/2025,104.925547,10.189381,52.64901281,7.07,0.022619625,0.013285875,0.01083825,0.01054,0.034754125,0.0186675,0.00630925,0.0048125,0.0124,0.00305,0,0.001414,6.2225,8.80925,21.04458073,15.85032652,0.374375,0.48125,0.31,0.51875,3050,0
TGLX7,7/1/2025,104.925547,10.189381,34.90530595,7.38,0.03266625,0.0232275,0.0215405,0.0262225,0.028994583,0.0188775,0.00485,0.001125,0.03588,0.0046,0,0.001476,6.2925,7.35,14.00175,13.73501419,0.2625,0.1125,0.897,0.625,4600,0
TGLX8,2/1/2021,104.741611,10.284789,43.94037054,6.44,0.03601125,0.028725,0.016169,0.0191175,0.049842917,0.0145725,0.0264,0.00175,0.026,0.0033,0,0.001288,4.8575,28.9,65.39281116,27.78398366,4.67625,0.175,0.65,0.4125,3300,0
TGLX8,3/1/2021,104.741611,10.284789,31.17502143,68,0.04415625,0.036825,0.03535,0.043375,0.03793125,0.0146625,0.01655,0.0013,0.0504,0.0054,0,0.0136,4.8875,19.05,41.25088433,20.21803573,2.88,0.13,1.26,0.2375,5400,0
TGLX8,4/1/2021,104.741611,10.284789,43.97264158,330.295,0.044921875,0.03844375,0.05872325,0.071880625,0.047709375,0.01295625,0.0255,0.0024375,0.0438,0.00515,0,0.066059,4.31875,28,64.6567227,26.74380051,3.451875,0.24375,1.095,0.379375,5150,0
TGLX8,5/1/2021,104.741611,10.284789,36.70001617,6.67,0.02417505,0.018203175,0.01307325,0.01364625,0.032491783,0.01194375,0.01159385,0.0043125,0.0164,0.0041,0,0.001334,3.98125,14.09385,35.38739746,17.01014658,2.888125,0.43125,0.41,0.345,4100,0
TGLX8,6/1/2021,104.741611,10.284789,41.00725577,6.06,0.01895,0.01256,0.006051,0.0061575,0.034136667,0.01278,0.01423,0.00225,0.00644,0.0022,0,0.001212,4.26,16.73,38.38659593,18.37379443,1.36625,0.225,0.161,0.325,2200,0
TGLX8,7/1/2021,104.741611,10.284789,34.54129454,6.88,0.02497375,0.015475,0.011963,0.01386,0.034005417,0.0189975,0.0084,0.00175,0.0124,0.0084,0,0.001376,6.3325,10.9,29.24863814,18.60172545,0.2125,0.175,0.31,0.35,8400,0
TGLX8,8/1/2021,104.741611,10.284789,64.47468292,692,0.03061375,0.020785,0.0829,0.10275,0.04109875,0.0196575,0.01417,0.0014,0.0188,0.0072,0,0.1384,6.5525,16.67,38.21333085,21.75792114,0.4625,0.14,0.47,0.3375,7200,0
TGLX8,9/1/2021,104.741611,10.284789,43.66279867,351,0.02445125,0.01495625,0.04340625,0.05234375,0.041244583,0.01899,0.0133,0.0030625,0.0094,0.00415,0,0.0702,6.33,15.8,37.45407631,21.18480968,0.360625,0.30625,0.235,0.49375,4150,0
TGLX8,10/1/2021,104.741611,10.284789,60.42432046,6.82,0.021447961,0.013490461,0.0089195,0.00888375,0.035053575,0.015915,0.010505921,0.003625,0.0072,0.00565,0,0.001364,5.305,13.005921,30.9884498,17.60896589,1.243125,0.3625,0.18,0.40625,5650,0
TGLX8,11/1/2021,104.741611,10.284789,49.57642694,7,0.0320625,0.023025,0.017805,0.0211625,0.0369425,0.018075,0.01184,0.00175,0.02296,0.0095,0,0.0014,6.025,14.34,43.58610593,22.66048422,1.7375,0.175,0.574,0.1875,9500,0
TGLX8,12/1/2021,104.741611,10.284789,60.65482148,7.51,0.02150875,0.011425,0.011676,0.01381375,0.02615375,0.0201675,0.001,0.00125,0.0152,0.0054,0,0.001502,6.7225,3.5,7.766080729,12.41416637,0.1275,0.125,0.38,0.3375,5400,0
TGLX8,1/1/2022,104.741611,10.284789,36.6710698,807,0.02775,0.0183,0.09625,0.119625,0.02975,0.0189,0.0055,0.0011,0.0276,0.0024,0,0.1614,6.3,8,20.59262905,15.82409491,0.21875,0.11,0.69,0.425,2400,0
TGLX8,2/1/2022,104.741611,10.284789,48.93979242,388.73,0.025256875,0.01511875,0.05199175,0.0629975,0.032041042,0.02027625,0.004,0.0031875,0.0189,0.00415,0,0.077746,6.75875,6.5,18.22710276,15.76646761,0.215625,0.31875,0.4725,0.4875,4150,0
TGLX8,3/1/2022,104.741611,10.284789,63.293812,7.305,0.02820729,0.018177915,0.012893,0.014006875,0.041375343,0.02005875,0.01203083,0.003375,0.016,0.00495,0,0.001461,6.68625,14.53083,27.06106376,18.44269901,1.940625,0.3375,0.4,0.175,4950,0
TGLX8,4/1/2022,104.741611,10.284789,53.61929963,7.42,0.02483025,0.015084,0.011601,0.0121575,0.036974583,0.0194925,0.00845,0.00375,0.009568,0.0084,0,0.001484,6.4975,10.95,28.01943203,18.46170776,0.235,0.375,0.2392,0.1625,8400,0
TGLX8,5/1/2022,104.741611,10.284789,50.30625941,6.68,0.0255225,0.020025,0.007143,0.00721,0.0476525,0.010995,0.0271,0.00275,0.0066,0.0036,0,0.001336,3.665,29.6,74.77083333,28.95173497,3.16125,0.275,0.165,0.1125,3600,0
TGLX8,6/1/2022,104.741611,10.284789,51.38398533,687,0.05402125,0.04627,0.0962,0.119375,0.06351625,0.0155025,0.03754,0.0014,0.0512,0.0024,0,0.1374,5.1675,40.04,133.6664063,49.77281565,5.71375,0.14,1.28,0.575,2400,0
TGLX8,7/1/2022,104.741611,10.284789,54.08218135,340.295,0.062791875,0.054825,0.0735795,0.089786875,0.058314375,0.01593375,0.03055,0.0035,0.0696,0.006,0,0.068059,5.31125,33.05,80.30991085,33.16735131,7.975625,0.35,1.74,0.33375,6000,0
TGLX8,8/1/2022,104.741611,10.284789,37.0043606,6.53,0.017111714,0.009780464,0.008503,0.00750375,0.027443999,0.0146625,0.003860928,0.005,0.0074,0.0033,0,0.001306,4.8875,6.3609275,17.25078036,12.65179866,2.5875,0.5,0.185,0.15625,3300,0
TGLX8,9/1/2022,104.741611,10.284789,52.92171975,6.05,0.0213035,0.011891,0.007936,0.00851375,0.0352275,0.018825,0.00912,0.00225,0.005512,0.0069,0,0.00121,6.275,11.62,23.254663,16.62582377,0.1675,0.225,0.1378,0.875,6900,0
TGLX8,10/1/2022,104.741611,10.284789,54.70572077,7.4,0.02057375,0.01115,0.01114,0.0129875,0.02548875,0.0188475,0.0015,0.0015,0.0098,0.0095,0,0.00148,6.2825,4,7.986659357,11.82370566,0.22125,0.15,0.245,0.4125,9500,0
TGLX8,11/1/2022,104.741611,10.284789,33.74328409,749,0.03745375,0.02767,0.097,0.11975,0.038625417,0.0195675,0.01114,0.0024,0.0336,0.0082,0,0.1498,6.5225,13.64,25.34158911,17.65499499,0.25875,0.24,0.84,0.6,8200,0
TGLX8,12/1/2022,104.741611,10.284789,53.31987342,405.115,0.031666875,0.02176875,0.05643025,0.068701875,0.040172708,0.01979625,0.0117,0.0029375,0.0213,0.0076,0,0.081023,6.59875,14.2,32.89834516,20.15170166,0.278125,0.29375,0.5325,0.55,7600,0
TGLX8,1/1/2023,104.741611,10.284789,51.49944693,7.03,0.022932078,0.013748328,0.00968425,0.0103475,0.035833181,0.0183675,0.009534156,0.0028125,0.0112,0.00395,0,0.001406,6.1225,12.0341555,25.53816962,17.11696867,1.59,0.28125,0.28,0.19375,3950,0
TGLX8,2/1/2023,104.741611,10.284789,66.07365191,7.42,0.02187225,0.0148035,0.0119155,0.0137225,0.02715125,0.0141375,0.00726,0.001875,0.015272,0.0052,0,0.001484,4.7125,9.76,19.32096392,13.04194165,0.23875,0.1875,0.3818,0.1625,5200,0
TGLX8,3/1/2023,104.741611,10.284789,63.93298789,7.64,0.037495,0.027475,0.024839,0.0271425,0.038605,0.02004,0.0068,0.00625,0.0335,0.0084,0,0.001528,6.68,9.3,20.65171835,16.41272331,0.48875,0.625,0.8375,0.375,8400,0
TGLX8,4/1/2023,104.741611,10.284789,55.07049945,933,0.01982125,0.01027,0.1014,0.124875,0.030849583,0.0191025,0.00434,0.003,0.006,0.0072,0,0.1866,6.3675,6.84,17.55996302,14.96927113,0.23,0.3,0.15,0.5,7200,0
TGLX8,5/1/2023,104.741611,10.284789,53.60494218,428.69,0.02936375,0.0186125,0.0584815,0.07114875,0.035732083,0.0215025,0.006,0.003125,0.0238,0.0043,0,0.085738,7.1675,8.5,17.92376806,16.28396376,0.16375,0.3125,0.595,0.19375,4300,0
TGLX8,6/1/2023,104.741611,10.284789,35.14990352,7.405,0.025314474,0.016505912,0.01505925,0.017613125,0.027917107,0.017617125,0.004374324,0.0019375,0.0217,0.005,0,0.001481,5.872375,6.8743235,17.0083025,14.05266796,0.349375,0.19375,0.5425,0.121875,5000,0
TGLX8,7/1/2023,104.741611,10.284789,35.06657391,7.73,0.02238275,0.012149,0.010502,0.00765875,0.03973375,0.0204675,0.00484,0.00875,0.004508,0.0062,0,0.001546,6.8225,7.34,17.12855085,15.51576477,0.12875,0.875,0.1127,0.25,6200,0
TGLX8,8/1/2023,104.741611,10.284789,63.27083224,6.83,0.01518125,0.008435,0.007418,0.00661625,0.02466625,0.0134925,0.0034,0.00425,0.00702,0.0022,0,0.001366,4.4975,12.5334375,29.93424946,16.06537026,5.3275,0.425,0.1755,0.5225,2200,0
TGLX8,9/1/2023,104.741611,10.284789,32.7535543,696,0.04047,0.031965,0.084,0.1038125,0.063046667,0.01701,0.03513,0.0019,0.0256,0.0013,0,0.1392,5.67,22.37125,43.98919152,22.25506038,4.525,0.19,0.64,0.2725,1300,0
TGLX8,10/1/2023,104.741611,10.284789,3.174642587,345.98,0.0396225,0.032353125,0.054401125,0.0667475,0.048585833,0.01453875,0.0251,0.00200625,0.0342,0.0034,0,0.069196,4.84625,18.52515625,47.98621356,22.2795306,4.84875,0.200625,0.855,0.575625,3400,0
TGLX8,11/1/2023,104.741611,10.284789,50.53663177,6.495,0.022978658,0.016875533,0.009582625,0.010943125,0.034705201,0.01220625,0.015884815,0.00165625,0.01426,0.00195,0,0.001299,4.06875,14.9579225,35.99409909,17.33266443,1.005625,0.165625,0.3565,0.381875,1950,0
TGLX8,12/1/2023,104.741611,10.284789,36.13161765,6.72,0.0264329,0.0169829,0.0168849,0.019778,0.026325833,0.0189,0.00154,0.002125,0.0269008,0.0034,0,0.001344,6.3,14.9975,30.63755437,18.99084312,1.35875,0.2125,0.67252,0.275,3400,0
TGLX8,1/1/2024,104.741611,10.284789,35.76196754,6.61,0.026695,0.02038,0.008791,0.00817625,0.048568333,0.01263,0.0245,0.0045,0.00456,0.0072,0,0.001322,4.21,17.34125,38.51778179,18.34015189,1.94375,0.45,0.114,0.1925,7200,0
TGLX8,2/1/2024,104.741611,10.284789,50.67586374,693,0.03419125,0.02599,0.08745,0.103625,0.04804625,0.0164025,0.01568,0.0091,0.0216,0.0056,0,0.1386,5.4675,17.1796875,34.71236152,19.02671076,2.455,0.91,0.54,0.15375,5600,0
TGLX8,3/1/2024,104.741611,10.284789,48.78094641,340.385,0.039085625,0.032384375,0.055922875,0.068016875,0.043658125,0.0134025,0.021,0.00301875,0.0366,0.00415,0,0.068077,4.4675,16.8846875,31.85875035,16.62708555,2.721875,0.301875,0.915,0.255625,4150,0
TGLX8,4/1/2024,104.741611,10.284789,34.81341485,6.355,0.01423769,0.009402065,0.00664425,0.006719375,0.022161276,0.00967125,0.00678663,0.0025375,0.00488,0.0046,0,0.001271,3.22375,11.31025113,26.35279049,13.02565983,2.23,0.25375,0.122,0.175,4600,0
TGLX8,5/1/2024,104.741611,10.284789,62.72100215,6.53,0.0247057,0.0174982,0.0117162,0.01245775,0.035915833,0.014415,0.01287,0.0035,0.0091264,0.0095,0,0.001306,4.805,15.400625,38.39493978,19.1939249,0.59875,0.35,0.22816,0.2175,9500,0
TGLX8,6/1/2024,104.741611,10.284789,49.6945609,6.52,0.0117925,0.0058375,0.0049395,0.00453375,0.020574167,0.01191,0.0031,0.002625,0.00475,0.0012,0,0.001304,3.97,11.60125,29.23480375,15.05361405,5.2625,0.2625,0.11875,0.66375,1200,0
TGLX8,7/1/2024,104.741611,10.284789,35.17772129,684,0.02521375,0.01888,0.07745,0.095375,0.04039875,0.0126675,0.01966,0.0023,0.0144,0.0014,0,0.1368,4.2225,16.1515625,33.67867653,16.83333277,5.27,0.23,0.36,0.225,1400,0
TGLX8,8/1/2024,104.741611,10.284789,37.54128544,322.695,0.031310625,0.02454375,0.04976325,0.059118125,0.037999792,0.01353375,0.0141,0.0049375,0.02125,0.0088,0,0.064539,4.51125,15.23078125,29.1754692,15.84678332,6.921875,0.49375,0.53125,0.333125,8800,0
TGLX8,9/1/2024,104.741611,10.284789,3.23151187,6.56,0.018298748,0.014719373,0.007181,0.00678875,0.031555411,0.00715875,0.016388745,0.0035,0.0067,0.00285,0,0.001312,2.38625,12.3498425,29.78432109,12.85122906,3.44625,0.35,0.1675,0.773125,2850,0
TGLX8,10/1/2024,104.741611,10.284789,43.72406929,6.77,0.02413125,0.019005,0.008837,0.00948375,0.040182917,0.0102525,0.02169,0.0025,0.00912,0.0047,0,0.001354,3.4175,15.3509375,37.99230194,16.98573989,5.14,0.25,0.228,0.92,4700,0
TGLX8,11/1/2024,104.741611,10.284789,33.40294449,6.49,0.02369125,0.0156775,0.0099765,0.0117675,0.034827917,0.0160275,0.0127,0.001125,0.01063,0.0069,0,0.001298,5.3425,16.2315625,37.04537385,19.57471275,0.68375,0.1125,0.26575,0.9125,6900,0
TGLX8,12/1/2024,104.741611,10.284789,52.0826745,694,0.034265,0.025745,0.0873,0.1035,0.048685,0.01704,0.01569,0.009,0.0184,0.0084,0,0.1388,5.68,17.5275,43.73736302,22.1906693,1.11375,0.9,0.46,0.215,8400,0
TGLX8,1/1/2025,104.741611,10.284789,62.63960025,326.735,0.041976875,0.032975,0.0564735,0.066685625,0.049704375,0.01800375,0.01835,0.00625,0.0357,0.00565,0,0.065347,6.00125,18.71453125,41.57674517,21.99139113,0.7425,0.625,0.8925,0.505,5650,0
TGLX8,2/1/2025,104.741611,10.284789,68.59615397,6.48,0.023765338,0.018100963,0.013232375,0.0156225,0.027802454,0.01132875,0.011033175,0.00146875,0.0192,0.0045,0,0.001296,3.77625,13.2697,34.63111295,16.46422145,2.37625,0.146875,0.48,0.3,4500,0
TGLX8,3/1/2025,104.741611,10.284789,51.28834679,6.66,0.02587835,0.0200396,0.0170806,0.017757,0.028790417,0.0116775,0.00725,0.00575,0.0227792,0.0043,0,0.001332,3.8925,12.5128125,27.27406326,14.31922392,0.41625,0.575,0.56948,0.3875,4300,0
TGLX8,4/1/2025,104.741611,10.284789,35.73532198,6.55,0.02701,0.01679125,0.01124625,0.0128625,0.040541667,0.0204375,0.0124,0.0019125,0.01347,0.0058,0,0.00131,6.8125,14.9,31.40660411,20.00204259,0.7625,0.19125,0.33675,0.625,5800,0
TGLX8,5/1/2025,104.741611,10.284789,36.75480658,689,0.043345,0.03454,0.0972,0.119625,0.038605,0.01761,0.01248,0.003,0.0444,0.0092,0,0.1378,5.87,17.03375,39.91818222,21.27164005,1.14,0.3,1.11,0.1525,9200,0
TGLX8,6/1/2025,104.741611,10.284789,56.01146808,329.795,0.024059375,0.0154625,0.044092,0.050505625,0.038813542,0.01719375,0.0087,0.007375,0.0109,0.00395,0,0.065959,5.73125,10.2215625,26.19417703,16.73690559,0.43125,0.7375,0.2725,0.50625,3950,0
TGLX8,7/1/2025,104.741611,10.284789,34.5077388,6.525,0.020175793,0.013510168,0.01198875,0.0128375,0.024636016,0.01333125,0.004347835,0.0034375,0.014285,0.00495,0,0.001305,4.44375,6.847835,16.05453134,11.60904598,0.570625,0.34375,0.357125,0.2,4950,0
TGLX9,2/1/2021,104.522072,10.368436,4.326544833,6.76,0.0166815,0.0089715,0.0087125,0.0083125,0.024984167,0.01542,0.00187,0.004125,0.008648,0.0033,0,0.001352,5.14,4.37,10.87807131,11.02149789,1.465,0.4125,0.2162,0.825,3300,0
TGLX9,3/1/2021,104.522072,10.368436,35.8798723,8.31,0.0342225,0.0250875,0.0218685,0.02647625,0.032369167,0.01827,0.0081,0.001375,0.0385,0.0022,0,0.001662,6.09,10.6,24.56187446,16.76043331,0.68,0.1375,0.9625,0.125,2200,0
TGLX9,4/1/2021,104.522072,10.368436,45.65826965,761,0.03336,0.02406,0.09775,0.1171875,0.036656667,0.0186,0.00482,0.008,0.0328,0.0025,0,0.1522,6.2,7.32,17.95895455,14.8438066,0.7875,0.8,0.82,0.5,2500,0
TGLX9,5/1/2021,104.522072,10.368436,46.58893425,419.315,0.024348125,0.0145925,0.052469,0.064101875,0.034995625,0.01951125,0.00811,0.002375,0.0165,0.0022,0,0.083863,6.50375,10.61,29.62097683,18.9759834,0.381875,0.2375,0.4125,0.3,2200,0
TGLX9,6/1/2021,104.522072,10.368436,34.84593979,7.57,0.02525306,0.016794935,0.01482575,0.01700875,0.028940473,0.01691625,0.00545237,0.0024375,0.02235,0.00335,0,0.001514,5.63875,7.95237,18.24113856,14.09089251,0.1375,0.24375,0.55875,0.46875,3350,0
TGLX9,7/1/2021,104.522072,10.368436,52.17091963,7.74,0.0330775,0.0232225,0.0214265,0.02608,0.030304167,0.01971,0.00514,0.001125,0.03588,0.0043,0,0.001548,6.57,7.64,19.82819308,15.98809996,0.22,0.1125,0.897,0.375,4300,0
TGLX9,8/1/2021,104.522072,10.368436,44.13730711,7.6,0.02776125,0.017925,0.018035,0.0202,0.028842917,0.0196725,0.0013,0.00375,0.0265,0.0043,0,0.00152,6.5575,3.8,10.86144048,13.14250488,1.175,0.375,0.6625,0.125,4300,0
TGLX9,9/1/2021,104.522072,10.368436,36.3371929,910,0.0220625,0.011,0.09905,0.1206875,0.038529167,0.022125,0.0059,0.005,0.0048,0.0063,0,0.182,7.375,8.4,20.36949498,17.36624999,0.18625,0.5,0.12,0.1875,6300,0
TGLX9,10/1/2021,104.522072,10.368436,61.92928203,381.72,0.0249175,0.0152875,0.0493345,0.0581525,0.0386575,0.01926,0.00825,0.005625,0.0124,0.0043,0,0.076344,6.42,10.75,28.94656355,18.63774387,0.556875,0.5625,0.31,0.30625,4300,0
TGLX9,11/1/2021,104.522072,10.368436,49.49922856,7.325,0.030019963,0.020674963,0.0184075,0.020509375,0.033471579,0.01869,0.005999925,0.004,0.0267,0.00465,0,0.001465,6.23,8.499925,24.46484358,16.9398435,0.314375,0.4,0.6675,0.5,4650,0
TGLX9,12/1/2021,104.522072,10.368436,51.14119868,7.5,0.03045,0.02055,0.01917,0.0233375,0.029236667,0.0198,0.00426,0.001,0.02944,0.0064,0,0.0015,6.6,6.76,14.43473958,14.33276784,0.53875,0.1,0.736,0.25,6400,0
TGLX9,1/1/2022,104.522072,10.368436,50.8124756,7.2,0.0299825,0.02015,0.01517,0.0158375,0.042075833,0.019665,0.0114,0.005,0.018,0.0059,0,0.00144,6.555,13.9,35.02377056,20.75613511,1.17875,0.5,0.45,0.25,5900,0
TGLX9,2/1/2022,104.522072,10.368436,48.3714831,848,0.01793125,0.008755,0.0916,0.113875,0.027139583,0.0183525,0.00391,0.001,0.0084,0.0042,0,0.1696,6.1175,6.41,16.45932837,14.24728669,0.2125,0.1,0.21,0.125,4200,0
TGLX9,3/1/2022,104.522072,10.368436,4.984227174,410.33,0.028053125,0.018275,0.055358,0.0660725,0.037865625,0.01955625,0.0079,0.005,0.02105,0.0026,0,0.082066,6.51875,10.4,28.71852859,18.71397891,0.20625,0.5,0.52625,0.5125,2600,0
TGLX9,4/1/2022,104.522072,10.368436,5.223390953,8.32,0.026076209,0.016346834,0.0135945,0.01425875,0.036169487,0.01945875,0.007168667,0.004375,0.01675,0.0044,0,0.001664,6.48625,9.668667,23.83703525,17.12629658,0.540625,0.4375,0.41875,0.3,4400,0
TGLX9,5/1/2022,104.522072,10.368436,50.33283806,8.12,0.0247215,0.014364,0.010976,0.010595,0.039800833,0.020715,0.0084,0.005,0.007728,0.0076,0,0.001624,6.905,10.9,24.57191064,17.9860973,0.94375,0.5,0.1932,0.1125,7600,0
TGLX9,6/1/2022,104.522072,10.368436,63.35625475,9.39,0.03318875,0.0224,0.020589,0.02511125,0.032757083,0.0215775,0.0055,0.001,0.034,0.0043,0,0.001878,7.1925,8,18.77153316,16.58872893,0.975,0.1,0.85,0.5125,4300,0
TGLX9,7/1/2022,104.522072,10.368436,62.95183263,949,0.02301625,0.01228,0.104,0.129375,0.033637917,0.0214725,0.00636,0.001,0.0136,0.0036,0,0.1898,7.1575,8.86,18.34582313,16.40202022,0.24125,0.1,0.34,0.1125,3600,0
TGLX9,8/1/2022,104.522072,10.368436,35.16348519,463.195,0.0186075,0.00946875,0.05236325,0.064399375,0.031284167,0.0182775,0.00685,0.0016875,0.0078,0.0026,0,0.092639,6.0925,9.35,24.06366649,16.60711901,0.22625,0.16875,0.195,0.16875,2600,0
TGLX9,9/1/2022,104.522072,10.368436,36.95569434,8.505,0.027553583,0.017226083,0.01513175,0.015594375,0.037166693,0.020655,0.005889666,0.0053125,0.0189,0.00435,0,0.001701,6.885,8.3896655,21.91758603,17.11929887,0.133125,0.53125,0.4725,0.495,4350,0
TGLX9,10/1/2022,104.522072,10.368436,63.34095845,8.21,0.02325375,0.01248,0.010821,0.01040125,0.03675875,0.0215475,0.00496,0.005,0.0092,0.0058,0,0.001642,7.1825,7.46,19.21914726,16.71484308,0.7625,0.5,0.23,0.2,5800,0
TGLX9,11/1/2022,104.522072,10.368436,52.10785037,7.7,0.02910125,0.019025,0.016345,0.016525,0.038852917,0.0201525,0.0069,0.00625,0.0215,0.0034,0,0.00154,6.7175,9.4,23.01396057,17.21369028,0.26375,0.625,0.5375,0.375,3400,0
TGLX9,12/1/2022,104.522072,10.368436,63.38818954,754,0.02496,0.01671,0.08825,0.1074375,0.033623333,0.0165,0.00772,0.0046,0.0184,0.0027,0,0.1508,5.5,10.22,23.33821338,15.48966374,0.53125,0.46,0.46,0.1625,2700,0
TGLX9,1/1/2023,104.522072,10.368436,51.21910161,370.5,0.020491875,0.0104625,0.0443625,0.0544375,0.032647708,0.02005875,0.0063,0.001625,0.0099,0.0031,0,0.0741,6.68625,8.8,22.80106429,17.09969792,0.644375,0.1625,0.2475,0.225,3100,0
TGLX9,2/1/2023,104.522072,10.368436,49.83093239,7.07,0.02218787,0.012477245,0.009857,0.01075875,0.033338363,0.01942125,0.00665449,0.0025,0.0124,0.0034,0,0.001414,6.47375,9.15449,21.73379834,16.44448324,0.28375,0.25,0.31,0.119375,3400,0
TGLX9,3/1/2023,104.522072,10.368436,64.32946709,7.29,0.0295075,0.020395,0.018694,0.02258625,0.028390833,0.018225,0.00486,0.00125,0.03128,0.0034,0,0.001458,6.075,7.36,17.56569198,14.53232723,0.11875,0.125,0.782,0.875,3400,0
TGLX9,4/1/2023,104.522072,10.368436,51.67265191,6.51,0.01476125,0.0058625,0.0058135,0.00547,0.02575125,0.0177975,0.0014,0.002875,0.00625,0.0012,0,0.001302,5.9325,3.9,10.1661382,11.98580492,0.74875,0.2875,0.15625,0.3875,1200,0
TGLX9,5/1/2023,104.522072,10.368436,51.20320032,670,0.0196575,0.01098,0.07485,0.09275,0.0290675,0.017355,0.00626,0.0013,0.0112,0.0032,0,0.134,5.785,8.76,19.97505952,14.85690086,0.41375,0.13,0.28,0.1625,3200,0
TGLX9,6/1/2023,104.522072,10.368436,50.90197616,351.765,0.024025,0.01373125,0.04470775,0.052408125,0.040308333,0.0205875,0.0084,0.0055625,0.0102,0.0033,0,0.070353,6.8625,10.9,26.39023815,18.49559053,0.303125,0.55625,0.255,0.2,3300,0
TGLX9,7/1/2023,104.522072,10.368436,63.02194946,7.33,0.029302557,0.019370682,0.01718925,0.01972875,0.033255966,0.01986375,0.005828864,0.0028125,0.02405,0.00605,0,0.001466,6.62125,8.3288635,23.61289001,17.25813288,0.333125,0.28125,0.60125,0.30625,6050,0
TGLX9,8/1/2023,104.522072,10.368436,34.90395187,7.46,0.020303,0.010643,0.008829,0.00963,0.031138333,0.01932,0.00512,0.00225,0.009016,0.0049,0,0.001492,6.44,7.62,19.86176154,15.80368271,0.2675,0.225,0.2254,0.625,4900,0
TGLX9,9/1/2023,104.522072,10.368436,5.747454124,6.37,0.0312025,0.021805,0.018337,0.02229625,0.0326725,0.018795,0.00821,0.001,0.028,0.0064,0,0.001274,6.265,10.71,31.07239413,19.07543005,0.3875,0.1,0.7,0.1,6400,0
TGLX9,10/1/2023,104.522072,10.368436,3.301841725,714,0.02642375,0.01703,0.08645,0.1055625,0.031205417,0.0187875,0.00396,0.004,0.0216,0.0045,0,0.1428,6.2625,6.46,15.17809315,14.06086638,0.1275,0.4,0.54,0.25,4500,0
TGLX9,11/1/2023,104.522072,10.368436,34.89338674,331.69,0.0221,0.012275,0.041719,0.051055,0.033658333,0.01965,0.00745,0.00175,0.01155,0.0038,0,0.066338,6.55,9.95,25.47582991,17.73856555,0.584375,0.175,0.28875,0.2375,3800,0
TGLX9,12/1/2023,104.522072,10.368436,42.7010528,6.72,0.027111122,0.017835497,0.01657825,0.01912125,0.029134284,0.01855125,0.003858494,0.0025625,0.0222,0.00705,0,0.001344,6.18375,6.3584935,14.28230305,13.66033592,1.21,0.25625,0.555,0.7375,7050,0
TGLX9,1/1/2024,104.522072,10.368436,34.39220247,7,0.020043,0.011658,0.010018,0.011585,0.026775,0.01677,0.00468,0.0015,0.009936,0.0072,0,0.0014,5.59,7.18,20.16358041,14.62383367,0.52875,0.15,0.2484,0.175,7200,0
TGLX9,2/1/2024,104.522072,10.368436,55.12027025,6.975,0.025646099,0.017107349,0.0151475,0.017371875,0.029040898,0.0170775,0.005314699,0.0025,0.0222,0.0042,0,0.001395,5.6925,7.8146985,18.70217924,14.31686451,0.2475,0.25,0.555,0.375,4200,0
TGLX9,3/1/2024,104.522072,10.368436,49.91122495,7.22,0.023815235,0.01479,0.012822,0.0129025,0.033168881,0.018050469,0.00538,0.005,0.014,0.0052,0,0.001444,6.016823,7.88,17.46102089,14.41206328,0.375,0.5,0.35,0.125,5200,0
TGLX9,4/1/2024,104.522072,10.368436,61.14028446,7.59,0.019715,0.01022,0.007909,0.00926125,0.030485,0.01899,0.00614,0.001,0.0088,0.0045,0,0.001518,6.33,8.64,19.25090551,15.44610514,0.16,0.1,0.22,0.26,4500,0
TGLX9,5/1/2024,104.522072,10.368436,62.2819179,6.51,0.01833,0.0097125,0.0103635,0.01225125,0.02142,0.017235,0,0.001125,0.0171,0.0012,0,0.001302,5.745,5,12.20903244,12.34859472,0.16125,0.1125,0.4275,0.5,1200,0
TGLX9,6/1/2024,104.522072,10.368436,51.82616011,6.52,0.020649645,0.011567145,0.009127,0.010315,0.030449172,0.018165,0.00618429,0.00175,0.012,0.0032,0,0.001304,6.055,8.68429,24.1400357,16.57494505,0.22375,0.175,0.3,0.875,3200,0
TGLX9,7/1/2024,104.522072,10.368436,67.11691137,6.59,0.026321227,0.018449977,0.015784,0.01738625,0.030499529,0.0157425,0.006649953,0.00375,0.0248,0.0017,0,0.001318,5.2475,9.149953,22.64537766,14.89249138,0.11875,0.375,0.62,0.25,1700,0
TGLX9,8/1/2024,104.522072,10.368436,34.43560537,7.24,0.0223125,0.01215,0.010774,0.0128425,0.029779167,0.020325,0.0042,0.001,0.016,0.0031,0,0.001448,6.775,6.7,16.80275591,15.34180514,0.21,0.1,0.4,0.8,3100,0
TGLX9,9/1/2024,104.522072,10.368436,3.373560167,7.085,0.023161875,0.01497,0.0128335,0.013854375,0.029836042,0.01638375,0.00569,0.0035,0.0184,0.00235,0,0.001417,5.46125,8.19,19.10162448,14.09591803,0.205,0.35,0.46,0.305,2350,0
TGLX9,10/1/2024,104.522072,10.368436,50.73221398,6.99,0.01778375,0.01046,0.007349,0.00856125,0.027145417,0.0146475,0.00762,0.001,0.008,0.0043,0,0.001398,4.8825,10.12,21.93205463,14.12011022,0.27,0.1,0.2,0.1,4300,0
TGLX9,11/1/2024,104.522072,10.368436,3.390403617,7.45,0.0245175,0.01323,0.010195,0.01186875,0.036790833,0.022575,0.00756,0.0014,0.0096,0.0079,0,0.00149,7.525,10.06,21.39164807,17.91349246,0.59,0.14,0.24,0.11,7900,0
TGLX9,12/1/2024,104.522072,10.368436,32.39725574,6.51,0.025238125,0.01486,0.012376,0.012345,0.037363958,0.02075625,0.00627,0.005,0.0144,0.00405,0,0.001302,6.91875,8.77,18.94242266,16.2319783,0.225,0.5,0.36,0.55,4050,0
TGLX9,1/1/2025,104.522072,10.368436,64.01856547,6.25,0.06692697,0.059831065,0.05664375,0.06790625,0.030862931,0.014191811,0.00762463,0.0046375,0.104,0.0034,0,0.00125,4.7306035,10.12463,23.81685403,14.48646453,2.44,0.46375,2.6,0.31875,3400,0
TGLX9,2/1/2025,104.522072,10.368436,33.85960029,6.29,0.106379595,0.0987,0.092954,0.10603625,0.051752388,0.01535919,0.01275,0.01625,0.166,0.0024,0,0.001258,5.11973,15.25,33.86437686,18.23772138,3.3,1.625,4.15,0.1375,2400,0
TGLX9,3/1/2025,104.522072,10.368436,48.17781513,5.96,0.10499125,0.09766,0.090496,0.107995,0.044779583,0.0146625,0.01552,0.0082,0.168,0.0036,0,0.001192,4.8875,18.02,45.32449297,21.50227553,2.31,0.82,4.2,0.43,3600,0
TGLX9,4/1/2025,104.522072,10.368436,20.63730217,6.55,0.01690875,0.009525,0.01018,0.01163125,0.019270417,0.0147675,0,0.00175,0.0136,0.0037,0,0.00131,4.9225,5,12.26704545,11.13313381,2.71625,0.175,0.34,0.2375,3700,0
TGLX9,5/1/2025,104.522072,10.368436,5.352154827,6.51,0.04582362,0.03731862,0.0316385,0.03368875,0.045555113,0.01701,0.01266224,0.009375,0.0492,0.0034,0,0.001302,5.67,15.16224,35.38245217,19.54171254,1.47125,0.9375,1.23,0.4625,3400,0
TGLX9,6/1/2025,104.522072,10.368436,5.224535544,6.97,0.02974625,0.021125,0.020997,0.02562125,0.023207917,0.0172425,0.00165,0.001,0.0304,0.0092,0,0.001394,5.7475,4.15,9.107728771,11.37463234,3.75625,0.1,0.76,0.45,9200,0
TGLX9,7/1/2025,104.522072,10.368436,34.91311269,6.39,0.03236,0.02606,0.019389,0.02311125,0.033856667,0.0126,0.01462,0.0018,0.0344,0.0013,0,0.001278,4.2,17.12,46.84150602,20.9492768,2.96,0.18,0.86,0.7,1300,0
VC02,8/1/2024,106.411339,10.543592,41.19609817,6.19,0.04512625,0.03862,0.031619,0.03346125,0.044277917,0.0130125,0.01524,0.0097,0.05,0.0023,0,0.001238,4.3375,17.74,42.36934883,19.74564118,0.8,0.97,1.25,0.111,2300,0
VC02,9/1/2024,106.411339,10.543592,40.77667103,6.42,0.03937125,0.03117,0.023392,0.0270525,0.04286625,0.0164025,0.01684,0.0035,0.0344,0.0076,0,0.001284,5.4675,19.34,50.28617642,23.93648847,1.95,0.35,0.86,0.4,7600,0
VC02,10/1/2024,106.411339,10.543592,41.40633739,6.64,0.050265,0.0436125,0.035764,0.040955,0.042385,0.013305,0.017025,0.006,0.0634,0.0008,0,0.001328,4.435,19.525,41.09465631,19.49003352,2.95,0.6,1.585,0.87,800,0
VC02,11/1/2024,106.411339,10.543592,60.44593334,6.58,0.035733125,0.030875,0.020783,0.0238225,0.040443958,0.00971625,0.0215,0.00345,0.0326,0.0042,0,0.001316,3.23875,24,48.33001943,19.97666833,5.06,0.345,0.815,0.4,4200,0
VC02,12/1/2024,106.411339,10.543592,32.55906172,6.28,0.070717512,0.064023145,0.057803,0.06587875,0.043499195,0.013388734,0.013696291,0.0102,0.1024,0.00175,0,0.001256,4.46291125,16.1962905,41.00735655,19.5043784,3.4375,1.02,2.56,0.21875,1750,0
VC02,1/1/2025,106.411339,10.543592,48.15137679,6.08,0.020614347,0.0131875,0.0093705,0.0100725,0.030716809,0.014853694,0.00885,0.002625,0.0136,0.0013,0,0.001216,4.95123125,11.35,26.29974294,15.60015802,0.91,0.2625,0.34,0.15,1300,0
VC02,2/1/2025,106.411339,10.543592,31.96202664,6.81,0.0241875,0.017865,0.014581,0.01685125,0.026570833,0.012645,0.00793,0.0022,0.0204,0.0052,0,0.001362,4.215,10.43,24.01855053,13.77664582,0.44,0.22,0.51,0.49,5200,0
VC02,3/1/2025,106.411339,10.543592,32.90562566,6.81,0.0247675,0.01665625,0.01733725,0.01991375,0.0222075,0.0162225,0,0.0028125,0.0221,0.0084,0,0.001362,5.4075,5,12.12469939,11.81575801,0.2475,0.28125,0.5525,0.625,8400,0
VC02,4/1/2025,106.411339,10.543592,36.20563224,6.62,0.03039031,0.02296906,0.015787,0.018265,0.038360723,0.0148425,0.01568812,0.00235,0.0184,0.0095,0,0.001324,4.9475,18.18812,47.20386847,22.18476465,0.86375,0.235,0.46,0.2875,9500,0
VC02,5/1/2025,106.411339,10.543592,33.75781973,7.02,0.01748625,0.0097125,0.0057395,0.005065,0.032984583,0.0155475,0.00935,0.003375,0.0056,0.0011,0,0.001404,5.1825,11.85,31.0132669,17.43303969,6.86625,0.3375,0.14,0.475,1100,0
VC02,6/1/2025,106.411339,10.543592,27.93806787,6.45,0.0266775,0.01734,0.010895,0.01199375,0.041364167,0.018675,0.01418,0.0026,0.0136,0.0043,0,0.00129,6.225,16.68,29.89283835,18.64356505,2.14,0.26,0.34,1.5,4300,0
VC02,7/1/2025,106.411339,10.543592,32.58079885,6.35,0.05124125,0.04535,0.037735,0.04154375,0.04349625,0.0117825,0.0165,0.009,0.056,0.0092,0,0.00127,3.9275,19,42.20213964,19.07792706,3.47,0.9,1.4,0.16,9200,0
VC03,8/1/2024,106.381544,10.644422,33.63306956,6.53,0.04589125,0.0382,0.027653,0.03344125,0.046179583,0.0153825,0.0224,0.0018,0.0508,0.0014,0,0.001306,5.1275,24.9,59.92387784,26.46485588,3.1,0.18,1.27,0.11,1400,0
VC03,9/1/2024,106.381544,10.644422,23.18924894,6.62,0.055069375,0.04825,0.039312,0.0454525,0.045195208,0.01363875,0.0192,0.0059,0.068,0.0034,0,0.001324,4.54625,21.7,46.88562499,21.48256068,3.805,0.59,1.7,0.865,3400,0
VC03,10/1/2024,106.381544,10.644422,20.92801016,6.55,0.03287375,0.027335,0.02283,0.0261,0.02951375,0.0110775,0.01032,0.0039,0.0376,0.00285,0,0.00131,3.6925,12.82,25.12486004,13.34166931,5.28,0.39,0.94,0.59,2850,0
VC03,11/1/2024,106.381544,10.644422,33.13921877,6.98,0.02677529,0.01829654,0.014848,0.01652875,0.033250677,0.0169575,0.00829308,0.00325,0.0208,0.00425,0,0.001396,5.6525,10.79308,28.13612689,17.23099681,0.369375,0.325,0.52,0.25,4250,0
VC03,12/1/2024,106.381544,10.644422,42.16952014,6.83,0.022191496,0.01298,0.010433,0.01179125,0.031363491,0.018422993,0.00646,0.002,0.0168,0.0007,0,0.001366,6.1409975,8.96,25.61013333,17.16740209,0.23625,0.2,0.42,0.3625,700,0
VC03,1/1/2025,106.381544,10.644422,33.15702423,7.13,0.0318975,0.02235,0.019163,0.01832875,0.0418775,0.019095,0.0078,0.009,0.0248,0.0031,0,0.001426,6.365,10.3,31.66794823,19.41318355,0.45,0.9,0.62,0.54,3100,0
VC03,2/1/2025,106.381544,10.644422,42.28344204,6.87,0.02973625,0.021175,0.021862,0.02404625,0.02610125,0.0171225,0,0.00525,0.0348,0.0023,0,0.001374,5.7075,5,12.83878968,12.49088105,0.45875,0.525,0.87,0.65,2300,0
VC03,3/1/2025,106.381544,10.644422,27.74394183,6.8,0.024178228,0.016160728,0.0128675,0.0146,0.030749199,0.016035,0.007946456,0.002375,0.0208,0.0012,0,0.00136,5.345,10.446456,22.30648993,14.93190414,0.44125,0.2375,0.52,0.3625,1200,0
VC03,4/1/2025,106.381544,10.644422,4.167808464,7.46,0.02034094,0.01091719,0.007696,0.0061825,0.037662193,0.0188475,0.00793438,0.0055,0.0048,0.0036,0,0.001492,6.2825,10.43438,29.20821278,18.51398102,0.84625,0.55,0.12,0.35,3600,0
VC03,5/1/2025,106.381544,10.644422,26.65932292,8.62,0.028135,0.018355,0.015012,0.01814,0.033798333,0.01956,0.00841,0.001,0.0248,0.0025,0,0.001724,6.52,10.91,22.02606646,16.60599825,0.26,0.1,0.62,0.71,2500,0
VC03,6/1/2025,106.381544,10.644422,17.28987033,7.04,0.0231825,0.01458,0.010804,0.01163,0.034025833,0.017205,0.00896,0.003,0.0124,0.0048,0,0.001408,5.735,11.46,28.87885797,17.58889911,0.12,0.3,0.31,0.15,4800,0
VC03,7/1/2025,106.381544,10.644422,38.65416684,6.81,0.02314875,0.01506,0.010981,0.01278875,0.031730417,0.0161775,0.00952,0.0015,0.0168,0.0023,0,0.001362,5.3925,12.02,26.82544454,16.42779305,0.38,0.15,0.42,0.1,2300,0
VC04,8/1/2024,106.270225,10.663131,42.66807441,7.075,0.0273525,0.0182025,0.0138075,0.015509375,0.0365225,0.0183,0.010205,0.0028,0.0198,0.0036,0,0.001415,6.1,12.705,32.34955925,19.23056723,0.33,0.28,0.495,0.58,3600,0
VC04,9/1/2024,106.270225,10.663131,42.05963921,6.825,0.027049375,0.0184375,0.0134325,0.013571875,0.039373542,0.01722375,0.011375,0.00515,0.0168,0.00355,0,0.001365,5.74125,13.875,32.12458586,18.62151745,0.2,0.515,0.42,0.387,3550,0
VC04,10/1/2024,106.270225,10.663131,42.1191284,6.46,0.034451216,0.02610774,0.021286625,0.02296375,0.039027837,0.016686953,0.010934229,0.00583125,0.0298,0.00565,0,0.001292,5.5623175,13.434229,38.07690354,20.22963752,1.1,0.583125,0.745,0.525,5650,0
VC04,11/1/2024,106.270225,10.663131,42.22319702,6.84,0.029677216,0.021125,0.017759,0.0195425,0.034363505,0.017104433,0.0081,0.00425,0.0288,0.0011,0,0.001368,5.7014775,10.6,26.70877467,16.85447813,0.6375,0.425,0.72,0.75,1100,0
VC04,12/1/2024,106.270225,10.663131,42.87118271,6.82,0.02910375,0.02145,0.021332,0.0251025,0.022642083,0.0153075,0.0016,0.0025,0.0344,0.0044,0,0.001364,5.1025,4.1,9.263234127,10.45615672,0.88,0.25,0.86,0.43,4400,0
VC04,1/1/2025,106.270225,10.663131,41.36945235,6.34,0.01563,0.00793125,0.00856525,0.0077925,0.023403333,0.0153975,0,0.0046625,0.0077,0.0035,0,0.001268,5.1325,5,10.35317332,10.84476933,0.57125,0.46625,0.1925,0.3525,3500,0
VC04,2/1/2025,106.270225,10.663131,42.20962109,6.48,0.04664746,0.03982996,0.03625425,0.043685,0.02881074,0.013635,0.00844742,0.0026125,0.0652,0.0034,0,0.001296,4.545,10.94742,24.67880972,14.47979815,1.42625,0.26125,1.63,0.3,3400,0
VC04,3/1/2025,106.270225,10.663131,42.32345203,6.37,0.093725206,0.087826456,0.083487,0.09373375,0.045208814,0.0117975,0.009952912,0.017,0.1392,0.0095,0,0.001274,3.9325,12.452912,32.05404755,15.88615465,4.6725,1.7,3.48,0.575,9500,0
VC04,4/1/2025,106.270225,10.663131,41.69163122,7.34,0.035045,0.025655,0.022634,0.0274175,0.032305,0.01878,0.00751,0.0014,0.036,0.0064,0,0.001468,6.26,10.01,22.30342178,16.30343688,0.19,0.14,0.9,0.68,6400,0
VC04,5/1/2025,106.270225,10.663131,33.16088173,7.2,0.02339375,0.013685,0.00817,0.0083375,0.040702083,0.0194175,0.01247,0.003,0.0056,0.0063,0,0.00144,6.4725,14.97,34.16610364,20.36199831,0.33,0.3,0.14,0.111,6300,0
VC04,6/1/2025,106.270225,10.663131,32.52874293,7.1,0.02292625,0.013795,0.01016,0.0118875,0.03296125,0.0182625,0.00869,0.0013,0.0112,0.0064,0,0.00142,6.0875,11.19,27.3238146,17.62740845,0.33,0.13,0.28,0.6,6400,0
VC04,7/1/2025,106.270225,10.663131,32.45431797,7.255,0.02579625,0.015555,0.0108005,0.011688125,0.04006625,0.0204825,0.01096,0.0029,0.0138,0.00345,0,0.001451,6.8275,13.46,34.80859418,21.09704892,0.325,0.29,0.345,0.28,3450,0
VC05,8/1/2024,105.929153,10.783108,42.32568327,7.02,0.021555625,0.01147,0.008302,0.00947125,0.034254792,0.02017125,0.00774,0.00145,0.009,0.00475,0,0.001404,6.72375,10.24,24.8873462,17.81366605,0.385,0.145,0.225,0.405,4750,0
VC05,9/1/2024,105.929153,10.783108,33.32887058,6.65,0.044779278,0.03773421,0.03370875,0.038675,0.033843315,0.014090136,0.00938092,0.0055375,0.0578,0.00275,0,0.00133,4.696712,11.88092,33.30077679,17.42551466,0.72,0.55375,1.445,0.215,2750,0
VC05,10/1/2024,105.929153,10.783108,41.51636005,6.43,0.044493013,0.0371375,0.0335305,0.03917875,0.032183696,0.014711025,0.0085,0.004375,0.06,0.0014,0,0.001286,4.903675,11,25.8108581,15.37469853,0.61875,0.4375,1.5,0.15,1400,0
VC05,11/1/2024,105.929153,10.783108,42.09254568,7.11,0.03083375,0.021845,0.017861,0.01670125,0.04242875,0.0179775,0.00939,0.009,0.0228,0.0025,0,0.001422,5.9925,11.89,28.74753111,17.9337472,0.62,0.9,0.57,0.41,2500,0
VC05,12/1/2024,105.929153,10.783108,32.26766454,6.42,0.0248975,0.017,0.017642,0.0189275,0.024260833,0.015795,0,0.005,0.0254,0.0036,0,0.001284,5.265,5,11.41791261,11.37918746,0.7125,0.5,0.635,0.2825,3600,0
VC05,1/1/2025,105.929153,10.783108,42.13179655,6.34,0.046787115,0.038807115,0.033134,0.0406675,0.034736602,0.01596,0.01261423,0.0012,0.06,0.0038,0,0.001268,5.32,15.11423,38.93868794,20.13784613,0.96875,0.12,1.5,0.2,3800,0
VC05,2/1/2025,105.929153,10.783108,62.33164582,6.5,0.0602182,0.0530107,0.04935,0.0585625,0.032709132,0.014415,0.008621399,0.005,0.084,0.0084,0,0.0013,4.805,11.121399,25.9984042,15.28581154,1.1625,0.5,2.1,0.25875,8400,0
VC05,3/1/2025,105.929153,10.783108,41.82243424,6.62,0.05798,0.048185,0.043862,0.049015,0.045336667,0.01959,0.00997,0.0093,0.0676,0.0095,0,0.001324,6.53,12.47,26.43158018,18.00987395,1.8,0.93,1.69,0.34,9500,0
VC05,4/1/2025,105.929153,10.783108,32.89556691,6.99,0.02654625,0.017715,0.014099,0.01574875,0.034174583,0.0176625,0.00863,0.003,0.0164,0.0074,0,0.001398,5.8875,11.13,23.46010092,16.10933982,0.18,0.3,0.41,0.126,7400,0
VC05,5/1/2025,105.929153,10.783108,16.43132533,6.98,0.0207725,0.013025,0.007348,0.008185,0.034819167,0.015495,0.01275,0.0016,0.0076,0.0041,0,0.001396,5.165,15.25,33.42754153,18.16791032,0.34,0.16,0.19,0.33,4100,0
VC05,6/1/2025,105.929153,10.783108,32.58559736,7.035,0.02941875,0.02043,0.0175285,0.019785625,0.033352083,0.0179775,0.00721,0.0034,0.0244,0.00585,0,0.001407,5.9925,9.71,25.93455383,17.04693216,0.5,0.34,0.61,0.53,5850,0
VC05,7/1/2025,105.929153,10.783108,32.77487008,6.825,0.02056,0.0109975,0.0093325,0.010540625,0.02989,0.019125,0.004695,0.0018,0.0104,0.0051,0,0.001365,6.375,7.195,18.42153517,15.25213908,0.265,0.18,0.26,0.435,5100,0
VC06,8/1/2024,106.266158,10.777772,3.498564837,6.88,0.025230911,0.016969661,0.01415675,0.0144225,0.03355546,0.0165225,0.007001823,0.0052375,0.0166,0.0051,0,0.001376,5.5075,9.5018225,26.69707022,16.55982195,0.379375,0.52375,0.415,0.190625,5100,0
VC06,9/1/2024,106.266158,10.777772,5.139342,7.31,0.024570703,0.0162875,0.0138685,0.01616375,0.028864973,0.016566405,0.0063,0.001875,0.018,0.0064,0,0.001462,5.522135,8.8,21.54498436,14.95753553,0.2625,0.1875,0.45,0.1875,6400,0
VC06,10/1/2024,106.266158,10.777772,5.228562914,7.15,0.02526125,0.015155,0.012615,0.01264375,0.037009583,0.0202125,0.00651,0.005,0.0124,0.0064,0,0.00143,6.7375,9.01,19.21688475,16.04662981,0.2,0.5,0.31,0.8,6400,0
VC06,11/1/2024,106.266158,10.777772,3.505000857,6.5,0.01777625,0.01085,0.0115,0.0121875,0.020244583,0.0138525,0,0.0035,0.014,0.0042,0,0.0013,4.6175,5,11.40128968,10.40269694,0.59,0.35,0.35,0.225,4200,0
VC06,12/1/2024,106.266158,10.777772,5.09928004,6.46,0.02144074,0.01477699,0.0117335,0.0119325,0.029261727,0.0133275,0.00737898,0.004375,0.0124,0.0054,0,0.001292,4.4425,9.87898,23.5775978,13.97888171,0.12,0.4375,0.31,0.8375,5400,0
VC06,1/1/2025,106.266158,10.777772,5.03961676,6.95,0.0254325,0.01728,0.011555,0.01131875,0.039835833,0.016305,0.01284,0.005,0.00952,0.0072,0,0.00139,5.435,15.34,31.36407015,17.9223834,8.7175,0.5,0.238,0.225,7200,0
VC06,2/1/2025,106.266158,10.777772,5.064428168,6.68,0.04435,0.036355,0.029418,0.0325225,0.044333333,0.01599,0.01521,0.0068,0.0496,0.0011,0,0.001336,5.33,17.71,40.31185348,20.58574826,2.26,0.68,1.24,0.7,1100,0
VC06,3/1/2025,106.266158,10.777772,4.974130834,6.46,0.03868625,0.03146,0.022796,0.0245575,0.045934583,0.0144525,0.01862,0.0063,0.0296,0.0084,0,0.001292,4.8175,21.12,47.33182197,22.03010308,0.7,0.63,0.74,0.489,8400,0
VC06,4/1/2025,106.266158,10.777772,3.454461493,6.53,0.05297625,0.04704,0.039853,0.04837875,0.034827917,0.0118725,0.01568,0.0023,0.068,0.0081,0,0.001306,3.9575,18.18,47.7128406,20.86022245,1.56,0.23,1.7,0.22,8100,0
VC06,5/1/2025,106.266158,10.777772,3.616812916,6.75,0.03801125,0.031925,0.0247,0.0294375,0.035317917,0.0121725,0.0158,0.0023,0.0404,0.00535,0,0.00135,4.0575,18.3,42.0079673,19.21171258,1.87,0.23,1.01,0.47,5350,0
VC06,6/1/2025,106.266158,10.777772,3.569912668,6.38,0.030078125,0.0233825,0.0175705,0.02039125,0.033607292,0.01339125,0.0129,0.002515,0.0228,0.00855,0,0.001276,4.46375,15.4,39.88882694,19.15301054,1.905,0.2515,0.57,0.695,8550,0
VC06,7/1/2025,106.266158,10.777772,3.632217326,6.81,0.025719593,0.017837001,0.014696625,0.0153825,0.032887384,0.015765185,0.007642751,0.00478125,0.019,0.00425,0,0.001362,5.25506175,10.142751,27.15711577,16.32619785,0.5125,0.478125,0.475,0.18125,4250,0
VC07,8/1/2024,106.473433,10.638489,31.9254084,7.65,0.02716375,0.0184,0.016315,0.01820625,0.031182083,0.0175275,0.0057,0.0035,0.0192,0.0084,0,0.00153,5.8425,8.2,21.37495723,15.38448053,0.16,0.35,0.48,0.1125,8400,0
VC07,9/1/2024,106.473433,10.638489,35.703072,7.45,0.02047375,0.011785,0.010045,0.01193125,0.02723875,0.0173775,0.00497,0.001,0.0104,0.0072,0,0.00149,5.7925,7.47,20.13345287,14.91808571,0.11,0.1,0.26,0.3,7200,0
VC07,10/1/2024,106.473433,10.638489,35.37986472,6.58,0.01441375,0.0055675,0.0062255,0.00707875,0.02195375,0.0176925,0,0.001125,0.00451,0.0055,0,0.001316,5.8975,5,11.74775012,12.43192154,0.3825,0.1125,0.11275,0.1625,5500,0
VC07,11/1/2024,106.473433,10.638489,35.30927417,6.63,0.026163844,0.019695094,0.0167005,0.01782875,0.029315635,0.0129375,0.007315187,0.004875,0.0204,0.0068,0,0.001326,4.3125,9.815187,25.58358316,14.41628567,0.41875,0.4875,0.51,0.175,6800,0
VC07,12/1/2024,106.473433,10.638489,34.71857248,7.1,0.017980883,0.010627133,0.00645,0.007125,0.030312059,0.0147075,0.009774265,0.0015,0.00928,0.0007,0,0.00142,4.9025,12.274265,29.6291342,16.57668008,4.61,0.15,0.232,0.2,700,0
VC07,1/1/2025,106.473433,10.638489,35.19374756,6.26,0.05157625,0.0433,0.037776,0.0410325,0.04521125,0.0165525,0.0123,0.0099,0.064,0.0004,0,0.001252,5.5175,14.8,35.68233988,19.40750469,0.5,0.99,1.6,0.34,400,0
VC07,2/1/2025,106.473433,10.638489,34.44356864,6.39,0.025575,0.01842,0.018189,0.02079875,0.022341667,0.01431,0.00174,0.0031,0.0248,0.0072,0,0.001278,4.77,4.24,10.91845802,10.47923015,0.4,0.31,0.62,0.253,7200,0
VC07,3/1/2025,106.473433,10.638489,36.45822954,6.72,0.03549125,0.02774,0.021922,0.0261525,0.035562917,0.0155025,0.01298,0.002,0.0384,0.0021,0,0.001344,5.1675,15.48,35.65577551,18.87413005,1.79,0.2,0.96,0.1,2100,0
VC07,4/1/2025,106.473433,10.638489,55.13408394,6.54,0.0372525,0.029805,0.024254,0.02659875,0.0387975,0.014895,0.01241,0.00595,0.0386,0.00265,0,0.001308,4.965,14.91,35.65022604,18.56863053,0.9,0.595,0.965,0.215,2650,0
VC07,5/1/2025,106.473433,10.638489,33.75728268,6.75,0.026025,0.01941,0.0162875,0.019375,0.026133333,0.01323,0.007595,0.001575,0.0252,0.00445,0,0.00135,4.41,10.095,24.79823993,14.31494954,1.485,0.1575,0.63,0.34,4450,0
VC07,6/1/2025,106.473433,10.638489,37.16680736,6.835,0.016679604,0.008174859,0.005446,0.006104375,0.029119077,0.01700949,0.006824719,0.001125,0.0074,0.001,0,0.001367,5.66983,9.3247185,22.19083359,15.38268749,0.2125,0.1125,0.185,0.21875,1000,0
VC07,7/1/2025,106.473433,10.638489,29.91971117,7.17,0.017850235,0.00884375,0.00666075,0.00683375,0.030567214,0.018012969,0.0058,0.0023875,0.0048,0.0047,0,0.001434,6.004323,8.3,24.08038014,16.48012263,0.8125,0.23875,0.12,0.2,4700,0
VC08,8/1/2024,106.405025,10.771161,41.9889315,7.6,0.02187375,0.01215,0.01001,0.0118875,0.030622083,0.0194475,0.0058,0.001,0.0096,0.0079,0,0.00152,6.4825,8.3,20.32927354,16.01481984,0.1,0.1,0.24,0.29,7900,0
VC08,9/1/2024,106.405025,10.771161,41.22274769,6.54,0.0241125,0.014775,0.015429,0.016005,0.0279125,0.018675,0,0.00525,0.0198,0.0045,0,0.001308,6.225,5,12.1282003,13.0431117,0.155,0.525,0.495,0.3125,4500,0
VC08,10/1/2024,106.405025,10.771161,32.6332308,6.5,0.03353052,0.02617677,0.0239875,0.0250625,0.032971212,0.0147075,0.005678539,0.007875,0.0332,0.0056,0,0.0013,4.9025,8.178539,22.9677756,14.47663008,0.63125,0.7875,0.83,0.2375,5600,0
VC08,11/1/2024,106.405025,10.771161,32.85240752,7.75,0.02174375,0.0128075,0.0127575,0.01415,0.026130417,0.0178725,0.00165,0.002875,0.01869,0.0024,0,0.00155,5.9575,4.15,10.6688146,12.18177793,2.26375,0.2875,0.46725,0.9875,2400,0
VC08,12/1/2024,106.405025,10.771161,43.05662524,6.35,0.0246175,0.01525,0.011635,0.01235625,0.0358575,0.018735,0.0085,0.0035,0.0164,0.0021,0,0.00127,6.245,11,28.05998512,18.09574247,0.19,0.35,0.41,0.12,2100,0
VC08,1/1/2025,106.405025,10.771161,41.20802676,6.69,0.02029875,0.01194,0.009369,0.00608625,0.03756375,0.0167175,0.00648,0.009,0.006,0.0024,0,0.001338,5.5725,8.98,21.30840133,14.95849821,0.8,0.9,0.15,0.153,2400,0
VC08,2/1/2025,106.405025,10.771161,41.8112221,6.51,0.02371375,0.017695,0.014001,0.01556375,0.02779875,0.0120375,0.00869,0.0031,0.0172,0.0064,0,0.001302,4.0125,11.19,28.49809872,14.88511151,0.65,0.31,0.43,0.8,6400,0
VC08,3/1/2025,106.405025,10.771161,41.85349235,6.785,0.020501875,0.0143125,0.0092535,0.008629375,0.033312708,0.01237875,0.011475,0.0047,0.0082,0.00425,0,0.001357,4.12625,13.975,30.39609356,15.65409554,0.725,0.47,0.205,0.455,4250,0
VC08,4/1/2025,106.405025,10.771161,41.23025196,7.45,0.04259875,0.033325,0.028395,0.02961875,0.045847083,0.0185475,0.01135,0.0094,0.0364,0.0095,0,0.00149,6.1825,13.85,36.25365741,20.5851174,0.16,0.94,0.91,0.235,9500,0
VC08,5/1/2025,106.405025,10.771161,32.33991722,6.2,0.0301075,0.02452,0.01937,0.0182125,0.037700833,0.011175,0.01154,0.0096,0.024,0.0039,0,0.00124,3.725,14.04,34.66295942,16.39738632,0.5,0.96,0.6,0.6,3900,0
VC08,6/1/2025,106.405025,10.771161,32.72720364,6.83,0.032829074,0.024270466,0.0214455,0.02579125,0.030051172,0.017117216,0.007015932,0.001625,0.0362,0.0037,0,0.001366,5.70573875,9.5159315,21.10852449,15.09534346,0.556875,0.1625,0.905,0.35,3700,0
VC08,7/1/2025,106.405025,10.771161,41.50732173,7.35,0.025198612,0.01601375,0.01387875,0.0152,0.032138429,0.018369725,0.00574,0.0034375,0.0178,0.00505,0,0.00147,6.1232415,8.24,18.35989951,14.85507017,0.28625,0.34375,0.445,0.3125,5050,0
VC09,8/1/2024,106.308333,10.8896,42.34015932,7.88,0.02755375,0.01795,0.014938,0.0180475,0.032442083,0.0192075,0.0076,0.001,0.024,0.0033,0,0.001576,6.4025,10.1,20.47270811,15.94003881,0.37,0.1,0.6,0.28,3300,0
VC09,9/1/2024,106.308333,10.8896,29.80111769,5.94,0.023515,0.0142,0.014794,0.013805,0.030485,0.01863,0,0.0075,0.018,0.0029,0,0.001188,6.21,5,15.16576868,13.97823098,1.32125,0.75,0.45,0.5,2900,0
VC09,10/1/2024,106.308333,10.8896,41.56286489,6.22,0.029030856,0.021478356,0.0193845,0.0221525,0.027838663,0.015105,0.005431711,0.003325,0.03,0.0042,0,0.001244,5.035,7.931711,25.88549706,15.5952166,0.77125,0.3325,0.75,0.2,4200,0
VC09,11/1/2024,106.308333,10.8896,42.185518,7.07,0.0312375,0.0212625,0.0171545,0.02074,0.0358225,0.01995,0.00963,0.001125,0.02687,0.0049,0,0.001414,6.65,12.13,24.72726094,17.6525728,0.79,0.1125,0.67175,0.25,4900,0
VC09,12/1/2024,106.308333,10.8896,33.67936525,6.35,0.01442,0.006425,0.006385,0.00710625,0.021863333,0.01599,0.00135,0.0014,0.0084,0.0017,0,0.00127,5.33,3.85,10.04165072,11.04280918,0.14,0.14,0.21,0.14,1700,0
VC09,1/1/2025,106.308333,10.8896,34.54999177,6.48,0.02181,0.014475,0.010248,0.0117475,0.030473333,0.01467,0.00975,0.0017,0.012,0.0055,0,0.001296,4.89,12.25,29.56281646,16.53702284,0.36,0.17,0.3,0.175,5500,0
VC09,2/1/2025,106.308333,10.8896,34.41143597,6.53,0.0302125,0.02242,0.016653,0.01931625,0.0359625,0.015585,0.01284,0.0024,0.0224,0.0072,0,0.001306,5.195,15.34,34.610875,18.58596627,0.72,0.24,0.56,0.4,7200,0
VC09,3/1/2025,106.308333,10.8896,33.75061381,6.64,0.02283375,0.0159,0.011764,0.0121425,0.032162083,0.0138675,0.0096,0.0041,0.01,0.0081,0,0.001328,4.6225,12.1,29.92400742,16.24964137,0.45,0.41,0.25,0.68,8100,0
VC09,4/1/2025,106.308333,10.8896,33.57651625,6.88,0.024505,0.017875,0.017588,0.01886,0.023578333,0.01326,0.00195,0.005,0.0224,0.0064,0,0.001376,4.42,4.45,10.11741297,9.701693876,0.62,0.5,0.56,0.17,6400,0
VC09,5/1/2025,106.308333,10.8896,33.17033894,6.61,0.03046,0.02185,0.017061,0.01770125,0.039573333,0.01722,0.0109,0.0058,0.0192,0.0078,0,0.001322,5.74,13.4,33.31573267,18.99516162,0.445,0.58,0.48,0.71,7800,0
VC09,6/1/2025,106.308333,10.8896,33.79760344,6.63,0.02246375,0.015725,0.010513,0.01182875,0.031882083,0.0134775,0.01175,0.0021,0.0152,0.0024,0,0.001326,4.4925,14.25,31.77082573,16.63686656,0.77,0.21,0.38,0.84,2400,0
VC09,7/1/2025,106.308333,10.8896,41.33781732,7.305,0.028513808,0.020048183,0.0176805,0.018975625,0.032815551,0.01693125,0.006196365,0.005,0.026,0.0029,0,0.001461,5.64375,8.696365,19.36101565,14.4514433,0.255625,0.5,0.65,0.5,2900,0
VC10,8/1/2024,106.262089,11.081078,42.30195601,7.03,0.020517746,0.01113,0.008878,0.01031625,0.030258075,0.018775493,0.00591,0.00125,0.0104,0.0047,0,0.001406,6.2584975,8.41,22.34814738,16.31528325,0.14125,0.125,0.26,0.75,4700,0
VC10,9/1/2024,106.262089,11.081078,52.77979276,7.64,0.01909875,0.00936,0.006364,0.00733,0.03266375,0.0194775,0.00752,0.001,0.008,0.0022,0,0.001528,6.4925,10.02,21.23852714,16.31646978,0.15,0.1,0.2,0.48,2200,0
VC10,10/1/2024,106.262089,11.081078,33.06961894,6.97,0.02436625,0.0148,0.015497,0.01624625,0.028154583,0.0191325,0,0.005,0.023,0.0016,0,0.001394,6.3775,5,10.95984968,12.90352922,0.335,0.5,0.575,0.375,1600,0
VC10,11/1/2024,106.262089,11.081078,41.74345294,7.03,0.03712585,0.0289996,0.026228,0.03200375,0.028526983,0.0162525,0.0069492,0.00125,0.048,0.0018,0,0.001406,5.4175,9.4492,25.7141176,16.11493777,0.95625,0.125,1.2,0.5,1800,0
VC10,12/1/2024,106.262089,11.081078,35.61905123,7.42,0.018711784,0.010506784,0.007762,0.00579625,0.034572496,0.01641,0.006973568,0.00625,0.00559,0.0022,0,0.001484,5.47,9.473568,20.64944975,14.59700812,0.9375,0.625,0.13975,0.25,2200,0
VC10,1/1/2025,106.262089,11.081078,42.43156235,7.41,0.01808875,0.008695,0.006441,0.00492625,0.034740417,0.0187875,0.00599,0.005,0.004,0.0024,0,0.001482,6.2625,8.49,22.54040049,16.38189643,0.21,0.5,0.1,0.9,2400,0
VC10,2/1/2025,106.262089,11.081078,62.52124337,7.125,0.025838125,0.01717,0.0148875,0.015796875,0.032463958,0.01733625,0.00599,0.0045,0.0208,0.00305,0,0.001425,5.77875,8.49,20.45864183,14.9999793,0.345,0.45,0.52,0.44,3050,0
VC10,3/1/2025,106.262089,11.081078,32.25815273,6.73,0.01942625,0.01184,0.007523,0.00877875,0.03051125,0.0151725,0.00998,0.001,0.008,0.0047,0,0.001346,5.0575,12.48,32.39535714,17.6812554,0.16,0.1,0.2,0.3,4700,0
VC10,4/1/2025,106.262089,11.081078,41.84916281,6.74,0.0279225,0.017925,0.011874,0.0098425,0.0483525,0.019995,0.01345,0.008,0.0072,0.0072,0,0.001348,6.665,15.95,34.65110609,20.80364946,1.29,0.8,0.18,0.14,7200,0
VC10,5/1/2025,106.262089,11.081078,41.22596612,6.72,0.036449375,0.0258125,0.023672,0.02584,0.038381875,0.02127375,0.005625,0.006,0.036,0.004,0,0.001344,7.09125,8.125,17.5968412,16.06652229,0.395,0.6,0.9,0.4,4000,0
VC10,6/1/2025,106.262089,11.081078,41.34835927,7.14,0.04764625,0.03913,0.032364,0.0392675,0.03954125,0.0170325,0.01496,0.0019,0.056,0.0054,0,0.001428,5.6775,17.46,42.90386343,21.92415146,0.99,0.19,1.4,0.3,5400,0
VC10,7/1/2025,106.262089,11.081078,34.5769357,6.5,0.02555375,0.01847,0.01835,0.0205625,0.02275875,0.0141675,0.00154,0.0038,0.0252,0.0064,0,0.0013,4.7225,4.04,9.961799706,10.10638547,0.86,0.38,0.63,0.1,6400,0
