code,date,e,n,wqi,ph,aldrin,bhc,dieldrin,ddts,heptachlor,as,cd,pb,cr6,cu,zn,hg,do,bod5,cod,toc,n_nh4,n_no3,n_no2,p_po4,coliform,ecoli
BD03,10/1/2023,106.468056,10.505556,66.33973,66.33973,66.33973,66.33973,66.33973,66.33973,66.33973,66.33973,66.33973,66.33973,66.33973,66.33973,66.33973,66.33973,66.33973,66.33973,66.33973,66.33973,66.33973,66.33973,66.33973,66.33973,66.33973,66.33973
BD03,11/1/2023,106.468056,10.505556,38.66105301,38.66105301,38.66105301,38.66105301,38.66105301,38.66105301,38.66105301,38.66105301,38.66105301,38.66105301,38.66105301,38.66105301,38.66105301,38.66105301,38.66105301,38.66105301,38.66105301,38.66105301,38.66105301,38.66105301,38.66105301,38.66105301,38.66105301,38.66105301
BD03,12/1/2023,106.468056,10.505556,55.04207524,55.04207524,55.04207524,55.04207524,55.04207524,55.04207524,55.04207524,55.04207524,55.04207524,55.04207524,55.04207524,55.04207524,55.04207524,55.04207524,55.04207524,55.04207524,55.04207524,55.04207524,55.04207524,55.04207524,55.04207524,55.04207524,55.04207524,55.04207524
BD03,1/1/2024,106.468056,10.505556,53.45586294,53.45586294,53.45586294,53.45586294,53.45586294,53.45586294,53.45586294,53.45586294,53.45586294,53.45586294,53.45586294,53.45586294,53.45586294,53.45586294,53.45586294,53.45586294,53.45586294,53.45586294,53.45586294,53.45586294,53.45586294,53.45586294,53.45586294,53.45586294
BD03,2/1/2024,106.468056,10.505556,53.60169179,53.60169179,53.60169179,53.60169179,53.60169179,53.60169179,53.60169179,53.60169179,53.60169179,53.60169179,53.60169179,53.60169179,53.60169179,53.60169179,53.60169179,53.60169179,53.60169179,53.60169179,53.60169179,53.60169179,53.60169179,53.60169179,53.60169179,53.60169179
BD03,3/1/2024,106.468056,10.505556,54.48872718,54.48872718,54.48872718,54.48872718,54.48872718,54.48872718,54.48872718,54.48872718,54.48872718,54.48872718,54.48872718,54.48872718,54.48872718,54.48872718,54.48872718,54.48872718,54.48872718,54.48872718,54.48872718,54.48872718,54.48872718,54.48872718,54.48872718,54.48872718
BD03,4/1/2024,106.468056,10.505556,35.68857018,35.68857018,35.68857018,35.68857018,35.68857018,35.68857018,35.68857018,35.68857018,35.68857018,35.68857018,35.68857018,35.68857018,35.68857018,35.68857018,35.68857018,35.68857018,35.68857018,35.68857018,35.68857018,35.68857018,35.68857018,35.68857018,35.68857018,35.68857018
BD03,5/1/2024,106.468056,10.505556,36.86732973,36.86732973,36.86732973,36.86732973,36.86732973,36.86732973,36.86732973,36.86732973,36.86732973,36.86732973,36.86732973,36.86732973,36.86732973,36.86732973,36.86732973,36.86732973,36.86732973,36.86732973,36.86732973,36.86732973,36.86732973,36.86732973,36.86732973,36.86732973
BD03,6/1/2024,106.468056,10.505556,56.79764737,56.79764737,56.79764737,56.79764737,56.79764737,56.79764737,56.79764737,56.79764737,56.79764737,56.79764737,56.79764737,56.79764737,56.79764737,56.79764737,56.79764737,56.79764737,56.79764737,56.79764737,56.79764737,56.79764737,56.79764737,56.79764737,56.79764737,56.79764737
BD03,7/1/2024,106.468056,10.505556,65.32521254,65.32521254,65.32521254,65.32521254,65.32521254,65.32521254,65.32521254,65.32521254,65.32521254,65.32521254,65.32521254,65.32521254,65.32521254,65.32521254,65.32521254,65.32521254,65.32521254,65.32521254,65.32521254,65.32521254,65.32521254,65.32521254,65.32521254,65.32521254
BD03,8/1/2024,106.468056,10.505556,38.31293749,38.31293749,38.31293749,38.31293749,38.31293749,38.31293749,38.31293749,38.31293749,38.31293749,38.31293749,38.31293749,38.31293749,38.31293749,38.31293749,38.31293749,38.31293749,38.31293749,38.31293749,38.31293749,38.31293749,38.31293749,38.31293749,38.31293749,38.31293749
BD03,9/1/2024,106.468056,10.505556,55.25504608,55.25504608,55.25504608,55.25504608,55.25504608,55.25504608,55.25504608,55.25504608,55.25504608,55.25504608,55.25504608,55.25504608,55.25504608,55.25504608,55.25504608,55.25504608,55.25504608,55.25504608,55.25504608,55.25504608,55.25504608,55.25504608,55.25504608,55.25504608
BD03,10/1/2024,106.468056,10.505556,53.95670971,53.95670971,53.95670971,53.95670971,53.95670971,53.95670971,53.95670971,53.95670971,53.95670971,53.95670971,53.95670971,53.95670971,53.95670971,53.95670971,53.95670971,53.95670971,53.95670971,53.95670971,53.95670971,53.95670971,53.95670971,53.95670971,53.95670971,53.95670971
BD03,11/1/2024,106.468056,10.505556,37.22293044,37.22293044,37.22293044,37.22293044,37.22293044,37.22293044,37.22293044,37.22293044,37.22293044,37.22293044,37.22293044,37.22293044,37.22293044,37.22293044,37.22293044,37.22293044,37.22293044,37.22293044,37.22293044,37.22293044,37.22293044,37.22293044,37.22293044,37.22293044
BD03,12/1/2024,106.468056,10.505556,34.67638947,34.67638947,34.67638947,34.67638947,34.67638947,34.67638947,34.67638947,34.67638947,34.67638947,34.67638947,34.67638947,34.67638947,34.67638947,34.67638947,34.67638947,34.67638947,34.67638947,34.67638947,34.67638947,34.67638947,34.67638947,34.67638947,34.67638947,34.67638947
BD03,1/1/2025,106.468056,10.505556,53.9271968,53.9271968,53.9271968,53.9271968,53.9271968,53.9271968,53.9271968,53.9271968,53.9271968,53.9271968,53.9271968,53.9271968,53.9271968,53.9271968,53.9271968,53.9271968,53.9271968,53.9271968,53.9271968,53.9271968,53.9271968,53.9271968,53.9271968,53.9271968
BD03,2/1/2025,106.468056,10.505556,53.63156522,53.63156522,53.63156522,53.63156522,53.63156522,53.63156522,53.63156522,53.63156522,53.63156522,53.63156522,53.63156522,53.63156522,53.63156522,53.63156522,53.63156522,53.63156522,53.63156522,53.63156522,53.63156522,53.63156522,53.63156522,53.63156522,53.63156522,53.63156522
BD03,3/1/2025,106.468056,10.505556,53.83321324,53.83321324,53.83321324,53.83321324,53.83321324,53.83321324,53.83321324,53.83321324,53.83321324,53.83321324,53.83321324,53.83321324,53.83321324,53.83321324,53.83321324,53.83321324,53.83321324,53.83321324,53.83321324,53.83321324,53.83321324,53.83321324,53.83321324,53.83321324
BD03,4/1/2025,106.468056,10.505556,54.29091801,54.29091801,54.29091801,54.29091801,54.29091801,54.29091801,54.29091801,54.29091801,54.29091801,54.29091801,54.29091801,54.29091801,54.29091801,54.29091801,54.29091801,54.29091801,54.29091801,54.29091801,54.29091801,54.29091801,54.29091801,54.29091801,54.29091801,54.29091801
BD03,5/1/2025,106.468056,10.505556,52.42335169,52.42335169,52.42335169,52.42335169,52.42335169,52.42335169,52.42335169,52.42335169,52.42335169,52.42335169,52.42335169,52.42335169,52.42335169,52.42335169,52.42335169,52.42335169,52.42335169,52.42335169,52.42335169,52.42335169,52.42335169,52.42335169,52.42335169,52.42335169
BD03,6/1/2025,106.468056,10.505556,38.01924585,38.01924585,38.01924585,38.01924585,38.01924585,38.01924585,38.01924585,38.01924585,38.01924585,38.01924585,38.01924585,38.01924585,38.01924585,38.01924585,38.01924585,38.01924585,38.01924585,38.01924585,38.01924585,38.01924585,38.01924585,38.01924585,38.01924585,38.01924585
BD03,7/1/2025,106.468056,10.505556,37.51167329,37.51167329,37.51167329,37.51167329,37.51167329,37.51167329,37.51167329,37.51167329,37.51167329,37.51167329,37.51167329,37.51167329,37.51167329,37.51167329,37.51167329,37.51167329,37.51167329,37.51167329,37.51167329,37.51167329,37.51167329,37.51167329,37.51167329,37.51167329
BD04,10/1/2023,106.411111,10.533056,54.34345138,54.34345138,54.34345138,54.34345138,54.34345138,54.34345138,54.34345138,54.34345138,54.34345138,54.34345138,54.34345138,54.34345138,54.34345138,54.34345138,54.34345138,54.34345138,54.34345138,54.34345138,54.34345138,54.34345138,54.34345138,54.34345138,54.34345138,54.34345138
BD04,11/1/2023,106.411111,10.533056,38.34267349,38.34267349,38.34267349,38.34267349,38.34267349,38.34267349,38.34267349,38.34267349,38.34267349,38.34267349,38.34267349,38.34267349,38.34267349,38.34267349,38.34267349,38.34267349,38.34267349,38.34267349,38.34267349,38.34267349,38.34267349,38.34267349,38.34267349,38.34267349
BD04,12/1/2023,106.411111,10.533056,57.41962424,57.41962424,57.41962424,57.41962424,57.41962424,57.41962424,57.41962424,57.41962424,57.41962424,57.41962424,57.41962424,57.41962424,57.41962424,57.41962424,57.41962424,57.41962424,57.41962424,57.41962424,57.41962424,57.41962424,57.41962424,57.41962424,57.41962424,57.41962424
BD04,1/1/2024,106.411111,10.533056,57.04479849,57.04479849,57.04479849,57.04479849,57.04479849,57.04479849,57.04479849,57.04479849,57.04479849,57.04479849,57.04479849,57.04479849,57.04479849,57.04479849,57.04479849,57.04479849,57.04479849,57.04479849,57.04479849,57.04479849,57.04479849,57.04479849,57.04479849,57.04479849
BD04,2/1/2024,106.411111,10.533056,52.8331459,52.8331459,52.8331459,52.8331459,52.8331459,52.8331459,52.8331459,52.8331459,52.8331459,52.8331459,52.8331459,52.8331459,52.8331459,52.8331459,52.8331459,52.8331459,52.8331459,52.8331459,52.8331459,52.8331459,52.8331459,52.8331459,52.8331459,52.8331459
BD04,3/1/2024,106.411111,10.533056,53.63654775,53.63654775,53.63654775,53.63654775,53.63654775,53.63654775,53.63654775,53.63654775,53.63654775,53.63654775,53.63654775,53.63654775,53.63654775,53.63654775,53.63654775,53.63654775,53.63654775,53.63654775,53.63654775,53.63654775,53.63654775,53.63654775,53.63654775,53.63654775
BD04,4/1/2024,106.411111,10.533056,45.06289726,45.06289726,45.06289726,45.06289726,45.06289726,45.06289726,45.06289726,45.06289726,45.06289726,45.06289726,45.06289726,45.06289726,45.06289726,45.06289726,45.06289726,45.06289726,45.06289726,45.06289726,45.06289726,45.06289726,45.06289726,45.06289726,45.06289726,45.06289726
BD04,5/1/2024,106.411111,10.533056,38.10739808,38.10739808,38.10739808,38.10739808,38.10739808,38.10739808,38.10739808,38.10739808,38.10739808,38.10739808,38.10739808,38.10739808,38.10739808,38.10739808,38.10739808,38.10739808,38.10739808,38.10739808,38.10739808,38.10739808,38.10739808,38.10739808,38.10739808,38.10739808
BD04,6/1/2024,106.411111,10.533056,38.64983544,38.64983544,38.64983544,38.64983544,38.64983544,38.64983544,38.64983544,38.64983544,38.64983544,38.64983544,38.64983544,38.64983544,38.64983544,38.64983544,38.64983544,38.64983544,38.64983544,38.64983544,38.64983544,38.64983544,38.64983544,38.64983544,38.64983544,38.64983544
BD04,7/1/2024,106.411111,10.533056,36.78126681,36.78126681,36.78126681,36.78126681,36.78126681,36.78126681,36.78126681,36.78126681,36.78126681,36.78126681,36.78126681,36.78126681,36.78126681,36.78126681,36.78126681,36.78126681,36.78126681,36.78126681,36.78126681,36.78126681,36.78126681,36.78126681,36.78126681,36.78126681
BD04,8/1/2024,106.411111,10.533056,38.55384306,38.55384306,38.55384306,38.55384306,38.55384306,38.55384306,38.55384306,38.55384306,38.55384306,38.55384306,38.55384306,38.55384306,38.55384306,38.55384306,38.55384306,38.55384306,38.55384306,38.55384306,38.55384306,38.55384306,38.55384306,38.55384306,38.55384306,38.55384306
BD04,9/1/2024,106.411111,10.533056,59.57419184,59.57419184,59.57419184,59.57419184,59.57419184,59.57419184,59.57419184,59.57419184,59.57419184,59.57419184,59.57419184,59.57419184,59.57419184,59.57419184,59.57419184,59.57419184,59.57419184,59.57419184,59.57419184,59.57419184,59.57419184,59.57419184,59.57419184,59.57419184
BD04,10/1/2024,106.411111,10.533056,54.84273274,54.84273274,54.84273274,54.84273274,54.84273274,54.84273274,54.84273274,54.84273274,54.84273274,54.84273274,54.84273274,54.84273274,54.84273274,54.84273274,54.84273274,54.84273274,54.84273274,54.84273274,54.84273274,54.84273274,54.84273274,54.84273274,54.84273274,54.84273274
BD04,11/1/2024,106.411111,10.533056,37.23462777,37.23462777,37.23462777,37.23462777,37.23462777,37.23462777,37.23462777,37.23462777,37.23462777,37.23462777,37.23462777,37.23462777,37.23462777,37.23462777,37.23462777,37.23462777,37.23462777,37.23462777,37.23462777,37.23462777,37.23462777,37.23462777,37.23462777,37.23462777
BD04,12/1/2024,106.411111,10.533056,34.97943079,34.97943079,34.97943079,34.97943079,34.97943079,34.97943079,34.97943079,34.97943079,34.97943079,34.97943079,34.97943079,34.97943079,34.97943079,34.97943079,34.97943079,34.97943079,34.97943079,34.97943079,34.97943079,34.97943079,34.97943079,34.97943079,34.97943079,34.97943079
BD04,1/1/2025,106.411111,10.533056,55.83108778,55.83108778,55.83108778,55.83108778,55.83108778,55.83108778,55.83108778,55.83108778,55.83108778,55.83108778,55.83108778,55.83108778,55.83108778,55.83108778,55.83108778,55.83108778,55.83108778,55.83108778,55.83108778,55.83108778,55.83108778,55.83108778,55.83108778,55.83108778
BD04,2/1/2025,106.411111,10.533056,53.08562499,53.08562499,53.08562499,53.08562499,53.08562499,53.08562499,53.08562499,53.08562499,53.08562499,53.08562499,53.08562499,53.08562499,53.08562499,53.08562499,53.08562499,53.08562499,53.08562499,53.08562499,53.08562499,53.08562499,53.08562499,53.08562499,53.08562499,53.08562499
BD04,3/1/2025,106.411111,10.533056,54.02633118,54.02633118,54.02633118,54.02633118,54.02633118,54.02633118,54.02633118,54.02633118,54.02633118,54.02633118,54.02633118,54.02633118,54.02633118,54.02633118,54.02633118,54.02633118,54.02633118,54.02633118,54.02633118,54.02633118,54.02633118,54.02633118,54.02633118,54.02633118
BD04,4/1/2025,106.411111,10.533056,66.35630385,66.35630385,66.35630385,66.35630385,66.35630385,66.35630385,66.35630385,66.35630385,66.35630385,66.35630385,66.35630385,66.35630385,66.35630385,66.35630385,66.35630385,66.35630385,66.35630385,66.35630385,66.35630385,66.35630385,66.35630385,66.35630385,66.35630385,66.35630385
BD04,5/1/2025,106.411111,10.533056,38.78019775,38.78019775,38.78019775,38.78019775,38.78019775,38.78019775,38.78019775,38.78019775,38.78019775,38.78019775,38.78019775,38.78019775,38.78019775,38.78019775,38.78019775,38.78019775,38.78019775,38.78019775,38.78019775,38.78019775,38.78019775,38.78019775,38.78019775,38.78019775
BD04,6/1/2025,106.411111,10.533056,38.33831442,38.33831442,38.33831442,38.33831442,38.33831442,38.33831442,38.33831442,38.33831442,38.33831442,38.33831442,38.33831442,38.33831442,38.33831442,38.33831442,38.33831442,38.33831442,38.33831442,38.33831442,38.33831442,38.33831442,38.33831442,38.33831442,38.33831442,38.33831442
BD04,7/1/2025,106.411111,10.533056,36.32679694,36.32679694,36.32679694,36.32679694,36.32679694,36.32679694,36.32679694,36.32679694,36.32679694,36.32679694,36.32679694,36.32679694,36.32679694,36.32679694,36.32679694,36.32679694,36.32679694,36.32679694,36.32679694,36.32679694,36.32679694,36.32679694,36.32679694,36.32679694
BD05,10/1/2023,106.362778,10.555,66.3782857,66.3782857,66.3782857,66.3782857,66.3782857,66.3782857,66.3782857,66.3782857,66.3782857,66.3782857,66.3782857,66.3782857,66.3782857,66.3782857,66.3782857,66.3782857,66.3782857,66.3782857,66.3782857,66.3782857,66.3782857,66.3782857,66.3782857,66.3782857
BD05,11/1/2023,106.362778,10.555,36.04676003,36.04676003,36.04676003,36.04676003,36.04676003,36.04676003,36.04676003,36.04676003,36.04676003,36.04676003,36.04676003,36.04676003,36.04676003,36.04676003,36.04676003,36.04676003,36.04676003,36.04676003,36.04676003,36.04676003,36.04676003,36.04676003,36.04676003,36.04676003
BD05,12/1/2023,106.362778,10.555,63.98509903,63.98509903,63.98509903,63.98509903,63.98509903,63.98509903,63.98509903,63.98509903,63.98509903,63.98509903,63.98509903,63.98509903,63.98509903,63.98509903,63.98509903,63.98509903,63.98509903,63.98509903,63.98509903,63.98509903,63.98509903,63.98509903,63.98509903,63.98509903
BD05,1/1/2024,106.362778,10.555,65.09225811,65.09225811,65.09225811,65.09225811,65.09225811,65.09225811,65.09225811,65.09225811,65.09225811,65.09225811,65.09225811,65.09225811,65.09225811,65.09225811,65.09225811,65.09225811,65.09225811,65.09225811,65.09225811,65.09225811,65.09225811,65.09225811,65.09225811,65.09225811
BD05,2/1/2024,106.362778,10.555,66.42428805,66.42428805,66.42428805,66.42428805,66.42428805,66.42428805,66.42428805,66.42428805,66.42428805,66.42428805,66.42428805,66.42428805,66.42428805,66.42428805,66.42428805,66.42428805,66.42428805,66.42428805,66.42428805,66.42428805,66.42428805,66.42428805,66.42428805,66.42428805
BD05,3/1/2024,106.362778,10.555,53.53960635,53.53960635,53.53960635,53.53960635,53.53960635,53.53960635,53.53960635,53.53960635,53.53960635,53.53960635,53.53960635,53.53960635,53.53960635,53.53960635,53.53960635,53.53960635,53.53960635,53.53960635,53.53960635,53.53960635,53.53960635,53.53960635,53.53960635,53.53960635
BD05,4/1/2024,106.362778,10.555,65.43721509,65.43721509,65.43721509,65.43721509,65.43721509,65.43721509,65.43721509,65.43721509,65.43721509,65.43721509,65.43721509,65.43721509,65.43721509,65.43721509,65.43721509,65.43721509,65.43721509,65.43721509,65.43721509,65.43721509,65.43721509,65.43721509,65.43721509,65.43721509
BD05,5/1/2024,106.362778,10.555,36.3742877,36.3742877,36.3742877,36.3742877,36.3742877,36.3742877,36.3742877,36.3742877,36.3742877,36.3742877,36.3742877,36.3742877,36.3742877,36.3742877,36.3742877,36.3742877,36.3742877,36.3742877,36.3742877,36.3742877,36.3742877,36.3742877,36.3742877,36.3742877
BD05,6/1/2024,106.362778,10.555,53.99859274,53.99859274,53.99859274,53.99859274,53.99859274,53.99859274,53.99859274,53.99859274,53.99859274,53.99859274,53.99859274,53.99859274,53.99859274,53.99859274,53.99859274,53.99859274,53.99859274,53.99859274,53.99859274,53.99859274,53.99859274,53.99859274,53.99859274,53.99859274
BD05,7/1/2024,106.362778,10.555,66.45315984,66.45315984,66.45315984,66.45315984,66.45315984,66.45315984,66.45315984,66.45315984,66.45315984,66.45315984,66.45315984,66.45315984,66.45315984,66.45315984,66.45315984,66.45315984,66.45315984,66.45315984,66.45315984,66.45315984,66.45315984,66.45315984,66.45315984,66.45315984
BD05,8/1/2024,106.362778,10.555,37.48553677,37.48553677,37.48553677,37.48553677,37.48553677,37.48553677,37.48553677,37.48553677,37.48553677,37.48553677,37.48553677,37.48553677,37.48553677,37.48553677,37.48553677,37.48553677,37.48553677,37.48553677,37.48553677,37.48553677,37.48553677,37.48553677,37.48553677,37.48553677
BD05,9/1/2024,106.362778,10.555,5.0856881,5.0856881,5.0856881,5.0856881,5.0856881,5.0856881,5.0856881,5.0856881,5.0856881,5.0856881,5.0856881,5.0856881,5.0856881,5.0856881,5.0856881,5.0856881,5.0856881,5.0856881,5.0856881,5.0856881,5.0856881,5.0856881,5.0856881,5.0856881
BD05,10/1/2024,106.362778,10.555,65.78392524,65.78392524,65.78392524,65.78392524,65.78392524,65.78392524,65.78392524,65.78392524,65.78392524,65.78392524,65.78392524,65.78392524,65.78392524,65.78392524,65.78392524,65.78392524,65.78392524,65.78392524,65.78392524,65.78392524,65.78392524,65.78392524,65.78392524,65.78392524
BD05,11/1/2024,106.362778,10.555,54.64791382,54.64791382,54.64791382,54.64791382,54.64791382,54.64791382,54.64791382,54.64791382,54.64791382,54.64791382,54.64791382,54.64791382,54.64791382,54.64791382,54.64791382,54.64791382,54.64791382,54.64791382,54.64791382,54.64791382,54.64791382,54.64791382,54.64791382,54.64791382
BD05,12/1/2024,106.362778,10.555,35.86313325,35.86313325,35.86313325,35.86313325,35.86313325,35.86313325,35.86313325,35.86313325,35.86313325,35.86313325,35.86313325,35.86313325,35.86313325,35.86313325,35.86313325,35.86313325,35.86313325,35.86313325,35.86313325,35.86313325,35.86313325,35.86313325,35.86313325,35.86313325
BD05,1/1/2025,106.362778,10.555,63.5347396,63.5347396,63.5347396,63.5347396,63.5347396,63.5347396,63.5347396,63.5347396,63.5347396,63.5347396,63.5347396,63.5347396,63.5347396,63.5347396,63.5347396,63.5347396,63.5347396,63.5347396,63.5347396,63.5347396,63.5347396,63.5347396,63.5347396,63.5347396
BD05,2/1/2025,106.362778,10.555,66.3912857,66.3912857,66.3912857,66.3912857,66.3912857,66.3912857,66.3912857,66.3912857,66.3912857,66.3912857,66.3912857,66.3912857,66.3912857,66.3912857,66.3912857,66.3912857,66.3912857,66.3912857,66.3912857,66.3912857,66.3912857,66.3912857,66.3912857,66.3912857
BD05,3/1/2025,106.362778,10.555,54.44384641,54.44384641,54.44384641,54.44384641,54.44384641,54.44384641,54.44384641,54.44384641,54.44384641,54.44384641,54.44384641,54.44384641,54.44384641,54.44384641,54.44384641,54.44384641,54.44384641,54.44384641,54.44384641,54.44384641,54.44384641,54.44384641,54.44384641,54.44384641
BD05,4/1/2025,106.362778,10.555,65.07584483,65.07584483,65.07584483,65.07584483,65.07584483,65.07584483,65.07584483,65.07584483,65.07584483,65.07584483,65.07584483,65.07584483,65.07584483,65.07584483,65.07584483,65.07584483,65.07584483,65.07584483,65.07584483,65.07584483,65.07584483,65.07584483,65.07584483,65.07584483
BD05,5/1/2025,106.362778,10.555,64.99155052,64.99155052,64.99155052,64.99155052,64.99155052,64.99155052,64.99155052,64.99155052,64.99155052,64.99155052,64.99155052,64.99155052,64.99155052,64.99155052,64.99155052,64.99155052,64.99155052,64.99155052,64.99155052,64.99155052,64.99155052,64.99155052,64.99155052,64.99155052
BD05,6/1/2025,106.362778,10.555,65.9325571,65.9325571,65.9325571,65.9325571,65.9325571,65.9325571,65.9325571,65.9325571,65.9325571,65.9325571,65.9325571,65.9325571,65.9325571,65.9325571,65.9325571,65.9325571,65.9325571,65.9325571,65.9325571,65.9325571,65.9325571,65.9325571,65.9325571,65.9325571
BD05,7/1/2025,106.362778,10.555,54.15894997,54.15894997,54.15894997,54.15894997,54.15894997,54.15894997,54.15894997,54.15894997,54.15894997,54.15894997,54.15894997,54.15894997,54.15894997,54.15894997,54.15894997,54.15894997,54.15894997,54.15894997,54.15894997,54.15894997,54.15894997,54.15894997,54.15894997,54.15894997
BD06,10/1/2023,106.489167,10.378889,67.2383789,67.2383789,67.2383789,67.2383789,67.2383789,67.2383789,67.2383789,67.2383789,67.2383789,67.2383789,67.2383789,67.2383789,67.2383789,67.2383789,67.2383789,67.2383789,67.2383789,67.2383789,67.2383789,67.2383789,67.2383789,67.2383789,67.2383789,67.2383789
BD06,11/1/2023,106.489167,10.378889,38.87364581,38.87364581,38.87364581,38.87364581,38.87364581,38.87364581,38.87364581,38.87364581,38.87364581,38.87364581,38.87364581,38.87364581,38.87364581,38.87364581,38.87364581,38.87364581,38.87364581,38.87364581,38.87364581,38.87364581,38.87364581,38.87364581,38.87364581,38.87364581
BD06,12/1/2023,106.489167,10.378889,56.80703148,56.80703148,56.80703148,56.80703148,56.80703148,56.80703148,56.80703148,56.80703148,56.80703148,56.80703148,56.80703148,56.80703148,56.80703148,56.80703148,56.80703148,56.80703148,56.80703148,56.80703148,56.80703148,56.80703148,56.80703148,56.80703148,56.80703148,56.80703148
BD06,1/1/2024,106.489167,10.378889,56.65967499,56.65967499,56.65967499,56.65967499,56.65967499,56.65967499,56.65967499,56.65967499,56.65967499,56.65967499,56.65967499,56.65967499,56.65967499,56.65967499,56.65967499,56.65967499,56.65967499,56.65967499,56.65967499,56.65967499,56.65967499,56.65967499,56.65967499,56.65967499
BD06,2/1/2024,106.489167,10.378889,54.76037563,54.76037563,54.76037563,54.76037563,54.76037563,54.76037563,54.76037563,54.76037563,54.76037563,54.76037563,54.76037563,54.76037563,54.76037563,54.76037563,54.76037563,54.76037563,54.76037563,54.76037563,54.76037563,54.76037563,54.76037563,54.76037563,54.76037563,54.76037563
BD06,3/1/2024,106.489167,10.378889,56.30351991,56.30351991,56.30351991,56.30351991,56.30351991,56.30351991,56.30351991,56.30351991,56.30351991,56.30351991,56.30351991,56.30351991,56.30351991,56.30351991,56.30351991,56.30351991,56.30351991,56.30351991,56.30351991,56.30351991,56.30351991,56.30351991,56.30351991,56.30351991
BD06,4/1/2024,106.489167,10.378889,36.72848347,36.72848347,36.72848347,36.72848347,36.72848347,36.72848347,36.72848347,36.72848347,36.72848347,36.72848347,36.72848347,36.72848347,36.72848347,36.72848347,36.72848347,36.72848347,36.72848347,36.72848347,36.72848347,36.72848347,36.72848347,36.72848347,36.72848347,36.72848347
BD06,5/1/2024,106.489167,10.378889,37.75861625,37.75861625,37.75861625,37.75861625,37.75861625,37.75861625,37.75861625,37.75861625,37.75861625,37.75861625,37.75861625,37.75861625,37.75861625,37.75861625,37.75861625,37.75861625,37.75861625,37.75861625,37.75861625,37.75861625,37.75861625,37.75861625,37.75861625,37.75861625
BD06,6/1/2024,106.489167,10.378889,57.02918164,57.02918164,57.02918164,57.02918164,57.02918164,57.02918164,57.02918164,57.02918164,57.02918164,57.02918164,57.02918164,57.02918164,57.02918164,57.02918164,57.02918164,57.02918164,57.02918164,57.02918164,57.02918164,57.02918164,57.02918164,57.02918164,57.02918164,57.02918164
BD06,7/1/2024,106.489167,10.378889,66.6209074,66.6209074,66.6209074,66.6209074,66.6209074,66.6209074,66.6209074,66.6209074,66.6209074,66.6209074,66.6209074,66.6209074,66.6209074,66.6209074,66.6209074,66.6209074,66.6209074,66.6209074,66.6209074,66.6209074,66.6209074,66.6209074,66.6209074,66.6209074
BD06,8/1/2024,106.489167,10.378889,38.07974387,38.07974387,38.07974387,38.07974387,38.07974387,38.07974387,38.07974387,38.07974387,38.07974387,38.07974387,38.07974387,38.07974387,38.07974387,38.07974387,38.07974387,38.07974387,38.07974387,38.07974387,38.07974387,38.07974387,38.07974387,38.07974387,38.07974387,38.07974387
BD06,9/1/2024,106.489167,10.378889,56.60417369,56.60417369,56.60417369,56.60417369,56.60417369,56.60417369,56.60417369,56.60417369,56.60417369,56.60417369,56.60417369,56.60417369,56.60417369,56.60417369,56.60417369,56.60417369,56.60417369,56.60417369,56.60417369,56.60417369,56.60417369,56.60417369,56.60417369,56.60417369
BD06,10/1/2024,106.489167,10.378889,54.6868481,54.6868481,54.6868481,54.6868481,54.6868481,54.6868481,54.6868481,54.6868481,54.6868481,54.6868481,54.6868481,54.6868481,54.6868481,54.6868481,54.6868481,54.6868481,54.6868481,54.6868481,54.6868481,54.6868481,54.6868481,54.6868481,54.6868481,54.6868481
BD06,11/1/2024,106.489167,10.378889,44.71369658,44.71369658,44.71369658,44.71369658,44.71369658,44.71369658,44.71369658,44.71369658,44.71369658,44.71369658,44.71369658,44.71369658,44.71369658,44.71369658,44.71369658,44.71369658,44.71369658,44.71369658,44.71369658,44.71369658,44.71369658,44.71369658,44.71369658,44.71369658
BD06,12/1/2024,106.489167,10.378889,65.60215751,65.60215751,65.60215751,65.60215751,65.60215751,65.60215751,65.60215751,65.60215751,65.60215751,65.60215751,65.60215751,65.60215751,65.60215751,65.60215751,65.60215751,65.60215751,65.60215751,65.60215751,65.60215751,65.60215751,65.60215751,65.60215751,65.60215751,65.60215751
BD06,1/1/2025,106.489167,10.378889,57.04813199,57.04813199,57.04813199,57.04813199,57.04813199,57.04813199,57.04813199,57.04813199,57.04813199,57.04813199,57.04813199,57.04813199,57.04813199,57.04813199,57.04813199,57.04813199,57.04813199,57.04813199,57.04813199,57.04813199,57.04813199,57.04813199,57.04813199,57.04813199
BD06,2/1/2025,106.489167,10.378889,36.30649212,36.30649212,36.30649212,36.30649212,36.30649212,36.30649212,36.30649212,36.30649212,36.30649212,36.30649212,36.30649212,36.30649212,36.30649212,36.30649212,36.30649212,36.30649212,36.30649212,36.30649212,36.30649212,36.30649212,36.30649212,36.30649212,36.30649212,36.30649212
BD06,3/1/2025,106.489167,10.378889,65.60442682,65.60442682,65.60442682,65.60442682,65.60442682,65.60442682,65.60442682,65.60442682,65.60442682,65.60442682,65.60442682,65.60442682,65.60442682,65.60442682,65.60442682,65.60442682,65.60442682,65.60442682,65.60442682,65.60442682,65.60442682,65.60442682,65.60442682,65.60442682
BD06,4/1/2025,106.489167,10.378889,65.72768347,65.72768347,65.72768347,65.72768347,65.72768347,65.72768347,65.72768347,65.72768347,65.72768347,65.72768347,65.72768347,65.72768347,65.72768347,65.72768347,65.72768347,65.72768347,65.72768347,65.72768347,65.72768347,65.72768347,65.72768347,65.72768347,65.72768347,65.72768347
BD06,5/1/2025,106.489167,10.378889,37.44832914,37.44832914,37.44832914,37.44832914,37.44832914,37.44832914,37.44832914,37.44832914,37.44832914,37.44832914,37.44832914,37.44832914,37.44832914,37.44832914,37.44832914,37.44832914,37.44832914,37.44832914,37.44832914,37.44832914,37.44832914,37.44832914,37.44832914,37.44832914
BD06,6/1/2025,106.489167,10.378889,39.35704615,39.35704615,39.35704615,39.35704615,39.35704615,39.35704615,39.35704615,39.35704615,39.35704615,39.35704615,39.35704615,39.35704615,39.35704615,39.35704615,39.35704615,39.35704615,39.35704615,39.35704615,39.35704615,39.35704615,39.35704615,39.35704615,39.35704615,39.35704615
BD06,7/1/2025,106.489167,10.378889,55.28441536,55.28441536,55.28441536,55.28441536,55.28441536,55.28441536,55.28441536,55.28441536,55.28441536,55.28441536,55.28441536,55.28441536,55.28441536,55.28441536,55.28441536,55.28441536,55.28441536,55.28441536,55.28441536,55.28441536,55.28441536,55.28441536,55.28441536,55.28441536
BD09,10/1/2023,106.341111,10.389167,54.121937,54.121937,54.121937,54.121937,54.121937,54.121937,54.121937,54.121937,54.121937,54.121937,54.121937,54.121937,54.121937,54.121937,54.121937,54.121937,54.121937,54.121937,54.121937,54.121937,54.121937,54.121937,54.121937,54.121937
BD09,11/1/2023,106.341111,10.389167,44.37475349,44.37475349,44.37475349,44.37475349,44.37475349,44.37475349,44.37475349,44.37475349,44.37475349,44.37475349,44.37475349,44.37475349,44.37475349,44.37475349,44.37475349,44.37475349,44.37475349,44.37475349,44.37475349,44.37475349,44.37475349,44.37475349,44.37475349,44.37475349
BD09,12/1/2023,106.341111,10.389167,39.30301139,39.30301139,39.30301139,39.30301139,39.30301139,39.30301139,39.30301139,39.30301139,39.30301139,39.30301139,39.30301139,39.30301139,39.30301139,39.30301139,39.30301139,39.30301139,39.30301139,39.30301139,39.30301139,39.30301139,39.30301139,39.30301139,39.30301139,39.30301139
BD09,1/1/2024,106.341111,10.389167,53.48770643,53.48770643,53.48770643,53.48770643,53.48770643,53.48770643,53.48770643,53.48770643,53.48770643,53.48770643,53.48770643,53.48770643,53.48770643,53.48770643,53.48770643,53.48770643,53.48770643,53.48770643,53.48770643,53.48770643,53.48770643,53.48770643,53.48770643,53.48770643
BD09,2/1/2024,106.341111,10.389167,55.45590739,55.45590739,55.45590739,55.45590739,55.45590739,55.45590739,55.45590739,55.45590739,55.45590739,55.45590739,55.45590739,55.45590739,55.45590739,55.45590739,55.45590739,55.45590739,55.45590739,55.45590739,55.45590739,55.45590739,55.45590739,55.45590739,55.45590739,55.45590739
BD09,3/1/2024,106.341111,10.389167,57.55663739,57.55663739,57.55663739,57.55663739,57.55663739,57.55663739,57.55663739,57.55663739,57.55663739,57.55663739,57.55663739,57.55663739,57.55663739,57.55663739,57.55663739,57.55663739,57.55663739,57.55663739,57.55663739,57.55663739,57.55663739,57.55663739,57.55663739,57.55663739
BD09,4/1/2024,106.341111,10.389167,65.64369464,65.64369464,65.64369464,65.64369464,65.64369464,65.64369464,65.64369464,65.64369464,65.64369464,65.64369464,65.64369464,65.64369464,65.64369464,65.64369464,65.64369464,65.64369464,65.64369464,65.64369464,65.64369464,65.64369464,65.64369464,65.64369464,65.64369464,65.64369464
BD09,5/1/2024,106.341111,10.389167,35.2945003,35.2945003,35.2945003,35.2945003,35.2945003,35.2945003,35.2945003,35.2945003,35.2945003,35.2945003,35.2945003,35.2945003,35.2945003,35.2945003,35.2945003,35.2945003,35.2945003,35.2945003,35.2945003,35.2945003,35.2945003,35.2945003,35.2945003,35.2945003
BD09,6/1/2024,106.341111,10.389167,37.15463755,37.15463755,37.15463755,37.15463755,37.15463755,37.15463755,37.15463755,37.15463755,37.15463755,37.15463755,37.15463755,37.15463755,37.15463755,37.15463755,37.15463755,37.15463755,37.15463755,37.15463755,37.15463755,37.15463755,37.15463755,37.15463755,37.15463755,37.15463755
BD09,7/1/2024,106.341111,10.389167,67.0573729,67.0573729,67.0573729,67.0573729,67.0573729,67.0573729,67.0573729,67.0573729,67.0573729,67.0573729,67.0573729,67.0573729,67.0573729,67.0573729,67.0573729,67.0573729,67.0573729,67.0573729,67.0573729,67.0573729,67.0573729,67.0573729,67.0573729,67.0573729
BD09,8/1/2024,106.341111,10.389167,38.23176824,38.23176824,38.23176824,38.23176824,38.23176824,38.23176824,38.23176824,38.23176824,38.23176824,38.23176824,38.23176824,38.23176824,38.23176824,38.23176824,38.23176824,38.23176824,38.23176824,38.23176824,38.23176824,38.23176824,38.23176824,38.23176824,38.23176824,38.23176824
BD09,9/1/2024,106.341111,10.389167,60.28003534,60.28003534,60.28003534,60.28003534,60.28003534,60.28003534,60.28003534,60.28003534,60.28003534,60.28003534,60.28003534,60.28003534,60.28003534,60.28003534,60.28003534,60.28003534,60.28003534,60.28003534,60.28003534,60.28003534,60.28003534,60.28003534,60.28003534,60.28003534
BD09,10/1/2024,106.341111,10.389167,38.41211068,38.41211068,38.41211068,38.41211068,38.41211068,38.41211068,38.41211068,38.41211068,38.41211068,38.41211068,38.41211068,38.41211068,38.41211068,38.41211068,38.41211068,38.41211068,38.41211068,38.41211068,38.41211068,38.41211068,38.41211068,38.41211068,38.41211068,38.41211068
BD09,11/1/2024,106.341111,10.389167,54.06486546,54.06486546,54.06486546,54.06486546,54.06486546,54.06486546,54.06486546,54.06486546,54.06486546,54.06486546,54.06486546,54.06486546,54.06486546,54.06486546,54.06486546,54.06486546,54.06486546,54.06486546,54.06486546,54.06486546,54.06486546,54.06486546,54.06486546,54.06486546
BD09,12/1/2024,106.341111,10.389167,35.55240582,35.55240582,35.55240582,35.55240582,35.55240582,35.55240582,35.55240582,35.55240582,35.55240582,35.55240582,35.55240582,35.55240582,35.55240582,35.55240582,35.55240582,35.55240582,35.55240582,35.55240582,35.55240582,35.55240582,35.55240582,35.55240582,35.55240582,35.55240582
BD09,1/1/2025,106.341111,10.389167,65.90441462,65.90441462,65.90441462,65.90441462,65.90441462,65.90441462,65.90441462,65.90441462,65.90441462,65.90441462,65.90441462,65.90441462,65.90441462,65.90441462,65.90441462,65.90441462,65.90441462,65.90441462,65.90441462,65.90441462,65.90441462,65.90441462,65.90441462,65.90441462
BD09,2/1/2025,106.341111,10.389167,66.74389186,66.74389186,66.74389186,66.74389186,66.74389186,66.74389186,66.74389186,66.74389186,66.74389186,66.74389186,66.74389186,66.74389186,66.74389186,66.74389186,66.74389186,66.74389186,66.74389186,66.74389186,66.74389186,66.74389186,66.74389186,66.74389186,66.74389186,66.74389186
BD09,3/1/2025,106.341111,10.389167,65.68092406,65.68092406,65.68092406,65.68092406,65.68092406,65.68092406,65.68092406,65.68092406,65.68092406,65.68092406,65.68092406,65.68092406,65.68092406,65.68092406,65.68092406,65.68092406,65.68092406,65.68092406,65.68092406,65.68092406,65.68092406,65.68092406,65.68092406,65.68092406
BD09,4/1/2025,106.341111,10.389167,52.81123309,52.81123309,52.81123309,52.81123309,52.81123309,52.81123309,52.81123309,52.81123309,52.81123309,52.81123309,52.81123309,52.81123309,52.81123309,52.81123309,52.81123309,52.81123309,52.81123309,52.81123309,52.81123309,52.81123309,52.81123309,52.81123309,52.81123309,52.81123309
BD09,5/1/2025,106.341111,10.389167,65.2129055,65.2129055,65.2129055,65.2129055,65.2129055,65.2129055,65.2129055,65.2129055,65.2129055,65.2129055,65.2129055,65.2129055,65.2129055,65.2129055,65.2129055,65.2129055,65.2129055,65.2129055,65.2129055,65.2129055,65.2129055,65.2129055,65.2129055,65.2129055
BD09,6/1/2025,106.341111,10.389167,36.23941839,36.23941839,36.23941839,36.23941839,36.23941839,36.23941839,36.23941839,36.23941839,36.23941839,36.23941839,36.23941839,36.23941839,36.23941839,36.23941839,36.23941839,36.23941839,36.23941839,36.23941839,36.23941839,36.23941839,36.23941839,36.23941839,36.23941839,36.23941839
BD09,7/1/2025,106.341111,10.389167,66.8449504,66.8449504,66.8449504,66.8449504,66.8449504,66.8449504,66.8449504,66.8449504,66.8449504,66.8449504,66.8449504,66.8449504,66.8449504,66.8449504,66.8449504,66.8449504,66.8449504,66.8449504,66.8449504,66.8449504,66.8449504,66.8449504,66.8449504,66.8449504
BD1,10/1/2023,106.5825,10.428611,56.59058742,56.59058742,56.59058742,56.59058742,56.59058742,56.59058742,56.59058742,56.59058742,56.59058742,56.59058742,56.59058742,56.59058742,56.59058742,56.59058742,56.59058742,56.59058742,56.59058742,56.59058742,56.59058742,56.59058742,56.59058742,56.59058742,56.59058742,56.59058742
BD1,11/1/2023,106.5825,10.428611,36.50152489,36.50152489,36.50152489,36.50152489,36.50152489,36.50152489,36.50152489,36.50152489,36.50152489,36.50152489,36.50152489,36.50152489,36.50152489,36.50152489,36.50152489,36.50152489,36.50152489,36.50152489,36.50152489,36.50152489,36.50152489,36.50152489,36.50152489,36.50152489
BD1,12/1/2023,106.5825,10.428611,65.4102173,65.4102173,65.4102173,65.4102173,65.4102173,65.4102173,65.4102173,65.4102173,65.4102173,65.4102173,65.4102173,65.4102173,65.4102173,65.4102173,65.4102173,65.4102173,65.4102173,65.4102173,65.4102173,65.4102173,65.4102173,65.4102173,65.4102173,65.4102173
BD1,1/1/2024,106.5825,10.428611,65.11083364,65.11083364,65.11083364,65.11083364,65.11083364,65.11083364,65.11083364,65.11083364,65.11083364,65.11083364,65.11083364,65.11083364,65.11083364,65.11083364,65.11083364,65.11083364,65.11083364,65.11083364,65.11083364,65.11083364,65.11083364,65.11083364,65.11083364,65.11083364
BD1,2/1/2024,106.5825,10.428611,65.9696147,65.9696147,65.9696147,65.9696147,65.9696147,65.9696147,65.9696147,65.9696147,65.9696147,65.9696147,65.9696147,65.9696147,65.9696147,65.9696147,65.9696147,65.9696147,65.9696147,65.9696147,65.9696147,65.9696147,65.9696147,65.9696147,65.9696147,65.9696147
BD1,3/1/2024,106.5825,10.428611,66.05703859,66.05703859,66.05703859,66.05703859,66.05703859,66.05703859,66.05703859,66.05703859,66.05703859,66.05703859,66.05703859,66.05703859,66.05703859,66.05703859,66.05703859,66.05703859,66.05703859,66.05703859,66.05703859,66.05703859,66.05703859,66.05703859,66.05703859,66.05703859
BD1,4/1/2024,106.5825,10.428611,44.65805511,44.65805511,44.65805511,44.65805511,44.65805511,44.65805511,44.65805511,44.65805511,44.65805511,44.65805511,44.65805511,44.65805511,44.65805511,44.65805511,44.65805511,44.65805511,44.65805511,44.65805511,44.65805511,44.65805511,44.65805511,44.65805511,44.65805511,44.65805511
BD1,5/1/2024,106.5825,10.428611,54.52128077,54.52128077,54.52128077,54.52128077,54.52128077,54.52128077,54.52128077,54.52128077,54.52128077,54.52128077,54.52128077,54.52128077,54.52128077,54.52128077,54.52128077,54.52128077,54.52128077,54.52128077,54.52128077,54.52128077,54.52128077,54.52128077,54.52128077,54.52128077
BD1,6/1/2024,106.5825,10.428611,37.43405118,37.43405118,37.43405118,37.43405118,37.43405118,37.43405118,37.43405118,37.43405118,37.43405118,37.43405118,37.43405118,37.43405118,37.43405118,37.43405118,37.43405118,37.43405118,37.43405118,37.43405118,37.43405118,37.43405118,37.43405118,37.43405118,37.43405118,37.43405118
BD1,7/1/2024,106.5825,10.428611,54.19979194,54.19979194,54.19979194,54.19979194,54.19979194,54.19979194,54.19979194,54.19979194,54.19979194,54.19979194,54.19979194,54.19979194,54.19979194,54.19979194,54.19979194,54.19979194,54.19979194,54.19979194,54.19979194,54.19979194,54.19979194,54.19979194,54.19979194,54.19979194
BD1,8/1/2024,106.5825,10.428611,39.17863481,39.17863481,39.17863481,39.17863481,39.17863481,39.17863481,39.17863481,39.17863481,39.17863481,39.17863481,39.17863481,39.17863481,39.17863481,39.17863481,39.17863481,39.17863481,39.17863481,39.17863481,39.17863481,39.17863481,39.17863481,39.17863481,39.17863481,39.17863481
BD1,9/1/2024,106.5825,10.428611,55.42701782,55.42701782,55.42701782,55.42701782,55.42701782,55.42701782,55.42701782,55.42701782,55.42701782,55.42701782,55.42701782,55.42701782,55.42701782,55.42701782,55.42701782,55.42701782,55.42701782,55.42701782,55.42701782,55.42701782,55.42701782,55.42701782,55.42701782,55.42701782
BD1,10/1/2024,106.5825,10.428611,56.74150307,56.74150307,56.74150307,56.74150307,56.74150307,56.74150307,56.74150307,56.74150307,56.74150307,56.74150307,56.74150307,56.74150307,56.74150307,56.74150307,56.74150307,56.74150307,56.74150307,56.74150307,56.74150307,56.74150307,56.74150307,56.74150307,56.74150307,56.74150307
BD1,11/1/2024,106.5825,10.428611,37.24258424,37.24258424,37.24258424,37.24258424,37.24258424,37.24258424,37.24258424,37.24258424,37.24258424,37.24258424,37.24258424,37.24258424,37.24258424,37.24258424,37.24258424,37.24258424,37.24258424,37.24258424,37.24258424,37.24258424,37.24258424,37.24258424,37.24258424,37.24258424
BD1,12/1/2024,106.5825,10.428611,64.79464782,64.79464782,64.79464782,64.79464782,64.79464782,64.79464782,64.79464782,64.79464782,64.79464782,64.79464782,64.79464782,64.79464782,64.79464782,64.79464782,64.79464782,64.79464782,64.79464782,64.79464782,64.79464782,64.79464782,64.79464782,64.79464782,64.79464782,64.79464782
BD1,1/1/2025,106.5825,10.428611,53.90610757,53.90610757,53.90610757,53.90610757,53.90610757,53.90610757,53.90610757,53.90610757,53.90610757,53.90610757,53.90610757,53.90610757,53.90610757,53.90610757,53.90610757,53.90610757,53.90610757,53.90610757,53.90610757,53.90610757,53.90610757,53.90610757,53.90610757,53.90610757
BD1,2/1/2025,106.5825,10.428611,53.01339135,53.01339135,53.01339135,53.01339135,53.01339135,53.01339135,53.01339135,53.01339135,53.01339135,53.01339135,53.01339135,53.01339135,53.01339135,53.01339135,53.01339135,53.01339135,53.01339135,53.01339135,53.01339135,53.01339135,53.01339135,53.01339135,53.01339135,53.01339135
BD1,3/1/2025,106.5825,10.428611,53.76171633,53.76171633,53.76171633,53.76171633,53.76171633,53.76171633,53.76171633,53.76171633,53.76171633,53.76171633,53.76171633,53.76171633,53.76171633,53.76171633,53.76171633,53.76171633,53.76171633,53.76171633,53.76171633,53.76171633,53.76171633,53.76171633,53.76171633,53.76171633
BD1,4/1/2025,106.5825,10.428611,36.35849559,36.35849559,36.35849559,36.35849559,36.35849559,36.35849559,36.35849559,36.35849559,36.35849559,36.35849559,36.35849559,36.35849559,36.35849559,36.35849559,36.35849559,36.35849559,36.35849559,36.35849559,36.35849559,36.35849559,36.35849559,36.35849559,36.35849559,36.35849559
BD1,5/1/2025,106.5825,10.428611,38.35154889,38.35154889,38.35154889,38.35154889,38.35154889,38.35154889,38.35154889,38.35154889,38.35154889,38.35154889,38.35154889,38.35154889,38.35154889,38.35154889,38.35154889,38.35154889,38.35154889,38.35154889,38.35154889,38.35154889,38.35154889,38.35154889,38.35154889,38.35154889
BD1,6/1/2025,106.5825,10.428611,36.84951922,36.84951922,36.84951922,36.84951922,36.84951922,36.84951922,36.84951922,36.84951922,36.84951922,36.84951922,36.84951922,36.84951922,36.84951922,36.84951922,36.84951922,36.84951922,36.84951922,36.84951922,36.84951922,36.84951922,36.84951922,36.84951922,36.84951922,36.84951922
BD1,7/1/2025,106.5825,10.428611,37.63531344,37.63531344,37.63531344,37.63531344,37.63531344,37.63531344,37.63531344,37.63531344,37.63531344,37.63531344,37.63531344,37.63531344,37.63531344,37.63531344,37.63531344,37.63531344,37.63531344,37.63531344,37.63531344,37.63531344,37.63531344,37.63531344,37.63531344,37.63531344
BD10,10/1/2023,106.303889,10.426111,54.17032995,54.17032995,54.17032995,54.17032995,54.17032995,54.17032995,54.17032995,54.17032995,54.17032995,54.17032995,54.17032995,54.17032995,54.17032995,54.17032995,54.17032995,54.17032995,54.17032995,54.17032995,54.17032995,54.17032995,54.17032995,54.17032995,54.17032995,54.17032995
BD10,11/1/2023,106.303889,10.426111,53.95069636,53.95069636,53.95069636,53.95069636,53.95069636,53.95069636,53.95069636,53.95069636,53.95069636,53.95069636,53.95069636,53.95069636,53.95069636,53.95069636,53.95069636,53.95069636,53.95069636,53.95069636,53.95069636,53.95069636,53.95069636,53.95069636,53.95069636,53.95069636
BD10,12/1/2023,106.303889,10.426111,53.90317314,53.90317314,53.90317314,53.90317314,53.90317314,53.90317314,53.90317314,53.90317314,53.90317314,53.90317314,53.90317314,53.90317314,53.90317314,53.90317314,53.90317314,53.90317314,53.90317314,53.90317314,53.90317314,53.90317314,53.90317314,53.90317314,53.90317314,53.90317314
BD10,1/1/2024,106.303889,10.426111,56.34513147,56.34513147,56.34513147,56.34513147,56.34513147,56.34513147,56.34513147,56.34513147,56.34513147,56.34513147,56.34513147,56.34513147,56.34513147,56.34513147,56.34513147,56.34513147,56.34513147,56.34513147,56.34513147,56.34513147,56.34513147,56.34513147,56.34513147,56.34513147
BD10,2/1/2024,106.303889,10.426111,53.09230431,53.09230431,53.09230431,53.09230431,53.09230431,53.09230431,53.09230431,53.09230431,53.09230431,53.09230431,53.09230431,53.09230431,53.09230431,53.09230431,53.09230431,53.09230431,53.09230431,53.09230431,53.09230431,53.09230431,53.09230431,53.09230431,53.09230431,53.09230431
BD10,3/1/2024,106.303889,10.426111,68.63675773,68.63675773,68.63675773,68.63675773,68.63675773,68.63675773,68.63675773,68.63675773,68.63675773,68.63675773,68.63675773,68.63675773,68.63675773,68.63675773,68.63675773,68.63675773,68.63675773,68.63675773,68.63675773,68.63675773,68.63675773,68.63675773,68.63675773,68.63675773
BD10,4/1/2024,106.303889,10.426111,64.44628884,64.44628884,64.44628884,64.44628884,64.44628884,64.44628884,64.44628884,64.44628884,64.44628884,64.44628884,64.44628884,64.44628884,64.44628884,64.44628884,64.44628884,64.44628884,64.44628884,64.44628884,64.44628884,64.44628884,64.44628884,64.44628884,64.44628884,64.44628884
BD10,5/1/2024,106.303889,10.426111,37.98776906,37.98776906,37.98776906,37.98776906,37.98776906,37.98776906,37.98776906,37.98776906,37.98776906,37.98776906,37.98776906,37.98776906,37.98776906,37.98776906,37.98776906,37.98776906,37.98776906,37.98776906,37.98776906,37.98776906,37.98776906,37.98776906,37.98776906,37.98776906
BD10,6/1/2024,106.303889,10.426111,66.50466709,66.50466709,66.50466709,66.50466709,66.50466709,66.50466709,66.50466709,66.50466709,66.50466709,66.50466709,66.50466709,66.50466709,66.50466709,66.50466709,66.50466709,66.50466709,66.50466709,66.50466709,66.50466709,66.50466709,66.50466709,66.50466709,66.50466709,66.50466709
BD10,7/1/2024,106.303889,10.426111,37.01921626,37.01921626,37.01921626,37.01921626,37.01921626,37.01921626,37.01921626,37.01921626,37.01921626,37.01921626,37.01921626,37.01921626,37.01921626,37.01921626,37.01921626,37.01921626,37.01921626,37.01921626,37.01921626,37.01921626,37.01921626,37.01921626,37.01921626,37.01921626
BD10,8/1/2024,106.303889,10.426111,37.97177186,37.97177186,37.97177186,37.97177186,37.97177186,37.97177186,37.97177186,37.97177186,37.97177186,37.97177186,37.97177186,37.97177186,37.97177186,37.97177186,37.97177186,37.97177186,37.97177186,37.97177186,37.97177186,37.97177186,37.97177186,37.97177186,37.97177186,37.97177186
BD10,9/1/2024,106.303889,10.426111,61.07513439,61.07513439,61.07513439,61.07513439,61.07513439,61.07513439,61.07513439,61.07513439,61.07513439,61.07513439,61.07513439,61.07513439,61.07513439,61.07513439,61.07513439,61.07513439,61.07513439,61.07513439,61.07513439,61.07513439,61.07513439,61.07513439,61.07513439,61.07513439
BD10,10/1/2024,106.303889,10.426111,65.35806359,65.35806359,65.35806359,65.35806359,65.35806359,65.35806359,65.35806359,65.35806359,65.35806359,65.35806359,65.35806359,65.35806359,65.35806359,65.35806359,65.35806359,65.35806359,65.35806359,65.35806359,65.35806359,65.35806359,65.35806359,65.35806359,65.35806359,65.35806359
BD10,11/1/2024,106.303889,10.426111,66.14043103,66.14043103,66.14043103,66.14043103,66.14043103,66.14043103,66.14043103,66.14043103,66.14043103,66.14043103,66.14043103,66.14043103,66.14043103,66.14043103,66.14043103,66.14043103,66.14043103,66.14043103,66.14043103,66.14043103,66.14043103,66.14043103,66.14043103,66.14043103
BD10,12/1/2024,106.303889,10.426111,32.78733517,32.78733517,32.78733517,32.78733517,32.78733517,32.78733517,32.78733517,32.78733517,32.78733517,32.78733517,32.78733517,32.78733517,32.78733517,32.78733517,32.78733517,32.78733517,32.78733517,32.78733517,32.78733517,32.78733517,32.78733517,32.78733517,32.78733517,32.78733517
BD10,1/1/2025,106.303889,10.426111,65.09045855,65.09045855,65.09045855,65.09045855,65.09045855,65.09045855,65.09045855,65.09045855,65.09045855,65.09045855,65.09045855,65.09045855,65.09045855,65.09045855,65.09045855,65.09045855,65.09045855,65.09045855,65.09045855,65.09045855,65.09045855,65.09045855,65.09045855,65.09045855
BD10,2/1/2025,106.303889,10.426111,66.62866583,66.62866583,66.62866583,66.62866583,66.62866583,66.62866583,66.62866583,66.62866583,66.62866583,66.62866583,66.62866583,66.62866583,66.62866583,66.62866583,66.62866583,66.62866583,66.62866583,66.62866583,66.62866583,66.62866583,66.62866583,66.62866583,66.62866583,66.62866583
BD10,3/1/2025,106.303889,10.426111,65.24230959,65.24230959,65.24230959,65.24230959,65.24230959,65.24230959,65.24230959,65.24230959,65.24230959,65.24230959,65.24230959,65.24230959,65.24230959,65.24230959,65.24230959,65.24230959,65.24230959,65.24230959,65.24230959,65.24230959,65.24230959,65.24230959,65.24230959,65.24230959
BD10,4/1/2025,106.303889,10.426111,65.65783024,65.65783024,65.65783024,65.65783024,65.65783024,65.65783024,65.65783024,65.65783024,65.65783024,65.65783024,65.65783024,65.65783024,65.65783024,65.65783024,65.65783024,65.65783024,65.65783024,65.65783024,65.65783024,65.65783024,65.65783024,65.65783024,65.65783024,65.65783024
BD10,5/1/2025,106.303889,10.426111,54.177937,54.177937,54.177937,54.177937,54.177937,54.177937,54.177937,54.177937,54.177937,54.177937,54.177937,54.177937,54.177937,54.177937,54.177937,54.177937,54.177937,54.177937,54.177937,54.177937,54.177937,54.177937,54.177937,54.177937
BD10,6/1/2025,106.303889,10.426111,39.19957891,39.19957891,39.19957891,39.19957891,39.19957891,39.19957891,39.19957891,39.19957891,39.19957891,39.19957891,39.19957891,39.19957891,39.19957891,39.19957891,39.19957891,39.19957891,39.19957891,39.19957891,39.19957891,39.19957891,39.19957891,39.19957891,39.19957891,39.19957891
BD10,7/1/2025,106.303889,10.426111,67.47010291,67.47010291,67.47010291,67.47010291,67.47010291,67.47010291,67.47010291,67.47010291,67.47010291,67.47010291,67.47010291,67.47010291,67.47010291,67.47010291,67.47010291,67.47010291,67.47010291,67.47010291,67.47010291,67.47010291,67.47010291,67.47010291,67.47010291,67.47010291
BD11,10/1/2023,106.286111,10.518889,54.09179547,54.09179547,54.09179547,54.09179547,54.09179547,54.09179547,54.09179547,54.09179547,54.09179547,54.09179547,54.09179547,54.09179547,54.09179547,54.09179547,54.09179547,54.09179547,54.09179547,54.09179547,54.09179547,54.09179547,54.09179547,54.09179547,54.09179547,54.09179547
BD11,11/1/2023,106.286111,10.518889,51.55950409,51.55950409,51.55950409,51.55950409,51.55950409,51.55950409,51.55950409,51.55950409,51.55950409,51.55950409,51.55950409,51.55950409,51.55950409,51.55950409,51.55950409,51.55950409,51.55950409,51.55950409,51.55950409,51.55950409,51.55950409,51.55950409,51.55950409,51.55950409
BD11,12/1/2023,106.286111,10.518889,66.88684927,66.88684927,66.88684927,66.88684927,66.88684927,66.88684927,66.88684927,66.88684927,66.88684927,66.88684927,66.88684927,66.88684927,66.88684927,66.88684927,66.88684927,66.88684927,66.88684927,66.88684927,66.88684927,66.88684927,66.88684927,66.88684927,66.88684927,66.88684927
BD11,1/1/2024,106.286111,10.518889,44.56899184,44.56899184,44.56899184,44.56899184,44.56899184,44.56899184,44.56899184,44.56899184,44.56899184,44.56899184,44.56899184,44.56899184,44.56899184,44.56899184,44.56899184,44.56899184,44.56899184,44.56899184,44.56899184,44.56899184,44.56899184,44.56899184,44.56899184,44.56899184
BD11,2/1/2024,106.286111,10.518889,65.50557916,65.50557916,65.50557916,65.50557916,65.50557916,65.50557916,65.50557916,65.50557916,65.50557916,65.50557916,65.50557916,65.50557916,65.50557916,65.50557916,65.50557916,65.50557916,65.50557916,65.50557916,65.50557916,65.50557916,65.50557916,65.50557916,65.50557916,65.50557916
BD11,3/1/2024,106.286111,10.518889,66.14113615,66.14113615,66.14113615,66.14113615,66.14113615,66.14113615,66.14113615,66.14113615,66.14113615,66.14113615,66.14113615,66.14113615,66.14113615,66.14113615,66.14113615,66.14113615,66.14113615,66.14113615,66.14113615,66.14113615,66.14113615,66.14113615,66.14113615,66.14113615
BD11,4/1/2024,106.286111,10.518889,52.95701974,52.95701974,52.95701974,52.95701974,52.95701974,52.95701974,52.95701974,52.95701974,52.95701974,52.95701974,52.95701974,52.95701974,52.95701974,52.95701974,52.95701974,52.95701974,52.95701974,52.95701974,52.95701974,52.95701974,52.95701974,52.95701974,52.95701974,52.95701974
BD11,5/1/2024,106.286111,10.518889,39.09301602,39.09301602,39.09301602,39.09301602,39.09301602,39.09301602,39.09301602,39.09301602,39.09301602,39.09301602,39.09301602,39.09301602,39.09301602,39.09301602,39.09301602,39.09301602,39.09301602,39.09301602,39.09301602,39.09301602,39.09301602,39.09301602,39.09301602,39.09301602
BD11,6/1/2024,106.286111,10.518889,36.87980838,36.87980838,36.87980838,36.87980838,36.87980838,36.87980838,36.87980838,36.87980838,36.87980838,36.87980838,36.87980838,36.87980838,36.87980838,36.87980838,36.87980838,36.87980838,36.87980838,36.87980838,36.87980838,36.87980838,36.87980838,36.87980838,36.87980838,36.87980838
BD11,7/1/2024,106.286111,10.518889,54.17461104,54.17461104,54.17461104,54.17461104,54.17461104,54.17461104,54.17461104,54.17461104,54.17461104,54.17461104,54.17461104,54.17461104,54.17461104,54.17461104,54.17461104,54.17461104,54.17461104,54.17461104,54.17461104,54.17461104,54.17461104,54.17461104,54.17461104,54.17461104
BD11,8/1/2024,106.286111,10.518889,37.13400331,37.13400331,37.13400331,37.13400331,37.13400331,37.13400331,37.13400331,37.13400331,37.13400331,37.13400331,37.13400331,37.13400331,37.13400331,37.13400331,37.13400331,37.13400331,37.13400331,37.13400331,37.13400331,37.13400331,37.13400331,37.13400331,37.13400331,37.13400331
BD11,9/1/2024,106.286111,10.518889,4.875024264,4.875024264,4.875024264,4.875024264,4.875024264,4.875024264,4.875024264,4.875024264,4.875024264,4.875024264,4.875024264,4.875024264,4.875024264,4.875024264,4.875024264,4.875024264,4.875024264,4.875024264,4.875024264,4.875024264,4.875024264,4.875024264,4.875024264,4.875024264
BD11,10/1/2024,106.286111,10.518889,55.31140041,55.31140041,55.31140041,55.31140041,55.31140041,55.31140041,55.31140041,55.31140041,55.31140041,55.31140041,55.31140041,55.31140041,55.31140041,55.31140041,55.31140041,55.31140041,55.31140041,55.31140041,55.31140041,55.31140041,55.31140041,55.31140041,55.31140041,55.31140041
BD11,11/1/2024,106.286111,10.518889,36.51053796,36.51053796,36.51053796,36.51053796,36.51053796,36.51053796,36.51053796,36.51053796,36.51053796,36.51053796,36.51053796,36.51053796,36.51053796,36.51053796,36.51053796,36.51053796,36.51053796,36.51053796,36.51053796,36.51053796,36.51053796,36.51053796,36.51053796,36.51053796
BD11,12/1/2024,106.286111,10.518889,3.739446007,3.739446007,3.739446007,3.739446007,3.739446007,3.739446007,3.739446007,3.739446007,3.739446007,3.739446007,3.739446007,3.739446007,3.739446007,3.739446007,3.739446007,3.739446007,3.739446007,3.739446007,3.739446007,3.739446007,3.739446007,3.739446007,3.739446007,3.739446007
BD11,1/1/2025,106.286111,10.518889,52.07413798,52.07413798,52.07413798,52.07413798,52.07413798,52.07413798,52.07413798,52.07413798,52.07413798,52.07413798,52.07413798,52.07413798,52.07413798,52.07413798,52.07413798,52.07413798,52.07413798,52.07413798,52.07413798,52.07413798,52.07413798,52.07413798,52.07413798,52.07413798
BD11,2/1/2025,106.286111,10.518889,53.62835869,53.62835869,53.62835869,53.62835869,53.62835869,53.62835869,53.62835869,53.62835869,53.62835869,53.62835869,53.62835869,53.62835869,53.62835869,53.62835869,53.62835869,53.62835869,53.62835869,53.62835869,53.62835869,53.62835869,53.62835869,53.62835869,53.62835869,53.62835869
BD11,3/1/2025,106.286111,10.518889,65.5828381,65.5828381,65.5828381,65.5828381,65.5828381,65.5828381,65.5828381,65.5828381,65.5828381,65.5828381,65.5828381,65.5828381,65.5828381,65.5828381,65.5828381,65.5828381,65.5828381,65.5828381,65.5828381,65.5828381,65.5828381,65.5828381,65.5828381,65.5828381
BD11,4/1/2025,106.286111,10.518889,53.54774522,53.54774522,53.54774522,53.54774522,53.54774522,53.54774522,53.54774522,53.54774522,53.54774522,53.54774522,53.54774522,53.54774522,53.54774522,53.54774522,53.54774522,53.54774522,53.54774522,53.54774522,53.54774522,53.54774522,53.54774522,53.54774522,53.54774522,53.54774522
BD11,5/1/2025,106.286111,10.518889,44.68321958,44.68321958,44.68321958,44.68321958,44.68321958,44.68321958,44.68321958,44.68321958,44.68321958,44.68321958,44.68321958,44.68321958,44.68321958,44.68321958,44.68321958,44.68321958,44.68321958,44.68321958,44.68321958,44.68321958,44.68321958,44.68321958,44.68321958,44.68321958
BD11,6/1/2025,106.286111,10.518889,53.92707592,53.92707592,53.92707592,53.92707592,53.92707592,53.92707592,53.92707592,53.92707592,53.92707592,53.92707592,53.92707592,53.92707592,53.92707592,53.92707592,53.92707592,53.92707592,53.92707592,53.92707592,53.92707592,53.92707592,53.92707592,53.92707592,53.92707592,53.92707592
BD11,7/1/2025,106.286111,10.518889,66.78415067,66.78415067,66.78415067,66.78415067,66.78415067,66.78415067,66.78415067,66.78415067,66.78415067,66.78415067,66.78415067,66.78415067,66.78415067,66.78415067,66.78415067,66.78415067,66.78415067,66.78415067,66.78415067,66.78415067,66.78415067,66.78415067,66.78415067,66.78415067
BD12,10/1/2023,106.195278,10.475556,55.05995369,55.05995369,55.05995369,55.05995369,55.05995369,55.05995369,55.05995369,55.05995369,55.05995369,55.05995369,55.05995369,55.05995369,55.05995369,55.05995369,55.05995369,55.05995369,55.05995369,55.05995369,55.05995369,55.05995369,55.05995369,55.05995369,55.05995369,55.05995369
BD12,11/1/2023,106.195278,10.475556,53.95577967,53.95577967,53.95577967,53.95577967,53.95577967,53.95577967,53.95577967,53.95577967,53.95577967,53.95577967,53.95577967,53.95577967,53.95577967,53.95577967,53.95577967,53.95577967,53.95577967,53.95577967,53.95577967,53.95577967,53.95577967,53.95577967,53.95577967,53.95577967
BD12,12/1/2023,106.195278,10.475556,53.10380292,53.10380292,53.10380292,53.10380292,53.10380292,53.10380292,53.10380292,53.10380292,53.10380292,53.10380292,53.10380292,53.10380292,53.10380292,53.10380292,53.10380292,53.10380292,53.10380292,53.10380292,53.10380292,53.10380292,53.10380292,53.10380292,53.10380292,53.10380292
BD12,1/1/2024,106.195278,10.475556,45.0993184,45.0993184,45.0993184,45.0993184,45.0993184,45.0993184,45.0993184,45.0993184,45.0993184,45.0993184,45.0993184,45.0993184,45.0993184,45.0993184,45.0993184,45.0993184,45.0993184,45.0993184,45.0993184,45.0993184,45.0993184,45.0993184,45.0993184,45.0993184
BD12,2/1/2024,106.195278,10.475556,53.45816844,53.45816844,53.45816844,53.45816844,53.45816844,53.45816844,53.45816844,53.45816844,53.45816844,53.45816844,53.45816844,53.45816844,53.45816844,53.45816844,53.45816844,53.45816844,53.45816844,53.45816844,53.45816844,53.45816844,53.45816844,53.45816844,53.45816844,53.45816844
BD12,3/1/2024,106.195278,10.475556,45.09536612,45.09536612,45.09536612,45.09536612,45.09536612,45.09536612,45.09536612,45.09536612,45.09536612,45.09536612,45.09536612,45.09536612,45.09536612,45.09536612,45.09536612,45.09536612,45.09536612,45.09536612,45.09536612,45.09536612,45.09536612,45.09536612,45.09536612,45.09536612
BD12,4/1/2024,106.195278,10.475556,53.52208179,53.52208179,53.52208179,53.52208179,53.52208179,53.52208179,53.52208179,53.52208179,53.52208179,53.52208179,53.52208179,53.52208179,53.52208179,53.52208179,53.52208179,53.52208179,53.52208179,53.52208179,53.52208179,53.52208179,53.52208179,53.52208179,53.52208179,53.52208179
BD12,5/1/2024,106.195278,10.475556,57.06021212,57.06021212,57.06021212,57.06021212,57.06021212,57.06021212,57.06021212,57.06021212,57.06021212,57.06021212,57.06021212,57.06021212,57.06021212,57.06021212,57.06021212,57.06021212,57.06021212,57.06021212,57.06021212,57.06021212,57.06021212,57.06021212,57.06021212,57.06021212
BD12,6/1/2024,106.195278,10.475556,38.24213168,38.24213168,38.24213168,38.24213168,38.24213168,38.24213168,38.24213168,38.24213168,38.24213168,38.24213168,38.24213168,38.24213168,38.24213168,38.24213168,38.24213168,38.24213168,38.24213168,38.24213168,38.24213168,38.24213168,38.24213168,38.24213168,38.24213168,38.24213168
BD12,7/1/2024,106.195278,10.475556,54.93919096,54.93919096,54.93919096,54.93919096,54.93919096,54.93919096,54.93919096,54.93919096,54.93919096,54.93919096,54.93919096,54.93919096,54.93919096,54.93919096,54.93919096,54.93919096,54.93919096,54.93919096,54.93919096,54.93919096,54.93919096,54.93919096,54.93919096,54.93919096
BD12,8/1/2024,106.195278,10.475556,36.59359298,36.59359298,36.59359298,36.59359298,36.59359298,36.59359298,36.59359298,36.59359298,36.59359298,36.59359298,36.59359298,36.59359298,36.59359298,36.59359298,36.59359298,36.59359298,36.59359298,36.59359298,36.59359298,36.59359298,36.59359298,36.59359298,36.59359298,36.59359298
BD12,9/1/2024,106.195278,10.475556,5.269156299,5.269156299,5.269156299,5.269156299,5.269156299,5.269156299,5.269156299,5.269156299,5.269156299,5.269156299,5.269156299,5.269156299,5.269156299,5.269156299,5.269156299,5.269156299,5.269156299,5.269156299,5.269156299,5.269156299,5.269156299,5.269156299,5.269156299,5.269156299
BD12,10/1/2024,106.195278,10.475556,55.29779728,55.29779728,55.29779728,55.29779728,55.29779728,55.29779728,55.29779728,55.29779728,55.29779728,55.29779728,55.29779728,55.29779728,55.29779728,55.29779728,55.29779728,55.29779728,55.29779728,55.29779728,55.29779728,55.29779728,55.29779728,55.29779728,55.29779728,55.29779728
BD12,11/1/2024,106.195278,10.475556,36.4700138,36.4700138,36.4700138,36.4700138,36.4700138,36.4700138,36.4700138,36.4700138,36.4700138,36.4700138,36.4700138,36.4700138,36.4700138,36.4700138,36.4700138,36.4700138,36.4700138,36.4700138,36.4700138,36.4700138,36.4700138,36.4700138,36.4700138,36.4700138
BD12,12/1/2024,106.195278,10.475556,3.67175544,3.67175544,3.67175544,3.67175544,3.67175544,3.67175544,3.67175544,3.67175544,3.67175544,3.67175544,3.67175544,3.67175544,3.67175544,3.67175544,3.67175544,3.67175544,3.67175544,3.67175544,3.67175544,3.67175544,3.67175544,3.67175544,3.67175544,3.67175544
BD12,1/1/2025,106.195278,10.475556,54.2216119,54.2216119,54.2216119,54.2216119,54.2216119,54.2216119,54.2216119,54.2216119,54.2216119,54.2216119,54.2216119,54.2216119,54.2216119,54.2216119,54.2216119,54.2216119,54.2216119,54.2216119,54.2216119,54.2216119,54.2216119,54.2216119,54.2216119,54.2216119
BD12,2/1/2025,106.195278,10.475556,53.16062668,53.16062668,53.16062668,53.16062668,53.16062668,53.16062668,53.16062668,53.16062668,53.16062668,53.16062668,53.16062668,53.16062668,53.16062668,53.16062668,53.16062668,53.16062668,53.16062668,53.16062668,53.16062668,53.16062668,53.16062668,53.16062668,53.16062668,53.16062668
BD12,3/1/2025,106.195278,10.475556,53.4457639,53.4457639,53.4457639,53.4457639,53.4457639,53.4457639,53.4457639,53.4457639,53.4457639,53.4457639,53.4457639,53.4457639,53.4457639,53.4457639,53.4457639,53.4457639,53.4457639,53.4457639,53.4457639,53.4457639,53.4457639,53.4457639,53.4457639,53.4457639
BD12,4/1/2025,106.195278,10.475556,66.96125191,66.96125191,66.96125191,66.96125191,66.96125191,66.96125191,66.96125191,66.96125191,66.96125191,66.96125191,66.96125191,66.96125191,66.96125191,66.96125191,66.96125191,66.96125191,66.96125191,66.96125191,66.96125191,66.96125191,66.96125191,66.96125191,66.96125191,66.96125191
BD12,5/1/2025,106.195278,10.475556,36.48660493,36.48660493,36.48660493,36.48660493,36.48660493,36.48660493,36.48660493,36.48660493,36.48660493,36.48660493,36.48660493,36.48660493,36.48660493,36.48660493,36.48660493,36.48660493,36.48660493,36.48660493,36.48660493,36.48660493,36.48660493,36.48660493,36.48660493,36.48660493
BD12,6/1/2025,106.195278,10.475556,55.65039889,55.65039889,55.65039889,55.65039889,55.65039889,55.65039889,55.65039889,55.65039889,55.65039889,55.65039889,55.65039889,55.65039889,55.65039889,55.65039889,55.65039889,55.65039889,55.65039889,55.65039889,55.65039889,55.65039889,55.65039889,55.65039889,55.65039889,55.65039889
BD12,7/1/2025,106.195278,10.475556,36.79254902,36.79254902,36.79254902,36.79254902,36.79254902,36.79254902,36.79254902,36.79254902,36.79254902,36.79254902,36.79254902,36.79254902,36.79254902,36.79254902,36.79254902,36.79254902,36.79254902,36.79254902,36.79254902,36.79254902,36.79254902,36.79254902,36.79254902,36.79254902
BD13,10/1/2023,106.285833,10.3375,65.71152139,65.71152139,65.71152139,65.71152139,65.71152139,65.71152139,65.71152139,65.71152139,65.71152139,65.71152139,65.71152139,65.71152139,65.71152139,65.71152139,65.71152139,65.71152139,65.71152139,65.71152139,65.71152139,65.71152139,65.71152139,65.71152139,65.71152139,65.71152139
BD13,11/1/2023,106.285833,10.3375,64.38548,64.38548,64.38548,64.38548,64.38548,64.38548,64.38548,64.38548,64.38548,64.38548,64.38548,64.38548,64.38548,64.38548,64.38548,64.38548,64.38548,64.38548,64.38548,64.38548,64.38548,64.38548,64.38548,64.38548
BD13,12/1/2023,106.285833,10.3375,65.30805424,65.30805424,65.30805424,65.30805424,65.30805424,65.30805424,65.30805424,65.30805424,65.30805424,65.30805424,65.30805424,65.30805424,65.30805424,65.30805424,65.30805424,65.30805424,65.30805424,65.30805424,65.30805424,65.30805424,65.30805424,65.30805424,65.30805424,65.30805424
BD13,1/1/2024,106.285833,10.3375,64.18421506,64.18421506,64.18421506,64.18421506,64.18421506,64.18421506,64.18421506,64.18421506,64.18421506,64.18421506,64.18421506,64.18421506,64.18421506,64.18421506,64.18421506,64.18421506,64.18421506,64.18421506,64.18421506,64.18421506,64.18421506,64.18421506,64.18421506,64.18421506
BD13,2/1/2024,106.285833,10.3375,52.90386878,52.90386878,52.90386878,52.90386878,52.90386878,52.90386878,52.90386878,52.90386878,52.90386878,52.90386878,52.90386878,52.90386878,52.90386878,52.90386878,52.90386878,52.90386878,52.90386878,52.90386878,52.90386878,52.90386878,52.90386878,52.90386878,52.90386878,52.90386878
BD13,3/1/2024,106.285833,10.3375,66.44346283,66.44346283,66.44346283,66.44346283,66.44346283,66.44346283,66.44346283,66.44346283,66.44346283,66.44346283,66.44346283,66.44346283,66.44346283,66.44346283,66.44346283,66.44346283,66.44346283,66.44346283,66.44346283,66.44346283,66.44346283,66.44346283,66.44346283,66.44346283
BD13,4/1/2024,106.285833,10.3375,52.78260427,52.78260427,52.78260427,52.78260427,52.78260427,52.78260427,52.78260427,52.78260427,52.78260427,52.78260427,52.78260427,52.78260427,52.78260427,52.78260427,52.78260427,52.78260427,52.78260427,52.78260427,52.78260427,52.78260427,52.78260427,52.78260427,52.78260427,52.78260427
BD13,5/1/2024,106.285833,10.3375,44.87613766,44.87613766,44.87613766,44.87613766,44.87613766,44.87613766,44.87613766,44.87613766,44.87613766,44.87613766,44.87613766,44.87613766,44.87613766,44.87613766,44.87613766,44.87613766,44.87613766,44.87613766,44.87613766,44.87613766,44.87613766,44.87613766,44.87613766,44.87613766
BD13,6/1/2024,106.285833,10.3375,37.31617265,37.31617265,37.31617265,37.31617265,37.31617265,37.31617265,37.31617265,37.31617265,37.31617265,37.31617265,37.31617265,37.31617265,37.31617265,37.31617265,37.31617265,37.31617265,37.31617265,37.31617265,37.31617265,37.31617265,37.31617265,37.31617265,37.31617265,37.31617265
BD13,7/1/2024,106.285833,10.3375,55.09594629,55.09594629,55.09594629,55.09594629,55.09594629,55.09594629,55.09594629,55.09594629,55.09594629,55.09594629,55.09594629,55.09594629,55.09594629,55.09594629,55.09594629,55.09594629,55.09594629,55.09594629,55.09594629,55.09594629,55.09594629,55.09594629,55.09594629,55.09594629
BD13,8/1/2024,106.285833,10.3375,66.3182803,66.3182803,66.3182803,66.3182803,66.3182803,66.3182803,66.3182803,66.3182803,66.3182803,66.3182803,66.3182803,66.3182803,66.3182803,66.3182803,66.3182803,66.3182803,66.3182803,66.3182803,66.3182803,66.3182803,66.3182803,66.3182803,66.3182803,66.3182803
BD13,9/1/2024,106.285833,10.3375,60.05939627,60.05939627,60.05939627,60.05939627,60.05939627,60.05939627,60.05939627,60.05939627,60.05939627,60.05939627,60.05939627,60.05939627,60.05939627,60.05939627,60.05939627,60.05939627,60.05939627,60.05939627,60.05939627,60.05939627,60.05939627,60.05939627,60.05939627,60.05939627
BD13,10/1/2024,106.285833,10.3375,66.30920315,66.30920315,66.30920315,66.30920315,66.30920315,66.30920315,66.30920315,66.30920315,66.30920315,66.30920315,66.30920315,66.30920315,66.30920315,66.30920315,66.30920315,66.30920315,66.30920315,66.30920315,66.30920315,66.30920315,66.30920315,66.30920315,66.30920315,66.30920315
BD13,11/1/2024,106.285833,10.3375,54.05511287,54.05511287,54.05511287,54.05511287,54.05511287,54.05511287,54.05511287,54.05511287,54.05511287,54.05511287,54.05511287,54.05511287,54.05511287,54.05511287,54.05511287,54.05511287,54.05511287,54.05511287,54.05511287,54.05511287,54.05511287,54.05511287,54.05511287,54.05511287
BD13,12/1/2024,106.285833,10.3375,44.95882265,44.95882265,44.95882265,44.95882265,44.95882265,44.95882265,44.95882265,44.95882265,44.95882265,44.95882265,44.95882265,44.95882265,44.95882265,44.95882265,44.95882265,44.95882265,44.95882265,44.95882265,44.95882265,44.95882265,44.95882265,44.95882265,44.95882265,44.95882265
BD13,1/1/2025,106.285833,10.3375,65.25587298,65.25587298,65.25587298,65.25587298,65.25587298,65.25587298,65.25587298,65.25587298,65.25587298,65.25587298,65.25587298,65.25587298,65.25587298,65.25587298,65.25587298,65.25587298,65.25587298,65.25587298,65.25587298,65.25587298,65.25587298,65.25587298,65.25587298,65.25587298
BD13,2/1/2025,106.285833,10.3375,52.98918846,52.98918846,52.98918846,52.98918846,52.98918846,52.98918846,52.98918846,52.98918846,52.98918846,52.98918846,52.98918846,52.98918846,52.98918846,52.98918846,52.98918846,52.98918846,52.98918846,52.98918846,52.98918846,52.98918846,52.98918846,52.98918846,52.98918846,52.98918846
BD13,3/1/2025,106.285833,10.3375,65.90176998,65.90176998,65.90176998,65.90176998,65.90176998,65.90176998,65.90176998,65.90176998,65.90176998,65.90176998,65.90176998,65.90176998,65.90176998,65.90176998,65.90176998,65.90176998,65.90176998,65.90176998,65.90176998,65.90176998,65.90176998,65.90176998,65.90176998,65.90176998
BD13,4/1/2025,106.285833,10.3375,66.31622508,66.31622508,66.31622508,66.31622508,66.31622508,66.31622508,66.31622508,66.31622508,66.31622508,66.31622508,66.31622508,66.31622508,66.31622508,66.31622508,66.31622508,66.31622508,66.31622508,66.31622508,66.31622508,66.31622508,66.31622508,66.31622508,66.31622508,66.31622508
BD13,5/1/2025,106.285833,10.3375,65.81972737,65.81972737,65.81972737,65.81972737,65.81972737,65.81972737,65.81972737,65.81972737,65.81972737,65.81972737,65.81972737,65.81972737,65.81972737,65.81972737,65.81972737,65.81972737,65.81972737,65.81972737,65.81972737,65.81972737,65.81972737,65.81972737,65.81972737,65.81972737
BD13,6/1/2025,106.285833,10.3375,54.36199254,54.36199254,54.36199254,54.36199254,54.36199254,54.36199254,54.36199254,54.36199254,54.36199254,54.36199254,54.36199254,54.36199254,54.36199254,54.36199254,54.36199254,54.36199254,54.36199254,54.36199254,54.36199254,54.36199254,54.36199254,54.36199254,54.36199254,54.36199254
BD13,7/1/2025,106.285833,10.3375,66.98414084,66.98414084,66.98414084,66.98414084,66.98414084,66.98414084,66.98414084,66.98414084,66.98414084,66.98414084,66.98414084,66.98414084,66.98414084,66.98414084,66.98414084,66.98414084,66.98414084,66.98414084,66.98414084,66.98414084,66.98414084,66.98414084,66.98414084,66.98414084
BD14,5/1/2024,106.263056,10.458056,53.59663244,53.59663244,53.59663244,53.59663244,53.59663244,53.59663244,53.59663244,53.59663244,53.59663244,53.59663244,53.59663244,53.59663244,53.59663244,53.59663244,53.59663244,53.59663244,53.59663244,53.59663244,53.59663244,53.59663244,53.59663244,53.59663244,53.59663244,53.59663244
BD14,6/1/2024,106.263056,10.458056,64.31693987,64.31693987,64.31693987,64.31693987,64.31693987,64.31693987,64.31693987,64.31693987,64.31693987,64.31693987,64.31693987,64.31693987,64.31693987,64.31693987,64.31693987,64.31693987,64.31693987,64.31693987,64.31693987,64.31693987,64.31693987,64.31693987,64.31693987,64.31693987
BD14,7/1/2024,106.263056,10.458056,53.54015789,53.54015789,53.54015789,53.54015789,53.54015789,53.54015789,53.54015789,53.54015789,53.54015789,53.54015789,53.54015789,53.54015789,53.54015789,53.54015789,53.54015789,53.54015789,53.54015789,53.54015789,53.54015789,53.54015789,53.54015789,53.54015789,53.54015789,53.54015789
BD14,8/1/2024,106.263056,10.458056,66.26241894,66.26241894,66.26241894,66.26241894,66.26241894,66.26241894,66.26241894,66.26241894,66.26241894,66.26241894,66.26241894,66.26241894,66.26241894,66.26241894,66.26241894,66.26241894,66.26241894,66.26241894,66.26241894,66.26241894,66.26241894,66.26241894,66.26241894,66.26241894
BD14,9/1/2024,106.263056,10.458056,53.29622834,53.29622834,53.29622834,53.29622834,53.29622834,53.29622834,53.29622834,53.29622834,53.29622834,53.29622834,53.29622834,53.29622834,53.29622834,53.29622834,53.29622834,53.29622834,53.29622834,53.29622834,53.29622834,53.29622834,53.29622834,53.29622834,53.29622834,53.29622834
BD14,10/1/2024,106.263056,10.458056,54.28856627,54.28856627,54.28856627,54.28856627,54.28856627,54.28856627,54.28856627,54.28856627,54.28856627,54.28856627,54.28856627,54.28856627,54.28856627,54.28856627,54.28856627,54.28856627,54.28856627,54.28856627,54.28856627,54.28856627,54.28856627,54.28856627,54.28856627,54.28856627
BD14,11/1/2024,106.263056,10.458056,53.1506176,53.1506176,53.1506176,53.1506176,53.1506176,53.1506176,53.1506176,53.1506176,53.1506176,53.1506176,53.1506176,53.1506176,53.1506176,53.1506176,53.1506176,53.1506176,53.1506176,53.1506176,53.1506176,53.1506176,53.1506176,53.1506176,53.1506176,53.1506176
BD14,12/1/2024,106.263056,10.458056,38.88605622,38.88605622,38.88605622,38.88605622,38.88605622,38.88605622,38.88605622,38.88605622,38.88605622,38.88605622,38.88605622,38.88605622,38.88605622,38.88605622,38.88605622,38.88605622,38.88605622,38.88605622,38.88605622,38.88605622,38.88605622,38.88605622,38.88605622,38.88605622
BD14,1/1/2025,106.263056,10.458056,46.47345582,46.47345582,46.47345582,46.47345582,46.47345582,46.47345582,46.47345582,46.47345582,46.47345582,46.47345582,46.47345582,46.47345582,46.47345582,46.47345582,46.47345582,46.47345582,46.47345582,46.47345582,46.47345582,46.47345582,46.47345582,46.47345582,46.47345582,46.47345582
BD14,2/1/2025,106.263056,10.458056,66.90981306,66.90981306,66.90981306,66.90981306,66.90981306,66.90981306,66.90981306,66.90981306,66.90981306,66.90981306,66.90981306,66.90981306,66.90981306,66.90981306,66.90981306,66.90981306,66.90981306,66.90981306,66.90981306,66.90981306,66.90981306,66.90981306,66.90981306,66.90981306
BD14,3/1/2025,106.263056,10.458056,38.16844197,38.16844197,38.16844197,38.16844197,38.16844197,38.16844197,38.16844197,38.16844197,38.16844197,38.16844197,38.16844197,38.16844197,38.16844197,38.16844197,38.16844197,38.16844197,38.16844197,38.16844197,38.16844197,38.16844197,38.16844197,38.16844197,38.16844197,38.16844197
BD14,4/1/2025,106.263056,10.458056,60.68596801,60.68596801,60.68596801,60.68596801,60.68596801,60.68596801,60.68596801,60.68596801,60.68596801,60.68596801,60.68596801,60.68596801,60.68596801,60.68596801,60.68596801,60.68596801,60.68596801,60.68596801,60.68596801,60.68596801,60.68596801,60.68596801,60.68596801,60.68596801
BD14,5/1/2025,106.263056,10.458056,56.68991862,56.68991862,56.68991862,56.68991862,56.68991862,56.68991862,56.68991862,56.68991862,56.68991862,56.68991862,56.68991862,56.68991862,56.68991862,56.68991862,56.68991862,56.68991862,56.68991862,56.68991862,56.68991862,56.68991862,56.68991862,56.68991862,56.68991862,56.68991862
BD14,6/1/2025,106.263056,10.458056,37.60769688,37.60769688,37.60769688,37.60769688,37.60769688,37.60769688,37.60769688,37.60769688,37.60769688,37.60769688,37.60769688,37.60769688,37.60769688,37.60769688,37.60769688,37.60769688,37.60769688,37.60769688,37.60769688,37.60769688,37.60769688,37.60769688,37.60769688,37.60769688
BD14,7/1/2025,106.263056,10.458056,37.33393126,37.33393126,37.33393126,37.33393126,37.33393126,37.33393126,37.33393126,37.33393126,37.33393126,37.33393126,37.33393126,37.33393126,37.33393126,37.33393126,37.33393126,37.33393126,37.33393126,37.33393126,37.33393126,37.33393126,37.33393126,37.33393126,37.33393126,37.33393126
BD15,5/1/2024,106.348056,10.543056,56.52665537,56.52665537,56.52665537,56.52665537,56.52665537,56.52665537,56.52665537,56.52665537,56.52665537,56.52665537,56.52665537,56.52665537,56.52665537,56.52665537,56.52665537,56.52665537,56.52665537,56.52665537,56.52665537,56.52665537,56.52665537,56.52665537,56.52665537,56.52665537
BD15,6/1/2024,106.348056,10.543056,52.51429457,52.51429457,52.51429457,52.51429457,52.51429457,52.51429457,52.51429457,52.51429457,52.51429457,52.51429457,52.51429457,52.51429457,52.51429457,52.51429457,52.51429457,52.51429457,52.51429457,52.51429457,52.51429457,52.51429457,52.51429457,52.51429457,52.51429457,52.51429457
BD15,7/1/2024,106.348056,10.543056,65.4996249,65.4996249,65.4996249,65.4996249,65.4996249,65.4996249,65.4996249,65.4996249,65.4996249,65.4996249,65.4996249,65.4996249,65.4996249,65.4996249,65.4996249,65.4996249,65.4996249,65.4996249,65.4996249,65.4996249,65.4996249,65.4996249,65.4996249,65.4996249
BD15,8/1/2024,106.348056,10.543056,44.01300726,44.01300726,44.01300726,44.01300726,44.01300726,44.01300726,44.01300726,44.01300726,44.01300726,44.01300726,44.01300726,44.01300726,44.01300726,44.01300726,44.01300726,44.01300726,44.01300726,44.01300726,44.01300726,44.01300726,44.01300726,44.01300726,44.01300726,44.01300726
BD15,9/1/2024,106.348056,10.543056,66.02808516,66.02808516,66.02808516,66.02808516,66.02808516,66.02808516,66.02808516,66.02808516,66.02808516,66.02808516,66.02808516,66.02808516,66.02808516,66.02808516,66.02808516,66.02808516,66.02808516,66.02808516,66.02808516,66.02808516,66.02808516,66.02808516,66.02808516,66.02808516
BD15,10/1/2024,106.348056,10.543056,66.58414601,66.58414601,66.58414601,66.58414601,66.58414601,66.58414601,66.58414601,66.58414601,66.58414601,66.58414601,66.58414601,66.58414601,66.58414601,66.58414601,66.58414601,66.58414601,66.58414601,66.58414601,66.58414601,66.58414601,66.58414601,66.58414601,66.58414601,66.58414601
BD15,11/1/2024,106.348056,10.543056,51.91935948,51.91935948,51.91935948,51.91935948,51.91935948,51.91935948,51.91935948,51.91935948,51.91935948,51.91935948,51.91935948,51.91935948,51.91935948,51.91935948,51.91935948,51.91935948,51.91935948,51.91935948,51.91935948,51.91935948,51.91935948,51.91935948,51.91935948,51.91935948
BD15,12/1/2024,106.348056,10.543056,38.80519049,38.80519049,38.80519049,38.80519049,38.80519049,38.80519049,38.80519049,38.80519049,38.80519049,38.80519049,38.80519049,38.80519049,38.80519049,38.80519049,38.80519049,38.80519049,38.80519049,38.80519049,38.80519049,38.80519049,38.80519049,38.80519049,38.80519049,38.80519049
BD15,1/1/2025,106.348056,10.543056,54.3924637,54.3924637,54.3924637,54.3924637,54.3924637,54.3924637,54.3924637,54.3924637,54.3924637,54.3924637,54.3924637,54.3924637,54.3924637,54.3924637,54.3924637,54.3924637,54.3924637,54.3924637,54.3924637,54.3924637,54.3924637,54.3924637,54.3924637,54.3924637
BD15,2/1/2025,106.348056,10.543056,65.25829606,65.25829606,65.25829606,65.25829606,65.25829606,65.25829606,65.25829606,65.25829606,65.25829606,65.25829606,65.25829606,65.25829606,65.25829606,65.25829606,65.25829606,65.25829606,65.25829606,65.25829606,65.25829606,65.25829606,65.25829606,65.25829606,65.25829606,65.25829606
BD15,3/1/2025,106.348056,10.543056,38.62387771,38.62387771,38.62387771,38.62387771,38.62387771,38.62387771,38.62387771,38.62387771,38.62387771,38.62387771,38.62387771,38.62387771,38.62387771,38.62387771,38.62387771,38.62387771,38.62387771,38.62387771,38.62387771,38.62387771,38.62387771,38.62387771,38.62387771,38.62387771
BD15,4/1/2025,106.348056,10.543056,3.568904762,3.568904762,3.568904762,3.568904762,3.568904762,3.568904762,3.568904762,3.568904762,3.568904762,3.568904762,3.568904762,3.568904762,3.568904762,3.568904762,3.568904762,3.568904762,3.568904762,3.568904762,3.568904762,3.568904762,3.568904762,3.568904762,3.568904762,3.568904762
BD15,5/1/2025,106.348056,10.543056,65.48027996,65.48027996,65.48027996,65.48027996,65.48027996,65.48027996,65.48027996,65.48027996,65.48027996,65.48027996,65.48027996,65.48027996,65.48027996,65.48027996,65.48027996,65.48027996,65.48027996,65.48027996,65.48027996,65.48027996,65.48027996,65.48027996,65.48027996,65.48027996
BD15,6/1/2025,106.348056,10.543056,66.0260104,66.0260104,66.0260104,66.0260104,66.0260104,66.0260104,66.0260104,66.0260104,66.0260104,66.0260104,66.0260104,66.0260104,66.0260104,66.0260104,66.0260104,66.0260104,66.0260104,66.0260104,66.0260104,66.0260104,66.0260104,66.0260104,66.0260104,66.0260104
BD15,7/1/2025,106.348056,10.543056,38.56035983,38.56035983,38.56035983,38.56035983,38.56035983,38.56035983,38.56035983,38.56035983,38.56035983,38.56035983,38.56035983,38.56035983,38.56035983,38.56035983,38.56035983,38.56035983,38.56035983,38.56035983,38.56035983,38.56035983,38.56035983,38.56035983,38.56035983,38.56035983
BD16,12/1/2024,106.520278,10.407778,55.7809288,55.7809288,55.7809288,55.7809288,55.7809288,55.7809288,55.7809288,55.7809288,55.7809288,55.7809288,55.7809288,55.7809288,55.7809288,55.7809288,55.7809288,55.7809288,55.7809288,55.7809288,55.7809288,55.7809288,55.7809288,55.7809288,55.7809288,55.7809288
BD16,1/1/2025,106.520278,10.407778,39.20519673,39.20519673,39.20519673,39.20519673,39.20519673,39.20519673,39.20519673,39.20519673,39.20519673,39.20519673,39.20519673,39.20519673,39.20519673,39.20519673,39.20519673,39.20519673,39.20519673,39.20519673,39.20519673,39.20519673,39.20519673,39.20519673,39.20519673,39.20519673
BD16,2/1/2025,106.520278,10.407778,54.35999228,54.35999228,54.35999228,54.35999228,54.35999228,54.35999228,54.35999228,54.35999228,54.35999228,54.35999228,54.35999228,54.35999228,54.35999228,54.35999228,54.35999228,54.35999228,54.35999228,54.35999228,54.35999228,54.35999228,54.35999228,54.35999228,54.35999228,54.35999228
BD16,3/1/2025,106.520278,10.407778,52.51213191,52.51213191,52.51213191,52.51213191,52.51213191,52.51213191,52.51213191,52.51213191,52.51213191,52.51213191,52.51213191,52.51213191,52.51213191,52.51213191,52.51213191,52.51213191,52.51213191,52.51213191,52.51213191,52.51213191,52.51213191,52.51213191,52.51213191,52.51213191
BD16,4/1/2025,106.520278,10.407778,54.8662613,54.8662613,54.8662613,54.8662613,54.8662613,54.8662613,54.8662613,54.8662613,54.8662613,54.8662613,54.8662613,54.8662613,54.8662613,54.8662613,54.8662613,54.8662613,54.8662613,54.8662613,54.8662613,54.8662613,54.8662613,54.8662613,54.8662613,54.8662613
BD16,5/1/2025,106.520278,10.407778,36.79090229,36.79090229,36.79090229,36.79090229,36.79090229,36.79090229,36.79090229,36.79090229,36.79090229,36.79090229,36.79090229,36.79090229,36.79090229,36.79090229,36.79090229,36.79090229,36.79090229,36.79090229,36.79090229,36.79090229,36.79090229,36.79090229,36.79090229,36.79090229
BD16,6/1/2025,106.520278,10.407778,57.92228797,57.92228797,57.92228797,57.92228797,57.92228797,57.92228797,57.92228797,57.92228797,57.92228797,57.92228797,57.92228797,57.92228797,57.92228797,57.92228797,57.92228797,57.92228797,57.92228797,57.92228797,57.92228797,57.92228797,57.92228797,57.92228797,57.92228797,57.92228797
BD16,7/1/2025,106.520278,10.407778,57.10087406,57.10087406,57.10087406,57.10087406,57.10087406,57.10087406,57.10087406,57.10087406,57.10087406,57.10087406,57.10087406,57.10087406,57.10087406,57.10087406,57.10087406,57.10087406,57.10087406,57.10087406,57.10087406,57.10087406,57.10087406,57.10087406,57.10087406,57.10087406
BD17,12/1/2024,106.504167,10.491667,44.73841363,44.73841363,44.73841363,44.73841363,44.73841363,44.73841363,44.73841363,44.73841363,44.73841363,44.73841363,44.73841363,44.73841363,44.73841363,44.73841363,44.73841363,44.73841363,44.73841363,44.73841363,44.73841363,44.73841363,44.73841363,44.73841363,44.73841363,44.73841363
BD17,1/1/2025,106.504167,10.491667,56.57009907,56.57009907,56.57009907,56.57009907,56.57009907,56.57009907,56.57009907,56.57009907,56.57009907,56.57009907,56.57009907,56.57009907,56.57009907,56.57009907,56.57009907,56.57009907,56.57009907,56.57009907,56.57009907,56.57009907,56.57009907,56.57009907,56.57009907,56.57009907
BD17,2/1/2025,106.504167,10.491667,53.81197833,53.81197833,53.81197833,53.81197833,53.81197833,53.81197833,53.81197833,53.81197833,53.81197833,53.81197833,53.81197833,53.81197833,53.81197833,53.81197833,53.81197833,53.81197833,53.81197833,53.81197833,53.81197833,53.81197833,53.81197833,53.81197833,53.81197833,53.81197833
BD17,3/1/2025,106.504167,10.491667,53.32046579,53.32046579,53.32046579,53.32046579,53.32046579,53.32046579,53.32046579,53.32046579,53.32046579,53.32046579,53.32046579,53.32046579,53.32046579,53.32046579,53.32046579,53.32046579,53.32046579,53.32046579,53.32046579,53.32046579,53.32046579,53.32046579,53.32046579,53.32046579
BD17,4/1/2025,106.504167,10.491667,54.13851089,54.13851089,54.13851089,54.13851089,54.13851089,54.13851089,54.13851089,54.13851089,54.13851089,54.13851089,54.13851089,54.13851089,54.13851089,54.13851089,54.13851089,54.13851089,54.13851089,54.13851089,54.13851089,54.13851089,54.13851089,54.13851089,54.13851089,54.13851089
BD17,5/1/2025,106.504167,10.491667,52.87930017,52.87930017,52.87930017,52.87930017,52.87930017,52.87930017,52.87930017,52.87930017,52.87930017,52.87930017,52.87930017,52.87930017,52.87930017,52.87930017,52.87930017,52.87930017,52.87930017,52.87930017,52.87930017,52.87930017,52.87930017,52.87930017,52.87930017,52.87930017
BD17,6/1/2025,106.504167,10.491667,66.27206257,66.27206257,66.27206257,66.27206257,66.27206257,66.27206257,66.27206257,66.27206257,66.27206257,66.27206257,66.27206257,66.27206257,66.27206257,66.27206257,66.27206257,66.27206257,66.27206257,66.27206257,66.27206257,66.27206257,66.27206257,66.27206257,66.27206257,66.27206257
BD17,7/1/2025,106.504167,10.491667,66.68941459,66.68941459,66.68941459,66.68941459,66.68941459,66.68941459,66.68941459,66.68941459,66.68941459,66.68941459,66.68941459,66.68941459,66.68941459,66.68941459,66.68941459,66.68941459,66.68941459,66.68941459,66.68941459,66.68941459,66.68941459,66.68941459,66.68941459,66.68941459
BD18,12/1/2024,106.4375,10.422778,56.3563616,56.3563616,56.3563616,56.3563616,56.3563616,56.3563616,56.3563616,56.3563616,56.3563616,56.3563616,56.3563616,56.3563616,56.3563616,56.3563616,56.3563616,56.3563616,56.3563616,56.3563616,56.3563616,56.3563616,56.3563616,56.3563616,56.3563616,56.3563616
BD18,1/1/2025,106.4375,10.422778,38.04456037,38.04456037,38.04456037,38.04456037,38.04456037,38.04456037,38.04456037,38.04456037,38.04456037,38.04456037,38.04456037,38.04456037,38.04456037,38.04456037,38.04456037,38.04456037,38.04456037,38.04456037,38.04456037,38.04456037,38.04456037,38.04456037,38.04456037,38.04456037
BD18,2/1/2025,106.4375,10.422778,54.93000176,54.93000176,54.93000176,54.93000176,54.93000176,54.93000176,54.93000176,54.93000176,54.93000176,54.93000176,54.93000176,54.93000176,54.93000176,54.93000176,54.93000176,54.93000176,54.93000176,54.93000176,54.93000176,54.93000176,54.93000176,54.93000176,54.93000176,54.93000176
BD18,3/1/2025,106.4375,10.422778,54.514251,54.514251,54.514251,54.514251,54.514251,54.514251,54.514251,54.514251,54.514251,54.514251,54.514251,54.514251,54.514251,54.514251,54.514251,54.514251,54.514251,54.514251,54.514251,54.514251,54.514251,54.514251,54.514251,54.514251
BD18,4/1/2025,106.4375,10.422778,53.53986191,53.53986191,53.53986191,53.53986191,53.53986191,53.53986191,53.53986191,53.53986191,53.53986191,53.53986191,53.53986191,53.53986191,53.53986191,53.53986191,53.53986191,53.53986191,53.53986191,53.53986191,53.53986191,53.53986191,53.53986191,53.53986191,53.53986191,53.53986191
BD18,5/1/2025,106.4375,10.422778,57.01569208,57.01569208,57.01569208,57.01569208,57.01569208,57.01569208,57.01569208,57.01569208,57.01569208,57.01569208,57.01569208,57.01569208,57.01569208,57.01569208,57.01569208,57.01569208,57.01569208,57.01569208,57.01569208,57.01569208,57.01569208,57.01569208,57.01569208,57.01569208
BD18,6/1/2025,106.4375,10.422778,36.2520197,36.2520197,36.2520197,36.2520197,36.2520197,36.2520197,36.2520197,36.2520197,36.2520197,36.2520197,36.2520197,36.2520197,36.2520197,36.2520197,36.2520197,36.2520197,36.2520197,36.2520197,36.2520197,36.2520197,36.2520197,36.2520197,36.2520197,36.2520197
BD18,7/1/2025,106.4375,10.422778,37.05558039,37.05558039,37.05558039,37.05558039,37.05558039,37.05558039,37.05558039,37.05558039,37.05558039,37.05558039,37.05558039,37.05558039,37.05558039,37.05558039,37.05558039,37.05558039,37.05558039,37.05558039,37.05558039,37.05558039,37.05558039,37.05558039,37.05558039,37.05558039
BD2,10/1/2023,106.545278,10.473333,38.48889622,38.48889622,38.48889622,38.48889622,38.48889622,38.48889622,38.48889622,38.48889622,38.48889622,38.48889622,38.48889622,38.48889622,38.48889622,38.48889622,38.48889622,38.48889622,38.48889622,38.48889622,38.48889622,38.48889622,38.48889622,38.48889622,38.48889622,38.48889622
BD2,11/1/2023,106.545278,10.473333,38.49800255,38.49800255,38.49800255,38.49800255,38.49800255,38.49800255,38.49800255,38.49800255,38.49800255,38.49800255,38.49800255,38.49800255,38.49800255,38.49800255,38.49800255,38.49800255,38.49800255,38.49800255,38.49800255,38.49800255,38.49800255,38.49800255,38.49800255,38.49800255
BD2,12/1/2023,106.545278,10.473333,53.30017072,53.30017072,53.30017072,53.30017072,53.30017072,53.30017072,53.30017072,53.30017072,53.30017072,53.30017072,53.30017072,53.30017072,53.30017072,53.30017072,53.30017072,53.30017072,53.30017072,53.30017072,53.30017072,53.30017072,53.30017072,53.30017072,53.30017072,53.30017072
BD2,1/1/2024,106.545278,10.473333,52.89356456,52.89356456,52.89356456,52.89356456,52.89356456,52.89356456,52.89356456,52.89356456,52.89356456,52.89356456,52.89356456,52.89356456,52.89356456,52.89356456,52.89356456,52.89356456,52.89356456,52.89356456,52.89356456,52.89356456,52.89356456,52.89356456,52.89356456,52.89356456
BD2,2/1/2024,106.545278,10.473333,53.46051253,53.46051253,53.46051253,53.46051253,53.46051253,53.46051253,53.46051253,53.46051253,53.46051253,53.46051253,53.46051253,53.46051253,53.46051253,53.46051253,53.46051253,53.46051253,53.46051253,53.46051253,53.46051253,53.46051253,53.46051253,53.46051253,53.46051253,53.46051253
BD2,3/1/2024,106.545278,10.473333,54.0265234,54.0265234,54.0265234,54.0265234,54.0265234,54.0265234,54.0265234,54.0265234,54.0265234,54.0265234,54.0265234,54.0265234,54.0265234,54.0265234,54.0265234,54.0265234,54.0265234,54.0265234,54.0265234,54.0265234,54.0265234,54.0265234,54.0265234,54.0265234
BD2,4/1/2024,106.545278,10.473333,36.69788787,36.69788787,36.69788787,36.69788787,36.69788787,36.69788787,36.69788787,36.69788787,36.69788787,36.69788787,36.69788787,36.69788787,36.69788787,36.69788787,36.69788787,36.69788787,36.69788787,36.69788787,36.69788787,36.69788787,36.69788787,36.69788787,36.69788787,36.69788787
BD2,5/1/2024,106.545278,10.473333,37.79778228,37.79778228,37.79778228,37.79778228,37.79778228,37.79778228,37.79778228,37.79778228,37.79778228,37.79778228,37.79778228,37.79778228,37.79778228,37.79778228,37.79778228,37.79778228,37.79778228,37.79778228,37.79778228,37.79778228,37.79778228,37.79778228,37.79778228,37.79778228
BD2,6/1/2024,106.545278,10.473333,54.05188905,54.05188905,54.05188905,54.05188905,54.05188905,54.05188905,54.05188905,54.05188905,54.05188905,54.05188905,54.05188905,54.05188905,54.05188905,54.05188905,54.05188905,54.05188905,54.05188905,54.05188905,54.05188905,54.05188905,54.05188905,54.05188905,54.05188905,54.05188905
BD2,7/1/2024,106.545278,10.473333,66.6209074,66.6209074,66.6209074,66.6209074,66.6209074,66.6209074,66.6209074,66.6209074,66.6209074,66.6209074,66.6209074,66.6209074,66.6209074,66.6209074,66.6209074,66.6209074,66.6209074,66.6209074,66.6209074,66.6209074,66.6209074,66.6209074,66.6209074,66.6209074
BD2,8/1/2024,106.545278,10.473333,38.6436489,38.6436489,38.6436489,38.6436489,38.6436489,38.6436489,38.6436489,38.6436489,38.6436489,38.6436489,38.6436489,38.6436489,38.6436489,38.6436489,38.6436489,38.6436489,38.6436489,38.6436489,38.6436489,38.6436489,38.6436489,38.6436489,38.6436489,38.6436489
BD2,9/1/2024,106.545278,10.473333,3.65622981,3.65622981,3.65622981,3.65622981,3.65622981,3.65622981,3.65622981,3.65622981,3.65622981,3.65622981,3.65622981,3.65622981,3.65622981,3.65622981,3.65622981,3.65622981,3.65622981,3.65622981,3.65622981,3.65622981,3.65622981,3.65622981,3.65622981,3.65622981
BD2,10/1/2024,106.545278,10.473333,39.01707823,39.01707823,39.01707823,39.01707823,39.01707823,39.01707823,39.01707823,39.01707823,39.01707823,39.01707823,39.01707823,39.01707823,39.01707823,39.01707823,39.01707823,39.01707823,39.01707823,39.01707823,39.01707823,39.01707823,39.01707823,39.01707823,39.01707823,39.01707823
BD2,11/1/2024,106.545278,10.473333,36.770866,36.770866,36.770866,36.770866,36.770866,36.770866,36.770866,36.770866,36.770866,36.770866,36.770866,36.770866,36.770866,36.770866,36.770866,36.770866,36.770866,36.770866,36.770866,36.770866,36.770866,36.770866,36.770866,36.770866
BD2,12/1/2024,106.545278,10.473333,53.51803525,53.51803525,53.51803525,53.51803525,53.51803525,53.51803525,53.51803525,53.51803525,53.51803525,53.51803525,53.51803525,53.51803525,53.51803525,53.51803525,53.51803525,53.51803525,53.51803525,53.51803525,53.51803525,53.51803525,53.51803525,53.51803525,53.51803525,53.51803525
BD2,1/1/2025,106.545278,10.473333,54.36425439,54.36425439,54.36425439,54.36425439,54.36425439,54.36425439,54.36425439,54.36425439,54.36425439,54.36425439,54.36425439,54.36425439,54.36425439,54.36425439,54.36425439,54.36425439,54.36425439,54.36425439,54.36425439,54.36425439,54.36425439,54.36425439,54.36425439,54.36425439
BD2,2/1/2025,106.545278,10.473333,65.88197605,65.88197605,65.88197605,65.88197605,65.88197605,65.88197605,65.88197605,65.88197605,65.88197605,65.88197605,65.88197605,65.88197605,65.88197605,65.88197605,65.88197605,65.88197605,65.88197605,65.88197605,65.88197605,65.88197605,65.88197605,65.88197605,65.88197605,65.88197605
BD2,3/1/2025,106.545278,10.473333,36.73554386,36.73554386,36.73554386,36.73554386,36.73554386,36.73554386,36.73554386,36.73554386,36.73554386,36.73554386,36.73554386,36.73554386,36.73554386,36.73554386,36.73554386,36.73554386,36.73554386,36.73554386,36.73554386,36.73554386,36.73554386,36.73554386,36.73554386,36.73554386
BD2,4/1/2025,106.545278,10.473333,66.69861036,66.69861036,66.69861036,66.69861036,66.69861036,66.69861036,66.69861036,66.69861036,66.69861036,66.69861036,66.69861036,66.69861036,66.69861036,66.69861036,66.69861036,66.69861036,66.69861036,66.69861036,66.69861036,66.69861036,66.69861036,66.69861036,66.69861036,66.69861036
BD2,5/1/2025,106.545278,10.473333,52.73783715,52.73783715,52.73783715,52.73783715,52.73783715,52.73783715,52.73783715,52.73783715,52.73783715,52.73783715,52.73783715,52.73783715,52.73783715,52.73783715,52.73783715,52.73783715,52.73783715,52.73783715,52.73783715,52.73783715,52.73783715,52.73783715,52.73783715,52.73783715
BD2,6/1/2025,106.545278,10.473333,37.67446981,37.67446981,37.67446981,37.67446981,37.67446981,37.67446981,37.67446981,37.67446981,37.67446981,37.67446981,37.67446981,37.67446981,37.67446981,37.67446981,37.67446981,37.67446981,37.67446981,37.67446981,37.67446981,37.67446981,37.67446981,37.67446981,37.67446981,37.67446981
BD2,7/1/2025,106.545278,10.473333,4.074249538,4.074249538,4.074249538,4.074249538,4.074249538,4.074249538,4.074249538,4.074249538,4.074249538,4.074249538,4.074249538,4.074249538,4.074249538,4.074249538,4.074249538,4.074249538,4.074249538,4.074249538,4.074249538,4.074249538,4.074249538,4.074249538,4.074249538,4.074249538
BD7,10/1/2023,106.395278,10.485556,57.28809169,57.28809169,57.28809169,57.28809169,57.28809169,57.28809169,57.28809169,57.28809169,57.28809169,57.28809169,57.28809169,57.28809169,57.28809169,57.28809169,57.28809169,57.28809169,57.28809169,57.28809169,57.28809169,57.28809169,57.28809169,57.28809169,57.28809169,57.28809169
BD7,11/1/2023,106.395278,10.485556,38.878621,38.878621,38.878621,38.878621,38.878621,38.878621,38.878621,38.878621,38.878621,38.878621,38.878621,38.878621,38.878621,38.878621,38.878621,38.878621,38.878621,38.878621,38.878621,38.878621,38.878621,38.878621,38.878621,38.878621
BD7,12/1/2023,106.395278,10.485556,54.45413582,54.45413582,54.45413582,54.45413582,54.45413582,54.45413582,54.45413582,54.45413582,54.45413582,54.45413582,54.45413582,54.45413582,54.45413582,54.45413582,54.45413582,54.45413582,54.45413582,54.45413582,54.45413582,54.45413582,54.45413582,54.45413582,54.45413582,54.45413582
BD7,1/1/2024,106.395278,10.485556,64.54562172,64.54562172,64.54562172,64.54562172,64.54562172,64.54562172,64.54562172,64.54562172,64.54562172,64.54562172,64.54562172,64.54562172,64.54562172,64.54562172,64.54562172,64.54562172,64.54562172,64.54562172,64.54562172,64.54562172,64.54562172,64.54562172,64.54562172,64.54562172
BD7,2/1/2024,106.395278,10.485556,54.25327667,54.25327667,54.25327667,54.25327667,54.25327667,54.25327667,54.25327667,54.25327667,54.25327667,54.25327667,54.25327667,54.25327667,54.25327667,54.25327667,54.25327667,54.25327667,54.25327667,54.25327667,54.25327667,54.25327667,54.25327667,54.25327667,54.25327667,54.25327667
BD7,3/1/2024,106.395278,10.485556,53.82880033,53.82880033,53.82880033,53.82880033,53.82880033,53.82880033,53.82880033,53.82880033,53.82880033,53.82880033,53.82880033,53.82880033,53.82880033,53.82880033,53.82880033,53.82880033,53.82880033,53.82880033,53.82880033,53.82880033,53.82880033,53.82880033,53.82880033,53.82880033
BD7,4/1/2024,106.395278,10.485556,44.64812898,44.64812898,44.64812898,44.64812898,44.64812898,44.64812898,44.64812898,44.64812898,44.64812898,44.64812898,44.64812898,44.64812898,44.64812898,44.64812898,44.64812898,44.64812898,44.64812898,44.64812898,44.64812898,44.64812898,44.64812898,44.64812898,44.64812898,44.64812898
BD7,5/1/2024,106.395278,10.485556,37.97724407,37.97724407,37.97724407,37.97724407,37.97724407,37.97724407,37.97724407,37.97724407,37.97724407,37.97724407,37.97724407,37.97724407,37.97724407,37.97724407,37.97724407,37.97724407,37.97724407,37.97724407,37.97724407,37.97724407,37.97724407,37.97724407,37.97724407,37.97724407
BD7,6/1/2024,106.395278,10.485556,35.19797801,35.19797801,35.19797801,35.19797801,35.19797801,35.19797801,35.19797801,35.19797801,35.19797801,35.19797801,35.19797801,35.19797801,35.19797801,35.19797801,35.19797801,35.19797801,35.19797801,35.19797801,35.19797801,35.19797801,35.19797801,35.19797801,35.19797801,35.19797801
BD7,7/1/2024,106.395278,10.485556,53.10087818,53.10087818,53.10087818,53.10087818,53.10087818,53.10087818,53.10087818,53.10087818,53.10087818,53.10087818,53.10087818,53.10087818,53.10087818,53.10087818,53.10087818,53.10087818,53.10087818,53.10087818,53.10087818,53.10087818,53.10087818,53.10087818,53.10087818,53.10087818
BD7,8/1/2024,106.395278,10.485556,38.12718529,38.12718529,38.12718529,38.12718529,38.12718529,38.12718529,38.12718529,38.12718529,38.12718529,38.12718529,38.12718529,38.12718529,38.12718529,38.12718529,38.12718529,38.12718529,38.12718529,38.12718529,38.12718529,38.12718529,38.12718529,38.12718529,38.12718529,38.12718529
BD7,9/1/2024,106.395278,10.485556,57.8922889,57.8922889,57.8922889,57.8922889,57.8922889,57.8922889,57.8922889,57.8922889,57.8922889,57.8922889,57.8922889,57.8922889,57.8922889,57.8922889,57.8922889,57.8922889,57.8922889,57.8922889,57.8922889,57.8922889,57.8922889,57.8922889,57.8922889,57.8922889
BD7,10/1/2024,106.395278,10.485556,53.91916862,53.91916862,53.91916862,53.91916862,53.91916862,53.91916862,53.91916862,53.91916862,53.91916862,53.91916862,53.91916862,53.91916862,53.91916862,53.91916862,53.91916862,53.91916862,53.91916862,53.91916862,53.91916862,53.91916862,53.91916862,53.91916862,53.91916862,53.91916862
BD7,11/1/2024,106.395278,10.485556,37.01497962,37.01497962,37.01497962,37.01497962,37.01497962,37.01497962,37.01497962,37.01497962,37.01497962,37.01497962,37.01497962,37.01497962,37.01497962,37.01497962,37.01497962,37.01497962,37.01497962,37.01497962,37.01497962,37.01497962,37.01497962,37.01497962,37.01497962,37.01497962
BD7,12/1/2024,106.395278,10.485556,37.21037515,37.21037515,37.21037515,37.21037515,37.21037515,37.21037515,37.21037515,37.21037515,37.21037515,37.21037515,37.21037515,37.21037515,37.21037515,37.21037515,37.21037515,37.21037515,37.21037515,37.21037515,37.21037515,37.21037515,37.21037515,37.21037515,37.21037515,37.21037515
BD7,1/1/2025,106.395278,10.485556,66.80522308,66.80522308,66.80522308,66.80522308,66.80522308,66.80522308,66.80522308,66.80522308,66.80522308,66.80522308,66.80522308,66.80522308,66.80522308,66.80522308,66.80522308,66.80522308,66.80522308,66.80522308,66.80522308,66.80522308,66.80522308,66.80522308,66.80522308,66.80522308
BD7,2/1/2025,106.395278,10.485556,52.41402473,52.41402473,52.41402473,52.41402473,52.41402473,52.41402473,52.41402473,52.41402473,52.41402473,52.41402473,52.41402473,52.41402473,52.41402473,52.41402473,52.41402473,52.41402473,52.41402473,52.41402473,52.41402473,52.41402473,52.41402473,52.41402473,52.41402473,52.41402473
BD7,3/1/2025,106.395278,10.485556,53.11505625,53.11505625,53.11505625,53.11505625,53.11505625,53.11505625,53.11505625,53.11505625,53.11505625,53.11505625,53.11505625,53.11505625,53.11505625,53.11505625,53.11505625,53.11505625,53.11505625,53.11505625,53.11505625,53.11505625,53.11505625,53.11505625,53.11505625,53.11505625
BD7,4/1/2025,106.395278,10.485556,53.57062939,53.57062939,53.57062939,53.57062939,53.57062939,53.57062939,53.57062939,53.57062939,53.57062939,53.57062939,53.57062939,53.57062939,53.57062939,53.57062939,53.57062939,53.57062939,53.57062939,53.57062939,53.57062939,53.57062939,53.57062939,53.57062939,53.57062939,53.57062939
BD7,5/1/2025,106.395278,10.485556,52.72321405,52.72321405,52.72321405,52.72321405,52.72321405,52.72321405,52.72321405,52.72321405,52.72321405,52.72321405,52.72321405,52.72321405,52.72321405,52.72321405,52.72321405,52.72321405,52.72321405,52.72321405,52.72321405,52.72321405,52.72321405,52.72321405,52.72321405,52.72321405
BD7,6/1/2025,106.395278,10.485556,57.09077356,57.09077356,57.09077356,57.09077356,57.09077356,57.09077356,57.09077356,57.09077356,57.09077356,57.09077356,57.09077356,57.09077356,57.09077356,57.09077356,57.09077356,57.09077356,57.09077356,57.09077356,57.09077356,57.09077356,57.09077356,57.09077356,57.09077356,57.09077356
BD7,7/1/2025,106.395278,10.485556,36.95583571,36.95583571,36.95583571,36.95583571,36.95583571,36.95583571,36.95583571,36.95583571,36.95583571,36.95583571,36.95583571,36.95583571,36.95583571,36.95583571,36.95583571,36.95583571,36.95583571,36.95583571,36.95583571,36.95583571,36.95583571,36.95583571,36.95583571,36.95583571
BD8,10/1/2023,106.370278,10.364722,53.82595575,53.82595575,53.82595575,53.82595575,53.82595575,53.82595575,53.82595575,53.82595575,53.82595575,53.82595575,53.82595575,53.82595575,53.82595575,53.82595575,53.82595575,53.82595575,53.82595575,53.82595575,53.82595575,53.82595575,53.82595575,53.82595575,53.82595575,53.82595575
BD8,11/1/2023,106.370278,10.364722,64.9802394,64.9802394,64.9802394,64.9802394,64.9802394,64.9802394,64.9802394,64.9802394,64.9802394,64.9802394,64.9802394,64.9802394,64.9802394,64.9802394,64.9802394,64.9802394,64.9802394,64.9802394,64.9802394,64.9802394,64.9802394,64.9802394,64.9802394,64.9802394
BD8,12/1/2023,106.370278,10.364722,65.91209912,65.91209912,65.91209912,65.91209912,65.91209912,65.91209912,65.91209912,65.91209912,65.91209912,65.91209912,65.91209912,65.91209912,65.91209912,65.91209912,65.91209912,65.91209912,65.91209912,65.91209912,65.91209912,65.91209912,65.91209912,65.91209912,65.91209912,65.91209912
BD8,1/1/2024,106.370278,10.364722,65.23734973,65.23734973,65.23734973,65.23734973,65.23734973,65.23734973,65.23734973,65.23734973,65.23734973,65.23734973,65.23734973,65.23734973,65.23734973,65.23734973,65.23734973,65.23734973,65.23734973,65.23734973,65.23734973,65.23734973,65.23734973,65.23734973,65.23734973,65.23734973
BD8,2/1/2024,106.370278,10.364722,67.16415539,67.16415539,67.16415539,67.16415539,67.16415539,67.16415539,67.16415539,67.16415539,67.16415539,67.16415539,67.16415539,67.16415539,67.16415539,67.16415539,67.16415539,67.16415539,67.16415539,67.16415539,67.16415539,67.16415539,67.16415539,67.16415539,67.16415539,67.16415539
BD8,3/1/2024,106.370278,10.364722,66.02214269,66.02214269,66.02214269,66.02214269,66.02214269,66.02214269,66.02214269,66.02214269,66.02214269,66.02214269,66.02214269,66.02214269,66.02214269,66.02214269,66.02214269,66.02214269,66.02214269,66.02214269,66.02214269,66.02214269,66.02214269,66.02214269,66.02214269,66.02214269
BD8,4/1/2024,106.370278,10.364722,54.43353916,54.43353916,54.43353916,54.43353916,54.43353916,54.43353916,54.43353916,54.43353916,54.43353916,54.43353916,54.43353916,54.43353916,54.43353916,54.43353916,54.43353916,54.43353916,54.43353916,54.43353916,54.43353916,54.43353916,54.43353916,54.43353916,54.43353916,54.43353916
BD8,5/1/2024,106.370278,10.364722,45.10411182,45.10411182,45.10411182,45.10411182,45.10411182,45.10411182,45.10411182,45.10411182,45.10411182,45.10411182,45.10411182,45.10411182,45.10411182,45.10411182,45.10411182,45.10411182,45.10411182,45.10411182,45.10411182,45.10411182,45.10411182,45.10411182,45.10411182,45.10411182
BD8,6/1/2024,106.370278,10.364722,38.20568773,38.20568773,38.20568773,38.20568773,38.20568773,38.20568773,38.20568773,38.20568773,38.20568773,38.20568773,38.20568773,38.20568773,38.20568773,38.20568773,38.20568773,38.20568773,38.20568773,38.20568773,38.20568773,38.20568773,38.20568773,38.20568773,38.20568773,38.20568773
BD8,7/1/2024,106.370278,10.364722,36.86906676,36.86906676,36.86906676,36.86906676,36.86906676,36.86906676,36.86906676,36.86906676,36.86906676,36.86906676,36.86906676,36.86906676,36.86906676,36.86906676,36.86906676,36.86906676,36.86906676,36.86906676,36.86906676,36.86906676,36.86906676,36.86906676,36.86906676,36.86906676
BD8,8/1/2024,106.370278,10.364722,47.43886362,47.43886362,47.43886362,47.43886362,47.43886362,47.43886362,47.43886362,47.43886362,47.43886362,47.43886362,47.43886362,47.43886362,47.43886362,47.43886362,47.43886362,47.43886362,47.43886362,47.43886362,47.43886362,47.43886362,47.43886362,47.43886362,47.43886362,47.43886362
BD8,9/1/2024,106.370278,10.364722,59.99989926,59.99989926,59.99989926,59.99989926,59.99989926,59.99989926,59.99989926,59.99989926,59.99989926,59.99989926,59.99989926,59.99989926,59.99989926,59.99989926,59.99989926,59.99989926,59.99989926,59.99989926,59.99989926,59.99989926,59.99989926,59.99989926,59.99989926,59.99989926
BD8,10/1/2024,106.370278,10.364722,52.56807474,52.56807474,52.56807474,52.56807474,52.56807474,52.56807474,52.56807474,52.56807474,52.56807474,52.56807474,52.56807474,52.56807474,52.56807474,52.56807474,52.56807474,52.56807474,52.56807474,52.56807474,52.56807474,52.56807474,52.56807474,52.56807474,52.56807474,52.56807474
BD8,11/1/2024,106.370278,10.364722,53.50737492,53.50737492,53.50737492,53.50737492,53.50737492,53.50737492,53.50737492,53.50737492,53.50737492,53.50737492,53.50737492,53.50737492,53.50737492,53.50737492,53.50737492,53.50737492,53.50737492,53.50737492,53.50737492,53.50737492,53.50737492,53.50737492,53.50737492,53.50737492
BD8,12/1/2024,106.370278,10.364722,52.26132688,52.26132688,52.26132688,52.26132688,52.26132688,52.26132688,52.26132688,52.26132688,52.26132688,52.26132688,52.26132688,52.26132688,52.26132688,52.26132688,52.26132688,52.26132688,52.26132688,52.26132688,52.26132688,52.26132688,52.26132688,52.26132688,52.26132688,52.26132688
BD8,1/1/2025,106.370278,10.364722,53.96496967,53.96496967,53.96496967,53.96496967,53.96496967,53.96496967,53.96496967,53.96496967,53.96496967,53.96496967,53.96496967,53.96496967,53.96496967,53.96496967,53.96496967,53.96496967,53.96496967,53.96496967,53.96496967,53.96496967,53.96496967,53.96496967,53.96496967,53.96496967
BD8,2/1/2025,106.370278,10.364722,35.36951626,35.36951626,35.36951626,35.36951626,35.36951626,35.36951626,35.36951626,35.36951626,35.36951626,35.36951626,35.36951626,35.36951626,35.36951626,35.36951626,35.36951626,35.36951626,35.36951626,35.36951626,35.36951626,35.36951626,35.36951626,35.36951626,35.36951626,35.36951626
BD8,3/1/2025,106.370278,10.364722,65.081931,65.081931,65.081931,65.081931,65.081931,65.081931,65.081931,65.081931,65.081931,65.081931,65.081931,65.081931,65.081931,65.081931,65.081931,65.081931,65.081931,65.081931,65.081931,65.081931,65.081931,65.081931,65.081931,65.081931
BD8,4/1/2025,106.370278,10.364722,66.31862241,66.31862241,66.31862241,66.31862241,66.31862241,66.31862241,66.31862241,66.31862241,66.31862241,66.31862241,66.31862241,66.31862241,66.31862241,66.31862241,66.31862241,66.31862241,66.31862241,66.31862241,66.31862241,66.31862241,66.31862241,66.31862241,66.31862241,66.31862241
BD8,5/1/2025,106.370278,10.364722,65.04334531,65.04334531,65.04334531,65.04334531,65.04334531,65.04334531,65.04334531,65.04334531,65.04334531,65.04334531,65.04334531,65.04334531,65.04334531,65.04334531,65.04334531,65.04334531,65.04334531,65.04334531,65.04334531,65.04334531,65.04334531,65.04334531,65.04334531,65.04334531
BD8,6/1/2025,106.370278,10.364722,35.86116606,35.86116606,35.86116606,35.86116606,35.86116606,35.86116606,35.86116606,35.86116606,35.86116606,35.86116606,35.86116606,35.86116606,35.86116606,35.86116606,35.86116606,35.86116606,35.86116606,35.86116606,35.86116606,35.86116606,35.86116606,35.86116606,35.86116606,35.86116606
BD8,7/1/2025,106.370278,10.364722,57.81447578,57.81447578,57.81447578,57.81447578,57.81447578,57.81447578,57.81447578,57.81447578,57.81447578,57.81447578,57.81447578,57.81447578,57.81447578,57.81447578,57.81447578,57.81447578,57.81447578,57.81447578,57.81447578,57.81447578,57.81447578,57.81447578,57.81447578,57.81447578
C1-1,12/1/2024,106.323333,11.323333,52.70742558,52.70742558,52.70742558,52.70742558,52.70742558,52.70742558,52.70742558,52.70742558,52.70742558,52.70742558,52.70742558,52.70742558,52.70742558,52.70742558,52.70742558,52.70742558,52.70742558,52.70742558,52.70742558,52.70742558,52.70742558,52.70742558,52.70742558,52.70742558
C1-1,1/1/2025,106.323333,11.323333,64.50664264,64.50664264,64.50664264,64.50664264,64.50664264,64.50664264,64.50664264,64.50664264,64.50664264,64.50664264,64.50664264,64.50664264,64.50664264,64.50664264,64.50664264,64.50664264,64.50664264,64.50664264,64.50664264,64.50664264,64.50664264,64.50664264,64.50664264,64.50664264
C1-1,2/1/2025,106.323333,11.323333,63.79789875,63.79789875,63.79789875,63.79789875,63.79789875,63.79789875,63.79789875,63.79789875,63.79789875,63.79789875,63.79789875,63.79789875,63.79789875,63.79789875,63.79789875,63.79789875,63.79789875,63.79789875,63.79789875,63.79789875,63.79789875,63.79789875,63.79789875,63.79789875
C1-1,3/1/2025,106.323333,11.323333,65.05034785,65.05034785,65.05034785,65.05034785,65.05034785,65.05034785,65.05034785,65.05034785,65.05034785,65.05034785,65.05034785,65.05034785,65.05034785,65.05034785,65.05034785,65.05034785,65.05034785,65.05034785,65.05034785,65.05034785,65.05034785,65.05034785,65.05034785,65.05034785
C1-1,4/1/2025,106.323333,11.323333,50.62786,50.62786,50.62786,50.62786,50.62786,50.62786,50.62786,50.62786,50.62786,50.62786,50.62786,50.62786,50.62786,50.62786,50.62786,50.62786,50.62786,50.62786,50.62786,50.62786,50.62786,50.62786,50.62786,50.62786
C1-1,5/1/2025,106.323333,11.323333,52.48467223,52.48467223,52.48467223,52.48467223,52.48467223,52.48467223,52.48467223,52.48467223,52.48467223,52.48467223,52.48467223,52.48467223,52.48467223,52.48467223,52.48467223,52.48467223,52.48467223,52.48467223,52.48467223,52.48467223,52.48467223,52.48467223,52.48467223,52.48467223
C1-1,6/1/2025,106.323333,11.323333,44.54099008,44.54099008,44.54099008,44.54099008,44.54099008,44.54099008,44.54099008,44.54099008,44.54099008,44.54099008,44.54099008,44.54099008,44.54099008,44.54099008,44.54099008,44.54099008,44.54099008,44.54099008,44.54099008,44.54099008,44.54099008,44.54099008,44.54099008,44.54099008
C1-1,7/1/2025,106.323333,11.323333,52.78721741,52.78721741,52.78721741,52.78721741,52.78721741,52.78721741,52.78721741,52.78721741,52.78721741,52.78721741,52.78721741,52.78721741,52.78721741,52.78721741,52.78721741,52.78721741,52.78721741,52.78721741,52.78721741,52.78721741,52.78721741,52.78721741,52.78721741,52.78721741
C2-1,12/1/2024,106.25,11.373333,65.06356123,65.06356123,65.06356123,65.06356123,65.06356123,65.06356123,65.06356123,65.06356123,65.06356123,65.06356123,65.06356123,65.06356123,65.06356123,65.06356123,65.06356123,65.06356123,65.06356123,65.06356123,65.06356123,65.06356123,65.06356123,65.06356123,65.06356123,65.06356123
C2-1,1/1/2025,106.25,11.373333,64.04995601,64.04995601,64.04995601,64.04995601,64.04995601,64.04995601,64.04995601,64.04995601,64.04995601,64.04995601,64.04995601,64.04995601,64.04995601,64.04995601,64.04995601,64.04995601,64.04995601,64.04995601,64.04995601,64.04995601,64.04995601,64.04995601,64.04995601,64.04995601
C2-1,2/1/2025,106.25,11.373333,64.49183448,64.49183448,64.49183448,64.49183448,64.49183448,64.49183448,64.49183448,64.49183448,64.49183448,64.49183448,64.49183448,64.49183448,64.49183448,64.49183448,64.49183448,64.49183448,64.49183448,64.49183448,64.49183448,64.49183448,64.49183448,64.49183448,64.49183448,64.49183448
C2-1,3/1/2025,106.25,11.373333,62.23956211,62.23956211,62.23956211,62.23956211,62.23956211,62.23956211,62.23956211,62.23956211,62.23956211,62.23956211,62.23956211,62.23956211,62.23956211,62.23956211,62.23956211,62.23956211,62.23956211,62.23956211,62.23956211,62.23956211,62.23956211,62.23956211,62.23956211,62.23956211
C2-1,4/1/2025,106.25,11.373333,36.58980293,36.58980293,36.58980293,36.58980293,36.58980293,36.58980293,36.58980293,36.58980293,36.58980293,36.58980293,36.58980293,36.58980293,36.58980293,36.58980293,36.58980293,36.58980293,36.58980293,36.58980293,36.58980293,36.58980293,36.58980293,36.58980293,36.58980293,36.58980293
C2-1,5/1/2025,106.25,11.373333,64.49057308,64.49057308,64.49057308,64.49057308,64.49057308,64.49057308,64.49057308,64.49057308,64.49057308,64.49057308,64.49057308,64.49057308,64.49057308,64.49057308,64.49057308,64.49057308,64.49057308,64.49057308,64.49057308,64.49057308,64.49057308,64.49057308,64.49057308,64.49057308
C2-1,6/1/2025,106.25,11.373333,51.6664015,51.6664015,51.6664015,51.6664015,51.6664015,51.6664015,51.6664015,51.6664015,51.6664015,51.6664015,51.6664015,51.6664015,51.6664015,51.6664015,51.6664015,51.6664015,51.6664015,51.6664015,51.6664015,51.6664015,51.6664015,51.6664015,51.6664015,51.6664015
C2-1,7/1/2025,106.25,11.373333,64.9440272,64.9440272,64.9440272,64.9440272,64.9440272,64.9440272,64.9440272,64.9440272,64.9440272,64.9440272,64.9440272,64.9440272,64.9440272,64.9440272,64.9440272,64.9440272,64.9440272,64.9440272,64.9440272,64.9440272,64.9440272,64.9440272,64.9440272,64.9440272
C3-1,12/1/2024,106.2,11.44,54.15860208,54.15860208,54.15860208,54.15860208,54.15860208,54.15860208,54.15860208,54.15860208,54.15860208,54.15860208,54.15860208,54.15860208,54.15860208,54.15860208,54.15860208,54.15860208,54.15860208,54.15860208,54.15860208,54.15860208,54.15860208,54.15860208,54.15860208,54.15860208
C3-1,1/1/2025,106.2,11.44,64.20831871,64.20831871,64.20831871,64.20831871,64.20831871,64.20831871,64.20831871,64.20831871,64.20831871,64.20831871,64.20831871,64.20831871,64.20831871,64.20831871,64.20831871,64.20831871,64.20831871,64.20831871,64.20831871,64.20831871,64.20831871,64.20831871,64.20831871,64.20831871
C3-1,2/1/2025,106.2,11.44,64.62300118,64.62300118,64.62300118,64.62300118,64.62300118,64.62300118,64.62300118,64.62300118,64.62300118,64.62300118,64.62300118,64.62300118,64.62300118,64.62300118,64.62300118,64.62300118,64.62300118,64.62300118,64.62300118,64.62300118,64.62300118,64.62300118,64.62300118,64.62300118
C3-1,3/1/2025,106.2,11.44,64.55946314,64.55946314,64.55946314,64.55946314,64.55946314,64.55946314,64.55946314,64.55946314,64.55946314,64.55946314,64.55946314,64.55946314,64.55946314,64.55946314,64.55946314,64.55946314,64.55946314,64.55946314,64.55946314,64.55946314,64.55946314,64.55946314,64.55946314,64.55946314
C3-1,4/1/2025,106.2,11.44,54.58176105,54.58176105,54.58176105,54.58176105,54.58176105,54.58176105,54.58176105,54.58176105,54.58176105,54.58176105,54.58176105,54.58176105,54.58176105,54.58176105,54.58176105,54.58176105,54.58176105,54.58176105,54.58176105,54.58176105,54.58176105,54.58176105,54.58176105,54.58176105
C3-1,5/1/2025,106.2,11.44,64.86172123,64.86172123,64.86172123,64.86172123,64.86172123,64.86172123,64.86172123,64.86172123,64.86172123,64.86172123,64.86172123,64.86172123,64.86172123,64.86172123,64.86172123,64.86172123,64.86172123,64.86172123,64.86172123,64.86172123,64.86172123,64.86172123,64.86172123,64.86172123
C3-1,6/1/2025,106.2,11.44,44.68842003,44.68842003,44.68842003,44.68842003,44.68842003,44.68842003,44.68842003,44.68842003,44.68842003,44.68842003,44.68842003,44.68842003,44.68842003,44.68842003,44.68842003,44.68842003,44.68842003,44.68842003,44.68842003,44.68842003,44.68842003,44.68842003,44.68842003,44.68842003
C3-1,7/1/2025,106.2,11.44,51.82228945,51.82228945,51.82228945,51.82228945,51.82228945,51.82228945,51.82228945,51.82228945,51.82228945,51.82228945,51.82228945,51.82228945,51.82228945,51.82228945,51.82228945,51.82228945,51.82228945,51.82228945,51.82228945,51.82228945,51.82228945,51.82228945,51.82228945,51.82228945
CLCB1,5/1/2023,105.15576,9.75633,64.17847512,64.17847512,64.17847512,64.17847512,64.17847512,64.17847512,64.17847512,64.17847512,64.17847512,64.17847512,64.17847512,64.17847512,64.17847512,64.17847512,64.17847512,64.17847512,64.17847512,64.17847512,64.17847512,64.17847512,64.17847512,64.17847512,64.17847512,64.17847512
CLCB1,6/1/2023,105.15576,9.75633,65.11542457,65.11542457,65.11542457,65.11542457,65.11542457,65.11542457,65.11542457,65.11542457,65.11542457,65.11542457,65.11542457,65.11542457,65.11542457,65.11542457,65.11542457,65.11542457,65.11542457,65.11542457,65.11542457,65.11542457,65.11542457,65.11542457,65.11542457,65.11542457
CLCB1,7/1/2023,105.15576,9.75633,51.59612462,51.59612462,51.59612462,51.59612462,51.59612462,51.59612462,51.59612462,51.59612462,51.59612462,51.59612462,51.59612462,51.59612462,51.59612462,51.59612462,51.59612462,51.59612462,51.59612462,51.59612462,51.59612462,51.59612462,51.59612462,51.59612462,51.59612462,51.59612462
CLCB1,8/1/2023,105.15576,9.75633,54.0471208,54.0471208,54.0471208,54.0471208,54.0471208,54.0471208,54.0471208,54.0471208,54.0471208,54.0471208,54.0471208,54.0471208,54.0471208,54.0471208,54.0471208,54.0471208,54.0471208,54.0471208,54.0471208,54.0471208,54.0471208,54.0471208,54.0471208,54.0471208
CLCB1,9/1/2023,105.15576,9.75633,62.06141565,62.06141565,62.06141565,62.06141565,62.06141565,62.06141565,62.06141565,62.06141565,62.06141565,62.06141565,62.06141565,62.06141565,62.06141565,62.06141565,62.06141565,62.06141565,62.06141565,62.06141565,62.06141565,62.06141565,62.06141565,62.06141565,62.06141565,62.06141565
CLCB1,10/1/2023,105.15576,9.75633,61.20121125,61.20121125,61.20121125,61.20121125,61.20121125,61.20121125,61.20121125,61.20121125,61.20121125,61.20121125,61.20121125,61.20121125,61.20121125,61.20121125,61.20121125,61.20121125,61.20121125,61.20121125,61.20121125,61.20121125,61.20121125,61.20121125,61.20121125,61.20121125
CLCB1,11/1/2023,105.15576,9.75633,64.20976236,64.20976236,64.20976236,64.20976236,64.20976236,64.20976236,64.20976236,64.20976236,64.20976236,64.20976236,64.20976236,64.20976236,64.20976236,64.20976236,64.20976236,64.20976236,64.20976236,64.20976236,64.20976236,64.20976236,64.20976236,64.20976236,64.20976236,64.20976236
CLCB1,12/1/2023,105.15576,9.75633,47.59436359,47.59436359,47.59436359,47.59436359,47.59436359,47.59436359,47.59436359,47.59436359,47.59436359,47.59436359,47.59436359,47.59436359,47.59436359,47.59436359,47.59436359,47.59436359,47.59436359,47.59436359,47.59436359,47.59436359,47.59436359,47.59436359,47.59436359,47.59436359
CLCB1,1/1/2024,105.15576,9.75633,48.05259366,48.05259366,48.05259366,48.05259366,48.05259366,48.05259366,48.05259366,48.05259366,48.05259366,48.05259366,48.05259366,48.05259366,48.05259366,48.05259366,48.05259366,48.05259366,48.05259366,48.05259366,48.05259366,48.05259366,48.05259366,48.05259366,48.05259366,48.05259366
CLCB1,2/1/2024,105.15576,9.75633,50.34651003,50.34651003,50.34651003,50.34651003,50.34651003,50.34651003,50.34651003,50.34651003,50.34651003,50.34651003,50.34651003,50.34651003,50.34651003,50.34651003,50.34651003,50.34651003,50.34651003,50.34651003,50.34651003,50.34651003,50.34651003,50.34651003,50.34651003,50.34651003
CLCB1,3/1/2024,105.15576,9.75633,47.52089304,47.52089304,47.52089304,47.52089304,47.52089304,47.52089304,47.52089304,47.52089304,47.52089304,47.52089304,47.52089304,47.52089304,47.52089304,47.52089304,47.52089304,47.52089304,47.52089304,47.52089304,47.52089304,47.52089304,47.52089304,47.52089304,47.52089304,47.52089304
CLCB1,4/1/2024,105.15576,9.75633,34.06476472,34.06476472,34.06476472,34.06476472,34.06476472,34.06476472,34.06476472,34.06476472,34.06476472,34.06476472,34.06476472,34.06476472,34.06476472,34.06476472,34.06476472,34.06476472,34.06476472,34.06476472,34.06476472,34.06476472,34.06476472,34.06476472,34.06476472,34.06476472
CLCB1,5/1/2024,105.15576,9.75633,52.59152813,52.59152813,52.59152813,52.59152813,52.59152813,52.59152813,52.59152813,52.59152813,52.59152813,52.59152813,52.59152813,52.59152813,52.59152813,52.59152813,52.59152813,52.59152813,52.59152813,52.59152813,52.59152813,52.59152813,52.59152813,52.59152813,52.59152813,52.59152813
CLCB1,6/1/2024,105.15576,9.75633,53.14640742,53.14640742,53.14640742,53.14640742,53.14640742,53.14640742,53.14640742,53.14640742,53.14640742,53.14640742,53.14640742,53.14640742,53.14640742,53.14640742,53.14640742,53.14640742,53.14640742,53.14640742,53.14640742,53.14640742,53.14640742,53.14640742,53.14640742,53.14640742
CLCB1,7/1/2024,105.15576,9.75633,54.93522712,54.93522712,54.93522712,54.93522712,54.93522712,54.93522712,54.93522712,54.93522712,54.93522712,54.93522712,54.93522712,54.93522712,54.93522712,54.93522712,54.93522712,54.93522712,54.93522712,54.93522712,54.93522712,54.93522712,54.93522712,54.93522712,54.93522712,54.93522712
CLCB1,8/1/2024,105.15576,9.75633,50.9810409,50.9810409,50.9810409,50.9810409,50.9810409,50.9810409,50.9810409,50.9810409,50.9810409,50.9810409,50.9810409,50.9810409,50.9810409,50.9810409,50.9810409,50.9810409,50.9810409,50.9810409,50.9810409,50.9810409,50.9810409,50.9810409,50.9810409,50.9810409
CLCB1,9/1/2024,105.15576,9.75633,53.15485663,53.15485663,53.15485663,53.15485663,53.15485663,53.15485663,53.15485663,53.15485663,53.15485663,53.15485663,53.15485663,53.15485663,53.15485663,53.15485663,53.15485663,53.15485663,53.15485663,53.15485663,53.15485663,53.15485663,53.15485663,53.15485663,53.15485663,53.15485663
CLCB1,10/1/2024,105.15576,9.75633,34.55084686,34.55084686,34.55084686,34.55084686,34.55084686,34.55084686,34.55084686,34.55084686,34.55084686,34.55084686,34.55084686,34.55084686,34.55084686,34.55084686,34.55084686,34.55084686,34.55084686,34.55084686,34.55084686,34.55084686,34.55084686,34.55084686,34.55084686,34.55084686
CLCB1,11/1/2024,105.15576,9.75633,52.19759483,52.19759483,52.19759483,52.19759483,52.19759483,52.19759483,52.19759483,52.19759483,52.19759483,52.19759483,52.19759483,52.19759483,52.19759483,52.19759483,52.19759483,52.19759483,52.19759483,52.19759483,52.19759483,52.19759483,52.19759483,52.19759483,52.19759483,52.19759483
CLCB1,12/1/2024,105.15576,9.75633,52.14247353,52.14247353,52.14247353,52.14247353,52.14247353,52.14247353,52.14247353,52.14247353,52.14247353,52.14247353,52.14247353,52.14247353,52.14247353,52.14247353,52.14247353,52.14247353,52.14247353,52.14247353,52.14247353,52.14247353,52.14247353,52.14247353,52.14247353,52.14247353
CLCB1,1/1/2025,105.15576,9.75633,37.25493421,37.25493421,37.25493421,37.25493421,37.25493421,37.25493421,37.25493421,37.25493421,37.25493421,37.25493421,37.25493421,37.25493421,37.25493421,37.25493421,37.25493421,37.25493421,37.25493421,37.25493421,37.25493421,37.25493421,37.25493421,37.25493421,37.25493421,37.25493421
CLCB1,2/1/2025,105.15576,9.75633,54.91782527,54.91782527,54.91782527,54.91782527,54.91782527,54.91782527,54.91782527,54.91782527,54.91782527,54.91782527,54.91782527,54.91782527,54.91782527,54.91782527,54.91782527,54.91782527,54.91782527,54.91782527,54.91782527,54.91782527,54.91782527,54.91782527,54.91782527,54.91782527
CLCB1,3/1/2025,105.15576,9.75633,55.1575021,55.1575021,55.1575021,55.1575021,55.1575021,55.1575021,55.1575021,55.1575021,55.1575021,55.1575021,55.1575021,55.1575021,55.1575021,55.1575021,55.1575021,55.1575021,55.1575021,55.1575021,55.1575021,55.1575021,55.1575021,55.1575021,55.1575021,55.1575021
CLCB1,4/1/2025,105.15576,9.75633,53.90837271,53.90837271,53.90837271,53.90837271,53.90837271,53.90837271,53.90837271,53.90837271,53.90837271,53.90837271,53.90837271,53.90837271,53.90837271,53.90837271,53.90837271,53.90837271,53.90837271,53.90837271,53.90837271,53.90837271,53.90837271,53.90837271,53.90837271,53.90837271
CLCB1,5/1/2025,105.15576,9.75633,53.77027847,53.77027847,53.77027847,53.77027847,53.77027847,53.77027847,53.77027847,53.77027847,53.77027847,53.77027847,53.77027847,53.77027847,53.77027847,53.77027847,53.77027847,53.77027847,53.77027847,53.77027847,53.77027847,53.77027847,53.77027847,53.77027847,53.77027847,53.77027847
CLCB1,6/1/2025,105.15576,9.75633,54.78320769,54.78320769,54.78320769,54.78320769,54.78320769,54.78320769,54.78320769,54.78320769,54.78320769,54.78320769,54.78320769,54.78320769,54.78320769,54.78320769,54.78320769,54.78320769,54.78320769,54.78320769,54.78320769,54.78320769,54.78320769,54.78320769,54.78320769,54.78320769
CLCB1,7/1/2025,105.15576,9.75633,57.25706007,57.25706007,57.25706007,57.25706007,57.25706007,57.25706007,57.25706007,57.25706007,57.25706007,57.25706007,57.25706007,57.25706007,57.25706007,57.25706007,57.25706007,57.25706007,57.25706007,57.25706007,57.25706007,57.25706007,57.25706007,57.25706007,57.25706007,57.25706007
CLCB10,5/1/2023,105.38675,10.05539,40.98900818,40.98900818,40.98900818,40.98900818,40.98900818,40.98900818,40.98900818,40.98900818,40.98900818,40.98900818,40.98900818,40.98900818,40.98900818,40.98900818,40.98900818,40.98900818,40.98900818,40.98900818,40.98900818,40.98900818,40.98900818,40.98900818,40.98900818,40.98900818
CLCB10,6/1/2023,105.38675,10.05539,50.75721671,50.75721671,50.75721671,50.75721671,50.75721671,50.75721671,50.75721671,50.75721671,50.75721671,50.75721671,50.75721671,50.75721671,50.75721671,50.75721671,50.75721671,50.75721671,50.75721671,50.75721671,50.75721671,50.75721671,50.75721671,50.75721671,50.75721671,50.75721671
CLCB10,7/1/2023,105.38675,10.05539,50.67420719,50.67420719,50.67420719,50.67420719,50.67420719,50.67420719,50.67420719,50.67420719,50.67420719,50.67420719,50.67420719,50.67420719,50.67420719,50.67420719,50.67420719,50.67420719,50.67420719,50.67420719,50.67420719,50.67420719,50.67420719,50.67420719,50.67420719,50.67420719
CLCB10,8/1/2023,105.38675,10.05539,32.39703338,32.39703338,32.39703338,32.39703338,32.39703338,32.39703338,32.39703338,32.39703338,32.39703338,32.39703338,32.39703338,32.39703338,32.39703338,32.39703338,32.39703338,32.39703338,32.39703338,32.39703338,32.39703338,32.39703338,32.39703338,32.39703338,32.39703338,32.39703338
CLCB10,9/1/2023,105.38675,10.05539,42.05038454,42.05038454,42.05038454,42.05038454,42.05038454,42.05038454,42.05038454,42.05038454,42.05038454,42.05038454,42.05038454,42.05038454,42.05038454,42.05038454,42.05038454,42.05038454,42.05038454,42.05038454,42.05038454,42.05038454,42.05038454,42.05038454,42.05038454,42.05038454
CLCB10,10/1/2023,105.38675,10.05539,34.15478258,34.15478258,34.15478258,34.15478258,34.15478258,34.15478258,34.15478258,34.15478258,34.15478258,34.15478258,34.15478258,34.15478258,34.15478258,34.15478258,34.15478258,34.15478258,34.15478258,34.15478258,34.15478258,34.15478258,34.15478258,34.15478258,34.15478258,34.15478258
CLCB10,11/1/2023,105.38675,10.05539,62.36177554,62.36177554,62.36177554,62.36177554,62.36177554,62.36177554,62.36177554,62.36177554,62.36177554,62.36177554,62.36177554,62.36177554,62.36177554,62.36177554,62.36177554,62.36177554,62.36177554,62.36177554,62.36177554,62.36177554,62.36177554,62.36177554,62.36177554,62.36177554
CLCB10,12/1/2023,105.38675,10.05539,51.58819727,51.58819727,51.58819727,51.58819727,51.58819727,51.58819727,51.58819727,51.58819727,51.58819727,51.58819727,51.58819727,51.58819727,51.58819727,51.58819727,51.58819727,51.58819727,51.58819727,51.58819727,51.58819727,51.58819727,51.58819727,51.58819727,51.58819727,51.58819727
CLCB10,1/1/2024,105.38675,10.05539,43.74683397,43.74683397,43.74683397,43.74683397,43.74683397,43.74683397,43.74683397,43.74683397,43.74683397,43.74683397,43.74683397,43.74683397,43.74683397,43.74683397,43.74683397,43.74683397,43.74683397,43.74683397,43.74683397,43.74683397,43.74683397,43.74683397,43.74683397,43.74683397
CLCB10,2/1/2024,105.38675,10.05539,35.47814077,35.47814077,35.47814077,35.47814077,35.47814077,35.47814077,35.47814077,35.47814077,35.47814077,35.47814077,35.47814077,35.47814077,35.47814077,35.47814077,35.47814077,35.47814077,35.47814077,35.47814077,35.47814077,35.47814077,35.47814077,35.47814077,35.47814077,35.47814077
CLCB10,3/1/2024,105.38675,10.05539,65.17456841,65.17456841,65.17456841,65.17456841,65.17456841,65.17456841,65.17456841,65.17456841,65.17456841,65.17456841,65.17456841,65.17456841,65.17456841,65.17456841,65.17456841,65.17456841,65.17456841,65.17456841,65.17456841,65.17456841,65.17456841,65.17456841,65.17456841,65.17456841
CLCB10,4/1/2024,105.38675,10.05539,35.92198764,35.92198764,35.92198764,35.92198764,35.92198764,35.92198764,35.92198764,35.92198764,35.92198764,35.92198764,35.92198764,35.92198764,35.92198764,35.92198764,35.92198764,35.92198764,35.92198764,35.92198764,35.92198764,35.92198764,35.92198764,35.92198764,35.92198764,35.92198764
CLCB10,5/1/2024,105.38675,10.05539,33.32356456,33.32356456,33.32356456,33.32356456,33.32356456,33.32356456,33.32356456,33.32356456,33.32356456,33.32356456,33.32356456,33.32356456,33.32356456,33.32356456,33.32356456,33.32356456,33.32356456,33.32356456,33.32356456,33.32356456,33.32356456,33.32356456,33.32356456,33.32356456
CLCB10,6/1/2024,105.38675,10.05539,38.04569753,38.04569753,38.04569753,38.04569753,38.04569753,38.04569753,38.04569753,38.04569753,38.04569753,38.04569753,38.04569753,38.04569753,38.04569753,38.04569753,38.04569753,38.04569753,38.04569753,38.04569753,38.04569753,38.04569753,38.04569753,38.04569753,38.04569753,38.04569753
CLCB10,7/1/2024,105.38675,10.05539,53.5360713,53.5360713,53.5360713,53.5360713,53.5360713,53.5360713,53.5360713,53.5360713,53.5360713,53.5360713,53.5360713,53.5360713,53.5360713,53.5360713,53.5360713,53.5360713,53.5360713,53.5360713,53.5360713,53.5360713,53.5360713,53.5360713,53.5360713,53.5360713
CLCB10,8/1/2024,105.38675,10.05539,36.76821197,36.76821197,36.76821197,36.76821197,36.76821197,36.76821197,36.76821197,36.76821197,36.76821197,36.76821197,36.76821197,36.76821197,36.76821197,36.76821197,36.76821197,36.76821197,36.76821197,36.76821197,36.76821197,36.76821197,36.76821197,36.76821197,36.76821197,36.76821197
CLCB10,9/1/2024,105.38675,10.05539,37.205421,37.205421,37.205421,37.205421,37.205421,37.205421,37.205421,37.205421,37.205421,37.205421,37.205421,37.205421,37.205421,37.205421,37.205421,37.205421,37.205421,37.205421,37.205421,37.205421,37.205421,37.205421,37.205421,37.205421
CLCB10,10/1/2024,105.38675,10.05539,35.48211685,35.48211685,35.48211685,35.48211685,35.48211685,35.48211685,35.48211685,35.48211685,35.48211685,35.48211685,35.48211685,35.48211685,35.48211685,35.48211685,35.48211685,35.48211685,35.48211685,35.48211685,35.48211685,35.48211685,35.48211685,35.48211685,35.48211685,35.48211685
CLCB10,11/1/2024,105.38675,10.05539,36.60743595,36.60743595,36.60743595,36.60743595,36.60743595,36.60743595,36.60743595,36.60743595,36.60743595,36.60743595,36.60743595,36.60743595,36.60743595,36.60743595,36.60743595,36.60743595,36.60743595,36.60743595,36.60743595,36.60743595,36.60743595,36.60743595,36.60743595,36.60743595
CLCB10,12/1/2024,105.38675,10.05539,39.20269244,39.20269244,39.20269244,39.20269244,39.20269244,39.20269244,39.20269244,39.20269244,39.20269244,39.20269244,39.20269244,39.20269244,39.20269244,39.20269244,39.20269244,39.20269244,39.20269244,39.20269244,39.20269244,39.20269244,39.20269244,39.20269244,39.20269244,39.20269244
CLCB10,1/1/2025,105.38675,10.05539,36.2208553,36.2208553,36.2208553,36.2208553,36.2208553,36.2208553,36.2208553,36.2208553,36.2208553,36.2208553,36.2208553,36.2208553,36.2208553,36.2208553,36.2208553,36.2208553,36.2208553,36.2208553,36.2208553,36.2208553,36.2208553,36.2208553,36.2208553,36.2208553
CLCB10,2/1/2025,105.38675,10.05539,53.6342123,53.6342123,53.6342123,53.6342123,53.6342123,53.6342123,53.6342123,53.6342123,53.6342123,53.6342123,53.6342123,53.6342123,53.6342123,53.6342123,53.6342123,53.6342123,53.6342123,53.6342123,53.6342123,53.6342123,53.6342123,53.6342123,53.6342123,53.6342123
CLCB10,3/1/2025,105.38675,10.05539,35.65140904,35.65140904,35.65140904,35.65140904,35.65140904,35.65140904,35.65140904,35.65140904,35.65140904,35.65140904,35.65140904,35.65140904,35.65140904,35.65140904,35.65140904,35.65140904,35.65140904,35.65140904,35.65140904,35.65140904,35.65140904,35.65140904,35.65140904,35.65140904
CLCB10,4/1/2025,105.38675,10.05539,52.74593076,52.74593076,52.74593076,52.74593076,52.74593076,52.74593076,52.74593076,52.74593076,52.74593076,52.74593076,52.74593076,52.74593076,52.74593076,52.74593076,52.74593076,52.74593076,52.74593076,52.74593076,52.74593076,52.74593076,52.74593076,52.74593076,52.74593076,52.74593076
CLCB10,5/1/2025,105.38675,10.05539,51.02714665,51.02714665,51.02714665,51.02714665,51.02714665,51.02714665,51.02714665,51.02714665,51.02714665,51.02714665,51.02714665,51.02714665,51.02714665,51.02714665,51.02714665,51.02714665,51.02714665,51.02714665,51.02714665,51.02714665,51.02714665,51.02714665,51.02714665,51.02714665
CLCB10,6/1/2025,105.38675,10.05539,68.32890671,68.32890671,68.32890671,68.32890671,68.32890671,68.32890671,68.32890671,68.32890671,68.32890671,68.32890671,68.32890671,68.32890671,68.32890671,68.32890671,68.32890671,68.32890671,68.32890671,68.32890671,68.32890671,68.32890671,68.32890671,68.32890671,68.32890671,68.32890671
CLCB10,7/1/2025,105.38675,10.05539,57.08432461,57.08432461,57.08432461,57.08432461,57.08432461,57.08432461,57.08432461,57.08432461,57.08432461,57.08432461,57.08432461,57.08432461,57.08432461,57.08432461,57.08432461,57.08432461,57.08432461,57.08432461,57.08432461,57.08432461,57.08432461,57.08432461,57.08432461,57.08432461
CLCB13,12/1/2023,105.1661,9.5305,51.50119699,51.50119699,51.50119699,51.50119699,51.50119699,51.50119699,51.50119699,51.50119699,51.50119699,51.50119699,51.50119699,51.50119699,51.50119699,51.50119699,51.50119699,51.50119699,51.50119699,51.50119699,51.50119699,51.50119699,51.50119699,51.50119699,51.50119699,51.50119699
CLCB13,1/1/2024,105.1661,9.5305,48.479429,48.479429,48.479429,48.479429,48.479429,48.479429,48.479429,48.479429,48.479429,48.479429,48.479429,48.479429,48.479429,48.479429,48.479429,48.479429,48.479429,48.479429,48.479429,48.479429,48.479429,48.479429,48.479429,48.479429
CLCB13,2/1/2024,105.1661,9.5305,50.89224931,50.89224931,50.89224931,50.89224931,50.89224931,50.89224931,50.89224931,50.89224931,50.89224931,50.89224931,50.89224931,50.89224931,50.89224931,50.89224931,50.89224931,50.89224931,50.89224931,50.89224931,50.89224931,50.89224931,50.89224931,50.89224931,50.89224931,50.89224931
CLCB13,3/1/2024,105.1661,9.5305,51.79805914,51.79805914,51.79805914,51.79805914,51.79805914,51.79805914,51.79805914,51.79805914,51.79805914,51.79805914,51.79805914,51.79805914,51.79805914,51.79805914,51.79805914,51.79805914,51.79805914,51.79805914,51.79805914,51.79805914,51.79805914,51.79805914,51.79805914,51.79805914
CLCB13,4/1/2024,105.1661,9.5305,50.25182606,50.25182606,50.25182606,50.25182606,50.25182606,50.25182606,50.25182606,50.25182606,50.25182606,50.25182606,50.25182606,50.25182606,50.25182606,50.25182606,50.25182606,50.25182606,50.25182606,50.25182606,50.25182606,50.25182606,50.25182606,50.25182606,50.25182606,50.25182606
CLCB13,5/1/2024,105.1661,9.5305,49.10773811,49.10773811,49.10773811,49.10773811,49.10773811,49.10773811,49.10773811,49.10773811,49.10773811,49.10773811,49.10773811,49.10773811,49.10773811,49.10773811,49.10773811,49.10773811,49.10773811,49.10773811,49.10773811,49.10773811,49.10773811,49.10773811,49.10773811,49.10773811
CLCB13,6/1/2024,105.1661,9.5305,52.86168552,52.86168552,52.86168552,52.86168552,52.86168552,52.86168552,52.86168552,52.86168552,52.86168552,52.86168552,52.86168552,52.86168552,52.86168552,52.86168552,52.86168552,52.86168552,52.86168552,52.86168552,52.86168552,52.86168552,52.86168552,52.86168552,52.86168552,52.86168552
CLCB13,7/1/2024,105.1661,9.5305,36.98348634,36.98348634,36.98348634,36.98348634,36.98348634,36.98348634,36.98348634,36.98348634,36.98348634,36.98348634,36.98348634,36.98348634,36.98348634,36.98348634,36.98348634,36.98348634,36.98348634,36.98348634,36.98348634,36.98348634,36.98348634,36.98348634,36.98348634,36.98348634
CLCB13,8/1/2024,105.1661,9.5305,34.03030825,34.03030825,34.03030825,34.03030825,34.03030825,34.03030825,34.03030825,34.03030825,34.03030825,34.03030825,34.03030825,34.03030825,34.03030825,34.03030825,34.03030825,34.03030825,34.03030825,34.03030825,34.03030825,34.03030825,34.03030825,34.03030825,34.03030825,34.03030825
CLCB13,9/1/2024,105.1661,9.5305,34.48989614,34.48989614,34.48989614,34.48989614,34.48989614,34.48989614,34.48989614,34.48989614,34.48989614,34.48989614,34.48989614,34.48989614,34.48989614,34.48989614,34.48989614,34.48989614,34.48989614,34.48989614,34.48989614,34.48989614,34.48989614,34.48989614,34.48989614,34.48989614
CLCB13,10/1/2024,105.1661,9.5305,55.43414003,55.43414003,55.43414003,55.43414003,55.43414003,55.43414003,55.43414003,55.43414003,55.43414003,55.43414003,55.43414003,55.43414003,55.43414003,55.43414003,55.43414003,55.43414003,55.43414003,55.43414003,55.43414003,55.43414003,55.43414003,55.43414003,55.43414003,55.43414003
CLCB13,11/1/2024,105.1661,9.5305,36.84414299,36.84414299,36.84414299,36.84414299,36.84414299,36.84414299,36.84414299,36.84414299,36.84414299,36.84414299,36.84414299,36.84414299,36.84414299,36.84414299,36.84414299,36.84414299,36.84414299,36.84414299,36.84414299,36.84414299,36.84414299,36.84414299,36.84414299,36.84414299
CLCB13,12/1/2024,105.1661,9.5305,34.67867732,34.67867732,34.67867732,34.67867732,34.67867732,34.67867732,34.67867732,34.67867732,34.67867732,34.67867732,34.67867732,34.67867732,34.67867732,34.67867732,34.67867732,34.67867732,34.67867732,34.67867732,34.67867732,34.67867732,34.67867732,34.67867732,34.67867732,34.67867732
CLCB13,1/1/2025,105.1661,9.5305,35.07640006,35.07640006,35.07640006,35.07640006,35.07640006,35.07640006,35.07640006,35.07640006,35.07640006,35.07640006,35.07640006,35.07640006,35.07640006,35.07640006,35.07640006,35.07640006,35.07640006,35.07640006,35.07640006,35.07640006,35.07640006,35.07640006,35.07640006,35.07640006
CLCB13,2/1/2025,105.1661,9.5305,54.57032652,54.57032652,54.57032652,54.57032652,54.57032652,54.57032652,54.57032652,54.57032652,54.57032652,54.57032652,54.57032652,54.57032652,54.57032652,54.57032652,54.57032652,54.57032652,54.57032652,54.57032652,54.57032652,54.57032652,54.57032652,54.57032652,54.57032652,54.57032652
CLCB13,3/1/2025,105.1661,9.5305,36.70790744,36.70790744,36.70790744,36.70790744,36.70790744,36.70790744,36.70790744,36.70790744,36.70790744,36.70790744,36.70790744,36.70790744,36.70790744,36.70790744,36.70790744,36.70790744,36.70790744,36.70790744,36.70790744,36.70790744,36.70790744,36.70790744,36.70790744,36.70790744
CLCB13,4/1/2025,105.1661,9.5305,52.5575149,52.5575149,52.5575149,52.5575149,52.5575149,52.5575149,52.5575149,52.5575149,52.5575149,52.5575149,52.5575149,52.5575149,52.5575149,52.5575149,52.5575149,52.5575149,52.5575149,52.5575149,52.5575149,52.5575149,52.5575149,52.5575149,52.5575149,52.5575149
CLCB13,5/1/2025,105.1661,9.5305,35.40107492,35.40107492,35.40107492,35.40107492,35.40107492,35.40107492,35.40107492,35.40107492,35.40107492,35.40107492,35.40107492,35.40107492,35.40107492,35.40107492,35.40107492,35.40107492,35.40107492,35.40107492,35.40107492,35.40107492,35.40107492,35.40107492,35.40107492,35.40107492
CLCB13,6/1/2025,105.1661,9.5305,54.11798283,54.11798283,54.11798283,54.11798283,54.11798283,54.11798283,54.11798283,54.11798283,54.11798283,54.11798283,54.11798283,54.11798283,54.11798283,54.11798283,54.11798283,54.11798283,54.11798283,54.11798283,54.11798283,54.11798283,54.11798283,54.11798283,54.11798283,54.11798283
CLCB13,7/1/2025,105.1661,9.5305,57.33547017,57.33547017,57.33547017,57.33547017,57.33547017,57.33547017,57.33547017,57.33547017,57.33547017,57.33547017,57.33547017,57.33547017,57.33547017,57.33547017,57.33547017,57.33547017,57.33547017,57.33547017,57.33547017,57.33547017,57.33547017,57.33547017,57.33547017,57.33547017
CLCB14,7/1/2024,105.2411,9.7294,48.26392141,48.26392141,48.26392141,48.26392141,48.26392141,48.26392141,48.26392141,48.26392141,48.26392141,48.26392141,48.26392141,48.26392141,48.26392141,48.26392141,48.26392141,48.26392141,48.26392141,48.26392141,48.26392141,48.26392141,48.26392141,48.26392141,48.26392141,48.26392141
CLCB14,8/1/2024,105.2411,9.7294,48.62838005,48.62838005,48.62838005,48.62838005,48.62838005,48.62838005,48.62838005,48.62838005,48.62838005,48.62838005,48.62838005,48.62838005,48.62838005,48.62838005,48.62838005,48.62838005,48.62838005,48.62838005,48.62838005,48.62838005,48.62838005,48.62838005,48.62838005,48.62838005
CLCB14,9/1/2024,105.2411,9.7294,35.8825272,35.8825272,35.8825272,35.8825272,35.8825272,35.8825272,35.8825272,35.8825272,35.8825272,35.8825272,35.8825272,35.8825272,35.8825272,35.8825272,35.8825272,35.8825272,35.8825272,35.8825272,35.8825272,35.8825272,35.8825272,35.8825272,35.8825272,35.8825272
CLCB14,10/1/2024,105.2411,9.7294,50.14442376,50.14442376,50.14442376,50.14442376,50.14442376,50.14442376,50.14442376,50.14442376,50.14442376,50.14442376,50.14442376,50.14442376,50.14442376,50.14442376,50.14442376,50.14442376,50.14442376,50.14442376,50.14442376,50.14442376,50.14442376,50.14442376,50.14442376,50.14442376
CLCB14,11/1/2024,105.2411,9.7294,63.41027348,63.41027348,63.41027348,63.41027348,63.41027348,63.41027348,63.41027348,63.41027348,63.41027348,63.41027348,63.41027348,63.41027348,63.41027348,63.41027348,63.41027348,63.41027348,63.41027348,63.41027348,63.41027348,63.41027348,63.41027348,63.41027348,63.41027348,63.41027348
CLCB14,12/1/2024,105.2411,9.7294,62.74629698,62.74629698,62.74629698,62.74629698,62.74629698,62.74629698,62.74629698,62.74629698,62.74629698,62.74629698,62.74629698,62.74629698,62.74629698,62.74629698,62.74629698,62.74629698,62.74629698,62.74629698,62.74629698,62.74629698,62.74629698,62.74629698,62.74629698,62.74629698
CLCB14,1/1/2025,105.2411,9.7294,49.85794579,49.85794579,49.85794579,49.85794579,49.85794579,49.85794579,49.85794579,49.85794579,49.85794579,49.85794579,49.85794579,49.85794579,49.85794579,49.85794579,49.85794579,49.85794579,49.85794579,49.85794579,49.85794579,49.85794579,49.85794579,49.85794579,49.85794579,49.85794579
CLCB14,2/1/2025,105.2411,9.7294,37.38252346,37.38252346,37.38252346,37.38252346,37.38252346,37.38252346,37.38252346,37.38252346,37.38252346,37.38252346,37.38252346,37.38252346,37.38252346,37.38252346,37.38252346,37.38252346,37.38252346,37.38252346,37.38252346,37.38252346,37.38252346,37.38252346,37.38252346,37.38252346
CLCB14,3/1/2025,105.2411,9.7294,45.71099336,45.71099336,45.71099336,45.71099336,45.71099336,45.71099336,45.71099336,45.71099336,45.71099336,45.71099336,45.71099336,45.71099336,45.71099336,45.71099336,45.71099336,45.71099336,45.71099336,45.71099336,45.71099336,45.71099336,45.71099336,45.71099336,45.71099336,45.71099336
CLCB14,4/1/2025,105.2411,9.7294,65.16867712,65.16867712,65.16867712,65.16867712,65.16867712,65.16867712,65.16867712,65.16867712,65.16867712,65.16867712,65.16867712,65.16867712,65.16867712,65.16867712,65.16867712,65.16867712,65.16867712,65.16867712,65.16867712,65.16867712,65.16867712,65.16867712,65.16867712,65.16867712
CLCB14,5/1/2025,105.2411,9.7294,50.57937078,50.57937078,50.57937078,50.57937078,50.57937078,50.57937078,50.57937078,50.57937078,50.57937078,50.57937078,50.57937078,50.57937078,50.57937078,50.57937078,50.57937078,50.57937078,50.57937078,50.57937078,50.57937078,50.57937078,50.57937078,50.57937078,50.57937078,50.57937078
CLCB14,6/1/2025,105.2411,9.7294,34.93922325,34.93922325,34.93922325,34.93922325,34.93922325,34.93922325,34.93922325,34.93922325,34.93922325,34.93922325,34.93922325,34.93922325,34.93922325,34.93922325,34.93922325,34.93922325,34.93922325,34.93922325,34.93922325,34.93922325,34.93922325,34.93922325,34.93922325,34.93922325
CLCB14,7/1/2025,105.2411,9.7294,36.68172622,36.68172622,36.68172622,36.68172622,36.68172622,36.68172622,36.68172622,36.68172622,36.68172622,36.68172622,36.68172622,36.68172622,36.68172622,36.68172622,36.68172622,36.68172622,36.68172622,36.68172622,36.68172622,36.68172622,36.68172622,36.68172622,36.68172622,36.68172622
CLCB15,7/1/2024,105.5436,9.6687,50.07417967,50.07417967,50.07417967,50.07417967,50.07417967,50.07417967,50.07417967,50.07417967,50.07417967,50.07417967,50.07417967,50.07417967,50.07417967,50.07417967,50.07417967,50.07417967,50.07417967,50.07417967,50.07417967,50.07417967,50.07417967,50.07417967,50.07417967,50.07417967
CLCB15,8/1/2024,105.5436,9.6687,49.43750869,49.43750869,49.43750869,49.43750869,49.43750869,49.43750869,49.43750869,49.43750869,49.43750869,49.43750869,49.43750869,49.43750869,49.43750869,49.43750869,49.43750869,49.43750869,49.43750869,49.43750869,49.43750869,49.43750869,49.43750869,49.43750869,49.43750869,49.43750869
CLCB15,9/1/2024,105.5436,9.6687,52.40600513,52.40600513,52.40600513,52.40600513,52.40600513,52.40600513,52.40600513,52.40600513,52.40600513,52.40600513,52.40600513,52.40600513,52.40600513,52.40600513,52.40600513,52.40600513,52.40600513,52.40600513,52.40600513,52.40600513,52.40600513,52.40600513,52.40600513,52.40600513
CLCB15,10/1/2024,105.5436,9.6687,52.27757828,52.27757828,52.27757828,52.27757828,52.27757828,52.27757828,52.27757828,52.27757828,52.27757828,52.27757828,52.27757828,52.27757828,52.27757828,52.27757828,52.27757828,52.27757828,52.27757828,52.27757828,52.27757828,52.27757828,52.27757828,52.27757828,52.27757828,52.27757828
CLCB15,11/1/2024,105.5436,9.6687,50.49898126,50.49898126,50.49898126,50.49898126,50.49898126,50.49898126,50.49898126,50.49898126,50.49898126,50.49898126,50.49898126,50.49898126,50.49898126,50.49898126,50.49898126,50.49898126,50.49898126,50.49898126,50.49898126,50.49898126,50.49898126,50.49898126,50.49898126,50.49898126
CLCB15,12/1/2024,105.5436,9.6687,49.60561694,49.60561694,49.60561694,49.60561694,49.60561694,49.60561694,49.60561694,49.60561694,49.60561694,49.60561694,49.60561694,49.60561694,49.60561694,49.60561694,49.60561694,49.60561694,49.60561694,49.60561694,49.60561694,49.60561694,49.60561694,49.60561694,49.60561694,49.60561694
CLCB15,1/1/2025,105.5436,9.6687,52.31058344,52.31058344,52.31058344,52.31058344,52.31058344,52.31058344,52.31058344,52.31058344,52.31058344,52.31058344,52.31058344,52.31058344,52.31058344,52.31058344,52.31058344,52.31058344,52.31058344,52.31058344,52.31058344,52.31058344,52.31058344,52.31058344,52.31058344,52.31058344
CLCB15,2/1/2025,105.5436,9.6687,35.46951035,35.46951035,35.46951035,35.46951035,35.46951035,35.46951035,35.46951035,35.46951035,35.46951035,35.46951035,35.46951035,35.46951035,35.46951035,35.46951035,35.46951035,35.46951035,35.46951035,35.46951035,35.46951035,35.46951035,35.46951035,35.46951035,35.46951035,35.46951035
CLCB15,3/1/2025,105.5436,9.6687,33.24232433,33.24232433,33.24232433,33.24232433,33.24232433,33.24232433,33.24232433,33.24232433,33.24232433,33.24232433,33.24232433,33.24232433,33.24232433,33.24232433,33.24232433,33.24232433,33.24232433,33.24232433,33.24232433,33.24232433,33.24232433,33.24232433,33.24232433,33.24232433
CLCB15,4/1/2025,105.5436,9.6687,52.37535895,52.37535895,52.37535895,52.37535895,52.37535895,52.37535895,52.37535895,52.37535895,52.37535895,52.37535895,52.37535895,52.37535895,52.37535895,52.37535895,52.37535895,52.37535895,52.37535895,52.37535895,52.37535895,52.37535895,52.37535895,52.37535895,52.37535895,52.37535895
CLCB15,5/1/2025,105.5436,9.6687,56.8048639,56.8048639,56.8048639,56.8048639,56.8048639,56.8048639,56.8048639,56.8048639,56.8048639,56.8048639,56.8048639,56.8048639,56.8048639,56.8048639,56.8048639,56.8048639,56.8048639,56.8048639,56.8048639,56.8048639,56.8048639,56.8048639,56.8048639,56.8048639
CLCB15,6/1/2025,105.5436,9.6687,48.47694918,48.47694918,48.47694918,48.47694918,48.47694918,48.47694918,48.47694918,48.47694918,48.47694918,48.47694918,48.47694918,48.47694918,48.47694918,48.47694918,48.47694918,48.47694918,48.47694918,48.47694918,48.47694918,48.47694918,48.47694918,48.47694918,48.47694918,48.47694918
CLCB15,7/1/2025,105.5436,9.6687,38.9851591,38.9851591,38.9851591,38.9851591,38.9851591,38.9851591,38.9851591,38.9851591,38.9851591,38.9851591,38.9851591,38.9851591,38.9851591,38.9851591,38.9851591,38.9851591,38.9851591,38.9851591,38.9851591,38.9851591,38.9851591,38.9851591,38.9851591,38.9851591
CLCB2,5/1/2023,105.21267,9.84895,50.95151639,50.95151639,50.95151639,50.95151639,50.95151639,50.95151639,50.95151639,50.95151639,50.95151639,50.95151639,50.95151639,50.95151639,50.95151639,50.95151639,50.95151639,50.95151639,50.95151639,50.95151639,50.95151639,50.95151639,50.95151639,50.95151639,50.95151639,50.95151639
CLCB2,6/1/2023,105.21267,9.84895,63.90054917,63.90054917,63.90054917,63.90054917,63.90054917,63.90054917,63.90054917,63.90054917,63.90054917,63.90054917,63.90054917,63.90054917,63.90054917,63.90054917,63.90054917,63.90054917,63.90054917,63.90054917,63.90054917,63.90054917,63.90054917,63.90054917,63.90054917,63.90054917
CLCB2,7/1/2023,105.21267,9.84895,63.57039781,63.57039781,63.57039781,63.57039781,63.57039781,63.57039781,63.57039781,63.57039781,63.57039781,63.57039781,63.57039781,63.57039781,63.57039781,63.57039781,63.57039781,63.57039781,63.57039781,63.57039781,63.57039781,63.57039781,63.57039781,63.57039781,63.57039781,63.57039781
CLCB2,8/1/2023,105.21267,9.84895,50.2063833,50.2063833,50.2063833,50.2063833,50.2063833,50.2063833,50.2063833,50.2063833,50.2063833,50.2063833,50.2063833,50.2063833,50.2063833,50.2063833,50.2063833,50.2063833,50.2063833,50.2063833,50.2063833,50.2063833,50.2063833,50.2063833,50.2063833,50.2063833
CLCB2,9/1/2023,105.21267,9.84895,51.16062391,51.16062391,51.16062391,51.16062391,51.16062391,51.16062391,51.16062391,51.16062391,51.16062391,51.16062391,51.16062391,51.16062391,51.16062391,51.16062391,51.16062391,51.16062391,51.16062391,51.16062391,51.16062391,51.16062391,51.16062391,51.16062391,51.16062391,51.16062391
CLCB2,10/1/2023,105.21267,9.84895,62.69415253,62.69415253,62.69415253,62.69415253,62.69415253,62.69415253,62.69415253,62.69415253,62.69415253,62.69415253,62.69415253,62.69415253,62.69415253,62.69415253,62.69415253,62.69415253,62.69415253,62.69415253,62.69415253,62.69415253,62.69415253,62.69415253,62.69415253,62.69415253
CLCB2,11/1/2023,105.21267,9.84895,51.87021736,51.87021736,51.87021736,51.87021736,51.87021736,51.87021736,51.87021736,51.87021736,51.87021736,51.87021736,51.87021736,51.87021736,51.87021736,51.87021736,51.87021736,51.87021736,51.87021736,51.87021736,51.87021736,51.87021736,51.87021736,51.87021736,51.87021736,51.87021736
CLCB2,12/1/2023,105.21267,9.84895,52.27035445,52.27035445,52.27035445,52.27035445,52.27035445,52.27035445,52.27035445,52.27035445,52.27035445,52.27035445,52.27035445,52.27035445,52.27035445,52.27035445,52.27035445,52.27035445,52.27035445,52.27035445,52.27035445,52.27035445,52.27035445,52.27035445,52.27035445,52.27035445
CLCB2,1/1/2024,105.21267,9.84895,50.43593409,50.43593409,50.43593409,50.43593409,50.43593409,50.43593409,50.43593409,50.43593409,50.43593409,50.43593409,50.43593409,50.43593409,50.43593409,50.43593409,50.43593409,50.43593409,50.43593409,50.43593409,50.43593409,50.43593409,50.43593409,50.43593409,50.43593409,50.43593409
CLCB2,2/1/2024,105.21267,9.84895,54.0692553,54.0692553,54.0692553,54.0692553,54.0692553,54.0692553,54.0692553,54.0692553,54.0692553,54.0692553,54.0692553,54.0692553,54.0692553,54.0692553,54.0692553,54.0692553,54.0692553,54.0692553,54.0692553,54.0692553,54.0692553,54.0692553,54.0692553,54.0692553
CLCB2,3/1/2024,105.21267,9.84895,49.46457817,49.46457817,49.46457817,49.46457817,49.46457817,49.46457817,49.46457817,49.46457817,49.46457817,49.46457817,49.46457817,49.46457817,49.46457817,49.46457817,49.46457817,49.46457817,49.46457817,49.46457817,49.46457817,49.46457817,49.46457817,49.46457817,49.46457817,49.46457817
CLCB2,4/1/2024,105.21267,9.84895,35.65938899,35.65938899,35.65938899,35.65938899,35.65938899,35.65938899,35.65938899,35.65938899,35.65938899,35.65938899,35.65938899,35.65938899,35.65938899,35.65938899,35.65938899,35.65938899,35.65938899,35.65938899,35.65938899,35.65938899,35.65938899,35.65938899,35.65938899,35.65938899
CLCB2,5/1/2024,105.21267,9.84895,35.68821659,35.68821659,35.68821659,35.68821659,35.68821659,35.68821659,35.68821659,35.68821659,35.68821659,35.68821659,35.68821659,35.68821659,35.68821659,35.68821659,35.68821659,35.68821659,35.68821659,35.68821659,35.68821659,35.68821659,35.68821659,35.68821659,35.68821659,35.68821659
CLCB2,6/1/2024,105.21267,9.84895,63.41756653,63.41756653,63.41756653,63.41756653,63.41756653,63.41756653,63.41756653,63.41756653,63.41756653,63.41756653,63.41756653,63.41756653,63.41756653,63.41756653,63.41756653,63.41756653,63.41756653,63.41756653,63.41756653,63.41756653,63.41756653,63.41756653,63.41756653,63.41756653
CLCB2,7/1/2024,105.21267,9.84895,54.86896641,54.86896641,54.86896641,54.86896641,54.86896641,54.86896641,54.86896641,54.86896641,54.86896641,54.86896641,54.86896641,54.86896641,54.86896641,54.86896641,54.86896641,54.86896641,54.86896641,54.86896641,54.86896641,54.86896641,54.86896641,54.86896641,54.86896641,54.86896641
CLCB2,8/1/2024,105.21267,9.84895,66.06440512,66.06440512,66.06440512,66.06440512,66.06440512,66.06440512,66.06440512,66.06440512,66.06440512,66.06440512,66.06440512,66.06440512,66.06440512,66.06440512,66.06440512,66.06440512,66.06440512,66.06440512,66.06440512,66.06440512,66.06440512,66.06440512,66.06440512,66.06440512
CLCB2,9/1/2024,105.21267,9.84895,65.64364829,65.64364829,65.64364829,65.64364829,65.64364829,65.64364829,65.64364829,65.64364829,65.64364829,65.64364829,65.64364829,65.64364829,65.64364829,65.64364829,65.64364829,65.64364829,65.64364829,65.64364829,65.64364829,65.64364829,65.64364829,65.64364829,65.64364829,65.64364829
CLCB2,10/1/2024,105.21267,9.84895,36.30291024,36.30291024,36.30291024,36.30291024,36.30291024,36.30291024,36.30291024,36.30291024,36.30291024,36.30291024,36.30291024,36.30291024,36.30291024,36.30291024,36.30291024,36.30291024,36.30291024,36.30291024,36.30291024,36.30291024,36.30291024,36.30291024,36.30291024,36.30291024
CLCB2,11/1/2024,105.21267,9.84895,54.2464262,54.2464262,54.2464262,54.2464262,54.2464262,54.2464262,54.2464262,54.2464262,54.2464262,54.2464262,54.2464262,54.2464262,54.2464262,54.2464262,54.2464262,54.2464262,54.2464262,54.2464262,54.2464262,54.2464262,54.2464262,54.2464262,54.2464262,54.2464262
CLCB2,12/1/2024,105.21267,9.84895,37.43971143,37.43971143,37.43971143,37.43971143,37.43971143,37.43971143,37.43971143,37.43971143,37.43971143,37.43971143,37.43971143,37.43971143,37.43971143,37.43971143,37.43971143,37.43971143,37.43971143,37.43971143,37.43971143,37.43971143,37.43971143,37.43971143,37.43971143,37.43971143
CLCB2,1/1/2025,105.21267,9.84895,35.85956533,35.85956533,35.85956533,35.85956533,35.85956533,35.85956533,35.85956533,35.85956533,35.85956533,35.85956533,35.85956533,35.85956533,35.85956533,35.85956533,35.85956533,35.85956533,35.85956533,35.85956533,35.85956533,35.85956533,35.85956533,35.85956533,35.85956533,35.85956533
CLCB2,2/1/2025,105.21267,9.84895,66.3969531,66.3969531,66.3969531,66.3969531,66.3969531,66.3969531,66.3969531,66.3969531,66.3969531,66.3969531,66.3969531,66.3969531,66.3969531,66.3969531,66.3969531,66.3969531,66.3969531,66.3969531,66.3969531,66.3969531,66.3969531,66.3969531,66.3969531,66.3969531
CLCB2,3/1/2025,105.21267,9.84895,37.31612212,37.31612212,37.31612212,37.31612212,37.31612212,37.31612212,37.31612212,37.31612212,37.31612212,37.31612212,37.31612212,37.31612212,37.31612212,37.31612212,37.31612212,37.31612212,37.31612212,37.31612212,37.31612212,37.31612212,37.31612212,37.31612212,37.31612212,37.31612212
CLCB2,4/1/2025,105.21267,9.84895,37.42918331,37.42918331,37.42918331,37.42918331,37.42918331,37.42918331,37.42918331,37.42918331,37.42918331,37.42918331,37.42918331,37.42918331,37.42918331,37.42918331,37.42918331,37.42918331,37.42918331,37.42918331,37.42918331,37.42918331,37.42918331,37.42918331,37.42918331,37.42918331
CLCB2,5/1/2025,105.21267,9.84895,52.92656245,52.92656245,52.92656245,52.92656245,52.92656245,52.92656245,52.92656245,52.92656245,52.92656245,52.92656245,52.92656245,52.92656245,52.92656245,52.92656245,52.92656245,52.92656245,52.92656245,52.92656245,52.92656245,52.92656245,52.92656245,52.92656245,52.92656245,52.92656245
CLCB2,6/1/2025,105.21267,9.84895,37.47615367,37.47615367,37.47615367,37.47615367,37.47615367,37.47615367,37.47615367,37.47615367,37.47615367,37.47615367,37.47615367,37.47615367,37.47615367,37.47615367,37.47615367,37.47615367,37.47615367,37.47615367,37.47615367,37.47615367,37.47615367,37.47615367,37.47615367,37.47615367
CLCB2,7/1/2025,105.21267,9.84895,57.21176487,57.21176487,57.21176487,57.21176487,57.21176487,57.21176487,57.21176487,57.21176487,57.21176487,57.21176487,57.21176487,57.21176487,57.21176487,57.21176487,57.21176487,57.21176487,57.21176487,57.21176487,57.21176487,57.21176487,57.21176487,57.21176487,57.21176487,57.21176487
CLCB3,5/1/2023,105.05421,9.79762,50.24260648,50.24260648,50.24260648,50.24260648,50.24260648,50.24260648,50.24260648,50.24260648,50.24260648,50.24260648,50.24260648,50.24260648,50.24260648,50.24260648,50.24260648,50.24260648,50.24260648,50.24260648,50.24260648,50.24260648,50.24260648,50.24260648,50.24260648,50.24260648
CLCB3,6/1/2023,105.05421,9.79762,51.62461562,51.62461562,51.62461562,51.62461562,51.62461562,51.62461562,51.62461562,51.62461562,51.62461562,51.62461562,51.62461562,51.62461562,51.62461562,51.62461562,51.62461562,51.62461562,51.62461562,51.62461562,51.62461562,51.62461562,51.62461562,51.62461562,51.62461562,51.62461562
CLCB3,7/1/2023,105.05421,9.79762,49.66723656,49.66723656,49.66723656,49.66723656,49.66723656,49.66723656,49.66723656,49.66723656,49.66723656,49.66723656,49.66723656,49.66723656,49.66723656,49.66723656,49.66723656,49.66723656,49.66723656,49.66723656,49.66723656,49.66723656,49.66723656,49.66723656,49.66723656,49.66723656
CLCB3,8/1/2023,105.05421,9.79762,33.84258395,33.84258395,33.84258395,33.84258395,33.84258395,33.84258395,33.84258395,33.84258395,33.84258395,33.84258395,33.84258395,33.84258395,33.84258395,33.84258395,33.84258395,33.84258395,33.84258395,33.84258395,33.84258395,33.84258395,33.84258395,33.84258395,33.84258395,33.84258395
CLCB3,9/1/2023,105.05421,9.79762,63.56717609,63.56717609,63.56717609,63.56717609,63.56717609,63.56717609,63.56717609,63.56717609,63.56717609,63.56717609,63.56717609,63.56717609,63.56717609,63.56717609,63.56717609,63.56717609,63.56717609,63.56717609,63.56717609,63.56717609,63.56717609,63.56717609,63.56717609,63.56717609
CLCB3,10/1/2023,105.05421,9.79762,60.81166365,60.81166365,60.81166365,60.81166365,60.81166365,60.81166365,60.81166365,60.81166365,60.81166365,60.81166365,60.81166365,60.81166365,60.81166365,60.81166365,60.81166365,60.81166365,60.81166365,60.81166365,60.81166365,60.81166365,60.81166365,60.81166365,60.81166365,60.81166365
CLCB3,11/1/2023,105.05421,9.79762,48.94237662,48.94237662,48.94237662,48.94237662,48.94237662,48.94237662,48.94237662,48.94237662,48.94237662,48.94237662,48.94237662,48.94237662,48.94237662,48.94237662,48.94237662,48.94237662,48.94237662,48.94237662,48.94237662,48.94237662,48.94237662,48.94237662,48.94237662,48.94237662
CLCB3,12/1/2023,105.05421,9.79762,36.81355511,36.81355511,36.81355511,36.81355511,36.81355511,36.81355511,36.81355511,36.81355511,36.81355511,36.81355511,36.81355511,36.81355511,36.81355511,36.81355511,36.81355511,36.81355511,36.81355511,36.81355511,36.81355511,36.81355511,36.81355511,36.81355511,36.81355511,36.81355511
CLCB3,1/1/2024,105.05421,9.79762,34.48204242,34.48204242,34.48204242,34.48204242,34.48204242,34.48204242,34.48204242,34.48204242,34.48204242,34.48204242,34.48204242,34.48204242,34.48204242,34.48204242,34.48204242,34.48204242,34.48204242,34.48204242,34.48204242,34.48204242,34.48204242,34.48204242,34.48204242,34.48204242
CLCB3,2/1/2024,105.05421,9.79762,35.19085554,35.19085554,35.19085554,35.19085554,35.19085554,35.19085554,35.19085554,35.19085554,35.19085554,35.19085554,35.19085554,35.19085554,35.19085554,35.19085554,35.19085554,35.19085554,35.19085554,35.19085554,35.19085554,35.19085554,35.19085554,35.19085554,35.19085554,35.19085554
CLCB3,3/1/2024,105.05421,9.79762,51.14665691,51.14665691,51.14665691,51.14665691,51.14665691,51.14665691,51.14665691,51.14665691,51.14665691,51.14665691,51.14665691,51.14665691,51.14665691,51.14665691,51.14665691,51.14665691,51.14665691,51.14665691,51.14665691,51.14665691,51.14665691,51.14665691,51.14665691,51.14665691
CLCB3,4/1/2024,105.05421,9.79762,52.26673642,52.26673642,52.26673642,52.26673642,52.26673642,52.26673642,52.26673642,52.26673642,52.26673642,52.26673642,52.26673642,52.26673642,52.26673642,52.26673642,52.26673642,52.26673642,52.26673642,52.26673642,52.26673642,52.26673642,52.26673642,52.26673642,52.26673642,52.26673642
CLCB3,5/1/2024,105.05421,9.79762,40.97751181,40.97751181,40.97751181,40.97751181,40.97751181,40.97751181,40.97751181,40.97751181,40.97751181,40.97751181,40.97751181,40.97751181,40.97751181,40.97751181,40.97751181,40.97751181,40.97751181,40.97751181,40.97751181,40.97751181,40.97751181,40.97751181,40.97751181,40.97751181
CLCB3,6/1/2024,105.05421,9.79762,55.35368633,55.35368633,55.35368633,55.35368633,55.35368633,55.35368633,55.35368633,55.35368633,55.35368633,55.35368633,55.35368633,55.35368633,55.35368633,55.35368633,55.35368633,55.35368633,55.35368633,55.35368633,55.35368633,55.35368633,55.35368633,55.35368633,55.35368633,55.35368633
CLCB3,7/1/2024,105.05421,9.79762,64.56081393,64.56081393,64.56081393,64.56081393,64.56081393,64.56081393,64.56081393,64.56081393,64.56081393,64.56081393,64.56081393,64.56081393,64.56081393,64.56081393,64.56081393,64.56081393,64.56081393,64.56081393,64.56081393,64.56081393,64.56081393,64.56081393,64.56081393,64.56081393
CLCB3,8/1/2024,105.05421,9.79762,36.40917655,36.40917655,36.40917655,36.40917655,36.40917655,36.40917655,36.40917655,36.40917655,36.40917655,36.40917655,36.40917655,36.40917655,36.40917655,36.40917655,36.40917655,36.40917655,36.40917655,36.40917655,36.40917655,36.40917655,36.40917655,36.40917655,36.40917655,36.40917655
CLCB3,9/1/2024,105.05421,9.79762,65.80598091,65.80598091,65.80598091,65.80598091,65.80598091,65.80598091,65.80598091,65.80598091,65.80598091,65.80598091,65.80598091,65.80598091,65.80598091,65.80598091,65.80598091,65.80598091,65.80598091,65.80598091,65.80598091,65.80598091,65.80598091,65.80598091,65.80598091,65.80598091
CLCB3,10/1/2024,105.05421,9.79762,36.71216241,36.71216241,36.71216241,36.71216241,36.71216241,36.71216241,36.71216241,36.71216241,36.71216241,36.71216241,36.71216241,36.71216241,36.71216241,36.71216241,36.71216241,36.71216241,36.71216241,36.71216241,36.71216241,36.71216241,36.71216241,36.71216241,36.71216241,36.71216241
CLCB3,11/1/2024,105.05421,9.79762,54.63260023,54.63260023,54.63260023,54.63260023,54.63260023,54.63260023,54.63260023,54.63260023,54.63260023,54.63260023,54.63260023,54.63260023,54.63260023,54.63260023,54.63260023,54.63260023,54.63260023,54.63260023,54.63260023,54.63260023,54.63260023,54.63260023,54.63260023,54.63260023
CLCB3,12/1/2024,105.05421,9.79762,39.18754913,39.18754913,39.18754913,39.18754913,39.18754913,39.18754913,39.18754913,39.18754913,39.18754913,39.18754913,39.18754913,39.18754913,39.18754913,39.18754913,39.18754913,39.18754913,39.18754913,39.18754913,39.18754913,39.18754913,39.18754913,39.18754913,39.18754913,39.18754913
CLCB3,1/1/2025,105.05421,9.79762,65.72758212,65.72758212,65.72758212,65.72758212,65.72758212,65.72758212,65.72758212,65.72758212,65.72758212,65.72758212,65.72758212,65.72758212,65.72758212,65.72758212,65.72758212,65.72758212,65.72758212,65.72758212,65.72758212,65.72758212,65.72758212,65.72758212,65.72758212,65.72758212
CLCB3,2/1/2025,105.05421,9.79762,66.60646568,66.60646568,66.60646568,66.60646568,66.60646568,66.60646568,66.60646568,66.60646568,66.60646568,66.60646568,66.60646568,66.60646568,66.60646568,66.60646568,66.60646568,66.60646568,66.60646568,66.60646568,66.60646568,66.60646568,66.60646568,66.60646568,66.60646568,66.60646568
CLCB3,3/1/2025,105.05421,9.79762,68.65615527,68.65615527,68.65615527,68.65615527,68.65615527,68.65615527,68.65615527,68.65615527,68.65615527,68.65615527,68.65615527,68.65615527,68.65615527,68.65615527,68.65615527,68.65615527,68.65615527,68.65615527,68.65615527,68.65615527,68.65615527,68.65615527,68.65615527,68.65615527
CLCB3,4/1/2025,105.05421,9.79762,56.88113109,56.88113109,56.88113109,56.88113109,56.88113109,56.88113109,56.88113109,56.88113109,56.88113109,56.88113109,56.88113109,56.88113109,56.88113109,56.88113109,56.88113109,56.88113109,56.88113109,56.88113109,56.88113109,56.88113109,56.88113109,56.88113109,56.88113109,56.88113109
CLCB3,5/1/2025,105.05421,9.79762,36.78467374,36.78467374,36.78467374,36.78467374,36.78467374,36.78467374,36.78467374,36.78467374,36.78467374,36.78467374,36.78467374,36.78467374,36.78467374,36.78467374,36.78467374,36.78467374,36.78467374,36.78467374,36.78467374,36.78467374,36.78467374,36.78467374,36.78467374,36.78467374
CLCB3,6/1/2025,105.05421,9.79762,54.32647985,54.32647985,54.32647985,54.32647985,54.32647985,54.32647985,54.32647985,54.32647985,54.32647985,54.32647985,54.32647985,54.32647985,54.32647985,54.32647985,54.32647985,54.32647985,54.32647985,54.32647985,54.32647985,54.32647985,54.32647985,54.32647985,54.32647985,54.32647985
CLCB3,7/1/2025,105.05421,9.79762,54.09402845,54.09402845,54.09402845,54.09402845,54.09402845,54.09402845,54.09402845,54.09402845,54.09402845,54.09402845,54.09402845,54.09402845,54.09402845,54.09402845,54.09402845,54.09402845,54.09402845,54.09402845,54.09402845,54.09402845,54.09402845,54.09402845,54.09402845,54.09402845
CLCB4,5/1/2023,105.13009,9.66705,49.02369989,49.02369989,49.02369989,49.02369989,49.02369989,49.02369989,49.02369989,49.02369989,49.02369989,49.02369989,49.02369989,49.02369989,49.02369989,49.02369989,49.02369989,49.02369989,49.02369989,49.02369989,49.02369989,49.02369989,49.02369989,49.02369989,49.02369989,49.02369989
CLCB4,6/1/2023,105.13009,9.66705,69.52503055,69.52503055,69.52503055,69.52503055,69.52503055,69.52503055,69.52503055,69.52503055,69.52503055,69.52503055,69.52503055,69.52503055,69.52503055,69.52503055,69.52503055,69.52503055,69.52503055,69.52503055,69.52503055,69.52503055,69.52503055,69.52503055,69.52503055,69.52503055
CLCB4,7/1/2023,105.13009,9.66705,49.23580019,49.23580019,49.23580019,49.23580019,49.23580019,49.23580019,49.23580019,49.23580019,49.23580019,49.23580019,49.23580019,49.23580019,49.23580019,49.23580019,49.23580019,49.23580019,49.23580019,49.23580019,49.23580019,49.23580019,49.23580019,49.23580019,49.23580019,49.23580019
CLCB4,8/1/2023,105.13009,9.66705,42.5130598,42.5130598,42.5130598,42.5130598,42.5130598,42.5130598,42.5130598,42.5130598,42.5130598,42.5130598,42.5130598,42.5130598,42.5130598,42.5130598,42.5130598,42.5130598,42.5130598,42.5130598,42.5130598,42.5130598,42.5130598,42.5130598,42.5130598,42.5130598
CLCB4,9/1/2023,105.13009,9.66705,51.18496056,51.18496056,51.18496056,51.18496056,51.18496056,51.18496056,51.18496056,51.18496056,51.18496056,51.18496056,51.18496056,51.18496056,51.18496056,51.18496056,51.18496056,51.18496056,51.18496056,51.18496056,51.18496056,51.18496056,51.18496056,51.18496056,51.18496056,51.18496056
CLCB4,10/1/2023,105.13009,9.66705,62.58177547,62.58177547,62.58177547,62.58177547,62.58177547,62.58177547,62.58177547,62.58177547,62.58177547,62.58177547,62.58177547,62.58177547,62.58177547,62.58177547,62.58177547,62.58177547,62.58177547,62.58177547,62.58177547,62.58177547,62.58177547,62.58177547,62.58177547,62.58177547
CLCB4,11/1/2023,105.13009,9.66705,48.44479406,48.44479406,48.44479406,48.44479406,48.44479406,48.44479406,48.44479406,48.44479406,48.44479406,48.44479406,48.44479406,48.44479406,48.44479406,48.44479406,48.44479406,48.44479406,48.44479406,48.44479406,48.44479406,48.44479406,48.44479406,48.44479406,48.44479406,48.44479406
CLCB4,12/1/2023,105.13009,9.66705,53.28483613,53.28483613,53.28483613,53.28483613,53.28483613,53.28483613,53.28483613,53.28483613,53.28483613,53.28483613,53.28483613,53.28483613,53.28483613,53.28483613,53.28483613,53.28483613,53.28483613,53.28483613,53.28483613,53.28483613,53.28483613,53.28483613,53.28483613,53.28483613
CLCB4,1/1/2024,105.13009,9.66705,35.54881916,35.54881916,35.54881916,35.54881916,35.54881916,35.54881916,35.54881916,35.54881916,35.54881916,35.54881916,35.54881916,35.54881916,35.54881916,35.54881916,35.54881916,35.54881916,35.54881916,35.54881916,35.54881916,35.54881916,35.54881916,35.54881916,35.54881916,35.54881916
CLCB4,2/1/2024,105.13009,9.66705,35.33849848,35.33849848,35.33849848,35.33849848,35.33849848,35.33849848,35.33849848,35.33849848,35.33849848,35.33849848,35.33849848,35.33849848,35.33849848,35.33849848,35.33849848,35.33849848,35.33849848,35.33849848,35.33849848,35.33849848,35.33849848,35.33849848,35.33849848,35.33849848
CLCB4,3/1/2024,105.13009,9.66705,67.41134622,67.41134622,67.41134622,67.41134622,67.41134622,67.41134622,67.41134622,67.41134622,67.41134622,67.41134622,67.41134622,67.41134622,67.41134622,67.41134622,67.41134622,67.41134622,67.41134622,67.41134622,67.41134622,67.41134622,67.41134622,67.41134622,67.41134622,67.41134622
CLCB4,4/1/2024,105.13009,9.66705,55.23164294,55.23164294,55.23164294,55.23164294,55.23164294,55.23164294,55.23164294,55.23164294,55.23164294,55.23164294,55.23164294,55.23164294,55.23164294,55.23164294,55.23164294,55.23164294,55.23164294,55.23164294,55.23164294,55.23164294,55.23164294,55.23164294,55.23164294,55.23164294
CLCB4,5/1/2024,105.13009,9.66705,35.05970471,35.05970471,35.05970471,35.05970471,35.05970471,35.05970471,35.05970471,35.05970471,35.05970471,35.05970471,35.05970471,35.05970471,35.05970471,35.05970471,35.05970471,35.05970471,35.05970471,35.05970471,35.05970471,35.05970471,35.05970471,35.05970471,35.05970471,35.05970471
CLCB4,6/1/2024,105.13009,9.66705,66.52976038,66.52976038,66.52976038,66.52976038,66.52976038,66.52976038,66.52976038,66.52976038,66.52976038,66.52976038,66.52976038,66.52976038,66.52976038,66.52976038,66.52976038,66.52976038,66.52976038,66.52976038,66.52976038,66.52976038,66.52976038,66.52976038,66.52976038,66.52976038
CLCB4,7/1/2024,105.13009,9.66705,53.20598392,53.20598392,53.20598392,53.20598392,53.20598392,53.20598392,53.20598392,53.20598392,53.20598392,53.20598392,53.20598392,53.20598392,53.20598392,53.20598392,53.20598392,53.20598392,53.20598392,53.20598392,53.20598392,53.20598392,53.20598392,53.20598392,53.20598392,53.20598392
CLCB4,8/1/2024,105.13009,9.66705,36.01101119,36.01101119,36.01101119,36.01101119,36.01101119,36.01101119,36.01101119,36.01101119,36.01101119,36.01101119,36.01101119,36.01101119,36.01101119,36.01101119,36.01101119,36.01101119,36.01101119,36.01101119,36.01101119,36.01101119,36.01101119,36.01101119,36.01101119,36.01101119
CLCB4,9/1/2024,105.13009,9.66705,53.0507391,53.0507391,53.0507391,53.0507391,53.0507391,53.0507391,53.0507391,53.0507391,53.0507391,53.0507391,53.0507391,53.0507391,53.0507391,53.0507391,53.0507391,53.0507391,53.0507391,53.0507391,53.0507391,53.0507391,53.0507391,53.0507391,53.0507391,53.0507391
CLCB4,10/1/2024,105.13009,9.66705,36.08162133,36.08162133,36.08162133,36.08162133,36.08162133,36.08162133,36.08162133,36.08162133,36.08162133,36.08162133,36.08162133,36.08162133,36.08162133,36.08162133,36.08162133,36.08162133,36.08162133,36.08162133,36.08162133,36.08162133,36.08162133,36.08162133,36.08162133,36.08162133
CLCB4,11/1/2024,105.13009,9.66705,38.78711798,38.78711798,38.78711798,38.78711798,38.78711798,38.78711798,38.78711798,38.78711798,38.78711798,38.78711798,38.78711798,38.78711798,38.78711798,38.78711798,38.78711798,38.78711798,38.78711798,38.78711798,38.78711798,38.78711798,38.78711798,38.78711798,38.78711798,38.78711798
CLCB4,12/1/2024,105.13009,9.66705,38.97350656,38.97350656,38.97350656,38.97350656,38.97350656,38.97350656,38.97350656,38.97350656,38.97350656,38.97350656,38.97350656,38.97350656,38.97350656,38.97350656,38.97350656,38.97350656,38.97350656,38.97350656,38.97350656,38.97350656,38.97350656,38.97350656,38.97350656,38.97350656
CLCB4,1/1/2025,105.13009,9.66705,35.37890552,35.37890552,35.37890552,35.37890552,35.37890552,35.37890552,35.37890552,35.37890552,35.37890552,35.37890552,35.37890552,35.37890552,35.37890552,35.37890552,35.37890552,35.37890552,35.37890552,35.37890552,35.37890552,35.37890552,35.37890552,35.37890552,35.37890552,35.37890552
CLCB4,2/1/2025,105.13009,9.66705,53.59211354,53.59211354,53.59211354,53.59211354,53.59211354,53.59211354,53.59211354,53.59211354,53.59211354,53.59211354,53.59211354,53.59211354,53.59211354,53.59211354,53.59211354,53.59211354,53.59211354,53.59211354,53.59211354,53.59211354,53.59211354,53.59211354,53.59211354,53.59211354
CLCB4,3/1/2025,105.13009,9.66705,54.56480875,54.56480875,54.56480875,54.56480875,54.56480875,54.56480875,54.56480875,54.56480875,54.56480875,54.56480875,54.56480875,54.56480875,54.56480875,54.56480875,54.56480875,54.56480875,54.56480875,54.56480875,54.56480875,54.56480875,54.56480875,54.56480875,54.56480875,54.56480875
CLCB4,4/1/2025,105.13009,9.66705,56.53051405,56.53051405,56.53051405,56.53051405,56.53051405,56.53051405,56.53051405,56.53051405,56.53051405,56.53051405,56.53051405,56.53051405,56.53051405,56.53051405,56.53051405,56.53051405,56.53051405,56.53051405,56.53051405,56.53051405,56.53051405,56.53051405,56.53051405,56.53051405
CLCB4,5/1/2025,105.13009,9.66705,52.70477793,52.70477793,52.70477793,52.70477793,52.70477793,52.70477793,52.70477793,52.70477793,52.70477793,52.70477793,52.70477793,52.70477793,52.70477793,52.70477793,52.70477793,52.70477793,52.70477793,52.70477793,52.70477793,52.70477793,52.70477793,52.70477793,52.70477793,52.70477793
CLCB4,6/1/2025,105.13009,9.66705,55.83563966,55.83563966,55.83563966,55.83563966,55.83563966,55.83563966,55.83563966,55.83563966,55.83563966,55.83563966,55.83563966,55.83563966,55.83563966,55.83563966,55.83563966,55.83563966,55.83563966,55.83563966,55.83563966,55.83563966,55.83563966,55.83563966,55.83563966,55.83563966
CLCB4,7/1/2025,105.13009,9.66705,56.70555407,56.70555407,56.70555407,56.70555407,56.70555407,56.70555407,56.70555407,56.70555407,56.70555407,56.70555407,56.70555407,56.70555407,56.70555407,56.70555407,56.70555407,56.70555407,56.70555407,56.70555407,56.70555407,56.70555407,56.70555407,56.70555407,56.70555407,56.70555407
CLCB5,5/1/2023,105.29636,9.474,62.2808816,62.2808816,62.2808816,62.2808816,62.2808816,62.2808816,62.2808816,62.2808816,62.2808816,62.2808816,62.2808816,62.2808816,62.2808816,62.2808816,62.2808816,62.2808816,62.2808816,62.2808816,62.2808816,62.2808816,62.2808816,62.2808816,62.2808816,62.2808816
CLCB5,6/1/2023,105.29636,9.474,50.89330638,50.89330638,50.89330638,50.89330638,50.89330638,50.89330638,50.89330638,50.89330638,50.89330638,50.89330638,50.89330638,50.89330638,50.89330638,50.89330638,50.89330638,50.89330638,50.89330638,50.89330638,50.89330638,50.89330638,50.89330638,50.89330638,50.89330638,50.89330638
CLCB5,7/1/2023,105.29636,9.474,62.72268596,62.72268596,62.72268596,62.72268596,62.72268596,62.72268596,62.72268596,62.72268596,62.72268596,62.72268596,62.72268596,62.72268596,62.72268596,62.72268596,62.72268596,62.72268596,62.72268596,62.72268596,62.72268596,62.72268596,62.72268596,62.72268596,62.72268596,62.72268596
CLCB5,8/1/2023,105.29636,9.474,61.81262098,61.81262098,61.81262098,61.81262098,61.81262098,61.81262098,61.81262098,61.81262098,61.81262098,61.81262098,61.81262098,61.81262098,61.81262098,61.81262098,61.81262098,61.81262098,61.81262098,61.81262098,61.81262098,61.81262098,61.81262098,61.81262098,61.81262098,61.81262098
CLCB5,9/1/2023,105.29636,9.474,33.8857369,33.8857369,33.8857369,33.8857369,33.8857369,33.8857369,33.8857369,33.8857369,33.8857369,33.8857369,33.8857369,33.8857369,33.8857369,33.8857369,33.8857369,33.8857369,33.8857369,33.8857369,33.8857369,33.8857369,33.8857369,33.8857369,33.8857369,33.8857369
CLCB5,10/1/2023,105.29636,9.474,34.87950837,34.87950837,34.87950837,34.87950837,34.87950837,34.87950837,34.87950837,34.87950837,34.87950837,34.87950837,34.87950837,34.87950837,34.87950837,34.87950837,34.87950837,34.87950837,34.87950837,34.87950837,34.87950837,34.87950837,34.87950837,34.87950837,34.87950837,34.87950837
CLCB5,11/1/2023,105.29636,9.474,63.89243392,63.89243392,63.89243392,63.89243392,63.89243392,63.89243392,63.89243392,63.89243392,63.89243392,63.89243392,63.89243392,63.89243392,63.89243392,63.89243392,63.89243392,63.89243392,63.89243392,63.89243392,63.89243392,63.89243392,63.89243392,63.89243392,63.89243392,63.89243392
CLCB5,12/1/2023,105.29636,9.474,52.28704834,52.28704834,52.28704834,52.28704834,52.28704834,52.28704834,52.28704834,52.28704834,52.28704834,52.28704834,52.28704834,52.28704834,52.28704834,52.28704834,52.28704834,52.28704834,52.28704834,52.28704834,52.28704834,52.28704834,52.28704834,52.28704834,52.28704834,52.28704834
CLCB5,1/1/2024,105.29636,9.474,52.06135989,52.06135989,52.06135989,52.06135989,52.06135989,52.06135989,52.06135989,52.06135989,52.06135989,52.06135989,52.06135989,52.06135989,52.06135989,52.06135989,52.06135989,52.06135989,52.06135989,52.06135989,52.06135989,52.06135989,52.06135989,52.06135989,52.06135989,52.06135989
CLCB5,2/1/2024,105.29636,9.474,65.57819853,65.57819853,65.57819853,65.57819853,65.57819853,65.57819853,65.57819853,65.57819853,65.57819853,65.57819853,65.57819853,65.57819853,65.57819853,65.57819853,65.57819853,65.57819853,65.57819853,65.57819853,65.57819853,65.57819853,65.57819853,65.57819853,65.57819853,65.57819853
CLCB5,3/1/2024,105.29636,9.474,47.4808475,47.4808475,47.4808475,47.4808475,47.4808475,47.4808475,47.4808475,47.4808475,47.4808475,47.4808475,47.4808475,47.4808475,47.4808475,47.4808475,47.4808475,47.4808475,47.4808475,47.4808475,47.4808475,47.4808475,47.4808475,47.4808475,47.4808475,47.4808475
CLCB5,4/1/2024,105.29636,9.474,37.85207845,37.85207845,37.85207845,37.85207845,37.85207845,37.85207845,37.85207845,37.85207845,37.85207845,37.85207845,37.85207845,37.85207845,37.85207845,37.85207845,37.85207845,37.85207845,37.85207845,37.85207845,37.85207845,37.85207845,37.85207845,37.85207845,37.85207845,37.85207845
CLCB5,5/1/2024,105.29636,9.474,50.64332687,50.64332687,50.64332687,50.64332687,50.64332687,50.64332687,50.64332687,50.64332687,50.64332687,50.64332687,50.64332687,50.64332687,50.64332687,50.64332687,50.64332687,50.64332687,50.64332687,50.64332687,50.64332687,50.64332687,50.64332687,50.64332687,50.64332687,50.64332687
CLCB5,6/1/2024,105.29636,9.474,66.1603703,66.1603703,66.1603703,66.1603703,66.1603703,66.1603703,66.1603703,66.1603703,66.1603703,66.1603703,66.1603703,66.1603703,66.1603703,66.1603703,66.1603703,66.1603703,66.1603703,66.1603703,66.1603703,66.1603703,66.1603703,66.1603703,66.1603703,66.1603703
CLCB5,7/1/2024,105.29636,9.474,64.63151526,64.63151526,64.63151526,64.63151526,64.63151526,64.63151526,64.63151526,64.63151526,64.63151526,64.63151526,64.63151526,64.63151526,64.63151526,64.63151526,64.63151526,64.63151526,64.63151526,64.63151526,64.63151526,64.63151526,64.63151526,64.63151526,64.63151526,64.63151526
CLCB5,8/1/2024,105.29636,9.474,53.32231861,53.32231861,53.32231861,53.32231861,53.32231861,53.32231861,53.32231861,53.32231861,53.32231861,53.32231861,53.32231861,53.32231861,53.32231861,53.32231861,53.32231861,53.32231861,53.32231861,53.32231861,53.32231861,53.32231861,53.32231861,53.32231861,53.32231861,53.32231861
CLCB5,9/1/2024,105.29636,9.474,53.77823426,53.77823426,53.77823426,53.77823426,53.77823426,53.77823426,53.77823426,53.77823426,53.77823426,53.77823426,53.77823426,53.77823426,53.77823426,53.77823426,53.77823426,53.77823426,53.77823426,53.77823426,53.77823426,53.77823426,53.77823426,53.77823426,53.77823426,53.77823426
CLCB5,10/1/2024,105.29636,9.474,51.95716743,51.95716743,51.95716743,51.95716743,51.95716743,51.95716743,51.95716743,51.95716743,51.95716743,51.95716743,51.95716743,51.95716743,51.95716743,51.95716743,51.95716743,51.95716743,51.95716743,51.95716743,51.95716743,51.95716743,51.95716743,51.95716743,51.95716743,51.95716743
CLCB5,11/1/2024,105.29636,9.474,37.45248239,37.45248239,37.45248239,37.45248239,37.45248239,37.45248239,37.45248239,37.45248239,37.45248239,37.45248239,37.45248239,37.45248239,37.45248239,37.45248239,37.45248239,37.45248239,37.45248239,37.45248239,37.45248239,37.45248239,37.45248239,37.45248239,37.45248239,37.45248239
CLCB5,12/1/2024,105.29636,9.474,39.42834317,39.42834317,39.42834317,39.42834317,39.42834317,39.42834317,39.42834317,39.42834317,39.42834317,39.42834317,39.42834317,39.42834317,39.42834317,39.42834317,39.42834317,39.42834317,39.42834317,39.42834317,39.42834317,39.42834317,39.42834317,39.42834317,39.42834317,39.42834317
CLCB5,1/1/2025,105.29636,9.474,36.82959265,36.82959265,36.82959265,36.82959265,36.82959265,36.82959265,36.82959265,36.82959265,36.82959265,36.82959265,36.82959265,36.82959265,36.82959265,36.82959265,36.82959265,36.82959265,36.82959265,36.82959265,36.82959265,36.82959265,36.82959265,36.82959265,36.82959265,36.82959265
CLCB5,2/1/2025,105.29636,9.474,49.47406356,49.47406356,49.47406356,49.47406356,49.47406356,49.47406356,49.47406356,49.47406356,49.47406356,49.47406356,49.47406356,49.47406356,49.47406356,49.47406356,49.47406356,49.47406356,49.47406356,49.47406356,49.47406356,49.47406356,49.47406356,49.47406356,49.47406356,49.47406356
CLCB5,3/1/2025,105.29636,9.474,53.58394597,53.58394597,53.58394597,53.58394597,53.58394597,53.58394597,53.58394597,53.58394597,53.58394597,53.58394597,53.58394597,53.58394597,53.58394597,53.58394597,53.58394597,53.58394597,53.58394597,53.58394597,53.58394597,53.58394597,53.58394597,53.58394597,53.58394597,53.58394597
CLCB5,4/1/2025,105.29636,9.474,56.05667721,56.05667721,56.05667721,56.05667721,56.05667721,56.05667721,56.05667721,56.05667721,56.05667721,56.05667721,56.05667721,56.05667721,56.05667721,56.05667721,56.05667721,56.05667721,56.05667721,56.05667721,56.05667721,56.05667721,56.05667721,56.05667721,56.05667721,56.05667721
CLCB5,5/1/2025,105.29636,9.474,53.09074281,53.09074281,53.09074281,53.09074281,53.09074281,53.09074281,53.09074281,53.09074281,53.09074281,53.09074281,53.09074281,53.09074281,53.09074281,53.09074281,53.09074281,53.09074281,53.09074281,53.09074281,53.09074281,53.09074281,53.09074281,53.09074281,53.09074281,53.09074281
CLCB5,6/1/2025,105.29636,9.474,57.18925788,57.18925788,57.18925788,57.18925788,57.18925788,57.18925788,57.18925788,57.18925788,57.18925788,57.18925788,57.18925788,57.18925788,57.18925788,57.18925788,57.18925788,57.18925788,57.18925788,57.18925788,57.18925788,57.18925788,57.18925788,57.18925788,57.18925788,57.18925788
CLCB5,7/1/2025,105.29636,9.474,54.51403703,54.51403703,54.51403703,54.51403703,54.51403703,54.51403703,54.51403703,54.51403703,54.51403703,54.51403703,54.51403703,54.51403703,54.51403703,54.51403703,54.51403703,54.51403703,54.51403703,54.51403703,54.51403703,54.51403703,54.51403703,54.51403703,54.51403703,54.51403703
CLCB6,5/1/2023,105.37559,9.5934,61.14268369,61.14268369,61.14268369,61.14268369,61.14268369,61.14268369,61.14268369,61.14268369,61.14268369,61.14268369,61.14268369,61.14268369,61.14268369,61.14268369,61.14268369,61.14268369,61.14268369,61.14268369,61.14268369,61.14268369,61.14268369,61.14268369,61.14268369,61.14268369
CLCB6,6/1/2023,105.37559,9.5934,50.56198344,50.56198344,50.56198344,50.56198344,50.56198344,50.56198344,50.56198344,50.56198344,50.56198344,50.56198344,50.56198344,50.56198344,50.56198344,50.56198344,50.56198344,50.56198344,50.56198344,50.56198344,50.56198344,50.56198344,50.56198344,50.56198344,50.56198344,50.56198344
CLCB6,7/1/2023,105.37559,9.5934,62.14043966,62.14043966,62.14043966,62.14043966,62.14043966,62.14043966,62.14043966,62.14043966,62.14043966,62.14043966,62.14043966,62.14043966,62.14043966,62.14043966,62.14043966,62.14043966,62.14043966,62.14043966,62.14043966,62.14043966,62.14043966,62.14043966,62.14043966,62.14043966
CLCB6,8/1/2023,105.37559,9.5934,33.82373083,33.82373083,33.82373083,33.82373083,33.82373083,33.82373083,33.82373083,33.82373083,33.82373083,33.82373083,33.82373083,33.82373083,33.82373083,33.82373083,33.82373083,33.82373083,33.82373083,33.82373083,33.82373083,33.82373083,33.82373083,33.82373083,33.82373083,33.82373083
CLCB6,9/1/2023,105.37559,9.5934,35.5923044,35.5923044,35.5923044,35.5923044,35.5923044,35.5923044,35.5923044,35.5923044,35.5923044,35.5923044,35.5923044,35.5923044,35.5923044,35.5923044,35.5923044,35.5923044,35.5923044,35.5923044,35.5923044,35.5923044,35.5923044,35.5923044,35.5923044,35.5923044
CLCB6,10/1/2023,105.37559,9.5934,32.13136977,32.13136977,32.13136977,32.13136977,32.13136977,32.13136977,32.13136977,32.13136977,32.13136977,32.13136977,32.13136977,32.13136977,32.13136977,32.13136977,32.13136977,32.13136977,32.13136977,32.13136977,32.13136977,32.13136977,32.13136977,32.13136977,32.13136977,32.13136977
CLCB6,11/1/2023,105.37559,9.5934,33.38705825,33.38705825,33.38705825,33.38705825,33.38705825,33.38705825,33.38705825,33.38705825,33.38705825,33.38705825,33.38705825,33.38705825,33.38705825,33.38705825,33.38705825,33.38705825,33.38705825,33.38705825,33.38705825,33.38705825,33.38705825,33.38705825,33.38705825,33.38705825
CLCB6,12/1/2023,105.37559,9.5934,66.10478578,66.10478578,66.10478578,66.10478578,66.10478578,66.10478578,66.10478578,66.10478578,66.10478578,66.10478578,66.10478578,66.10478578,66.10478578,66.10478578,66.10478578,66.10478578,66.10478578,66.10478578,66.10478578,66.10478578,66.10478578,66.10478578,66.10478578,66.10478578
CLCB6,1/1/2024,105.37559,9.5934,64.94390585,64.94390585,64.94390585,64.94390585,64.94390585,64.94390585,64.94390585,64.94390585,64.94390585,64.94390585,64.94390585,64.94390585,64.94390585,64.94390585,64.94390585,64.94390585,64.94390585,64.94390585,64.94390585,64.94390585,64.94390585,64.94390585,64.94390585,64.94390585
CLCB6,2/1/2024,105.37559,9.5934,35.77214851,35.77214851,35.77214851,35.77214851,35.77214851,35.77214851,35.77214851,35.77214851,35.77214851,35.77214851,35.77214851,35.77214851,35.77214851,35.77214851,35.77214851,35.77214851,35.77214851,35.77214851,35.77214851,35.77214851,35.77214851,35.77214851,35.77214851,35.77214851
CLCB6,3/1/2024,105.37559,9.5934,66.2925231,66.2925231,66.2925231,66.2925231,66.2925231,66.2925231,66.2925231,66.2925231,66.2925231,66.2925231,66.2925231,66.2925231,66.2925231,66.2925231,66.2925231,66.2925231,66.2925231,66.2925231,66.2925231,66.2925231,66.2925231,66.2925231,66.2925231,66.2925231
CLCB6,4/1/2024,105.37559,9.5934,66.34563588,66.34563588,66.34563588,66.34563588,66.34563588,66.34563588,66.34563588,66.34563588,66.34563588,66.34563588,66.34563588,66.34563588,66.34563588,66.34563588,66.34563588,66.34563588,66.34563588,66.34563588,66.34563588,66.34563588,66.34563588,66.34563588,66.34563588,66.34563588
CLCB6,5/1/2024,105.37559,9.5934,39.36623179,39.36623179,39.36623179,39.36623179,39.36623179,39.36623179,39.36623179,39.36623179,39.36623179,39.36623179,39.36623179,39.36623179,39.36623179,39.36623179,39.36623179,39.36623179,39.36623179,39.36623179,39.36623179,39.36623179,39.36623179,39.36623179,39.36623179,39.36623179
CLCB6,6/1/2024,105.37559,9.5934,66.77851213,66.77851213,66.77851213,66.77851213,66.77851213,66.77851213,66.77851213,66.77851213,66.77851213,66.77851213,66.77851213,66.77851213,66.77851213,66.77851213,66.77851213,66.77851213,66.77851213,66.77851213,66.77851213,66.77851213,66.77851213,66.77851213,66.77851213,66.77851213
CLCB6,7/1/2024,105.37559,9.5934,53.43538015,53.43538015,53.43538015,53.43538015,53.43538015,53.43538015,53.43538015,53.43538015,53.43538015,53.43538015,53.43538015,53.43538015,53.43538015,53.43538015,53.43538015,53.43538015,53.43538015,53.43538015,53.43538015,53.43538015,53.43538015,53.43538015,53.43538015,53.43538015
CLCB6,8/1/2024,105.37559,9.5934,67.11144147,67.11144147,67.11144147,67.11144147,67.11144147,67.11144147,67.11144147,67.11144147,67.11144147,67.11144147,67.11144147,67.11144147,67.11144147,67.11144147,67.11144147,67.11144147,67.11144147,67.11144147,67.11144147,67.11144147,67.11144147,67.11144147,67.11144147,67.11144147
CLCB6,9/1/2024,105.37559,9.5934,66.4125023,66.4125023,66.4125023,66.4125023,66.4125023,66.4125023,66.4125023,66.4125023,66.4125023,66.4125023,66.4125023,66.4125023,66.4125023,66.4125023,66.4125023,66.4125023,66.4125023,66.4125023,66.4125023,66.4125023,66.4125023,66.4125023,66.4125023,66.4125023
CLCB6,10/1/2024,105.37559,9.5934,44.83809755,44.83809755,44.83809755,44.83809755,44.83809755,44.83809755,44.83809755,44.83809755,44.83809755,44.83809755,44.83809755,44.83809755,44.83809755,44.83809755,44.83809755,44.83809755,44.83809755,44.83809755,44.83809755,44.83809755,44.83809755,44.83809755,44.83809755,44.83809755
CLCB6,11/1/2024,105.37559,9.5934,66.32225795,66.32225795,66.32225795,66.32225795,66.32225795,66.32225795,66.32225795,66.32225795,66.32225795,66.32225795,66.32225795,66.32225795,66.32225795,66.32225795,66.32225795,66.32225795,66.32225795,66.32225795,66.32225795,66.32225795,66.32225795,66.32225795,66.32225795,66.32225795
CLCB6,12/1/2024,105.37559,9.5934,37.24087734,37.24087734,37.24087734,37.24087734,37.24087734,37.24087734,37.24087734,37.24087734,37.24087734,37.24087734,37.24087734,37.24087734,37.24087734,37.24087734,37.24087734,37.24087734,37.24087734,37.24087734,37.24087734,37.24087734,37.24087734,37.24087734,37.24087734,37.24087734
CLCB6,1/1/2025,105.37559,9.5934,35.31550287,35.31550287,35.31550287,35.31550287,35.31550287,35.31550287,35.31550287,35.31550287,35.31550287,35.31550287,35.31550287,35.31550287,35.31550287,35.31550287,35.31550287,35.31550287,35.31550287,35.31550287,35.31550287,35.31550287,35.31550287,35.31550287,35.31550287,35.31550287
CLCB6,2/1/2025,105.37559,9.5934,38.79050831,38.79050831,38.79050831,38.79050831,38.79050831,38.79050831,38.79050831,38.79050831,38.79050831,38.79050831,38.79050831,38.79050831,38.79050831,38.79050831,38.79050831,38.79050831,38.79050831,38.79050831,38.79050831,38.79050831,38.79050831,38.79050831,38.79050831,38.79050831
CLCB6,3/1/2025,105.37559,9.5934,77.30022916,77.30022916,77.30022916,77.30022916,77.30022916,77.30022916,77.30022916,77.30022916,77.30022916,77.30022916,77.30022916,77.30022916,77.30022916,77.30022916,77.30022916,77.30022916,77.30022916,77.30022916,77.30022916,77.30022916,77.30022916,77.30022916,77.30022916,77.30022916
CLCB6,4/1/2025,105.37559,9.5934,67.30592454,67.30592454,67.30592454,67.30592454,67.30592454,67.30592454,67.30592454,67.30592454,67.30592454,67.30592454,67.30592454,67.30592454,67.30592454,67.30592454,67.30592454,67.30592454,67.30592454,67.30592454,67.30592454,67.30592454,67.30592454,67.30592454,67.30592454,67.30592454
CLCB6,5/1/2025,105.37559,9.5934,35.82286139,35.82286139,35.82286139,35.82286139,35.82286139,35.82286139,35.82286139,35.82286139,35.82286139,35.82286139,35.82286139,35.82286139,35.82286139,35.82286139,35.82286139,35.82286139,35.82286139,35.82286139,35.82286139,35.82286139,35.82286139,35.82286139,35.82286139,35.82286139
CLCB6,6/1/2025,105.37559,9.5934,54.63033186,54.63033186,54.63033186,54.63033186,54.63033186,54.63033186,54.63033186,54.63033186,54.63033186,54.63033186,54.63033186,54.63033186,54.63033186,54.63033186,54.63033186,54.63033186,54.63033186,54.63033186,54.63033186,54.63033186,54.63033186,54.63033186,54.63033186,54.63033186
CLCB6,7/1/2025,105.37559,9.5934,57.75443014,57.75443014,57.75443014,57.75443014,57.75443014,57.75443014,57.75443014,57.75443014,57.75443014,57.75443014,57.75443014,57.75443014,57.75443014,57.75443014,57.75443014,57.75443014,57.75443014,57.75443014,57.75443014,57.75443014,57.75443014,57.75443014,57.75443014,57.75443014
CLCB7,5/1/2023,105.37671,9.77976,52.02794775,52.02794775,52.02794775,52.02794775,52.02794775,52.02794775,52.02794775,52.02794775,52.02794775,52.02794775,52.02794775,52.02794775,52.02794775,52.02794775,52.02794775,52.02794775,52.02794775,52.02794775,52.02794775,52.02794775,52.02794775,52.02794775,52.02794775,52.02794775
CLCB7,6/1/2023,105.37671,9.77976,35.14152738,35.14152738,35.14152738,35.14152738,35.14152738,35.14152738,35.14152738,35.14152738,35.14152738,35.14152738,35.14152738,35.14152738,35.14152738,35.14152738,35.14152738,35.14152738,35.14152738,35.14152738,35.14152738,35.14152738,35.14152738,35.14152738,35.14152738,35.14152738
CLCB7,7/1/2023,105.37671,9.77976,50.43048439,50.43048439,50.43048439,50.43048439,50.43048439,50.43048439,50.43048439,50.43048439,50.43048439,50.43048439,50.43048439,50.43048439,50.43048439,50.43048439,50.43048439,50.43048439,50.43048439,50.43048439,50.43048439,50.43048439,50.43048439,50.43048439,50.43048439,50.43048439
CLCB7,8/1/2023,105.37671,9.77976,63.38369545,63.38369545,63.38369545,63.38369545,63.38369545,63.38369545,63.38369545,63.38369545,63.38369545,63.38369545,63.38369545,63.38369545,63.38369545,63.38369545,63.38369545,63.38369545,63.38369545,63.38369545,63.38369545,63.38369545,63.38369545,63.38369545,63.38369545,63.38369545
CLCB7,9/1/2023,105.37671,9.77976,34.94813069,34.94813069,34.94813069,34.94813069,34.94813069,34.94813069,34.94813069,34.94813069,34.94813069,34.94813069,34.94813069,34.94813069,34.94813069,34.94813069,34.94813069,34.94813069,34.94813069,34.94813069,34.94813069,34.94813069,34.94813069,34.94813069,34.94813069,34.94813069
CLCB7,10/1/2023,105.37671,9.77976,34.5299985,34.5299985,34.5299985,34.5299985,34.5299985,34.5299985,34.5299985,34.5299985,34.5299985,34.5299985,34.5299985,34.5299985,34.5299985,34.5299985,34.5299985,34.5299985,34.5299985,34.5299985,34.5299985,34.5299985,34.5299985,34.5299985,34.5299985,34.5299985
CLCB7,11/1/2023,105.37671,9.77976,50.93228774,50.93228774,50.93228774,50.93228774,50.93228774,50.93228774,50.93228774,50.93228774,50.93228774,50.93228774,50.93228774,50.93228774,50.93228774,50.93228774,50.93228774,50.93228774,50.93228774,50.93228774,50.93228774,50.93228774,50.93228774,50.93228774,50.93228774,50.93228774
CLCB7,12/1/2023,105.37671,9.77976,63.16346969,63.16346969,63.16346969,63.16346969,63.16346969,63.16346969,63.16346969,63.16346969,63.16346969,63.16346969,63.16346969,63.16346969,63.16346969,63.16346969,63.16346969,63.16346969,63.16346969,63.16346969,63.16346969,63.16346969,63.16346969,63.16346969,63.16346969,63.16346969
CLCB7,1/1/2024,105.37671,9.77976,51.60800911,51.60800911,51.60800911,51.60800911,51.60800911,51.60800911,51.60800911,51.60800911,51.60800911,51.60800911,51.60800911,51.60800911,51.60800911,51.60800911,51.60800911,51.60800911,51.60800911,51.60800911,51.60800911,51.60800911,51.60800911,51.60800911,51.60800911,51.60800911
CLCB7,2/1/2024,105.37671,9.77976,66.17204976,66.17204976,66.17204976,66.17204976,66.17204976,66.17204976,66.17204976,66.17204976,66.17204976,66.17204976,66.17204976,66.17204976,66.17204976,66.17204976,66.17204976,66.17204976,66.17204976,66.17204976,66.17204976,66.17204976,66.17204976,66.17204976,66.17204976,66.17204976
CLCB7,3/1/2024,105.37671,9.77976,63.57439418,63.57439418,63.57439418,63.57439418,63.57439418,63.57439418,63.57439418,63.57439418,63.57439418,63.57439418,63.57439418,63.57439418,63.57439418,63.57439418,63.57439418,63.57439418,63.57439418,63.57439418,63.57439418,63.57439418,63.57439418,63.57439418,63.57439418,63.57439418
CLCB7,4/1/2024,105.37671,9.77976,54.61229552,54.61229552,54.61229552,54.61229552,54.61229552,54.61229552,54.61229552,54.61229552,54.61229552,54.61229552,54.61229552,54.61229552,54.61229552,54.61229552,54.61229552,54.61229552,54.61229552,54.61229552,54.61229552,54.61229552,54.61229552,54.61229552,54.61229552,54.61229552
CLCB7,5/1/2024,105.37671,9.77976,34.82819523,34.82819523,34.82819523,34.82819523,34.82819523,34.82819523,34.82819523,34.82819523,34.82819523,34.82819523,34.82819523,34.82819523,34.82819523,34.82819523,34.82819523,34.82819523,34.82819523,34.82819523,34.82819523,34.82819523,34.82819523,34.82819523,34.82819523,34.82819523
CLCB7,6/1/2024,105.37671,9.77976,66.16106799,66.16106799,66.16106799,66.16106799,66.16106799,66.16106799,66.16106799,66.16106799,66.16106799,66.16106799,66.16106799,66.16106799,66.16106799,66.16106799,66.16106799,66.16106799,66.16106799,66.16106799,66.16106799,66.16106799,66.16106799,66.16106799,66.16106799,66.16106799
CLCB7,7/1/2024,105.37671,9.77976,51.96849246,51.96849246,51.96849246,51.96849246,51.96849246,51.96849246,51.96849246,51.96849246,51.96849246,51.96849246,51.96849246,51.96849246,51.96849246,51.96849246,51.96849246,51.96849246,51.96849246,51.96849246,51.96849246,51.96849246,51.96849246,51.96849246,51.96849246,51.96849246
CLCB7,8/1/2024,105.37671,9.77976,65.92443156,65.92443156,65.92443156,65.92443156,65.92443156,65.92443156,65.92443156,65.92443156,65.92443156,65.92443156,65.92443156,65.92443156,65.92443156,65.92443156,65.92443156,65.92443156,65.92443156,65.92443156,65.92443156,65.92443156,65.92443156,65.92443156,65.92443156,65.92443156
CLCB7,9/1/2024,105.37671,9.77976,66.60709667,66.60709667,66.60709667,66.60709667,66.60709667,66.60709667,66.60709667,66.60709667,66.60709667,66.60709667,66.60709667,66.60709667,66.60709667,66.60709667,66.60709667,66.60709667,66.60709667,66.60709667,66.60709667,66.60709667,66.60709667,66.60709667,66.60709667,66.60709667
CLCB7,10/1/2024,105.37671,9.77976,53.69204827,53.69204827,53.69204827,53.69204827,53.69204827,53.69204827,53.69204827,53.69204827,53.69204827,53.69204827,53.69204827,53.69204827,53.69204827,53.69204827,53.69204827,53.69204827,53.69204827,53.69204827,53.69204827,53.69204827,53.69204827,53.69204827,53.69204827,53.69204827
CLCB7,11/1/2024,105.37671,9.77976,39.25849165,39.25849165,39.25849165,39.25849165,39.25849165,39.25849165,39.25849165,39.25849165,39.25849165,39.25849165,39.25849165,39.25849165,39.25849165,39.25849165,39.25849165,39.25849165,39.25849165,39.25849165,39.25849165,39.25849165,39.25849165,39.25849165,39.25849165,39.25849165
CLCB7,12/1/2024,105.37671,9.77976,39.1406027,39.1406027,39.1406027,39.1406027,39.1406027,39.1406027,39.1406027,39.1406027,39.1406027,39.1406027,39.1406027,39.1406027,39.1406027,39.1406027,39.1406027,39.1406027,39.1406027,39.1406027,39.1406027,39.1406027,39.1406027,39.1406027,39.1406027,39.1406027
CLCB7,1/1/2025,105.37671,9.77976,36.51149008,36.51149008,36.51149008,36.51149008,36.51149008,36.51149008,36.51149008,36.51149008,36.51149008,36.51149008,36.51149008,36.51149008,36.51149008,36.51149008,36.51149008,36.51149008,36.51149008,36.51149008,36.51149008,36.51149008,36.51149008,36.51149008,36.51149008,36.51149008
CLCB7,2/1/2025,105.37671,9.77976,36.85208887,36.85208887,36.85208887,36.85208887,36.85208887,36.85208887,36.85208887,36.85208887,36.85208887,36.85208887,36.85208887,36.85208887,36.85208887,36.85208887,36.85208887,36.85208887,36.85208887,36.85208887,36.85208887,36.85208887,36.85208887,36.85208887,36.85208887,36.85208887
CLCB7,3/1/2025,105.37671,9.77976,66.0199874,66.0199874,66.0199874,66.0199874,66.0199874,66.0199874,66.0199874,66.0199874,66.0199874,66.0199874,66.0199874,66.0199874,66.0199874,66.0199874,66.0199874,66.0199874,66.0199874,66.0199874,66.0199874,66.0199874,66.0199874,66.0199874,66.0199874,66.0199874
CLCB7,4/1/2025,105.37671,9.77976,53.69745382,53.69745382,53.69745382,53.69745382,53.69745382,53.69745382,53.69745382,53.69745382,53.69745382,53.69745382,53.69745382,53.69745382,53.69745382,53.69745382,53.69745382,53.69745382,53.69745382,53.69745382,53.69745382,53.69745382,53.69745382,53.69745382,53.69745382,53.69745382
CLCB7,5/1/2025,105.37671,9.77976,36.5666276,36.5666276,36.5666276,36.5666276,36.5666276,36.5666276,36.5666276,36.5666276,36.5666276,36.5666276,36.5666276,36.5666276,36.5666276,36.5666276,36.5666276,36.5666276,36.5666276,36.5666276,36.5666276,36.5666276,36.5666276,36.5666276,36.5666276,36.5666276
CLCB7,6/1/2025,105.37671,9.77976,53.23763854,53.23763854,53.23763854,53.23763854,53.23763854,53.23763854,53.23763854,53.23763854,53.23763854,53.23763854,53.23763854,53.23763854,53.23763854,53.23763854,53.23763854,53.23763854,53.23763854,53.23763854,53.23763854,53.23763854,53.23763854,53.23763854,53.23763854,53.23763854
CLCB7,7/1/2025,105.37671,9.77976,56.85392328,56.85392328,56.85392328,56.85392328,56.85392328,56.85392328,56.85392328,56.85392328,56.85392328,56.85392328,56.85392328,56.85392328,56.85392328,56.85392328,56.85392328,56.85392328,56.85392328,56.85392328,56.85392328,56.85392328,56.85392328,56.85392328,56.85392328,56.85392328
CLCB8,5/1/2023,105.42469,9.94938,63.85178744,63.85178744,63.85178744,63.85178744,63.85178744,63.85178744,63.85178744,63.85178744,63.85178744,63.85178744,63.85178744,63.85178744,63.85178744,63.85178744,63.85178744,63.85178744,63.85178744,63.85178744,63.85178744,63.85178744,63.85178744,63.85178744,63.85178744,63.85178744
CLCB8,6/1/2023,105.42469,9.94938,50.98478136,50.98478136,50.98478136,50.98478136,50.98478136,50.98478136,50.98478136,50.98478136,50.98478136,50.98478136,50.98478136,50.98478136,50.98478136,50.98478136,50.98478136,50.98478136,50.98478136,50.98478136,50.98478136,50.98478136,50.98478136,50.98478136,50.98478136,50.98478136
CLCB8,7/1/2023,105.42469,9.94938,64.60595247,64.60595247,64.60595247,64.60595247,64.60595247,64.60595247,64.60595247,64.60595247,64.60595247,64.60595247,64.60595247,64.60595247,64.60595247,64.60595247,64.60595247,64.60595247,64.60595247,64.60595247,64.60595247,64.60595247,64.60595247,64.60595247,64.60595247,64.60595247
CLCB8,8/1/2023,105.42469,9.94938,52.76652715,52.76652715,52.76652715,52.76652715,52.76652715,52.76652715,52.76652715,52.76652715,52.76652715,52.76652715,52.76652715,52.76652715,52.76652715,52.76652715,52.76652715,52.76652715,52.76652715,52.76652715,52.76652715,52.76652715,52.76652715,52.76652715,52.76652715,52.76652715
CLCB8,9/1/2023,105.42469,9.94938,50.01140006,50.01140006,50.01140006,50.01140006,50.01140006,50.01140006,50.01140006,50.01140006,50.01140006,50.01140006,50.01140006,50.01140006,50.01140006,50.01140006,50.01140006,50.01140006,50.01140006,50.01140006,50.01140006,50.01140006,50.01140006,50.01140006,50.01140006,50.01140006
CLCB8,10/1/2023,105.42469,9.94938,61.19479593,61.19479593,61.19479593,61.19479593,61.19479593,61.19479593,61.19479593,61.19479593,61.19479593,61.19479593,61.19479593,61.19479593,61.19479593,61.19479593,61.19479593,61.19479593,61.19479593,61.19479593,61.19479593,61.19479593,61.19479593,61.19479593,61.19479593,61.19479593
CLCB8,11/1/2023,105.42469,9.94938,65.48529228,65.48529228,65.48529228,65.48529228,65.48529228,65.48529228,65.48529228,65.48529228,65.48529228,65.48529228,65.48529228,65.48529228,65.48529228,65.48529228,65.48529228,65.48529228,65.48529228,65.48529228,65.48529228,65.48529228,65.48529228,65.48529228,65.48529228,65.48529228
CLCB8,12/1/2023,105.42469,9.94938,63.09013999,63.09013999,63.09013999,63.09013999,63.09013999,63.09013999,63.09013999,63.09013999,63.09013999,63.09013999,63.09013999,63.09013999,63.09013999,63.09013999,63.09013999,63.09013999,63.09013999,63.09013999,63.09013999,63.09013999,63.09013999,63.09013999,63.09013999,63.09013999
CLCB8,1/1/2024,105.42469,9.94938,64.25168071,64.25168071,64.25168071,64.25168071,64.25168071,64.25168071,64.25168071,64.25168071,64.25168071,64.25168071,64.25168071,64.25168071,64.25168071,64.25168071,64.25168071,64.25168071,64.25168071,64.25168071,64.25168071,64.25168071,64.25168071,64.25168071,64.25168071,64.25168071
CLCB8,2/1/2024,105.42469,9.94938,62.90664288,62.90664288,62.90664288,62.90664288,62.90664288,62.90664288,62.90664288,62.90664288,62.90664288,62.90664288,62.90664288,62.90664288,62.90664288,62.90664288,62.90664288,62.90664288,62.90664288,62.90664288,62.90664288,62.90664288,62.90664288,62.90664288,62.90664288,62.90664288
CLCB8,3/1/2024,105.42469,9.94938,62.62145452,62.62145452,62.62145452,62.62145452,62.62145452,62.62145452,62.62145452,62.62145452,62.62145452,62.62145452,62.62145452,62.62145452,62.62145452,62.62145452,62.62145452,62.62145452,62.62145452,62.62145452,62.62145452,62.62145452,62.62145452,62.62145452,62.62145452,62.62145452
CLCB8,4/1/2024,105.42469,9.94938,66.20951596,66.20951596,66.20951596,66.20951596,66.20951596,66.20951596,66.20951596,66.20951596,66.20951596,66.20951596,66.20951596,66.20951596,66.20951596,66.20951596,66.20951596,66.20951596,66.20951596,66.20951596,66.20951596,66.20951596,66.20951596,66.20951596,66.20951596,66.20951596
CLCB8,5/1/2024,105.42469,9.94938,47.02768254,47.02768254,47.02768254,47.02768254,47.02768254,47.02768254,47.02768254,47.02768254,47.02768254,47.02768254,47.02768254,47.02768254,47.02768254,47.02768254,47.02768254,47.02768254,47.02768254,47.02768254,47.02768254,47.02768254,47.02768254,47.02768254,47.02768254,47.02768254
CLCB8,6/1/2024,105.42469,9.94938,64.37404024,64.37404024,64.37404024,64.37404024,64.37404024,64.37404024,64.37404024,64.37404024,64.37404024,64.37404024,64.37404024,64.37404024,64.37404024,64.37404024,64.37404024,64.37404024,64.37404024,64.37404024,64.37404024,64.37404024,64.37404024,64.37404024,64.37404024,64.37404024
CLCB8,7/1/2024,105.42469,9.94938,35.61216095,35.61216095,35.61216095,35.61216095,35.61216095,35.61216095,35.61216095,35.61216095,35.61216095,35.61216095,35.61216095,35.61216095,35.61216095,35.61216095,35.61216095,35.61216095,35.61216095,35.61216095,35.61216095,35.61216095,35.61216095,35.61216095,35.61216095,35.61216095
CLCB8,8/1/2024,105.42469,9.94938,53.37213854,53.37213854,53.37213854,53.37213854,53.37213854,53.37213854,53.37213854,53.37213854,53.37213854,53.37213854,53.37213854,53.37213854,53.37213854,53.37213854,53.37213854,53.37213854,53.37213854,53.37213854,53.37213854,53.37213854,53.37213854,53.37213854,53.37213854,53.37213854
CLCB8,9/1/2024,105.42469,9.94938,65.04547146,65.04547146,65.04547146,65.04547146,65.04547146,65.04547146,65.04547146,65.04547146,65.04547146,65.04547146,65.04547146,65.04547146,65.04547146,65.04547146,65.04547146,65.04547146,65.04547146,65.04547146,65.04547146,65.04547146,65.04547146,65.04547146,65.04547146,65.04547146
CLCB8,10/1/2024,105.42469,9.94938,43.55673431,43.55673431,43.55673431,43.55673431,43.55673431,43.55673431,43.55673431,43.55673431,43.55673431,43.55673431,43.55673431,43.55673431,43.55673431,43.55673431,43.55673431,43.55673431,43.55673431,43.55673431,43.55673431,43.55673431,43.55673431,43.55673431,43.55673431,43.55673431
CLCB8,11/1/2024,105.42469,9.94938,36.77565269,36.77565269,36.77565269,36.77565269,36.77565269,36.77565269,36.77565269,36.77565269,36.77565269,36.77565269,36.77565269,36.77565269,36.77565269,36.77565269,36.77565269,36.77565269,36.77565269,36.77565269,36.77565269,36.77565269,36.77565269,36.77565269,36.77565269,36.77565269
CLCB8,12/1/2024,105.42469,9.94938,54.4475008,54.4475008,54.4475008,54.4475008,54.4475008,54.4475008,54.4475008,54.4475008,54.4475008,54.4475008,54.4475008,54.4475008,54.4475008,54.4475008,54.4475008,54.4475008,54.4475008,54.4475008,54.4475008,54.4475008,54.4475008,54.4475008,54.4475008,54.4475008
CLCB8,1/1/2025,105.42469,9.94938,44.42127593,44.42127593,44.42127593,44.42127593,44.42127593,44.42127593,44.42127593,44.42127593,44.42127593,44.42127593,44.42127593,44.42127593,44.42127593,44.42127593,44.42127593,44.42127593,44.42127593,44.42127593,44.42127593,44.42127593,44.42127593,44.42127593,44.42127593,44.42127593
CLCB8,2/1/2025,105.42469,9.94938,53.24868859,53.24868859,53.24868859,53.24868859,53.24868859,53.24868859,53.24868859,53.24868859,53.24868859,53.24868859,53.24868859,53.24868859,53.24868859,53.24868859,53.24868859,53.24868859,53.24868859,53.24868859,53.24868859,53.24868859,53.24868859,53.24868859,53.24868859,53.24868859
CLCB8,3/1/2025,105.42469,9.94938,54.20846622,54.20846622,54.20846622,54.20846622,54.20846622,54.20846622,54.20846622,54.20846622,54.20846622,54.20846622,54.20846622,54.20846622,54.20846622,54.20846622,54.20846622,54.20846622,54.20846622,54.20846622,54.20846622,54.20846622,54.20846622,54.20846622,54.20846622,54.20846622
CLCB8,4/1/2025,105.42469,9.94938,52.35611491,52.35611491,52.35611491,52.35611491,52.35611491,52.35611491,52.35611491,52.35611491,52.35611491,52.35611491,52.35611491,52.35611491,52.35611491,52.35611491,52.35611491,52.35611491,52.35611491,52.35611491,52.35611491,52.35611491,52.35611491,52.35611491,52.35611491,52.35611491
CLCB8,5/1/2025,105.42469,9.94938,52.6698711,52.6698711,52.6698711,52.6698711,52.6698711,52.6698711,52.6698711,52.6698711,52.6698711,52.6698711,52.6698711,52.6698711,52.6698711,52.6698711,52.6698711,52.6698711,52.6698711,52.6698711,52.6698711,52.6698711,52.6698711,52.6698711,52.6698711,52.6698711
CLCB8,6/1/2025,105.42469,9.94938,52.77463103,52.77463103,52.77463103,52.77463103,52.77463103,52.77463103,52.77463103,52.77463103,52.77463103,52.77463103,52.77463103,52.77463103,52.77463103,52.77463103,52.77463103,52.77463103,52.77463103,52.77463103,52.77463103,52.77463103,52.77463103,52.77463103,52.77463103,52.77463103
CLCB8,7/1/2025,105.42469,9.94938,54.7966656,54.7966656,54.7966656,54.7966656,54.7966656,54.7966656,54.7966656,54.7966656,54.7966656,54.7966656,54.7966656,54.7966656,54.7966656,54.7966656,54.7966656,54.7966656,54.7966656,54.7966656,54.7966656,54.7966656,54.7966656,54.7966656,54.7966656,54.7966656
CLCB9,5/1/2023,105.35439,9.87573,51.1464902,51.1464902,51.1464902,51.1464902,51.1464902,51.1464902,51.1464902,51.1464902,51.1464902,51.1464902,51.1464902,51.1464902,51.1464902,51.1464902,51.1464902,51.1464902,51.1464902,51.1464902,51.1464902,51.1464902,51.1464902,51.1464902,51.1464902,51.1464902
CLCB9,6/1/2023,105.35439,9.87573,64.26579415,64.26579415,64.26579415,64.26579415,64.26579415,64.26579415,64.26579415,64.26579415,64.26579415,64.26579415,64.26579415,64.26579415,64.26579415,64.26579415,64.26579415,64.26579415,64.26579415,64.26579415,64.26579415,64.26579415,64.26579415,64.26579415,64.26579415,64.26579415
CLCB9,7/1/2023,105.35439,9.87573,64.42209634,64.42209634,64.42209634,64.42209634,64.42209634,64.42209634,64.42209634,64.42209634,64.42209634,64.42209634,64.42209634,64.42209634,64.42209634,64.42209634,64.42209634,64.42209634,64.42209634,64.42209634,64.42209634,64.42209634,64.42209634,64.42209634,64.42209634,64.42209634
CLCB9,8/1/2023,105.35439,9.87573,52.54875273,52.54875273,52.54875273,52.54875273,52.54875273,52.54875273,52.54875273,52.54875273,52.54875273,52.54875273,52.54875273,52.54875273,52.54875273,52.54875273,52.54875273,52.54875273,52.54875273,52.54875273,52.54875273,52.54875273,52.54875273,52.54875273,52.54875273,52.54875273
CLCB9,9/1/2023,105.35439,9.87573,51.83314653,51.83314653,51.83314653,51.83314653,51.83314653,51.83314653,51.83314653,51.83314653,51.83314653,51.83314653,51.83314653,51.83314653,51.83314653,51.83314653,51.83314653,51.83314653,51.83314653,51.83314653,51.83314653,51.83314653,51.83314653,51.83314653,51.83314653,51.83314653
CLCB9,10/1/2023,105.35439,9.87573,33.76074499,33.76074499,33.76074499,33.76074499,33.76074499,33.76074499,33.76074499,33.76074499,33.76074499,33.76074499,33.76074499,33.76074499,33.76074499,33.76074499,33.76074499,33.76074499,33.76074499,33.76074499,33.76074499,33.76074499,33.76074499,33.76074499,33.76074499,33.76074499
CLCB9,11/1/2023,105.35439,9.87573,52.06911619,52.06911619,52.06911619,52.06911619,52.06911619,52.06911619,52.06911619,52.06911619,52.06911619,52.06911619,52.06911619,52.06911619,52.06911619,52.06911619,52.06911619,52.06911619,52.06911619,52.06911619,52.06911619,52.06911619,52.06911619,52.06911619,52.06911619,52.06911619
CLCB9,12/1/2023,105.35439,9.87573,61.22019531,61.22019531,61.22019531,61.22019531,61.22019531,61.22019531,61.22019531,61.22019531,61.22019531,61.22019531,61.22019531,61.22019531,61.22019531,61.22019531,61.22019531,61.22019531,61.22019531,61.22019531,61.22019531,61.22019531,61.22019531,61.22019531,61.22019531,61.22019531
CLCB9,1/1/2024,105.35439,9.87573,52.19265146,52.19265146,52.19265146,52.19265146,52.19265146,52.19265146,52.19265146,52.19265146,52.19265146,52.19265146,52.19265146,52.19265146,52.19265146,52.19265146,52.19265146,52.19265146,52.19265146,52.19265146,52.19265146,52.19265146,52.19265146,52.19265146,52.19265146,52.19265146
CLCB9,2/1/2024,105.35439,9.87573,50.53705814,50.53705814,50.53705814,50.53705814,50.53705814,50.53705814,50.53705814,50.53705814,50.53705814,50.53705814,50.53705814,50.53705814,50.53705814,50.53705814,50.53705814,50.53705814,50.53705814,50.53705814,50.53705814,50.53705814,50.53705814,50.53705814,50.53705814,50.53705814
CLCB9,3/1/2024,105.35439,9.87573,52.69091439,52.69091439,52.69091439,52.69091439,52.69091439,52.69091439,52.69091439,52.69091439,52.69091439,52.69091439,52.69091439,52.69091439,52.69091439,52.69091439,52.69091439,52.69091439,52.69091439,52.69091439,52.69091439,52.69091439,52.69091439,52.69091439,52.69091439,52.69091439
CLCB9,4/1/2024,105.35439,9.87573,66.67679676,66.67679676,66.67679676,66.67679676,66.67679676,66.67679676,66.67679676,66.67679676,66.67679676,66.67679676,66.67679676,66.67679676,66.67679676,66.67679676,66.67679676,66.67679676,66.67679676,66.67679676,66.67679676,66.67679676,66.67679676,66.67679676,66.67679676,66.67679676
CLCB9,5/1/2024,105.35439,9.87573,51.65508666,51.65508666,51.65508666,51.65508666,51.65508666,51.65508666,51.65508666,51.65508666,51.65508666,51.65508666,51.65508666,51.65508666,51.65508666,51.65508666,51.65508666,51.65508666,51.65508666,51.65508666,51.65508666,51.65508666,51.65508666,51.65508666,51.65508666,51.65508666
CLCB9,6/1/2024,105.35439,9.87573,53.82777098,53.82777098,53.82777098,53.82777098,53.82777098,53.82777098,53.82777098,53.82777098,53.82777098,53.82777098,53.82777098,53.82777098,53.82777098,53.82777098,53.82777098,53.82777098,53.82777098,53.82777098,53.82777098,53.82777098,53.82777098,53.82777098,53.82777098,53.82777098
CLCB9,7/1/2024,105.35439,9.87573,57.18682252,57.18682252,57.18682252,57.18682252,57.18682252,57.18682252,57.18682252,57.18682252,57.18682252,57.18682252,57.18682252,57.18682252,57.18682252,57.18682252,57.18682252,57.18682252,57.18682252,57.18682252,57.18682252,57.18682252,57.18682252,57.18682252,57.18682252,57.18682252
CLCB9,8/1/2024,105.35439,9.87573,53.1485535,53.1485535,53.1485535,53.1485535,53.1485535,53.1485535,53.1485535,53.1485535,53.1485535,53.1485535,53.1485535,53.1485535,53.1485535,53.1485535,53.1485535,53.1485535,53.1485535,53.1485535,53.1485535,53.1485535,53.1485535,53.1485535,53.1485535,53.1485535
CLCB9,9/1/2024,105.35439,9.87573,53.67776045,53.67776045,53.67776045,53.67776045,53.67776045,53.67776045,53.67776045,53.67776045,53.67776045,53.67776045,53.67776045,53.67776045,53.67776045,53.67776045,53.67776045,53.67776045,53.67776045,53.67776045,53.67776045,53.67776045,53.67776045,53.67776045,53.67776045,53.67776045
CLCB9,10/1/2024,105.35439,9.87573,36.41681455,36.41681455,36.41681455,36.41681455,36.41681455,36.41681455,36.41681455,36.41681455,36.41681455,36.41681455,36.41681455,36.41681455,36.41681455,36.41681455,36.41681455,36.41681455,36.41681455,36.41681455,36.41681455,36.41681455,36.41681455,36.41681455,36.41681455,36.41681455
CLCB9,11/1/2024,105.35439,9.87573,39.29163946,39.29163946,39.29163946,39.29163946,39.29163946,39.29163946,39.29163946,39.29163946,39.29163946,39.29163946,39.29163946,39.29163946,39.29163946,39.29163946,39.29163946,39.29163946,39.29163946,39.29163946,39.29163946,39.29163946,39.29163946,39.29163946,39.29163946,39.29163946
CLCB9,12/1/2024,105.35439,9.87573,39.53380189,39.53380189,39.53380189,39.53380189,39.53380189,39.53380189,39.53380189,39.53380189,39.53380189,39.53380189,39.53380189,39.53380189,39.53380189,39.53380189,39.53380189,39.53380189,39.53380189,39.53380189,39.53380189,39.53380189,39.53380189,39.53380189,39.53380189,39.53380189
CLCB9,1/1/2025,105.35439,9.87573,37.15364235,37.15364235,37.15364235,37.15364235,37.15364235,37.15364235,37.15364235,37.15364235,37.15364235,37.15364235,37.15364235,37.15364235,37.15364235,37.15364235,37.15364235,37.15364235,37.15364235,37.15364235,37.15364235,37.15364235,37.15364235,37.15364235,37.15364235,37.15364235
CLCB9,2/1/2025,105.35439,9.87573,52.3498826,52.3498826,52.3498826,52.3498826,52.3498826,52.3498826,52.3498826,52.3498826,52.3498826,52.3498826,52.3498826,52.3498826,52.3498826,52.3498826,52.3498826,52.3498826,52.3498826,52.3498826,52.3498826,52.3498826,52.3498826,52.3498826,52.3498826,52.3498826
CLCB9,3/1/2025,105.35439,9.87573,55.17899842,55.17899842,55.17899842,55.17899842,55.17899842,55.17899842,55.17899842,55.17899842,55.17899842,55.17899842,55.17899842,55.17899842,55.17899842,55.17899842,55.17899842,55.17899842,55.17899842,55.17899842,55.17899842,55.17899842,55.17899842,55.17899842,55.17899842,55.17899842
CLCB9,4/1/2025,105.35439,9.87573,35.66413042,35.66413042,35.66413042,35.66413042,35.66413042,35.66413042,35.66413042,35.66413042,35.66413042,35.66413042,35.66413042,35.66413042,35.66413042,35.66413042,35.66413042,35.66413042,35.66413042,35.66413042,35.66413042,35.66413042,35.66413042,35.66413042,35.66413042,35.66413042
CLCB9,5/1/2025,105.35439,9.87573,55.24061052,55.24061052,55.24061052,55.24061052,55.24061052,55.24061052,55.24061052,55.24061052,55.24061052,55.24061052,55.24061052,55.24061052,55.24061052,55.24061052,55.24061052,55.24061052,55.24061052,55.24061052,55.24061052,55.24061052,55.24061052,55.24061052,55.24061052,55.24061052
CLCB9,6/1/2025,105.35439,9.87573,68.39720392,68.39720392,68.39720392,68.39720392,68.39720392,68.39720392,68.39720392,68.39720392,68.39720392,68.39720392,68.39720392,68.39720392,68.39720392,68.39720392,68.39720392,68.39720392,68.39720392,68.39720392,68.39720392,68.39720392,68.39720392,68.39720392,68.39720392,68.39720392
CLCB9,7/1/2025,105.35439,9.87573,56.39811228,56.39811228,56.39811228,56.39811228,56.39811228,56.39811228,56.39811228,56.39811228,56.39811228,56.39811228,56.39811228,56.39811228,56.39811228,56.39811228,56.39811228,56.39811228,56.39811228,56.39811228,56.39811228,56.39811228,56.39811228,56.39811228,56.39811228,56.39811228
DATI1,1/1/2025,106.232697,11.465033,66.90962387,66.90962387,66.90962387,66.90962387,66.90962387,66.90962387,66.90962387,66.90962387,66.90962387,66.90962387,66.90962387,66.90962387,66.90962387,66.90962387,66.90962387,66.90962387,66.90962387,66.90962387,66.90962387,66.90962387,66.90962387,66.90962387,66.90962387,66.90962387
DATI1,2/1/2025,106.232697,11.465033,3.591410324,3.591410324,3.591410324,3.591410324,3.591410324,3.591410324,3.591410324,3.591410324,3.591410324,3.591410324,3.591410324,3.591410324,3.591410324,3.591410324,3.591410324,3.591410324,3.591410324,3.591410324,3.591410324,3.591410324,3.591410324,3.591410324,3.591410324,3.591410324
DATI1,3/1/2025,106.232697,11.465033,5.23304746,5.23304746,5.23304746,5.23304746,5.23304746,5.23304746,5.23304746,5.23304746,5.23304746,5.23304746,5.23304746,5.23304746,5.23304746,5.23304746,5.23304746,5.23304746,5.23304746,5.23304746,5.23304746,5.23304746,5.23304746,5.23304746,5.23304746,5.23304746
DATI1,4/1/2025,106.232697,11.465033,56.12744565,56.12744565,56.12744565,56.12744565,56.12744565,56.12744565,56.12744565,56.12744565,56.12744565,56.12744565,56.12744565,56.12744565,56.12744565,56.12744565,56.12744565,56.12744565,56.12744565,56.12744565,56.12744565,56.12744565,56.12744565,56.12744565,56.12744565,56.12744565
DATI1,5/1/2025,106.232697,11.465033,55.28346034,55.28346034,55.28346034,55.28346034,55.28346034,55.28346034,55.28346034,55.28346034,55.28346034,55.28346034,55.28346034,55.28346034,55.28346034,55.28346034,55.28346034,55.28346034,55.28346034,55.28346034,55.28346034,55.28346034,55.28346034,55.28346034,55.28346034,55.28346034
DATI1,6/1/2025,106.232697,11.465033,67.14553065,67.14553065,67.14553065,67.14553065,67.14553065,67.14553065,67.14553065,67.14553065,67.14553065,67.14553065,67.14553065,67.14553065,67.14553065,67.14553065,67.14553065,67.14553065,67.14553065,67.14553065,67.14553065,67.14553065,67.14553065,67.14553065,67.14553065,67.14553065
DATI1,7/1/2025,106.232697,11.465033,45.66409328,45.66409328,45.66409328,45.66409328,45.66409328,45.66409328,45.66409328,45.66409328,45.66409328,45.66409328,45.66409328,45.66409328,45.66409328,45.66409328,45.66409328,45.66409328,45.66409328,45.66409328,45.66409328,45.66409328,45.66409328,45.66409328,45.66409328,45.66409328
DATI10,1/1/2025,106.072264,11.477061,66.55978174,66.55978174,66.55978174,66.55978174,66.55978174,66.55978174,66.55978174,66.55978174,66.55978174,66.55978174,66.55978174,66.55978174,66.55978174,66.55978174,66.55978174,66.55978174,66.55978174,66.55978174,66.55978174,66.55978174,66.55978174,66.55978174,66.55978174,66.55978174
DATI10,2/1/2025,106.072264,11.477061,6.496318499,6.496318499,6.496318499,6.496318499,6.496318499,6.496318499,6.496318499,6.496318499,6.496318499,6.496318499,6.496318499,6.496318499,6.496318499,6.496318499,6.496318499,6.496318499,6.496318499,6.496318499,6.496318499,6.496318499,6.496318499,6.496318499,6.496318499,6.496318499
DATI10,3/1/2025,106.072264,11.477061,4.390310653,4.390310653,4.390310653,4.390310653,4.390310653,4.390310653,4.390310653,4.390310653,4.390310653,4.390310653,4.390310653,4.390310653,4.390310653,4.390310653,4.390310653,4.390310653,4.390310653,4.390310653,4.390310653,4.390310653,4.390310653,4.390310653,4.390310653,4.390310653
DATI10,4/1/2025,106.072264,11.477061,34.93452951,34.93452951,34.93452951,34.93452951,34.93452951,34.93452951,34.93452951,34.93452951,34.93452951,34.93452951,34.93452951,34.93452951,34.93452951,34.93452951,34.93452951,34.93452951,34.93452951,34.93452951,34.93452951,34.93452951,34.93452951,34.93452951,34.93452951,34.93452951
DATI10,5/1/2025,106.072264,11.477061,34.10305903,34.10305903,34.10305903,34.10305903,34.10305903,34.10305903,34.10305903,34.10305903,34.10305903,34.10305903,34.10305903,34.10305903,34.10305903,34.10305903,34.10305903,34.10305903,34.10305903,34.10305903,34.10305903,34.10305903,34.10305903,34.10305903,34.10305903,34.10305903
DATI10,6/1/2025,106.072264,11.477061,67.10287878,67.10287878,67.10287878,67.10287878,67.10287878,67.10287878,67.10287878,67.10287878,67.10287878,67.10287878,67.10287878,67.10287878,67.10287878,67.10287878,67.10287878,67.10287878,67.10287878,67.10287878,67.10287878,67.10287878,67.10287878,67.10287878,67.10287878,67.10287878
DATI10,7/1/2025,106.072264,11.477061,52.34516941,52.34516941,52.34516941,52.34516941,52.34516941,52.34516941,52.34516941,52.34516941,52.34516941,52.34516941,52.34516941,52.34516941,52.34516941,52.34516941,52.34516941,52.34516941,52.34516941,52.34516941,52.34516941,52.34516941,52.34516941,52.34516941,52.34516941,52.34516941
DATI11,1/1/2025,106.356833,10.991417,64.74418587,64.74418587,64.74418587,64.74418587,64.74418587,64.74418587,64.74418587,64.74418587,64.74418587,64.74418587,64.74418587,64.74418587,64.74418587,64.74418587,64.74418587,64.74418587,64.74418587,64.74418587,64.74418587,64.74418587,64.74418587,64.74418587,64.74418587,64.74418587
DATI11,2/1/2025,106.356833,10.991417,4.928412694,4.928412694,4.928412694,4.928412694,4.928412694,4.928412694,4.928412694,4.928412694,4.928412694,4.928412694,4.928412694,4.928412694,4.928412694,4.928412694,4.928412694,4.928412694,4.928412694,4.928412694,4.928412694,4.928412694,4.928412694,4.928412694,4.928412694,4.928412694
DATI11,3/1/2025,106.356833,10.991417,6.821280832,6.821280832,6.821280832,6.821280832,6.821280832,6.821280832,6.821280832,6.821280832,6.821280832,6.821280832,6.821280832,6.821280832,6.821280832,6.821280832,6.821280832,6.821280832,6.821280832,6.821280832,6.821280832,6.821280832,6.821280832,6.821280832,6.821280832,6.821280832
DATI11,4/1/2025,106.356833,10.991417,64.09186924,64.09186924,64.09186924,64.09186924,64.09186924,64.09186924,64.09186924,64.09186924,64.09186924,64.09186924,64.09186924,64.09186924,64.09186924,64.09186924,64.09186924,64.09186924,64.09186924,64.09186924,64.09186924,64.09186924,64.09186924,64.09186924,64.09186924,64.09186924
DATI11,5/1/2025,106.356833,10.991417,50.34678142,50.34678142,50.34678142,50.34678142,50.34678142,50.34678142,50.34678142,50.34678142,50.34678142,50.34678142,50.34678142,50.34678142,50.34678142,50.34678142,50.34678142,50.34678142,50.34678142,50.34678142,50.34678142,50.34678142,50.34678142,50.34678142,50.34678142,50.34678142
DATI11,6/1/2025,106.356833,10.991417,44.02741258,44.02741258,44.02741258,44.02741258,44.02741258,44.02741258,44.02741258,44.02741258,44.02741258,44.02741258,44.02741258,44.02741258,44.02741258,44.02741258,44.02741258,44.02741258,44.02741258,44.02741258,44.02741258,44.02741258,44.02741258,44.02741258,44.02741258,44.02741258
DATI11,7/1/2025,106.356833,10.991417,66.76078132,66.76078132,66.76078132,66.76078132,66.76078132,66.76078132,66.76078132,66.76078132,66.76078132,66.76078132,66.76078132,66.76078132,66.76078132,66.76078132,66.76078132,66.76078132,66.76078132,66.76078132,66.76078132,66.76078132,66.76078132,66.76078132,66.76078132,66.76078132
DATI12,1/1/2025,106.116972,11.376806,64.43311657,64.43311657,64.43311657,64.43311657,64.43311657,64.43311657,64.43311657,64.43311657,64.43311657,64.43311657,64.43311657,64.43311657,64.43311657,64.43311657,64.43311657,64.43311657,64.43311657,64.43311657,64.43311657,64.43311657,64.43311657,64.43311657,64.43311657,64.43311657
DATI12,2/1/2025,106.116972,11.376806,5.256975061,5.256975061,5.256975061,5.256975061,5.256975061,5.256975061,5.256975061,5.256975061,5.256975061,5.256975061,5.256975061,5.256975061,5.256975061,5.256975061,5.256975061,5.256975061,5.256975061,5.256975061,5.256975061,5.256975061,5.256975061,5.256975061,5.256975061,5.256975061
DATI12,3/1/2025,106.116972,11.376806,4.867443282,4.867443282,4.867443282,4.867443282,4.867443282,4.867443282,4.867443282,4.867443282,4.867443282,4.867443282,4.867443282,4.867443282,4.867443282,4.867443282,4.867443282,4.867443282,4.867443282,4.867443282,4.867443282,4.867443282,4.867443282,4.867443282,4.867443282,4.867443282
DATI12,4/1/2025,106.116972,11.376806,65.44190977,65.44190977,65.44190977,65.44190977,65.44190977,65.44190977,65.44190977,65.44190977,65.44190977,65.44190977,65.44190977,65.44190977,65.44190977,65.44190977,65.44190977,65.44190977,65.44190977,65.44190977,65.44190977,65.44190977,65.44190977,65.44190977,65.44190977,65.44190977
DATI12,5/1/2025,106.116972,11.376806,50.28553375,50.28553375,50.28553375,50.28553375,50.28553375,50.28553375,50.28553375,50.28553375,50.28553375,50.28553375,50.28553375,50.28553375,50.28553375,50.28553375,50.28553375,50.28553375,50.28553375,50.28553375,50.28553375,50.28553375,50.28553375,50.28553375,50.28553375,50.28553375
DATI12,6/1/2025,106.116972,11.376806,65.55168011,65.55168011,65.55168011,65.55168011,65.55168011,65.55168011,65.55168011,65.55168011,65.55168011,65.55168011,65.55168011,65.55168011,65.55168011,65.55168011,65.55168011,65.55168011,65.55168011,65.55168011,65.55168011,65.55168011,65.55168011,65.55168011,65.55168011,65.55168011
DATI12,7/1/2025,106.116972,11.376806,66.39617377,66.39617377,66.39617377,66.39617377,66.39617377,66.39617377,66.39617377,66.39617377,66.39617377,66.39617377,66.39617377,66.39617377,66.39617377,66.39617377,66.39617377,66.39617377,66.39617377,66.39617377,66.39617377,66.39617377,66.39617377,66.39617377,66.39617377,66.39617377
DATI13,1/1/2025,106.022778,11.404719,42.7660726,42.7660726,42.7660726,42.7660726,42.7660726,42.7660726,42.7660726,42.7660726,42.7660726,42.7660726,42.7660726,42.7660726,42.7660726,42.7660726,42.7660726,42.7660726,42.7660726,42.7660726,42.7660726,42.7660726,42.7660726,42.7660726,42.7660726,42.7660726
DATI13,2/1/2025,106.022778,11.404719,5.868852143,5.868852143,5.868852143,5.868852143,5.868852143,5.868852143,5.868852143,5.868852143,5.868852143,5.868852143,5.868852143,5.868852143,5.868852143,5.868852143,5.868852143,5.868852143,5.868852143,5.868852143,5.868852143,5.868852143,5.868852143,5.868852143,5.868852143,5.868852143
DATI13,3/1/2025,106.022778,11.404719,55.59994366,55.59994366,55.59994366,55.59994366,55.59994366,55.59994366,55.59994366,55.59994366,55.59994366,55.59994366,55.59994366,55.59994366,55.59994366,55.59994366,55.59994366,55.59994366,55.59994366,55.59994366,55.59994366,55.59994366,55.59994366,55.59994366,55.59994366,55.59994366
DATI13,4/1/2025,106.022778,11.404719,65.71030166,65.71030166,65.71030166,65.71030166,65.71030166,65.71030166,65.71030166,65.71030166,65.71030166,65.71030166,65.71030166,65.71030166,65.71030166,65.71030166,65.71030166,65.71030166,65.71030166,65.71030166,65.71030166,65.71030166,65.71030166,65.71030166,65.71030166,65.71030166
DATI13,5/1/2025,106.022778,11.404719,42.82465764,42.82465764,42.82465764,42.82465764,42.82465764,42.82465764,42.82465764,42.82465764,42.82465764,42.82465764,42.82465764,42.82465764,42.82465764,42.82465764,42.82465764,42.82465764,42.82465764,42.82465764,42.82465764,42.82465764,42.82465764,42.82465764,42.82465764,42.82465764
DATI13,6/1/2025,106.022778,11.404719,44.38064045,44.38064045,44.38064045,44.38064045,44.38064045,44.38064045,44.38064045,44.38064045,44.38064045,44.38064045,44.38064045,44.38064045,44.38064045,44.38064045,44.38064045,44.38064045,44.38064045,44.38064045,44.38064045,44.38064045,44.38064045,44.38064045,44.38064045,44.38064045
DATI13,7/1/2025,106.022778,11.404719,54.61145761,54.61145761,54.61145761,54.61145761,54.61145761,54.61145761,54.61145761,54.61145761,54.61145761,54.61145761,54.61145761,54.61145761,54.61145761,54.61145761,54.61145761,54.61145761,54.61145761,54.61145761,54.61145761,54.61145761,54.61145761,54.61145761,54.61145761,54.61145761
DATI14,1/1/2025,106.344242,11.18115,44.06816939,44.06816939,44.06816939,44.06816939,44.06816939,44.06816939,44.06816939,44.06816939,44.06816939,44.06816939,44.06816939,44.06816939,44.06816939,44.06816939,44.06816939,44.06816939,44.06816939,44.06816939,44.06816939,44.06816939,44.06816939,44.06816939,44.06816939,44.06816939
DATI14,2/1/2025,106.344242,11.18115,6.292609834,6.292609834,6.292609834,6.292609834,6.292609834,6.292609834,6.292609834,6.292609834,6.292609834,6.292609834,6.292609834,6.292609834,6.292609834,6.292609834,6.292609834,6.292609834,6.292609834,6.292609834,6.292609834,6.292609834,6.292609834,6.292609834,6.292609834,6.292609834
DATI14,3/1/2025,106.344242,11.18115,6.521418032,6.521418032,6.521418032,6.521418032,6.521418032,6.521418032,6.521418032,6.521418032,6.521418032,6.521418032,6.521418032,6.521418032,6.521418032,6.521418032,6.521418032,6.521418032,6.521418032,6.521418032,6.521418032,6.521418032,6.521418032,6.521418032,6.521418032,6.521418032
DATI14,4/1/2025,106.344242,11.18115,64.45026449,64.45026449,64.45026449,64.45026449,64.45026449,64.45026449,64.45026449,64.45026449,64.45026449,64.45026449,64.45026449,64.45026449,64.45026449,64.45026449,64.45026449,64.45026449,64.45026449,64.45026449,64.45026449,64.45026449,64.45026449,64.45026449,64.45026449,64.45026449
DATI14,5/1/2025,106.344242,11.18115,64.60073492,64.60073492,64.60073492,64.60073492,64.60073492,64.60073492,64.60073492,64.60073492,64.60073492,64.60073492,64.60073492,64.60073492,64.60073492,64.60073492,64.60073492,64.60073492,64.60073492,64.60073492,64.60073492,64.60073492,64.60073492,64.60073492,64.60073492,64.60073492
DATI14,6/1/2025,106.344242,11.18115,52.89166217,52.89166217,52.89166217,52.89166217,52.89166217,52.89166217,52.89166217,52.89166217,52.89166217,52.89166217,52.89166217,52.89166217,52.89166217,52.89166217,52.89166217,52.89166217,52.89166217,52.89166217,52.89166217,52.89166217,52.89166217,52.89166217,52.89166217,52.89166217
DATI14,7/1/2025,106.344242,11.18115,45.43899866,45.43899866,45.43899866,45.43899866,45.43899866,45.43899866,45.43899866,45.43899866,45.43899866,45.43899866,45.43899866,45.43899866,45.43899866,45.43899866,45.43899866,45.43899866,45.43899866,45.43899866,45.43899866,45.43899866,45.43899866,45.43899866,45.43899866,45.43899866
DATI15,1/1/2025,106.324056,11.02775,31.3745388,31.3745388,31.3745388,31.3745388,31.3745388,31.3745388,31.3745388,31.3745388,31.3745388,31.3745388,31.3745388,31.3745388,31.3745388,31.3745388,31.3745388,31.3745388,31.3745388,31.3745388,31.3745388,31.3745388,31.3745388,31.3745388,31.3745388,31.3745388
DATI15,2/1/2025,106.324056,11.02775,3.339223017,3.339223017,3.339223017,3.339223017,3.339223017,3.339223017,3.339223017,3.339223017,3.339223017,3.339223017,3.339223017,3.339223017,3.339223017,3.339223017,3.339223017,3.339223017,3.339223017,3.339223017,3.339223017,3.339223017,3.339223017,3.339223017,3.339223017,3.339223017
DATI15,3/1/2025,106.324056,11.02775,3.344026052,3.344026052,3.344026052,3.344026052,3.344026052,3.344026052,3.344026052,3.344026052,3.344026052,3.344026052,3.344026052,3.344026052,3.344026052,3.344026052,3.344026052,3.344026052,3.344026052,3.344026052,3.344026052,3.344026052,3.344026052,3.344026052,3.344026052,3.344026052
DATI15,4/1/2025,106.324056,11.02775,30.25315384,30.25315384,30.25315384,30.25315384,30.25315384,30.25315384,30.25315384,30.25315384,30.25315384,30.25315384,30.25315384,30.25315384,30.25315384,30.25315384,30.25315384,30.25315384,30.25315384,30.25315384,30.25315384,30.25315384,30.25315384,30.25315384,30.25315384,30.25315384
DATI15,5/1/2025,106.324056,11.02775,49.00980501,49.00980501,49.00980501,49.00980501,49.00980501,49.00980501,49.00980501,49.00980501,49.00980501,49.00980501,49.00980501,49.00980501,49.00980501,49.00980501,49.00980501,49.00980501,49.00980501,49.00980501,49.00980501,49.00980501,49.00980501,49.00980501,49.00980501,49.00980501
DATI15,6/1/2025,106.324056,11.02775,30.91317452,30.91317452,30.91317452,30.91317452,30.91317452,30.91317452,30.91317452,30.91317452,30.91317452,30.91317452,30.91317452,30.91317452,30.91317452,30.91317452,30.91317452,30.91317452,30.91317452,30.91317452,30.91317452,30.91317452,30.91317452,30.91317452,30.91317452,30.91317452
DATI15,7/1/2025,106.324056,11.02775,49.40975815,49.40975815,49.40975815,49.40975815,49.40975815,49.40975815,49.40975815,49.40975815,49.40975815,49.40975815,49.40975815,49.40975815,49.40975815,49.40975815,49.40975815,49.40975815,49.40975815,49.40975815,49.40975815,49.40975815,49.40975815,49.40975815,49.40975815,49.40975815
DATI16,1/1/2025,106.207742,11.300415,63.84063408,63.84063408,63.84063408,63.84063408,63.84063408,63.84063408,63.84063408,63.84063408,63.84063408,63.84063408,63.84063408,63.84063408,63.84063408,63.84063408,63.84063408,63.84063408,63.84063408,63.84063408,63.84063408,63.84063408,63.84063408,63.84063408,63.84063408,63.84063408
DATI16,2/1/2025,106.207742,11.300415,3.494384555,3.494384555,3.494384555,3.494384555,3.494384555,3.494384555,3.494384555,3.494384555,3.494384555,3.494384555,3.494384555,3.494384555,3.494384555,3.494384555,3.494384555,3.494384555,3.494384555,3.494384555,3.494384555,3.494384555,3.494384555,3.494384555,3.494384555,3.494384555
DATI16,3/1/2025,106.207742,11.300415,5.153661155,5.153661155,5.153661155,5.153661155,5.153661155,5.153661155,5.153661155,5.153661155,5.153661155,5.153661155,5.153661155,5.153661155,5.153661155,5.153661155,5.153661155,5.153661155,5.153661155,5.153661155,5.153661155,5.153661155,5.153661155,5.153661155,5.153661155,5.153661155
DATI16,4/1/2025,106.207742,11.300415,42.43611375,42.43611375,42.43611375,42.43611375,42.43611375,42.43611375,42.43611375,42.43611375,42.43611375,42.43611375,42.43611375,42.43611375,42.43611375,42.43611375,42.43611375,42.43611375,42.43611375,42.43611375,42.43611375,42.43611375,42.43611375,42.43611375,42.43611375,42.43611375
DATI16,5/1/2025,106.207742,11.300415,50.36582941,50.36582941,50.36582941,50.36582941,50.36582941,50.36582941,50.36582941,50.36582941,50.36582941,50.36582941,50.36582941,50.36582941,50.36582941,50.36582941,50.36582941,50.36582941,50.36582941,50.36582941,50.36582941,50.36582941,50.36582941,50.36582941,50.36582941,50.36582941
DATI16,6/1/2025,106.207742,11.300415,50.38061812,50.38061812,50.38061812,50.38061812,50.38061812,50.38061812,50.38061812,50.38061812,50.38061812,50.38061812,50.38061812,50.38061812,50.38061812,50.38061812,50.38061812,50.38061812,50.38061812,50.38061812,50.38061812,50.38061812,50.38061812,50.38061812,50.38061812,50.38061812
DATI16,7/1/2025,106.207742,11.300415,34.94794934,34.94794934,34.94794934,34.94794934,34.94794934,34.94794934,34.94794934,34.94794934,34.94794934,34.94794934,34.94794934,34.94794934,34.94794934,34.94794934,34.94794934,34.94794934,34.94794934,34.94794934,34.94794934,34.94794934,34.94794934,34.94794934,34.94794934,34.94794934
DATI17,1/1/2025,106.503419,10.948525,80.37476639,80.37476639,80.37476639,80.37476639,80.37476639,80.37476639,80.37476639,80.37476639,80.37476639,80.37476639,80.37476639,80.37476639,80.37476639,80.37476639,80.37476639,80.37476639,80.37476639,80.37476639,80.37476639,80.37476639,80.37476639,80.37476639,80.37476639,80.37476639
DATI17,2/1/2025,106.503419,10.948525,6.511394688,6.511394688,6.511394688,6.511394688,6.511394688,6.511394688,6.511394688,6.511394688,6.511394688,6.511394688,6.511394688,6.511394688,6.511394688,6.511394688,6.511394688,6.511394688,6.511394688,6.511394688,6.511394688,6.511394688,6.511394688,6.511394688,6.511394688,6.511394688
DATI17,3/1/2025,106.503419,10.948525,6.552217445,6.552217445,6.552217445,6.552217445,6.552217445,6.552217445,6.552217445,6.552217445,6.552217445,6.552217445,6.552217445,6.552217445,6.552217445,6.552217445,6.552217445,6.552217445,6.552217445,6.552217445,6.552217445,6.552217445,6.552217445,6.552217445,6.552217445,6.552217445
DATI17,4/1/2025,106.503419,10.948525,80.18652324,80.18652324,80.18652324,80.18652324,80.18652324,80.18652324,80.18652324,80.18652324,80.18652324,80.18652324,80.18652324,80.18652324,80.18652324,80.18652324,80.18652324,80.18652324,80.18652324,80.18652324,80.18652324,80.18652324,80.18652324,80.18652324,80.18652324,80.18652324
DATI17,5/1/2025,106.503419,10.948525,36.41252465,36.41252465,36.41252465,36.41252465,36.41252465,36.41252465,36.41252465,36.41252465,36.41252465,36.41252465,36.41252465,36.41252465,36.41252465,36.41252465,36.41252465,36.41252465,36.41252465,36.41252465,36.41252465,36.41252465,36.41252465,36.41252465,36.41252465,36.41252465
DATI17,6/1/2025,106.503419,10.948525,66.48224721,66.48224721,66.48224721,66.48224721,66.48224721,66.48224721,66.48224721,66.48224721,66.48224721,66.48224721,66.48224721,66.48224721,66.48224721,66.48224721,66.48224721,66.48224721,66.48224721,66.48224721,66.48224721,66.48224721,66.48224721,66.48224721,66.48224721,66.48224721
DATI17,7/1/2025,106.503419,10.948525,64.56745059,64.56745059,64.56745059,64.56745059,64.56745059,64.56745059,64.56745059,64.56745059,64.56745059,64.56745059,64.56745059,64.56745059,64.56745059,64.56745059,64.56745059,64.56745059,64.56745059,64.56745059,64.56745059,64.56745059,64.56745059,64.56745059,64.56745059,64.56745059
DATI18,1/1/2025,106.363967,10.981836,31.34571158,31.34571158,31.34571158,31.34571158,31.34571158,31.34571158,31.34571158,31.34571158,31.34571158,31.34571158,31.34571158,31.34571158,31.34571158,31.34571158,31.34571158,31.34571158,31.34571158,31.34571158,31.34571158,31.34571158,31.34571158,31.34571158,31.34571158,31.34571158
DATI18,2/1/2025,106.363967,10.981836,3.046633818,3.046633818,3.046633818,3.046633818,3.046633818,3.046633818,3.046633818,3.046633818,3.046633818,3.046633818,3.046633818,3.046633818,3.046633818,3.046633818,3.046633818,3.046633818,3.046633818,3.046633818,3.046633818,3.046633818,3.046633818,3.046633818,3.046633818,3.046633818
DATI18,3/1/2025,106.363967,10.981836,2.939639007,2.939639007,2.939639007,2.939639007,2.939639007,2.939639007,2.939639007,2.939639007,2.939639007,2.939639007,2.939639007,2.939639007,2.939639007,2.939639007,2.939639007,2.939639007,2.939639007,2.939639007,2.939639007,2.939639007,2.939639007,2.939639007,2.939639007,2.939639007
DATI18,4/1/2025,106.363967,10.981836,29.87908897,29.87908897,29.87908897,29.87908897,29.87908897,29.87908897,29.87908897,29.87908897,29.87908897,29.87908897,29.87908897,29.87908897,29.87908897,29.87908897,29.87908897,29.87908897,29.87908897,29.87908897,29.87908897,29.87908897,29.87908897,29.87908897,29.87908897,29.87908897
DATI18,5/1/2025,106.363967,10.981836,51.33996447,51.33996447,51.33996447,51.33996447,51.33996447,51.33996447,51.33996447,51.33996447,51.33996447,51.33996447,51.33996447,51.33996447,51.33996447,51.33996447,51.33996447,51.33996447,51.33996447,51.33996447,51.33996447,51.33996447,51.33996447,51.33996447,51.33996447,51.33996447
DATI18,6/1/2025,106.363967,10.981836,65.93125344,65.93125344,65.93125344,65.93125344,65.93125344,65.93125344,65.93125344,65.93125344,65.93125344,65.93125344,65.93125344,65.93125344,65.93125344,65.93125344,65.93125344,65.93125344,65.93125344,65.93125344,65.93125344,65.93125344,65.93125344,65.93125344,65.93125344,65.93125344
DATI18,7/1/2025,106.363967,10.981836,64.94562265,64.94562265,64.94562265,64.94562265,64.94562265,64.94562265,64.94562265,64.94562265,64.94562265,64.94562265,64.94562265,64.94562265,64.94562265,64.94562265,64.94562265,64.94562265,64.94562265,64.94562265,64.94562265,64.94562265,64.94562265,64.94562265,64.94562265,64.94562265
DATI19,1/1/2025,106.255414,11.225739,79.23295501,79.23295501,79.23295501,79.23295501,79.23295501,79.23295501,79.23295501,79.23295501,79.23295501,79.23295501,79.23295501,79.23295501,79.23295501,79.23295501,79.23295501,79.23295501,79.23295501,79.23295501,79.23295501,79.23295501,79.23295501,79.23295501,79.23295501,79.23295501
DATI19,2/1/2025,106.255414,11.225739,4.461382222,4.461382222,4.461382222,4.461382222,4.461382222,4.461382222,4.461382222,4.461382222,4.461382222,4.461382222,4.461382222,4.461382222,4.461382222,4.461382222,4.461382222,4.461382222,4.461382222,4.461382222,4.461382222,4.461382222,4.461382222,4.461382222,4.461382222,4.461382222
DATI19,3/1/2025,106.255414,11.225739,6.565314737,6.565314737,6.565314737,6.565314737,6.565314737,6.565314737,6.565314737,6.565314737,6.565314737,6.565314737,6.565314737,6.565314737,6.565314737,6.565314737,6.565314737,6.565314737,6.565314737,6.565314737,6.565314737,6.565314737,6.565314737,6.565314737,6.565314737,6.565314737
DATI19,4/1/2025,106.255414,11.225739,43.20434275,43.20434275,43.20434275,43.20434275,43.20434275,43.20434275,43.20434275,43.20434275,43.20434275,43.20434275,43.20434275,43.20434275,43.20434275,43.20434275,43.20434275,43.20434275,43.20434275,43.20434275,43.20434275,43.20434275,43.20434275,43.20434275,43.20434275,43.20434275
DATI19,5/1/2025,106.255414,11.225739,51.32030839,51.32030839,51.32030839,51.32030839,51.32030839,51.32030839,51.32030839,51.32030839,51.32030839,51.32030839,51.32030839,51.32030839,51.32030839,51.32030839,51.32030839,51.32030839,51.32030839,51.32030839,51.32030839,51.32030839,51.32030839,51.32030839,51.32030839,51.32030839
DATI19,6/1/2025,106.255414,11.225739,66.05701188,66.05701188,66.05701188,66.05701188,66.05701188,66.05701188,66.05701188,66.05701188,66.05701188,66.05701188,66.05701188,66.05701188,66.05701188,66.05701188,66.05701188,66.05701188,66.05701188,66.05701188,66.05701188,66.05701188,66.05701188,66.05701188,66.05701188,66.05701188
DATI19,7/1/2025,106.255414,11.225739,62.66040699,62.66040699,62.66040699,62.66040699,62.66040699,62.66040699,62.66040699,62.66040699,62.66040699,62.66040699,62.66040699,62.66040699,62.66040699,62.66040699,62.66040699,62.66040699,62.66040699,62.66040699,62.66040699,62.66040699,62.66040699,62.66040699,62.66040699,62.66040699
DATI2,1/1/2025,106.362636,11.416258,36.87497697,36.87497697,36.87497697,36.87497697,36.87497697,36.87497697,36.87497697,36.87497697,36.87497697,36.87497697,36.87497697,36.87497697,36.87497697,36.87497697,36.87497697,36.87497697,36.87497697,36.87497697,36.87497697,36.87497697,36.87497697,36.87497697,36.87497697,36.87497697
DATI2,2/1/2025,106.362636,11.416258,4.480577091,4.480577091,4.480577091,4.480577091,4.480577091,4.480577091,4.480577091,4.480577091,4.480577091,4.480577091,4.480577091,4.480577091,4.480577091,4.480577091,4.480577091,4.480577091,4.480577091,4.480577091,4.480577091,4.480577091,4.480577091,4.480577091,4.480577091,4.480577091
DATI2,3/1/2025,106.362636,11.416258,3.145973895,3.145973895,3.145973895,3.145973895,3.145973895,3.145973895,3.145973895,3.145973895,3.145973895,3.145973895,3.145973895,3.145973895,3.145973895,3.145973895,3.145973895,3.145973895,3.145973895,3.145973895,3.145973895,3.145973895,3.145973895,3.145973895,3.145973895,3.145973895
DATI2,4/1/2025,106.362636,11.416258,66.9179758,66.9179758,66.9179758,66.9179758,66.9179758,66.9179758,66.9179758,66.9179758,66.9179758,66.9179758,66.9179758,66.9179758,66.9179758,66.9179758,66.9179758,66.9179758,66.9179758,66.9179758,66.9179758,66.9179758,66.9179758,66.9179758,66.9179758,66.9179758
DATI2,5/1/2025,106.362636,11.416258,50.65799251,50.65799251,50.65799251,50.65799251,50.65799251,50.65799251,50.65799251,50.65799251,50.65799251,50.65799251,50.65799251,50.65799251,50.65799251,50.65799251,50.65799251,50.65799251,50.65799251,50.65799251,50.65799251,50.65799251,50.65799251,50.65799251,50.65799251,50.65799251
DATI2,6/1/2025,106.362636,11.416258,66.9377723,66.9377723,66.9377723,66.9377723,66.9377723,66.9377723,66.9377723,66.9377723,66.9377723,66.9377723,66.9377723,66.9377723,66.9377723,66.9377723,66.9377723,66.9377723,66.9377723,66.9377723,66.9377723,66.9377723,66.9377723,66.9377723,66.9377723,66.9377723
DATI2,7/1/2025,106.362636,11.416258,67.20188708,67.20188708,67.20188708,67.20188708,67.20188708,67.20188708,67.20188708,67.20188708,67.20188708,67.20188708,67.20188708,67.20188708,67.20188708,67.20188708,67.20188708,67.20188708,67.20188708,67.20188708,67.20188708,67.20188708,67.20188708,67.20188708,67.20188708,67.20188708
DATI20,1/1/2025,106.092778,11.313028,45.23025017,45.23025017,45.23025017,45.23025017,45.23025017,45.23025017,45.23025017,45.23025017,45.23025017,45.23025017,45.23025017,45.23025017,45.23025017,45.23025017,45.23025017,45.23025017,45.23025017,45.23025017,45.23025017,45.23025017,45.23025017,45.23025017,45.23025017,45.23025017
DATI20,2/1/2025,106.092778,11.313028,3.279893164,3.279893164,3.279893164,3.279893164,3.279893164,3.279893164,3.279893164,3.279893164,3.279893164,3.279893164,3.279893164,3.279893164,3.279893164,3.279893164,3.279893164,3.279893164,3.279893164,3.279893164,3.279893164,3.279893164,3.279893164,3.279893164,3.279893164,3.279893164
DATI20,3/1/2025,106.092778,11.313028,2.91927889,2.91927889,2.91927889,2.91927889,2.91927889,2.91927889,2.91927889,2.91927889,2.91927889,2.91927889,2.91927889,2.91927889,2.91927889,2.91927889,2.91927889,2.91927889,2.91927889,2.91927889,2.91927889,2.91927889,2.91927889,2.91927889,2.91927889,2.91927889
DATI20,4/1/2025,106.092778,11.313028,32.20389265,32.20389265,32.20389265,32.20389265,32.20389265,32.20389265,32.20389265,32.20389265,32.20389265,32.20389265,32.20389265,32.20389265,32.20389265,32.20389265,32.20389265,32.20389265,32.20389265,32.20389265,32.20389265,32.20389265,32.20389265,32.20389265,32.20389265,32.20389265
DATI20,5/1/2025,106.092778,11.313028,59.30771267,59.30771267,59.30771267,59.30771267,59.30771267,59.30771267,59.30771267,59.30771267,59.30771267,59.30771267,59.30771267,59.30771267,59.30771267,59.30771267,59.30771267,59.30771267,59.30771267,59.30771267,59.30771267,59.30771267,59.30771267,59.30771267,59.30771267,59.30771267
DATI20,6/1/2025,106.092778,11.313028,49.06192934,49.06192934,49.06192934,49.06192934,49.06192934,49.06192934,49.06192934,49.06192934,49.06192934,49.06192934,49.06192934,49.06192934,49.06192934,49.06192934,49.06192934,49.06192934,49.06192934,49.06192934,49.06192934,49.06192934,49.06192934,49.06192934,49.06192934,49.06192934
DATI20,7/1/2025,106.092778,11.313028,54.4538359,54.4538359,54.4538359,54.4538359,54.4538359,54.4538359,54.4538359,54.4538359,54.4538359,54.4538359,54.4538359,54.4538359,54.4538359,54.4538359,54.4538359,54.4538359,54.4538359,54.4538359,54.4538359,54.4538359,54.4538359,54.4538359,54.4538359,54.4538359
DATI21,1/1/2025,106.091769,11.253581,33.56531209,33.56531209,33.56531209,33.56531209,33.56531209,33.56531209,33.56531209,33.56531209,33.56531209,33.56531209,33.56531209,33.56531209,33.56531209,33.56531209,33.56531209,33.56531209,33.56531209,33.56531209,33.56531209,33.56531209,33.56531209,33.56531209,33.56531209,33.56531209
DATI21,2/1/2025,106.091769,11.253581,3.502431931,3.502431931,3.502431931,3.502431931,3.502431931,3.502431931,3.502431931,3.502431931,3.502431931,3.502431931,3.502431931,3.502431931,3.502431931,3.502431931,3.502431931,3.502431931,3.502431931,3.502431931,3.502431931,3.502431931,3.502431931,3.502431931,3.502431931,3.502431931
DATI21,3/1/2025,106.091769,11.253581,3.450937172,3.450937172,3.450937172,3.450937172,3.450937172,3.450937172,3.450937172,3.450937172,3.450937172,3.450937172,3.450937172,3.450937172,3.450937172,3.450937172,3.450937172,3.450937172,3.450937172,3.450937172,3.450937172,3.450937172,3.450937172,3.450937172,3.450937172,3.450937172
DATI21,4/1/2025,106.091769,11.253581,32.96747937,32.96747937,32.96747937,32.96747937,32.96747937,32.96747937,32.96747937,32.96747937,32.96747937,32.96747937,32.96747937,32.96747937,32.96747937,32.96747937,32.96747937,32.96747937,32.96747937,32.96747937,32.96747937,32.96747937,32.96747937,32.96747937,32.96747937,32.96747937
DATI21,5/1/2025,106.091769,11.253581,48.08031831,48.08031831,48.08031831,48.08031831,48.08031831,48.08031831,48.08031831,48.08031831,48.08031831,48.08031831,48.08031831,48.08031831,48.08031831,48.08031831,48.08031831,48.08031831,48.08031831,48.08031831,48.08031831,48.08031831,48.08031831,48.08031831,48.08031831,48.08031831
DATI21,6/1/2025,106.091769,11.253581,48.84470115,48.84470115,48.84470115,48.84470115,48.84470115,48.84470115,48.84470115,48.84470115,48.84470115,48.84470115,48.84470115,48.84470115,48.84470115,48.84470115,48.84470115,48.84470115,48.84470115,48.84470115,48.84470115,48.84470115,48.84470115,48.84470115,48.84470115,48.84470115
DATI21,7/1/2025,106.091769,11.253581,47.10740509,47.10740509,47.10740509,47.10740509,47.10740509,47.10740509,47.10740509,47.10740509,47.10740509,47.10740509,47.10740509,47.10740509,47.10740509,47.10740509,47.10740509,47.10740509,47.10740509,47.10740509,47.10740509,47.10740509,47.10740509,47.10740509,47.10740509,47.10740509
DATI22,1/1/2025,106.31714,11.329494,44.35963917,44.35963917,44.35963917,44.35963917,44.35963917,44.35963917,44.35963917,44.35963917,44.35963917,44.35963917,44.35963917,44.35963917,44.35963917,44.35963917,44.35963917,44.35963917,44.35963917,44.35963917,44.35963917,44.35963917,44.35963917,44.35963917,44.35963917,44.35963917
DATI22,2/1/2025,106.31714,11.329494,4.462166588,4.462166588,4.462166588,4.462166588,4.462166588,4.462166588,4.462166588,4.462166588,4.462166588,4.462166588,4.462166588,4.462166588,4.462166588,4.462166588,4.462166588,4.462166588,4.462166588,4.462166588,4.462166588,4.462166588,4.462166588,4.462166588,4.462166588,4.462166588
DATI22,3/1/2025,106.31714,11.329494,3.006081708,3.006081708,3.006081708,3.006081708,3.006081708,3.006081708,3.006081708,3.006081708,3.006081708,3.006081708,3.006081708,3.006081708,3.006081708,3.006081708,3.006081708,3.006081708,3.006081708,3.006081708,3.006081708,3.006081708,3.006081708,3.006081708,3.006081708,3.006081708
DATI22,4/1/2025,106.31714,11.329494,30.9109051,30.9109051,30.9109051,30.9109051,30.9109051,30.9109051,30.9109051,30.9109051,30.9109051,30.9109051,30.9109051,30.9109051,30.9109051,30.9109051,30.9109051,30.9109051,30.9109051,30.9109051,30.9109051,30.9109051,30.9109051,30.9109051,30.9109051,30.9109051
DATI22,5/1/2025,106.31714,11.329494,46.6391261,46.6391261,46.6391261,46.6391261,46.6391261,46.6391261,46.6391261,46.6391261,46.6391261,46.6391261,46.6391261,46.6391261,46.6391261,46.6391261,46.6391261,46.6391261,46.6391261,46.6391261,46.6391261,46.6391261,46.6391261,46.6391261,46.6391261,46.6391261
DATI22,6/1/2025,106.31714,11.329494,42.91664651,42.91664651,42.91664651,42.91664651,42.91664651,42.91664651,42.91664651,42.91664651,42.91664651,42.91664651,42.91664651,42.91664651,42.91664651,42.91664651,42.91664651,42.91664651,42.91664651,42.91664651,42.91664651,42.91664651,42.91664651,42.91664651,42.91664651,42.91664651
DATI22,7/1/2025,106.31714,11.329494,42.51386458,42.51386458,42.51386458,42.51386458,42.51386458,42.51386458,42.51386458,42.51386458,42.51386458,42.51386458,42.51386458,42.51386458,42.51386458,42.51386458,42.51386458,42.51386458,42.51386458,42.51386458,42.51386458,42.51386458,42.51386458,42.51386458,42.51386458,42.51386458
DATI23,1/1/2025,106.615581,10.991867,48.40374535,48.40374535,48.40374535,48.40374535,48.40374535,48.40374535,48.40374535,48.40374535,48.40374535,48.40374535,48.40374535,48.40374535,48.40374535,48.40374535,48.40374535,48.40374535,48.40374535,48.40374535,48.40374535,48.40374535,48.40374535,48.40374535,48.40374535,48.40374535
DATI23,2/1/2025,106.615581,10.991867,3.480314369,3.480314369,3.480314369,3.480314369,3.480314369,3.480314369,3.480314369,3.480314369,3.480314369,3.480314369,3.480314369,3.480314369,3.480314369,3.480314369,3.480314369,3.480314369,3.480314369,3.480314369,3.480314369,3.480314369,3.480314369,3.480314369,3.480314369,3.480314369
DATI23,3/1/2025,106.615581,10.991867,3.562467087,3.562467087,3.562467087,3.562467087,3.562467087,3.562467087,3.562467087,3.562467087,3.562467087,3.562467087,3.562467087,3.562467087,3.562467087,3.562467087,3.562467087,3.562467087,3.562467087,3.562467087,3.562467087,3.562467087,3.562467087,3.562467087,3.562467087,3.562467087
DATI23,4/1/2025,106.615581,10.991867,33.49319731,33.49319731,33.49319731,33.49319731,33.49319731,33.49319731,33.49319731,33.49319731,33.49319731,33.49319731,33.49319731,33.49319731,33.49319731,33.49319731,33.49319731,33.49319731,33.49319731,33.49319731,33.49319731,33.49319731,33.49319731,33.49319731,33.49319731,33.49319731
DATI23,5/1/2025,106.615581,10.991867,44.78078334,44.78078334,44.78078334,44.78078334,44.78078334,44.78078334,44.78078334,44.78078334,44.78078334,44.78078334,44.78078334,44.78078334,44.78078334,44.78078334,44.78078334,44.78078334,44.78078334,44.78078334,44.78078334,44.78078334,44.78078334,44.78078334,44.78078334,44.78078334
DATI23,6/1/2025,106.615581,10.991867,31.85862109,31.85862109,31.85862109,31.85862109,31.85862109,31.85862109,31.85862109,31.85862109,31.85862109,31.85862109,31.85862109,31.85862109,31.85862109,31.85862109,31.85862109,31.85862109,31.85862109,31.85862109,31.85862109,31.85862109,31.85862109,31.85862109,31.85862109,31.85862109
DATI23,7/1/2025,106.615581,10.991867,32.144791,32.144791,32.144791,32.144791,32.144791,32.144791,32.144791,32.144791,32.144791,32.144791,32.144791,32.144791,32.144791,32.144791,32.144791,32.144791,32.144791,32.144791,32.144791,32.144791,32.144791,32.144791,32.144791,32.144791
DATI24,1/1/2025,106.262806,11.080472,53.05307787,53.05307787,53.05307787,53.05307787,53.05307787,53.05307787,53.05307787,53.05307787,53.05307787,53.05307787,53.05307787,53.05307787,53.05307787,53.05307787,53.05307787,53.05307787,53.05307787,53.05307787,53.05307787,53.05307787,53.05307787,53.05307787,53.05307787,53.05307787
DATI24,2/1/2025,106.262806,11.080472,3.540387672,3.540387672,3.540387672,3.540387672,3.540387672,3.540387672,3.540387672,3.540387672,3.540387672,3.540387672,3.540387672,3.540387672,3.540387672,3.540387672,3.540387672,3.540387672,3.540387672,3.540387672,3.540387672,3.540387672,3.540387672,3.540387672,3.540387672,3.540387672
DATI24,3/1/2025,106.262806,11.080472,4.681338614,4.681338614,4.681338614,4.681338614,4.681338614,4.681338614,4.681338614,4.681338614,4.681338614,4.681338614,4.681338614,4.681338614,4.681338614,4.681338614,4.681338614,4.681338614,4.681338614,4.681338614,4.681338614,4.681338614,4.681338614,4.681338614,4.681338614,4.681338614
DATI24,4/1/2025,106.262806,11.080472,68.22655825,68.22655825,68.22655825,68.22655825,68.22655825,68.22655825,68.22655825,68.22655825,68.22655825,68.22655825,68.22655825,68.22655825,68.22655825,68.22655825,68.22655825,68.22655825,68.22655825,68.22655825,68.22655825,68.22655825,68.22655825,68.22655825,68.22655825,68.22655825
DATI24,5/1/2025,106.262806,11.080472,63.60019764,63.60019764,63.60019764,63.60019764,63.60019764,63.60019764,63.60019764,63.60019764,63.60019764,63.60019764,63.60019764,63.60019764,63.60019764,63.60019764,63.60019764,63.60019764,63.60019764,63.60019764,63.60019764,63.60019764,63.60019764,63.60019764,63.60019764,63.60019764
DATI24,6/1/2025,106.262806,11.080472,50.25168981,50.25168981,50.25168981,50.25168981,50.25168981,50.25168981,50.25168981,50.25168981,50.25168981,50.25168981,50.25168981,50.25168981,50.25168981,50.25168981,50.25168981,50.25168981,50.25168981,50.25168981,50.25168981,50.25168981,50.25168981,50.25168981,50.25168981,50.25168981
DATI24,7/1/2025,106.262806,11.080472,56.57066182,56.57066182,56.57066182,56.57066182,56.57066182,56.57066182,56.57066182,56.57066182,56.57066182,56.57066182,56.57066182,56.57066182,56.57066182,56.57066182,56.57066182,56.57066182,56.57066182,56.57066182,56.57066182,56.57066182,56.57066182,56.57066182,56.57066182,56.57066182
DATI3,1/1/2025,106.299203,11.390678,35.14467892,35.14467892,35.14467892,35.14467892,35.14467892,35.14467892,35.14467892,35.14467892,35.14467892,35.14467892,35.14467892,35.14467892,35.14467892,35.14467892,35.14467892,35.14467892,35.14467892,35.14467892,35.14467892,35.14467892,35.14467892,35.14467892,35.14467892,35.14467892
DATI3,2/1/2025,106.299203,11.390678,3.608784514,3.608784514,3.608784514,3.608784514,3.608784514,3.608784514,3.608784514,3.608784514,3.608784514,3.608784514,3.608784514,3.608784514,3.608784514,3.608784514,3.608784514,3.608784514,3.608784514,3.608784514,3.608784514,3.608784514,3.608784514,3.608784514,3.608784514,3.608784514
DATI3,3/1/2025,106.299203,11.390678,5.177271968,5.177271968,5.177271968,5.177271968,5.177271968,5.177271968,5.177271968,5.177271968,5.177271968,5.177271968,5.177271968,5.177271968,5.177271968,5.177271968,5.177271968,5.177271968,5.177271968,5.177271968,5.177271968,5.177271968,5.177271968,5.177271968,5.177271968,5.177271968
DATI3,4/1/2025,106.299203,11.390678,51.98283957,51.98283957,51.98283957,51.98283957,51.98283957,51.98283957,51.98283957,51.98283957,51.98283957,51.98283957,51.98283957,51.98283957,51.98283957,51.98283957,51.98283957,51.98283957,51.98283957,51.98283957,51.98283957,51.98283957,51.98283957,51.98283957,51.98283957,51.98283957
DATI3,5/1/2025,106.299203,11.390678,42.91879359,42.91879359,42.91879359,42.91879359,42.91879359,42.91879359,42.91879359,42.91879359,42.91879359,42.91879359,42.91879359,42.91879359,42.91879359,42.91879359,42.91879359,42.91879359,42.91879359,42.91879359,42.91879359,42.91879359,42.91879359,42.91879359,42.91879359,42.91879359
DATI3,6/1/2025,106.299203,11.390678,65.42534223,65.42534223,65.42534223,65.42534223,65.42534223,65.42534223,65.42534223,65.42534223,65.42534223,65.42534223,65.42534223,65.42534223,65.42534223,65.42534223,65.42534223,65.42534223,65.42534223,65.42534223,65.42534223,65.42534223,65.42534223,65.42534223,65.42534223,65.42534223
DATI3,7/1/2025,106.299203,11.390678,44.96155167,44.96155167,44.96155167,44.96155167,44.96155167,44.96155167,44.96155167,44.96155167,44.96155167,44.96155167,44.96155167,44.96155167,44.96155167,44.96155167,44.96155167,44.96155167,44.96155167,44.96155167,44.96155167,44.96155167,44.96155167,44.96155167,44.96155167,44.96155167
DATI4,1/1/2025,106.33361,11.338717,71.06071797,71.06071797,71.06071797,71.06071797,71.06071797,71.06071797,71.06071797,71.06071797,71.06071797,71.06071797,71.06071797,71.06071797,71.06071797,71.06071797,71.06071797,71.06071797,71.06071797,71.06071797,71.06071797,71.06071797,71.06071797,71.06071797,71.06071797,71.06071797
DATI4,2/1/2025,106.33361,11.338717,6.706488497,6.706488497,6.706488497,6.706488497,6.706488497,6.706488497,6.706488497,6.706488497,6.706488497,6.706488497,6.706488497,6.706488497,6.706488497,6.706488497,6.706488497,6.706488497,6.706488497,6.706488497,6.706488497,6.706488497,6.706488497,6.706488497,6.706488497,6.706488497
DATI4,3/1/2025,106.33361,11.338717,5.267478941,5.267478941,5.267478941,5.267478941,5.267478941,5.267478941,5.267478941,5.267478941,5.267478941,5.267478941,5.267478941,5.267478941,5.267478941,5.267478941,5.267478941,5.267478941,5.267478941,5.267478941,5.267478941,5.267478941,5.267478941,5.267478941,5.267478941,5.267478941
DATI4,4/1/2025,106.33361,11.338717,34.57234003,34.57234003,34.57234003,34.57234003,34.57234003,34.57234003,34.57234003,34.57234003,34.57234003,34.57234003,34.57234003,34.57234003,34.57234003,34.57234003,34.57234003,34.57234003,34.57234003,34.57234003,34.57234003,34.57234003,34.57234003,34.57234003,34.57234003,34.57234003
DATI4,5/1/2025,106.33361,11.338717,35.7484419,35.7484419,35.7484419,35.7484419,35.7484419,35.7484419,35.7484419,35.7484419,35.7484419,35.7484419,35.7484419,35.7484419,35.7484419,35.7484419,35.7484419,35.7484419,35.7484419,35.7484419,35.7484419,35.7484419,35.7484419,35.7484419,35.7484419,35.7484419
DATI4,6/1/2025,106.33361,11.338717,63.81183858,63.81183858,63.81183858,63.81183858,63.81183858,63.81183858,63.81183858,63.81183858,63.81183858,63.81183858,63.81183858,63.81183858,63.81183858,63.81183858,63.81183858,63.81183858,63.81183858,63.81183858,63.81183858,63.81183858,63.81183858,63.81183858,63.81183858,63.81183858
DATI4,7/1/2025,106.33361,11.338717,37.56047618,37.56047618,37.56047618,37.56047618,37.56047618,37.56047618,37.56047618,37.56047618,37.56047618,37.56047618,37.56047618,37.56047618,37.56047618,37.56047618,37.56047618,37.56047618,37.56047618,37.56047618,37.56047618,37.56047618,37.56047618,37.56047618,37.56047618,37.56047618
DATI5,1/1/2025,106.424556,11.497803,37.08988614,37.08988614,37.08988614,37.08988614,37.08988614,37.08988614,37.08988614,37.08988614,37.08988614,37.08988614,37.08988614,37.08988614,37.08988614,37.08988614,37.08988614,37.08988614,37.08988614,37.08988614,37.08988614,37.08988614,37.08988614,37.08988614,37.08988614,37.08988614
DATI5,2/1/2025,106.424556,11.497803,6.521500371,6.521500371,6.521500371,6.521500371,6.521500371,6.521500371,6.521500371,6.521500371,6.521500371,6.521500371,6.521500371,6.521500371,6.521500371,6.521500371,6.521500371,6.521500371,6.521500371,6.521500371,6.521500371,6.521500371,6.521500371,6.521500371,6.521500371,6.521500371
DATI5,3/1/2025,106.424556,11.497803,4.407278743,4.407278743,4.407278743,4.407278743,4.407278743,4.407278743,4.407278743,4.407278743,4.407278743,4.407278743,4.407278743,4.407278743,4.407278743,4.407278743,4.407278743,4.407278743,4.407278743,4.407278743,4.407278743,4.407278743,4.407278743,4.407278743,4.407278743,4.407278743
DATI5,4/1/2025,106.424556,11.497803,64.21878137,64.21878137,64.21878137,64.21878137,64.21878137,64.21878137,64.21878137,64.21878137,64.21878137,64.21878137,64.21878137,64.21878137,64.21878137,64.21878137,64.21878137,64.21878137,64.21878137,64.21878137,64.21878137,64.21878137,64.21878137,64.21878137,64.21878137,64.21878137
DATI5,5/1/2025,106.424556,11.497803,53.30843802,53.30843802,53.30843802,53.30843802,53.30843802,53.30843802,53.30843802,53.30843802,53.30843802,53.30843802,53.30843802,53.30843802,53.30843802,53.30843802,53.30843802,53.30843802,53.30843802,53.30843802,53.30843802,53.30843802,53.30843802,53.30843802,53.30843802,53.30843802
DATI5,6/1/2025,106.424556,11.497803,52.43875851,52.43875851,52.43875851,52.43875851,52.43875851,52.43875851,52.43875851,52.43875851,52.43875851,52.43875851,52.43875851,52.43875851,52.43875851,52.43875851,52.43875851,52.43875851,52.43875851,52.43875851,52.43875851,52.43875851,52.43875851,52.43875851,52.43875851,52.43875851
DATI5,7/1/2025,106.424556,11.497803,57.14346696,57.14346696,57.14346696,57.14346696,57.14346696,57.14346696,57.14346696,57.14346696,57.14346696,57.14346696,57.14346696,57.14346696,57.14346696,57.14346696,57.14346696,57.14346696,57.14346696,57.14346696,57.14346696,57.14346696,57.14346696,57.14346696,57.14346696,57.14346696
DATI6,1/1/2025,106.363289,11.475936,3.960445159,3.960445159,3.960445159,3.960445159,3.960445159,3.960445159,3.960445159,3.960445159,3.960445159,3.960445159,3.960445159,3.960445159,3.960445159,3.960445159,3.960445159,3.960445159,3.960445159,3.960445159,3.960445159,3.960445159,3.960445159,3.960445159,3.960445159,3.960445159
DATI6,2/1/2025,106.363289,11.475936,4.59939483,4.59939483,4.59939483,4.59939483,4.59939483,4.59939483,4.59939483,4.59939483,4.59939483,4.59939483,4.59939483,4.59939483,4.59939483,4.59939483,4.59939483,4.59939483,4.59939483,4.59939483,4.59939483,4.59939483,4.59939483,4.59939483,4.59939483,4.59939483
DATI6,3/1/2025,106.363289,11.475936,6.453882711,6.453882711,6.453882711,6.453882711,6.453882711,6.453882711,6.453882711,6.453882711,6.453882711,6.453882711,6.453882711,6.453882711,6.453882711,6.453882711,6.453882711,6.453882711,6.453882711,6.453882711,6.453882711,6.453882711,6.453882711,6.453882711,6.453882711,6.453882711
DATI6,4/1/2025,106.363289,11.475936,63.59246512,63.59246512,63.59246512,63.59246512,63.59246512,63.59246512,63.59246512,63.59246512,63.59246512,63.59246512,63.59246512,63.59246512,63.59246512,63.59246512,63.59246512,63.59246512,63.59246512,63.59246512,63.59246512,63.59246512,63.59246512,63.59246512,63.59246512,63.59246512
DATI6,5/1/2025,106.363289,11.475936,66.8016809,66.8016809,66.8016809,66.8016809,66.8016809,66.8016809,66.8016809,66.8016809,66.8016809,66.8016809,66.8016809,66.8016809,66.8016809,66.8016809,66.8016809,66.8016809,66.8016809,66.8016809,66.8016809,66.8016809,66.8016809,66.8016809,66.8016809,66.8016809
DATI6,6/1/2025,106.363289,11.475936,55.66811852,55.66811852,55.66811852,55.66811852,55.66811852,55.66811852,55.66811852,55.66811852,55.66811852,55.66811852,55.66811852,55.66811852,55.66811852,55.66811852,55.66811852,55.66811852,55.66811852,55.66811852,55.66811852,55.66811852,55.66811852,55.66811852,55.66811852,55.66811852
DATI6,7/1/2025,106.363289,11.475936,55.08561526,55.08561526,55.08561526,55.08561526,55.08561526,55.08561526,55.08561526,55.08561526,55.08561526,55.08561526,55.08561526,55.08561526,55.08561526,55.08561526,55.08561526,55.08561526,55.08561526,55.08561526,55.08561526,55.08561526,55.08561526,55.08561526,55.08561526,55.08561526
DATI7,1/1/2025,106.339558,11.321814,65.99930571,65.99930571,65.99930571,65.99930571,65.99930571,65.99930571,65.99930571,65.99930571,65.99930571,65.99930571,65.99930571,65.99930571,65.99930571,65.99930571,65.99930571,65.99930571,65.99930571,65.99930571,65.99930571,65.99930571,65.99930571,65.99930571,65.99930571,65.99930571
DATI7,2/1/2025,106.339558,11.321814,5.053498821,5.053498821,5.053498821,5.053498821,5.053498821,5.053498821,5.053498821,5.053498821,5.053498821,5.053498821,5.053498821,5.053498821,5.053498821,5.053498821,5.053498821,5.053498821,5.053498821,5.053498821,5.053498821,5.053498821,5.053498821,5.053498821,5.053498821,5.053498821
DATI7,3/1/2025,106.339558,11.321814,5.677792539,5.677792539,5.677792539,5.677792539,5.677792539,5.677792539,5.677792539,5.677792539,5.677792539,5.677792539,5.677792539,5.677792539,5.677792539,5.677792539,5.677792539,5.677792539,5.677792539,5.677792539,5.677792539,5.677792539,5.677792539,5.677792539,5.677792539,5.677792539
DATI7,4/1/2025,106.339558,11.321814,53.85918343,53.85918343,53.85918343,53.85918343,53.85918343,53.85918343,53.85918343,53.85918343,53.85918343,53.85918343,53.85918343,53.85918343,53.85918343,53.85918343,53.85918343,53.85918343,53.85918343,53.85918343,53.85918343,53.85918343,53.85918343,53.85918343,53.85918343,53.85918343
DATI7,5/1/2025,106.339558,11.321814,65.28469756,65.28469756,65.28469756,65.28469756,65.28469756,65.28469756,65.28469756,65.28469756,65.28469756,65.28469756,65.28469756,65.28469756,65.28469756,65.28469756,65.28469756,65.28469756,65.28469756,65.28469756,65.28469756,65.28469756,65.28469756,65.28469756,65.28469756,65.28469756
DATI7,6/1/2025,106.339558,11.321814,53.47663647,53.47663647,53.47663647,53.47663647,53.47663647,53.47663647,53.47663647,53.47663647,53.47663647,53.47663647,53.47663647,53.47663647,53.47663647,53.47663647,53.47663647,53.47663647,53.47663647,53.47663647,53.47663647,53.47663647,53.47663647,53.47663647,53.47663647,53.47663647
DATI7,7/1/2025,106.339558,11.321814,44.27538479,44.27538479,44.27538479,44.27538479,44.27538479,44.27538479,44.27538479,44.27538479,44.27538479,44.27538479,44.27538479,44.27538479,44.27538479,44.27538479,44.27538479,44.27538479,44.27538479,44.27538479,44.27538479,44.27538479,44.27538479,44.27538479,44.27538479,44.27538479
DATI8,1/1/2025,106.253806,11.372667,67.13936635,67.13936635,67.13936635,67.13936635,67.13936635,67.13936635,67.13936635,67.13936635,67.13936635,67.13936635,67.13936635,67.13936635,67.13936635,67.13936635,67.13936635,67.13936635,67.13936635,67.13936635,67.13936635,67.13936635,67.13936635,67.13936635,67.13936635,67.13936635
DATI8,2/1/2025,106.253806,11.372667,5.155277465,5.155277465,5.155277465,5.155277465,5.155277465,5.155277465,5.155277465,5.155277465,5.155277465,5.155277465,5.155277465,5.155277465,5.155277465,5.155277465,5.155277465,5.155277465,5.155277465,5.155277465,5.155277465,5.155277465,5.155277465,5.155277465,5.155277465,5.155277465
DATI8,3/1/2025,106.253806,11.372667,5.337160151,5.337160151,5.337160151,5.337160151,5.337160151,5.337160151,5.337160151,5.337160151,5.337160151,5.337160151,5.337160151,5.337160151,5.337160151,5.337160151,5.337160151,5.337160151,5.337160151,5.337160151,5.337160151,5.337160151,5.337160151,5.337160151,5.337160151,5.337160151
DATI8,4/1/2025,106.253806,11.372667,66.17728565,66.17728565,66.17728565,66.17728565,66.17728565,66.17728565,66.17728565,66.17728565,66.17728565,66.17728565,66.17728565,66.17728565,66.17728565,66.17728565,66.17728565,66.17728565,66.17728565,66.17728565,66.17728565,66.17728565,66.17728565,66.17728565,66.17728565,66.17728565
DATI8,5/1/2025,106.253806,11.372667,43.9194242,43.9194242,43.9194242,43.9194242,43.9194242,43.9194242,43.9194242,43.9194242,43.9194242,43.9194242,43.9194242,43.9194242,43.9194242,43.9194242,43.9194242,43.9194242,43.9194242,43.9194242,43.9194242,43.9194242,43.9194242,43.9194242,43.9194242,43.9194242
DATI8,6/1/2025,106.253806,11.372667,54.11295377,54.11295377,54.11295377,54.11295377,54.11295377,54.11295377,54.11295377,54.11295377,54.11295377,54.11295377,54.11295377,54.11295377,54.11295377,54.11295377,54.11295377,54.11295377,54.11295377,54.11295377,54.11295377,54.11295377,54.11295377,54.11295377,54.11295377,54.11295377
DATI8,7/1/2025,106.253806,11.372667,65.61410734,65.61410734,65.61410734,65.61410734,65.61410734,65.61410734,65.61410734,65.61410734,65.61410734,65.61410734,65.61410734,65.61410734,65.61410734,65.61410734,65.61410734,65.61410734,65.61410734,65.61410734,65.61410734,65.61410734,65.61410734,65.61410734,65.61410734,65.61410734
DATI9,1/1/2025,106.221889,11.436608,34.57076303,34.57076303,34.57076303,34.57076303,34.57076303,34.57076303,34.57076303,34.57076303,34.57076303,34.57076303,34.57076303,34.57076303,34.57076303,34.57076303,34.57076303,34.57076303,34.57076303,34.57076303,34.57076303,34.57076303,34.57076303,34.57076303,34.57076303,34.57076303
DATI9,2/1/2025,106.221889,11.436608,6.588724807,6.588724807,6.588724807,6.588724807,6.588724807,6.588724807,6.588724807,6.588724807,6.588724807,6.588724807,6.588724807,6.588724807,6.588724807,6.588724807,6.588724807,6.588724807,6.588724807,6.588724807,6.588724807,6.588724807,6.588724807,6.588724807,6.588724807,6.588724807
DATI9,3/1/2025,106.221889,11.436608,5.405668494,5.405668494,5.405668494,5.405668494,5.405668494,5.405668494,5.405668494,5.405668494,5.405668494,5.405668494,5.405668494,5.405668494,5.405668494,5.405668494,5.405668494,5.405668494,5.405668494,5.405668494,5.405668494,5.405668494,5.405668494,5.405668494,5.405668494,5.405668494
DATI9,4/1/2025,106.221889,11.436608,51.45227591,51.45227591,51.45227591,51.45227591,51.45227591,51.45227591,51.45227591,51.45227591,51.45227591,51.45227591,51.45227591,51.45227591,51.45227591,51.45227591,51.45227591,51.45227591,51.45227591,51.45227591,51.45227591,51.45227591,51.45227591,51.45227591,51.45227591,51.45227591
DATI9,5/1/2025,106.221889,11.436608,47.36011126,47.36011126,47.36011126,47.36011126,47.36011126,47.36011126,47.36011126,47.36011126,47.36011126,47.36011126,47.36011126,47.36011126,47.36011126,47.36011126,47.36011126,47.36011126,47.36011126,47.36011126,47.36011126,47.36011126,47.36011126,47.36011126,47.36011126,47.36011126
DATI9,6/1/2025,106.221889,11.436608,65.85485177,65.85485177,65.85485177,65.85485177,65.85485177,65.85485177,65.85485177,65.85485177,65.85485177,65.85485177,65.85485177,65.85485177,65.85485177,65.85485177,65.85485177,65.85485177,65.85485177,65.85485177,65.85485177,65.85485177,65.85485177,65.85485177,65.85485177,65.85485177
DATI9,7/1/2025,106.221889,11.436608,50.98783587,50.98783587,50.98783587,50.98783587,50.98783587,50.98783587,50.98783587,50.98783587,50.98783587,50.98783587,50.98783587,50.98783587,50.98783587,50.98783587,50.98783587,50.98783587,50.98783587,50.98783587,50.98783587,50.98783587,50.98783587,50.98783587,50.98783587,50.98783587
DT1,6/1/2024,106.254444,11.431361,64.33657127,64.33657127,64.33657127,64.33657127,64.33657127,64.33657127,64.33657127,64.33657127,64.33657127,64.33657127,64.33657127,64.33657127,64.33657127,64.33657127,64.33657127,64.33657127,64.33657127,64.33657127,64.33657127,64.33657127,64.33657127,64.33657127,64.33657127,64.33657127
DT1,7/1/2024,106.254444,11.431361,43.42104169,43.42104169,43.42104169,43.42104169,43.42104169,43.42104169,43.42104169,43.42104169,43.42104169,43.42104169,43.42104169,43.42104169,43.42104169,43.42104169,43.42104169,43.42104169,43.42104169,43.42104169,43.42104169,43.42104169,43.42104169,43.42104169,43.42104169,43.42104169
DT1,8/1/2024,106.254444,11.431361,52.5131674,52.5131674,52.5131674,52.5131674,52.5131674,52.5131674,52.5131674,52.5131674,52.5131674,52.5131674,52.5131674,52.5131674,52.5131674,52.5131674,52.5131674,52.5131674,52.5131674,52.5131674,52.5131674,52.5131674,52.5131674,52.5131674,52.5131674,52.5131674
DT1,9/1/2024,106.254444,11.431361,65.53890427,65.53890427,65.53890427,65.53890427,65.53890427,65.53890427,65.53890427,65.53890427,65.53890427,65.53890427,65.53890427,65.53890427,65.53890427,65.53890427,65.53890427,65.53890427,65.53890427,65.53890427,65.53890427,65.53890427,65.53890427,65.53890427,65.53890427,65.53890427
DT1,10/1/2024,106.254444,11.431361,66.15713178,66.15713178,66.15713178,66.15713178,66.15713178,66.15713178,66.15713178,66.15713178,66.15713178,66.15713178,66.15713178,66.15713178,66.15713178,66.15713178,66.15713178,66.15713178,66.15713178,66.15713178,66.15713178,66.15713178,66.15713178,66.15713178,66.15713178,66.15713178
DT1,11/1/2024,106.254444,11.431361,63.78626239,63.78626239,63.78626239,63.78626239,63.78626239,63.78626239,63.78626239,63.78626239,63.78626239,63.78626239,63.78626239,63.78626239,63.78626239,63.78626239,63.78626239,63.78626239,63.78626239,63.78626239,63.78626239,63.78626239,63.78626239,63.78626239,63.78626239,63.78626239
DT1,12/1/2024,106.254444,11.431361,62.73509766,62.73509766,62.73509766,62.73509766,62.73509766,62.73509766,62.73509766,62.73509766,62.73509766,62.73509766,62.73509766,62.73509766,62.73509766,62.73509766,62.73509766,62.73509766,62.73509766,62.73509766,62.73509766,62.73509766,62.73509766,62.73509766,62.73509766,62.73509766
DT1,1/1/2025,106.254444,11.431361,67.05621335,67.05621335,67.05621335,67.05621335,67.05621335,67.05621335,67.05621335,67.05621335,67.05621335,67.05621335,67.05621335,67.05621335,67.05621335,67.05621335,67.05621335,67.05621335,67.05621335,67.05621335,67.05621335,67.05621335,67.05621335,67.05621335,67.05621335,67.05621335
DT1,2/1/2025,106.254444,11.431361,43.61780969,43.61780969,43.61780969,43.61780969,43.61780969,43.61780969,43.61780969,43.61780969,43.61780969,43.61780969,43.61780969,43.61780969,43.61780969,43.61780969,43.61780969,43.61780969,43.61780969,43.61780969,43.61780969,43.61780969,43.61780969,43.61780969,43.61780969,43.61780969
DT1,3/1/2025,106.254444,11.431361,63.28038247,63.28038247,63.28038247,63.28038247,63.28038247,63.28038247,63.28038247,63.28038247,63.28038247,63.28038247,63.28038247,63.28038247,63.28038247,63.28038247,63.28038247,63.28038247,63.28038247,63.28038247,63.28038247,63.28038247,63.28038247,63.28038247,63.28038247,63.28038247
DT1,4/1/2025,106.254444,11.431361,62.43882759,62.43882759,62.43882759,62.43882759,62.43882759,62.43882759,62.43882759,62.43882759,62.43882759,62.43882759,62.43882759,62.43882759,62.43882759,62.43882759,62.43882759,62.43882759,62.43882759,62.43882759,62.43882759,62.43882759,62.43882759,62.43882759,62.43882759,62.43882759
DT1,5/1/2025,106.254444,11.431361,54.93238091,54.93238091,54.93238091,54.93238091,54.93238091,54.93238091,54.93238091,54.93238091,54.93238091,54.93238091,54.93238091,54.93238091,54.93238091,54.93238091,54.93238091,54.93238091,54.93238091,54.93238091,54.93238091,54.93238091,54.93238091,54.93238091,54.93238091,54.93238091
DT1,6/1/2025,106.254444,11.431361,56.63420382,56.63420382,56.63420382,56.63420382,56.63420382,56.63420382,56.63420382,56.63420382,56.63420382,56.63420382,56.63420382,56.63420382,56.63420382,56.63420382,56.63420382,56.63420382,56.63420382,56.63420382,56.63420382,56.63420382,56.63420382,56.63420382,56.63420382,56.63420382
DT1,7/1/2025,106.254444,11.431361,65.81501524,65.81501524,65.81501524,65.81501524,65.81501524,65.81501524,65.81501524,65.81501524,65.81501524,65.81501524,65.81501524,65.81501524,65.81501524,65.81501524,65.81501524,65.81501524,65.81501524,65.81501524,65.81501524,65.81501524,65.81501524,65.81501524,65.81501524,65.81501524
DT12,6/1/2024,106.116697,11.376806,50.00120349,50.00120349,50.00120349,50.00120349,50.00120349,50.00120349,50.00120349,50.00120349,50.00120349,50.00120349,50.00120349,50.00120349,50.00120349,50.00120349,50.00120349,50.00120349,50.00120349,50.00120349,50.00120349,50.00120349,50.00120349,50.00120349,50.00120349,50.00120349
DT12,7/1/2024,106.116697,11.376806,49.54727735,49.54727735,49.54727735,49.54727735,49.54727735,49.54727735,49.54727735,49.54727735,49.54727735,49.54727735,49.54727735,49.54727735,49.54727735,49.54727735,49.54727735,49.54727735,49.54727735,49.54727735,49.54727735,49.54727735,49.54727735,49.54727735,49.54727735,49.54727735
DT12,8/1/2024,106.116697,11.376806,63.77658272,63.77658272,63.77658272,63.77658272,63.77658272,63.77658272,63.77658272,63.77658272,63.77658272,63.77658272,63.77658272,63.77658272,63.77658272,63.77658272,63.77658272,63.77658272,63.77658272,63.77658272,63.77658272,63.77658272,63.77658272,63.77658272,63.77658272,63.77658272
DT12,9/1/2024,106.116697,11.376806,34.69291007,34.69291007,34.69291007,34.69291007,34.69291007,34.69291007,34.69291007,34.69291007,34.69291007,34.69291007,34.69291007,34.69291007,34.69291007,34.69291007,34.69291007,34.69291007,34.69291007,34.69291007,34.69291007,34.69291007,34.69291007,34.69291007,34.69291007,34.69291007
DT12,10/1/2024,106.116697,11.376806,36.41220628,36.41220628,36.41220628,36.41220628,36.41220628,36.41220628,36.41220628,36.41220628,36.41220628,36.41220628,36.41220628,36.41220628,36.41220628,36.41220628,36.41220628,36.41220628,36.41220628,36.41220628,36.41220628,36.41220628,36.41220628,36.41220628,36.41220628,36.41220628
DT12,11/1/2024,106.116697,11.376806,50.52079878,50.52079878,50.52079878,50.52079878,50.52079878,50.52079878,50.52079878,50.52079878,50.52079878,50.52079878,50.52079878,50.52079878,50.52079878,50.52079878,50.52079878,50.52079878,50.52079878,50.52079878,50.52079878,50.52079878,50.52079878,50.52079878,50.52079878,50.52079878
DT12,12/1/2024,106.116697,11.376806,51.17909346,51.17909346,51.17909346,51.17909346,51.17909346,51.17909346,51.17909346,51.17909346,51.17909346,51.17909346,51.17909346,51.17909346,51.17909346,51.17909346,51.17909346,51.17909346,51.17909346,51.17909346,51.17909346,51.17909346,51.17909346,51.17909346,51.17909346,51.17909346
DT12,1/1/2025,106.116697,11.376806,57.90895253,57.90895253,57.90895253,57.90895253,57.90895253,57.90895253,57.90895253,57.90895253,57.90895253,57.90895253,57.90895253,57.90895253,57.90895253,57.90895253,57.90895253,57.90895253,57.90895253,57.90895253,57.90895253,57.90895253,57.90895253,57.90895253,57.90895253,57.90895253
DT12,2/1/2025,106.116697,11.376806,62.50539473,62.50539473,62.50539473,62.50539473,62.50539473,62.50539473,62.50539473,62.50539473,62.50539473,62.50539473,62.50539473,62.50539473,62.50539473,62.50539473,62.50539473,62.50539473,62.50539473,62.50539473,62.50539473,62.50539473,62.50539473,62.50539473,62.50539473,62.50539473
DT12,3/1/2025,106.116697,11.376806,49.79219299,49.79219299,49.79219299,49.79219299,49.79219299,49.79219299,49.79219299,49.79219299,49.79219299,49.79219299,49.79219299,49.79219299,49.79219299,49.79219299,49.79219299,49.79219299,49.79219299,49.79219299,49.79219299,49.79219299,49.79219299,49.79219299,49.79219299,49.79219299
DT12,4/1/2025,106.116697,11.376806,51.48343482,51.48343482,51.48343482,51.48343482,51.48343482,51.48343482,51.48343482,51.48343482,51.48343482,51.48343482,51.48343482,51.48343482,51.48343482,51.48343482,51.48343482,51.48343482,51.48343482,51.48343482,51.48343482,51.48343482,51.48343482,51.48343482,51.48343482,51.48343482
DT12,5/1/2025,106.116697,11.376806,49.14561033,49.14561033,49.14561033,49.14561033,49.14561033,49.14561033,49.14561033,49.14561033,49.14561033,49.14561033,49.14561033,49.14561033,49.14561033,49.14561033,49.14561033,49.14561033,49.14561033,49.14561033,49.14561033,49.14561033,49.14561033,49.14561033,49.14561033,49.14561033
DT12,6/1/2025,106.116697,11.376806,61.92917023,61.92917023,61.92917023,61.92917023,61.92917023,61.92917023,61.92917023,61.92917023,61.92917023,61.92917023,61.92917023,61.92917023,61.92917023,61.92917023,61.92917023,61.92917023,61.92917023,61.92917023,61.92917023,61.92917023,61.92917023,61.92917023,61.92917023,61.92917023
DT12,7/1/2025,106.116697,11.376806,63.42803389,63.42803389,63.42803389,63.42803389,63.42803389,63.42803389,63.42803389,63.42803389,63.42803389,63.42803389,63.42803389,63.42803389,63.42803389,63.42803389,63.42803389,63.42803389,63.42803389,63.42803389,63.42803389,63.42803389,63.42803389,63.42803389,63.42803389,63.42803389
DT14,6/1/2024,106.091778,11.253583,34.16788981,34.16788981,34.16788981,34.16788981,34.16788981,34.16788981,34.16788981,34.16788981,34.16788981,34.16788981,34.16788981,34.16788981,34.16788981,34.16788981,34.16788981,34.16788981,34.16788981,34.16788981,34.16788981,34.16788981,34.16788981,34.16788981,34.16788981,34.16788981
DT14,7/1/2024,106.091778,11.253583,32.63919774,32.63919774,32.63919774,32.63919774,32.63919774,32.63919774,32.63919774,32.63919774,32.63919774,32.63919774,32.63919774,32.63919774,32.63919774,32.63919774,32.63919774,32.63919774,32.63919774,32.63919774,32.63919774,32.63919774,32.63919774,32.63919774,32.63919774,32.63919774
DT14,8/1/2024,106.091778,11.253583,33.43599119,33.43599119,33.43599119,33.43599119,33.43599119,33.43599119,33.43599119,33.43599119,33.43599119,33.43599119,33.43599119,33.43599119,33.43599119,33.43599119,33.43599119,33.43599119,33.43599119,33.43599119,33.43599119,33.43599119,33.43599119,33.43599119,33.43599119,33.43599119
DT14,9/1/2024,106.091778,11.253583,34.40729292,34.40729292,34.40729292,34.40729292,34.40729292,34.40729292,34.40729292,34.40729292,34.40729292,34.40729292,34.40729292,34.40729292,34.40729292,34.40729292,34.40729292,34.40729292,34.40729292,34.40729292,34.40729292,34.40729292,34.40729292,34.40729292,34.40729292,34.40729292
DT14,10/1/2024,106.091778,11.253583,53.67448395,53.67448395,53.67448395,53.67448395,53.67448395,53.67448395,53.67448395,53.67448395,53.67448395,53.67448395,53.67448395,53.67448395,53.67448395,53.67448395,53.67448395,53.67448395,53.67448395,53.67448395,53.67448395,53.67448395,53.67448395,53.67448395,53.67448395,53.67448395
DT14,11/1/2024,106.091778,11.253583,34.73465108,34.73465108,34.73465108,34.73465108,34.73465108,34.73465108,34.73465108,34.73465108,34.73465108,34.73465108,34.73465108,34.73465108,34.73465108,34.73465108,34.73465108,34.73465108,34.73465108,34.73465108,34.73465108,34.73465108,34.73465108,34.73465108,34.73465108,34.73465108
DT14,12/1/2024,106.091778,11.253583,35.37153776,35.37153776,35.37153776,35.37153776,35.37153776,35.37153776,35.37153776,35.37153776,35.37153776,35.37153776,35.37153776,35.37153776,35.37153776,35.37153776,35.37153776,35.37153776,35.37153776,35.37153776,35.37153776,35.37153776,35.37153776,35.37153776,35.37153776,35.37153776
DT14,1/1/2025,106.091778,11.253583,37.89950921,37.89950921,37.89950921,37.89950921,37.89950921,37.89950921,37.89950921,37.89950921,37.89950921,37.89950921,37.89950921,37.89950921,37.89950921,37.89950921,37.89950921,37.89950921,37.89950921,37.89950921,37.89950921,37.89950921,37.89950921,37.89950921,37.89950921,37.89950921
DT14,2/1/2025,106.091778,11.253583,63.77962216,63.77962216,63.77962216,63.77962216,63.77962216,63.77962216,63.77962216,63.77962216,63.77962216,63.77962216,63.77962216,63.77962216,63.77962216,63.77962216,63.77962216,63.77962216,63.77962216,63.77962216,63.77962216,63.77962216,63.77962216,63.77962216,63.77962216,63.77962216
DT14,3/1/2025,106.091778,11.253583,48.53374247,48.53374247,48.53374247,48.53374247,48.53374247,48.53374247,48.53374247,48.53374247,48.53374247,48.53374247,48.53374247,48.53374247,48.53374247,48.53374247,48.53374247,48.53374247,48.53374247,48.53374247,48.53374247,48.53374247,48.53374247,48.53374247,48.53374247,48.53374247
DT14,4/1/2025,106.091778,11.253583,39.22059247,39.22059247,39.22059247,39.22059247,39.22059247,39.22059247,39.22059247,39.22059247,39.22059247,39.22059247,39.22059247,39.22059247,39.22059247,39.22059247,39.22059247,39.22059247,39.22059247,39.22059247,39.22059247,39.22059247,39.22059247,39.22059247,39.22059247,39.22059247
DT14,5/1/2025,106.091778,11.253583,32.3495612,32.3495612,32.3495612,32.3495612,32.3495612,32.3495612,32.3495612,32.3495612,32.3495612,32.3495612,32.3495612,32.3495612,32.3495612,32.3495612,32.3495612,32.3495612,32.3495612,32.3495612,32.3495612,32.3495612,32.3495612,32.3495612,32.3495612,32.3495612
DT14,6/1/2025,106.091778,11.253583,67.14021926,67.14021926,67.14021926,67.14021926,67.14021926,67.14021926,67.14021926,67.14021926,67.14021926,67.14021926,67.14021926,67.14021926,67.14021926,67.14021926,67.14021926,67.14021926,67.14021926,67.14021926,67.14021926,67.14021926,67.14021926,67.14021926,67.14021926,67.14021926
DT14,7/1/2025,106.091778,11.253583,65.71076149,65.71076149,65.71076149,65.71076149,65.71076149,65.71076149,65.71076149,65.71076149,65.71076149,65.71076149,65.71076149,65.71076149,65.71076149,65.71076149,65.71076149,65.71076149,65.71076149,65.71076149,65.71076149,65.71076149,65.71076149,65.71076149,65.71076149,65.71076149
DT15,6/1/2024,106.643083,10.981639,49.27936248,49.27936248,49.27936248,49.27936248,49.27936248,49.27936248,49.27936248,49.27936248,49.27936248,49.27936248,49.27936248,49.27936248,49.27936248,49.27936248,49.27936248,49.27936248,49.27936248,49.27936248,49.27936248,49.27936248,49.27936248,49.27936248,49.27936248,49.27936248
DT15,7/1/2024,106.643083,10.981639,62.73163631,62.73163631,62.73163631,62.73163631,62.73163631,62.73163631,62.73163631,62.73163631,62.73163631,62.73163631,62.73163631,62.73163631,62.73163631,62.73163631,62.73163631,62.73163631,62.73163631,62.73163631,62.73163631,62.73163631,62.73163631,62.73163631,62.73163631,62.73163631
DT15,8/1/2024,106.643083,10.981639,63.33011324,63.33011324,63.33011324,63.33011324,63.33011324,63.33011324,63.33011324,63.33011324,63.33011324,63.33011324,63.33011324,63.33011324,63.33011324,63.33011324,63.33011324,63.33011324,63.33011324,63.33011324,63.33011324,63.33011324,63.33011324,63.33011324,63.33011324,63.33011324
DT15,9/1/2024,106.643083,10.981639,66.75041267,66.75041267,66.75041267,66.75041267,66.75041267,66.75041267,66.75041267,66.75041267,66.75041267,66.75041267,66.75041267,66.75041267,66.75041267,66.75041267,66.75041267,66.75041267,66.75041267,66.75041267,66.75041267,66.75041267,66.75041267,66.75041267,66.75041267,66.75041267
DT15,10/1/2024,106.643083,10.981639,52.598556,52.598556,52.598556,52.598556,52.598556,52.598556,52.598556,52.598556,52.598556,52.598556,52.598556,52.598556,52.598556,52.598556,52.598556,52.598556,52.598556,52.598556,52.598556,52.598556,52.598556,52.598556,52.598556,52.598556
DT15,11/1/2024,106.643083,10.981639,61.40367731,61.40367731,61.40367731,61.40367731,61.40367731,61.40367731,61.40367731,61.40367731,61.40367731,61.40367731,61.40367731,61.40367731,61.40367731,61.40367731,61.40367731,61.40367731,61.40367731,61.40367731,61.40367731,61.40367731,61.40367731,61.40367731,61.40367731,61.40367731
DT15,12/1/2024,106.643083,10.981639,44.64893925,44.64893925,44.64893925,44.64893925,44.64893925,44.64893925,44.64893925,44.64893925,44.64893925,44.64893925,44.64893925,44.64893925,44.64893925,44.64893925,44.64893925,44.64893925,44.64893925,44.64893925,44.64893925,44.64893925,44.64893925,44.64893925,44.64893925,44.64893925
DT15,1/1/2025,106.643083,10.981639,34.45258819,34.45258819,34.45258819,34.45258819,34.45258819,34.45258819,34.45258819,34.45258819,34.45258819,34.45258819,34.45258819,34.45258819,34.45258819,34.45258819,34.45258819,34.45258819,34.45258819,34.45258819,34.45258819,34.45258819,34.45258819,34.45258819,34.45258819,34.45258819
DT15,2/1/2025,106.643083,10.981639,31.60114724,31.60114724,31.60114724,31.60114724,31.60114724,31.60114724,31.60114724,31.60114724,31.60114724,31.60114724,31.60114724,31.60114724,31.60114724,31.60114724,31.60114724,31.60114724,31.60114724,31.60114724,31.60114724,31.60114724,31.60114724,31.60114724,31.60114724,31.60114724
DT15,3/1/2025,106.643083,10.981639,32.3266148,32.3266148,32.3266148,32.3266148,32.3266148,32.3266148,32.3266148,32.3266148,32.3266148,32.3266148,32.3266148,32.3266148,32.3266148,32.3266148,32.3266148,32.3266148,32.3266148,32.3266148,32.3266148,32.3266148,32.3266148,32.3266148,32.3266148,32.3266148
DT15,4/1/2025,106.643083,10.981639,33.81661794,33.81661794,33.81661794,33.81661794,33.81661794,33.81661794,33.81661794,33.81661794,33.81661794,33.81661794,33.81661794,33.81661794,33.81661794,33.81661794,33.81661794,33.81661794,33.81661794,33.81661794,33.81661794,33.81661794,33.81661794,33.81661794,33.81661794,33.81661794
DT15,5/1/2025,106.643083,10.981639,32.29268193,32.29268193,32.29268193,32.29268193,32.29268193,32.29268193,32.29268193,32.29268193,32.29268193,32.29268193,32.29268193,32.29268193,32.29268193,32.29268193,32.29268193,32.29268193,32.29268193,32.29268193,32.29268193,32.29268193,32.29268193,32.29268193,32.29268193,32.29268193
DT15,6/1/2025,106.643083,10.981639,33.20415172,33.20415172,33.20415172,33.20415172,33.20415172,33.20415172,33.20415172,33.20415172,33.20415172,33.20415172,33.20415172,33.20415172,33.20415172,33.20415172,33.20415172,33.20415172,33.20415172,33.20415172,33.20415172,33.20415172,33.20415172,33.20415172,33.20415172,33.20415172
DT15,7/1/2025,106.643083,10.981639,49.53087344,49.53087344,49.53087344,49.53087344,49.53087344,49.53087344,49.53087344,49.53087344,49.53087344,49.53087344,49.53087344,49.53087344,49.53087344,49.53087344,49.53087344,49.53087344,49.53087344,49.53087344,49.53087344,49.53087344,49.53087344,49.53087344,49.53087344,49.53087344
DT16,6/1/2024,106.648694,10.92,49.20025754,49.20025754,49.20025754,49.20025754,49.20025754,49.20025754,49.20025754,49.20025754,49.20025754,49.20025754,49.20025754,49.20025754,49.20025754,49.20025754,49.20025754,49.20025754,49.20025754,49.20025754,49.20025754,49.20025754,49.20025754,49.20025754,49.20025754,49.20025754
DT16,7/1/2024,106.648694,10.92,49.29133412,49.29133412,49.29133412,49.29133412,49.29133412,49.29133412,49.29133412,49.29133412,49.29133412,49.29133412,49.29133412,49.29133412,49.29133412,49.29133412,49.29133412,49.29133412,49.29133412,49.29133412,49.29133412,49.29133412,49.29133412,49.29133412,49.29133412,49.29133412
DT16,8/1/2024,106.648694,10.92,63.77671895,63.77671895,63.77671895,63.77671895,63.77671895,63.77671895,63.77671895,63.77671895,63.77671895,63.77671895,63.77671895,63.77671895,63.77671895,63.77671895,63.77671895,63.77671895,63.77671895,63.77671895,63.77671895,63.77671895,63.77671895,63.77671895,63.77671895,63.77671895
DT16,9/1/2024,106.648694,10.92,63.86092188,63.86092188,63.86092188,63.86092188,63.86092188,63.86092188,63.86092188,63.86092188,63.86092188,63.86092188,63.86092188,63.86092188,63.86092188,63.86092188,63.86092188,63.86092188,63.86092188,63.86092188,63.86092188,63.86092188,63.86092188,63.86092188,63.86092188,63.86092188
DT16,10/1/2024,106.648694,10.92,54.45508512,54.45508512,54.45508512,54.45508512,54.45508512,54.45508512,54.45508512,54.45508512,54.45508512,54.45508512,54.45508512,54.45508512,54.45508512,54.45508512,54.45508512,54.45508512,54.45508512,54.45508512,54.45508512,54.45508512,54.45508512,54.45508512,54.45508512,54.45508512
DT16,11/1/2024,106.648694,10.92,47.9164056,47.9164056,47.9164056,47.9164056,47.9164056,47.9164056,47.9164056,47.9164056,47.9164056,47.9164056,47.9164056,47.9164056,47.9164056,47.9164056,47.9164056,47.9164056,47.9164056,47.9164056,47.9164056,47.9164056,47.9164056,47.9164056,47.9164056,47.9164056
DT16,12/1/2024,106.648694,10.92,47.79258558,47.79258558,47.79258558,47.79258558,47.79258558,47.79258558,47.79258558,47.79258558,47.79258558,47.79258558,47.79258558,47.79258558,47.79258558,47.79258558,47.79258558,47.79258558,47.79258558,47.79258558,47.79258558,47.79258558,47.79258558,47.79258558,47.79258558,47.79258558
DT16,1/1/2025,106.648694,10.92,33.19157111,33.19157111,33.19157111,33.19157111,33.19157111,33.19157111,33.19157111,33.19157111,33.19157111,33.19157111,33.19157111,33.19157111,33.19157111,33.19157111,33.19157111,33.19157111,33.19157111,33.19157111,33.19157111,33.19157111,33.19157111,33.19157111,33.19157111,33.19157111
DT16,2/1/2025,106.648694,10.92,53.0433643,53.0433643,53.0433643,53.0433643,53.0433643,53.0433643,53.0433643,53.0433643,53.0433643,53.0433643,53.0433643,53.0433643,53.0433643,53.0433643,53.0433643,53.0433643,53.0433643,53.0433643,53.0433643,53.0433643,53.0433643,53.0433643,53.0433643,53.0433643
DT16,3/1/2025,106.648694,10.92,34.85334449,34.85334449,34.85334449,34.85334449,34.85334449,34.85334449,34.85334449,34.85334449,34.85334449,34.85334449,34.85334449,34.85334449,34.85334449,34.85334449,34.85334449,34.85334449,34.85334449,34.85334449,34.85334449,34.85334449,34.85334449,34.85334449,34.85334449,34.85334449
DT16,4/1/2025,106.648694,10.92,33.1965874,33.1965874,33.1965874,33.1965874,33.1965874,33.1965874,33.1965874,33.1965874,33.1965874,33.1965874,33.1965874,33.1965874,33.1965874,33.1965874,33.1965874,33.1965874,33.1965874,33.1965874,33.1965874,33.1965874,33.1965874,33.1965874,33.1965874,33.1965874
DT16,5/1/2025,106.648694,10.92,34.08817372,34.08817372,34.08817372,34.08817372,34.08817372,34.08817372,34.08817372,34.08817372,34.08817372,34.08817372,34.08817372,34.08817372,34.08817372,34.08817372,34.08817372,34.08817372,34.08817372,34.08817372,34.08817372,34.08817372,34.08817372,34.08817372,34.08817372,34.08817372
DT16,6/1/2025,106.648694,10.92,51.95574209,51.95574209,51.95574209,51.95574209,51.95574209,51.95574209,51.95574209,51.95574209,51.95574209,51.95574209,51.95574209,51.95574209,51.95574209,51.95574209,51.95574209,51.95574209,51.95574209,51.95574209,51.95574209,51.95574209,51.95574209,51.95574209,51.95574209,51.95574209
DT16,7/1/2025,106.648694,10.92,33.81270757,33.81270757,33.81270757,33.81270757,33.81270757,33.81270757,33.81270757,33.81270757,33.81270757,33.81270757,33.81270757,33.81270757,33.81270757,33.81270757,33.81270757,33.81270757,33.81270757,33.81270757,33.81270757,33.81270757,33.81270757,33.81270757,33.81270757,33.81270757
DT18,5/1/2024,106.475056,10.638444,64.4771355,64.4771355,64.4771355,64.4771355,64.4771355,64.4771355,64.4771355,64.4771355,64.4771355,64.4771355,64.4771355,64.4771355,64.4771355,64.4771355,64.4771355,64.4771355,64.4771355,64.4771355,64.4771355,64.4771355,64.4771355,64.4771355,64.4771355,64.4771355
DT18,6/1/2024,106.475056,10.638444,36.4846782,36.4846782,36.4846782,36.4846782,36.4846782,36.4846782,36.4846782,36.4846782,36.4846782,36.4846782,36.4846782,36.4846782,36.4846782,36.4846782,36.4846782,36.4846782,36.4846782,36.4846782,36.4846782,36.4846782,36.4846782,36.4846782,36.4846782,36.4846782
DT18,7/1/2024,106.475056,10.638444,65.36916286,65.36916286,65.36916286,65.36916286,65.36916286,65.36916286,65.36916286,65.36916286,65.36916286,65.36916286,65.36916286,65.36916286,65.36916286,65.36916286,65.36916286,65.36916286,65.36916286,65.36916286,65.36916286,65.36916286,65.36916286,65.36916286,65.36916286,65.36916286
DT18,8/1/2024,106.475056,10.638444,52.37460918,52.37460918,52.37460918,52.37460918,52.37460918,52.37460918,52.37460918,52.37460918,52.37460918,52.37460918,52.37460918,52.37460918,52.37460918,52.37460918,52.37460918,52.37460918,52.37460918,52.37460918,52.37460918,52.37460918,52.37460918,52.37460918,52.37460918,52.37460918
DT18,9/1/2024,106.475056,10.638444,53.37485783,53.37485783,53.37485783,53.37485783,53.37485783,53.37485783,53.37485783,53.37485783,53.37485783,53.37485783,53.37485783,53.37485783,53.37485783,53.37485783,53.37485783,53.37485783,53.37485783,53.37485783,53.37485783,53.37485783,53.37485783,53.37485783,53.37485783,53.37485783
DT18,10/1/2024,106.475056,10.638444,52.79827256,52.79827256,52.79827256,52.79827256,52.79827256,52.79827256,52.79827256,52.79827256,52.79827256,52.79827256,52.79827256,52.79827256,52.79827256,52.79827256,52.79827256,52.79827256,52.79827256,52.79827256,52.79827256,52.79827256,52.79827256,52.79827256,52.79827256,52.79827256
DT18,11/1/2024,106.475056,10.638444,33.30824362,33.30824362,33.30824362,33.30824362,33.30824362,33.30824362,33.30824362,33.30824362,33.30824362,33.30824362,33.30824362,33.30824362,33.30824362,33.30824362,33.30824362,33.30824362,33.30824362,33.30824362,33.30824362,33.30824362,33.30824362,33.30824362,33.30824362,33.30824362
DT18,12/1/2024,106.475056,10.638444,36.48663861,36.48663861,36.48663861,36.48663861,36.48663861,36.48663861,36.48663861,36.48663861,36.48663861,36.48663861,36.48663861,36.48663861,36.48663861,36.48663861,36.48663861,36.48663861,36.48663861,36.48663861,36.48663861,36.48663861,36.48663861,36.48663861,36.48663861,36.48663861
DT18,1/1/2025,106.475056,10.638444,77.46439428,77.46439428,77.46439428,77.46439428,77.46439428,77.46439428,77.46439428,77.46439428,77.46439428,77.46439428,77.46439428,77.46439428,77.46439428,77.46439428,77.46439428,77.46439428,77.46439428,77.46439428,77.46439428,77.46439428,77.46439428,77.46439428,77.46439428,77.46439428
DT18,2/1/2025,106.475056,10.638444,48.3356268,48.3356268,48.3356268,48.3356268,48.3356268,48.3356268,48.3356268,48.3356268,48.3356268,48.3356268,48.3356268,48.3356268,48.3356268,48.3356268,48.3356268,48.3356268,48.3356268,48.3356268,48.3356268,48.3356268,48.3356268,48.3356268,48.3356268,48.3356268
DT18,3/1/2025,106.475056,10.638444,33.00700329,33.00700329,33.00700329,33.00700329,33.00700329,33.00700329,33.00700329,33.00700329,33.00700329,33.00700329,33.00700329,33.00700329,33.00700329,33.00700329,33.00700329,33.00700329,33.00700329,33.00700329,33.00700329,33.00700329,33.00700329,33.00700329,33.00700329,33.00700329
DT18,4/1/2025,106.475056,10.638444,47.77952492,47.77952492,47.77952492,47.77952492,47.77952492,47.77952492,47.77952492,47.77952492,47.77952492,47.77952492,47.77952492,47.77952492,47.77952492,47.77952492,47.77952492,47.77952492,47.77952492,47.77952492,47.77952492,47.77952492,47.77952492,47.77952492,47.77952492,47.77952492
DT18,5/1/2025,106.475056,10.638444,53.04403468,53.04403468,53.04403468,53.04403468,53.04403468,53.04403468,53.04403468,53.04403468,53.04403468,53.04403468,53.04403468,53.04403468,53.04403468,53.04403468,53.04403468,53.04403468,53.04403468,53.04403468,53.04403468,53.04403468,53.04403468,53.04403468,53.04403468,53.04403468
DT18,6/1/2025,106.475056,10.638444,31.61921992,31.61921992,31.61921992,31.61921992,31.61921992,31.61921992,31.61921992,31.61921992,31.61921992,31.61921992,31.61921992,31.61921992,31.61921992,31.61921992,31.61921992,31.61921992,31.61921992,31.61921992,31.61921992,31.61921992,31.61921992,31.61921992,31.61921992,31.61921992
DT18,7/1/2025,106.475056,10.638444,66.03113198,66.03113198,66.03113198,66.03113198,66.03113198,66.03113198,66.03113198,66.03113198,66.03113198,66.03113198,66.03113198,66.03113198,66.03113198,66.03113198,66.03113198,66.03113198,66.03113198,66.03113198,66.03113198,66.03113198,66.03113198,66.03113198,66.03113198,66.03113198
DT2,6/1/2024,106.413556,11.417944,51.51465466,51.51465466,51.51465466,51.51465466,51.51465466,51.51465466,51.51465466,51.51465466,51.51465466,51.51465466,51.51465466,51.51465466,51.51465466,51.51465466,51.51465466,51.51465466,51.51465466,51.51465466,51.51465466,51.51465466,51.51465466,51.51465466,51.51465466,51.51465466
DT2,7/1/2024,106.413556,11.417944,43.51090015,43.51090015,43.51090015,43.51090015,43.51090015,43.51090015,43.51090015,43.51090015,43.51090015,43.51090015,43.51090015,43.51090015,43.51090015,43.51090015,43.51090015,43.51090015,43.51090015,43.51090015,43.51090015,43.51090015,43.51090015,43.51090015,43.51090015,43.51090015
DT2,8/1/2024,106.413556,11.417944,64.69711323,64.69711323,64.69711323,64.69711323,64.69711323,64.69711323,64.69711323,64.69711323,64.69711323,64.69711323,64.69711323,64.69711323,64.69711323,64.69711323,64.69711323,64.69711323,64.69711323,64.69711323,64.69711323,64.69711323,64.69711323,64.69711323,64.69711323,64.69711323
DT2,9/1/2024,106.413556,11.417944,65.77664757,65.77664757,65.77664757,65.77664757,65.77664757,65.77664757,65.77664757,65.77664757,65.77664757,65.77664757,65.77664757,65.77664757,65.77664757,65.77664757,65.77664757,65.77664757,65.77664757,65.77664757,65.77664757,65.77664757,65.77664757,65.77664757,65.77664757,65.77664757
DT2,10/1/2024,106.413556,11.417944,56.40589151,56.40589151,56.40589151,56.40589151,56.40589151,56.40589151,56.40589151,56.40589151,56.40589151,56.40589151,56.40589151,56.40589151,56.40589151,56.40589151,56.40589151,56.40589151,56.40589151,56.40589151,56.40589151,56.40589151,56.40589151,56.40589151,56.40589151,56.40589151
DT2,11/1/2024,106.413556,11.417944,35.98694131,35.98694131,35.98694131,35.98694131,35.98694131,35.98694131,35.98694131,35.98694131,35.98694131,35.98694131,35.98694131,35.98694131,35.98694131,35.98694131,35.98694131,35.98694131,35.98694131,35.98694131,35.98694131,35.98694131,35.98694131,35.98694131,35.98694131,35.98694131
DT2,12/1/2024,106.413556,11.417944,54.01497397,54.01497397,54.01497397,54.01497397,54.01497397,54.01497397,54.01497397,54.01497397,54.01497397,54.01497397,54.01497397,54.01497397,54.01497397,54.01497397,54.01497397,54.01497397,54.01497397,54.01497397,54.01497397,54.01497397,54.01497397,54.01497397,54.01497397,54.01497397
DT2,1/1/2025,106.413556,11.417944,64.68018073,64.68018073,64.68018073,64.68018073,64.68018073,64.68018073,64.68018073,64.68018073,64.68018073,64.68018073,64.68018073,64.68018073,64.68018073,64.68018073,64.68018073,64.68018073,64.68018073,64.68018073,64.68018073,64.68018073,64.68018073,64.68018073,64.68018073,64.68018073
DT2,2/1/2025,106.413556,11.417944,43.25248349,43.25248349,43.25248349,43.25248349,43.25248349,43.25248349,43.25248349,43.25248349,43.25248349,43.25248349,43.25248349,43.25248349,43.25248349,43.25248349,43.25248349,43.25248349,43.25248349,43.25248349,43.25248349,43.25248349,43.25248349,43.25248349,43.25248349,43.25248349
DT2,3/1/2025,106.413556,11.417944,51.86755442,51.86755442,51.86755442,51.86755442,51.86755442,51.86755442,51.86755442,51.86755442,51.86755442,51.86755442,51.86755442,51.86755442,51.86755442,51.86755442,51.86755442,51.86755442,51.86755442,51.86755442,51.86755442,51.86755442,51.86755442,51.86755442,51.86755442,51.86755442
DT2,4/1/2025,106.413556,11.417944,61.00037419,61.00037419,61.00037419,61.00037419,61.00037419,61.00037419,61.00037419,61.00037419,61.00037419,61.00037419,61.00037419,61.00037419,61.00037419,61.00037419,61.00037419,61.00037419,61.00037419,61.00037419,61.00037419,61.00037419,61.00037419,61.00037419,61.00037419,61.00037419
DT2,5/1/2025,106.413556,11.417944,55.08739493,55.08739493,55.08739493,55.08739493,55.08739493,55.08739493,55.08739493,55.08739493,55.08739493,55.08739493,55.08739493,55.08739493,55.08739493,55.08739493,55.08739493,55.08739493,55.08739493,55.08739493,55.08739493,55.08739493,55.08739493,55.08739493,55.08739493,55.08739493
DT2,6/1/2025,106.413556,11.417944,45.84598197,45.84598197,45.84598197,45.84598197,45.84598197,45.84598197,45.84598197,45.84598197,45.84598197,45.84598197,45.84598197,45.84598197,45.84598197,45.84598197,45.84598197,45.84598197,45.84598197,45.84598197,45.84598197,45.84598197,45.84598197,45.84598197,45.84598197,45.84598197
DT2,7/1/2025,106.413556,11.417944,38.01666991,38.01666991,38.01666991,38.01666991,38.01666991,38.01666991,38.01666991,38.01666991,38.01666991,38.01666991,38.01666991,38.01666991,38.01666991,38.01666991,38.01666991,38.01666991,38.01666991,38.01666991,38.01666991,38.01666991,38.01666991,38.01666991,38.01666991,38.01666991
DT3,6/1/2024,106.345806,11.321361,64.56020181,64.56020181,64.56020181,64.56020181,64.56020181,64.56020181,64.56020181,64.56020181,64.56020181,64.56020181,64.56020181,64.56020181,64.56020181,64.56020181,64.56020181,64.56020181,64.56020181,64.56020181,64.56020181,64.56020181,64.56020181,64.56020181,64.56020181,64.56020181
DT3,7/1/2024,106.345806,11.321361,65.05505569,65.05505569,65.05505569,65.05505569,65.05505569,65.05505569,65.05505569,65.05505569,65.05505569,65.05505569,65.05505569,65.05505569,65.05505569,65.05505569,65.05505569,65.05505569,65.05505569,65.05505569,65.05505569,65.05505569,65.05505569,65.05505569,65.05505569,65.05505569
DT3,8/1/2024,106.345806,11.321361,64.93074771,64.93074771,64.93074771,64.93074771,64.93074771,64.93074771,64.93074771,64.93074771,64.93074771,64.93074771,64.93074771,64.93074771,64.93074771,64.93074771,64.93074771,64.93074771,64.93074771,64.93074771,64.93074771,64.93074771,64.93074771,64.93074771,64.93074771,64.93074771
DT3,9/1/2024,106.345806,11.321361,65.85042006,65.85042006,65.85042006,65.85042006,65.85042006,65.85042006,65.85042006,65.85042006,65.85042006,65.85042006,65.85042006,65.85042006,65.85042006,65.85042006,65.85042006,65.85042006,65.85042006,65.85042006,65.85042006,65.85042006,65.85042006,65.85042006,65.85042006,65.85042006
DT3,10/1/2024,106.345806,11.321361,54.07883637,54.07883637,54.07883637,54.07883637,54.07883637,54.07883637,54.07883637,54.07883637,54.07883637,54.07883637,54.07883637,54.07883637,54.07883637,54.07883637,54.07883637,54.07883637,54.07883637,54.07883637,54.07883637,54.07883637,54.07883637,54.07883637,54.07883637,54.07883637
DT3,11/1/2024,106.345806,11.321361,51.83227883,51.83227883,51.83227883,51.83227883,51.83227883,51.83227883,51.83227883,51.83227883,51.83227883,51.83227883,51.83227883,51.83227883,51.83227883,51.83227883,51.83227883,51.83227883,51.83227883,51.83227883,51.83227883,51.83227883,51.83227883,51.83227883,51.83227883,51.83227883
DT3,12/1/2024,106.345806,11.321361,50.89240564,50.89240564,50.89240564,50.89240564,50.89240564,50.89240564,50.89240564,50.89240564,50.89240564,50.89240564,50.89240564,50.89240564,50.89240564,50.89240564,50.89240564,50.89240564,50.89240564,50.89240564,50.89240564,50.89240564,50.89240564,50.89240564,50.89240564,50.89240564
DT3,1/1/2025,106.345806,11.321361,55.71527136,55.71527136,55.71527136,55.71527136,55.71527136,55.71527136,55.71527136,55.71527136,55.71527136,55.71527136,55.71527136,55.71527136,55.71527136,55.71527136,55.71527136,55.71527136,55.71527136,55.71527136,55.71527136,55.71527136,55.71527136,55.71527136,55.71527136,55.71527136
DT3,2/1/2025,106.345806,11.321361,50.8273157,50.8273157,50.8273157,50.8273157,50.8273157,50.8273157,50.8273157,50.8273157,50.8273157,50.8273157,50.8273157,50.8273157,50.8273157,50.8273157,50.8273157,50.8273157,50.8273157,50.8273157,50.8273157,50.8273157,50.8273157,50.8273157,50.8273157,50.8273157
DT3,3/1/2025,106.345806,11.321361,63.94687037,63.94687037,63.94687037,63.94687037,63.94687037,63.94687037,63.94687037,63.94687037,63.94687037,63.94687037,63.94687037,63.94687037,63.94687037,63.94687037,63.94687037,63.94687037,63.94687037,63.94687037,63.94687037,63.94687037,63.94687037,63.94687037,63.94687037,63.94687037
DT3,4/1/2025,106.345806,11.321361,51.03627425,51.03627425,51.03627425,51.03627425,51.03627425,51.03627425,51.03627425,51.03627425,51.03627425,51.03627425,51.03627425,51.03627425,51.03627425,51.03627425,51.03627425,51.03627425,51.03627425,51.03627425,51.03627425,51.03627425,51.03627425,51.03627425,51.03627425,51.03627425
DT3,5/1/2025,106.345806,11.321361,55.55194867,55.55194867,55.55194867,55.55194867,55.55194867,55.55194867,55.55194867,55.55194867,55.55194867,55.55194867,55.55194867,55.55194867,55.55194867,55.55194867,55.55194867,55.55194867,55.55194867,55.55194867,55.55194867,55.55194867,55.55194867,55.55194867,55.55194867,55.55194867
DT3,6/1/2025,106.345806,11.321361,59.844772,59.844772,59.844772,59.844772,59.844772,59.844772,59.844772,59.844772,59.844772,59.844772,59.844772,59.844772,59.844772,59.844772,59.844772,59.844772,59.844772,59.844772,59.844772,59.844772,59.844772,59.844772,59.844772,59.844772
DT3,7/1/2025,106.345806,11.321361,66.64923826,66.64923826,66.64923826,66.64923826,66.64923826,66.64923826,66.64923826,66.64923826,66.64923826,66.64923826,66.64923826,66.64923826,66.64923826,66.64923826,66.64923826,66.64923826,66.64923826,66.64923826,66.64923826,66.64923826,66.64923826,66.64923826,66.64923826,66.64923826
DT6,6/1/2024,106.078722,11.463556,50.76416658,50.76416658,50.76416658,50.76416658,50.76416658,50.76416658,50.76416658,50.76416658,50.76416658,50.76416658,50.76416658,50.76416658,50.76416658,50.76416658,50.76416658,50.76416658,50.76416658,50.76416658,50.76416658,50.76416658,50.76416658,50.76416658,50.76416658,50.76416658
DT6,7/1/2024,106.078722,11.463556,66.95045998,66.95045998,66.95045998,66.95045998,66.95045998,66.95045998,66.95045998,66.95045998,66.95045998,66.95045998,66.95045998,66.95045998,66.95045998,66.95045998,66.95045998,66.95045998,66.95045998,66.95045998,66.95045998,66.95045998,66.95045998,66.95045998,66.95045998,66.95045998
DT6,8/1/2024,106.078722,11.463556,64.75993404,64.75993404,64.75993404,64.75993404,64.75993404,64.75993404,64.75993404,64.75993404,64.75993404,64.75993404,64.75993404,64.75993404,64.75993404,64.75993404,64.75993404,64.75993404,64.75993404,64.75993404,64.75993404,64.75993404,64.75993404,64.75993404,64.75993404,64.75993404
DT6,9/1/2024,106.078722,11.463556,50.26870658,50.26870658,50.26870658,50.26870658,50.26870658,50.26870658,50.26870658,50.26870658,50.26870658,50.26870658,50.26870658,50.26870658,50.26870658,50.26870658,50.26870658,50.26870658,50.26870658,50.26870658,50.26870658,50.26870658,50.26870658,50.26870658,50.26870658,50.26870658
DT6,10/1/2024,106.078722,11.463556,59.18232231,59.18232231,59.18232231,59.18232231,59.18232231,59.18232231,59.18232231,59.18232231,59.18232231,59.18232231,59.18232231,59.18232231,59.18232231,59.18232231,59.18232231,59.18232231,59.18232231,59.18232231,59.18232231,59.18232231,59.18232231,59.18232231,59.18232231,59.18232231
DT6,11/1/2024,106.078722,11.463556,51.37787019,51.37787019,51.37787019,51.37787019,51.37787019,51.37787019,51.37787019,51.37787019,51.37787019,51.37787019,51.37787019,51.37787019,51.37787019,51.37787019,51.37787019,51.37787019,51.37787019,51.37787019,51.37787019,51.37787019,51.37787019,51.37787019,51.37787019,51.37787019
DT6,12/1/2024,106.078722,11.463556,63.24167161,63.24167161,63.24167161,63.24167161,63.24167161,63.24167161,63.24167161,63.24167161,63.24167161,63.24167161,63.24167161,63.24167161,63.24167161,63.24167161,63.24167161,63.24167161,63.24167161,63.24167161,63.24167161,63.24167161,63.24167161,63.24167161,63.24167161,63.24167161
DT6,1/1/2025,106.078722,11.463556,43.99004722,43.99004722,43.99004722,43.99004722,43.99004722,43.99004722,43.99004722,43.99004722,43.99004722,43.99004722,43.99004722,43.99004722,43.99004722,43.99004722,43.99004722,43.99004722,43.99004722,43.99004722,43.99004722,43.99004722,43.99004722,43.99004722,43.99004722,43.99004722
DT6,2/1/2025,106.078722,11.463556,64.02441903,64.02441903,64.02441903,64.02441903,64.02441903,64.02441903,64.02441903,64.02441903,64.02441903,64.02441903,64.02441903,64.02441903,64.02441903,64.02441903,64.02441903,64.02441903,64.02441903,64.02441903,64.02441903,64.02441903,64.02441903,64.02441903,64.02441903,64.02441903
DT6,3/1/2025,106.078722,11.463556,51.64288503,51.64288503,51.64288503,51.64288503,51.64288503,51.64288503,51.64288503,51.64288503,51.64288503,51.64288503,51.64288503,51.64288503,51.64288503,51.64288503,51.64288503,51.64288503,51.64288503,51.64288503,51.64288503,51.64288503,51.64288503,51.64288503,51.64288503,51.64288503
DT6,4/1/2025,106.078722,11.463556,62.84270189,62.84270189,62.84270189,62.84270189,62.84270189,62.84270189,62.84270189,62.84270189,62.84270189,62.84270189,62.84270189,62.84270189,62.84270189,62.84270189,62.84270189,62.84270189,62.84270189,62.84270189,62.84270189,62.84270189,62.84270189,62.84270189,62.84270189,62.84270189
DT6,5/1/2025,106.078722,11.463556,65.58177559,65.58177559,65.58177559,65.58177559,65.58177559,65.58177559,65.58177559,65.58177559,65.58177559,65.58177559,65.58177559,65.58177559,65.58177559,65.58177559,65.58177559,65.58177559,65.58177559,65.58177559,65.58177559,65.58177559,65.58177559,65.58177559,65.58177559,65.58177559
DT6,6/1/2025,106.078722,11.463556,62.68207455,62.68207455,62.68207455,62.68207455,62.68207455,62.68207455,62.68207455,62.68207455,62.68207455,62.68207455,62.68207455,62.68207455,62.68207455,62.68207455,62.68207455,62.68207455,62.68207455,62.68207455,62.68207455,62.68207455,62.68207455,62.68207455,62.68207455,62.68207455
DT6,7/1/2025,106.078722,11.463556,65.16801753,65.16801753,65.16801753,65.16801753,65.16801753,65.16801753,65.16801753,65.16801753,65.16801753,65.16801753,65.16801753,65.16801753,65.16801753,65.16801753,65.16801753,65.16801753,65.16801753,65.16801753,65.16801753,65.16801753,65.16801753,65.16801753,65.16801753,65.16801753
DT7,6/1/2024,106.172917,11.3225,50.63901084,50.63901084,50.63901084,50.63901084,50.63901084,50.63901084,50.63901084,50.63901084,50.63901084,50.63901084,50.63901084,50.63901084,50.63901084,50.63901084,50.63901084,50.63901084,50.63901084,50.63901084,50.63901084,50.63901084,50.63901084,50.63901084,50.63901084,50.63901084
DT7,7/1/2024,106.172917,11.3225,51.47918435,51.47918435,51.47918435,51.47918435,51.47918435,51.47918435,51.47918435,51.47918435,51.47918435,51.47918435,51.47918435,51.47918435,51.47918435,51.47918435,51.47918435,51.47918435,51.47918435,51.47918435,51.47918435,51.47918435,51.47918435,51.47918435,51.47918435,51.47918435
DT7,8/1/2024,106.172917,11.3225,53.03707901,53.03707901,53.03707901,53.03707901,53.03707901,53.03707901,53.03707901,53.03707901,53.03707901,53.03707901,53.03707901,53.03707901,53.03707901,53.03707901,53.03707901,53.03707901,53.03707901,53.03707901,53.03707901,53.03707901,53.03707901,53.03707901,53.03707901,53.03707901
DT7,9/1/2024,106.172917,11.3225,52.14696605,52.14696605,52.14696605,52.14696605,52.14696605,52.14696605,52.14696605,52.14696605,52.14696605,52.14696605,52.14696605,52.14696605,52.14696605,52.14696605,52.14696605,52.14696605,52.14696605,52.14696605,52.14696605,52.14696605,52.14696605,52.14696605,52.14696605,52.14696605
DT7,10/1/2024,106.172917,11.3225,54.74651207,54.74651207,54.74651207,54.74651207,54.74651207,54.74651207,54.74651207,54.74651207,54.74651207,54.74651207,54.74651207,54.74651207,54.74651207,54.74651207,54.74651207,54.74651207,54.74651207,54.74651207,54.74651207,54.74651207,54.74651207,54.74651207,54.74651207,54.74651207
DT7,11/1/2024,106.172917,11.3225,50.38594062,50.38594062,50.38594062,50.38594062,50.38594062,50.38594062,50.38594062,50.38594062,50.38594062,50.38594062,50.38594062,50.38594062,50.38594062,50.38594062,50.38594062,50.38594062,50.38594062,50.38594062,50.38594062,50.38594062,50.38594062,50.38594062,50.38594062,50.38594062
DT7,12/1/2024,106.172917,11.3225,48.18596731,48.18596731,48.18596731,48.18596731,48.18596731,48.18596731,48.18596731,48.18596731,48.18596731,48.18596731,48.18596731,48.18596731,48.18596731,48.18596731,48.18596731,48.18596731,48.18596731,48.18596731,48.18596731,48.18596731,48.18596731,48.18596731,48.18596731,48.18596731
DT7,1/1/2025,106.172917,11.3225,61.96559026,61.96559026,61.96559026,61.96559026,61.96559026,61.96559026,61.96559026,61.96559026,61.96559026,61.96559026,61.96559026,61.96559026,61.96559026,61.96559026,61.96559026,61.96559026,61.96559026,61.96559026,61.96559026,61.96559026,61.96559026,61.96559026,61.96559026,61.96559026
DT7,2/1/2025,106.172917,11.3225,64.96810249,64.96810249,64.96810249,64.96810249,64.96810249,64.96810249,64.96810249,64.96810249,64.96810249,64.96810249,64.96810249,64.96810249,64.96810249,64.96810249,64.96810249,64.96810249,64.96810249,64.96810249,64.96810249,64.96810249,64.96810249,64.96810249,64.96810249,64.96810249
DT7,3/1/2025,106.172917,11.3225,52.80472286,52.80472286,52.80472286,52.80472286,52.80472286,52.80472286,52.80472286,52.80472286,52.80472286,52.80472286,52.80472286,52.80472286,52.80472286,52.80472286,52.80472286,52.80472286,52.80472286,52.80472286,52.80472286,52.80472286,52.80472286,52.80472286,52.80472286,52.80472286
DT7,4/1/2025,106.172917,11.3225,44.04966446,44.04966446,44.04966446,44.04966446,44.04966446,44.04966446,44.04966446,44.04966446,44.04966446,44.04966446,44.04966446,44.04966446,44.04966446,44.04966446,44.04966446,44.04966446,44.04966446,44.04966446,44.04966446,44.04966446,44.04966446,44.04966446,44.04966446,44.04966446
DT7,5/1/2025,106.172917,11.3225,51.76391803,51.76391803,51.76391803,51.76391803,51.76391803,51.76391803,51.76391803,51.76391803,51.76391803,51.76391803,51.76391803,51.76391803,51.76391803,51.76391803,51.76391803,51.76391803,51.76391803,51.76391803,51.76391803,51.76391803,51.76391803,51.76391803,51.76391803,51.76391803
DT7,6/1/2025,106.172917,11.3225,65.02762805,65.02762805,65.02762805,65.02762805,65.02762805,65.02762805,65.02762805,65.02762805,65.02762805,65.02762805,65.02762805,65.02762805,65.02762805,65.02762805,65.02762805,65.02762805,65.02762805,65.02762805,65.02762805,65.02762805,65.02762805,65.02762805,65.02762805,65.02762805
DT7,7/1/2025,106.172917,11.3225,38.25240123,38.25240123,38.25240123,38.25240123,38.25240123,38.25240123,38.25240123,38.25240123,38.25240123,38.25240123,38.25240123,38.25240123,38.25240123,38.25240123,38.25240123,38.25240123,38.25240123,38.25240123,38.25240123,38.25240123,38.25240123,38.25240123,38.25240123,38.25240123
DT9,6/1/2024,106.328167,11.189583,66.3642597,66.3642597,66.3642597,66.3642597,66.3642597,66.3642597,66.3642597,66.3642597,66.3642597,66.3642597,66.3642597,66.3642597,66.3642597,66.3642597,66.3642597,66.3642597,66.3642597,66.3642597,66.3642597,66.3642597,66.3642597,66.3642597,66.3642597,66.3642597
DT9,7/1/2024,106.328167,11.189583,64.78189059,64.78189059,64.78189059,64.78189059,64.78189059,64.78189059,64.78189059,64.78189059,64.78189059,64.78189059,64.78189059,64.78189059,64.78189059,64.78189059,64.78189059,64.78189059,64.78189059,64.78189059,64.78189059,64.78189059,64.78189059,64.78189059,64.78189059,64.78189059
DT9,8/1/2024,106.328167,11.189583,35.95046172,35.95046172,35.95046172,35.95046172,35.95046172,35.95046172,35.95046172,35.95046172,35.95046172,35.95046172,35.95046172,35.95046172,35.95046172,35.95046172,35.95046172,35.95046172,35.95046172,35.95046172,35.95046172,35.95046172,35.95046172,35.95046172,35.95046172,35.95046172
DT9,9/1/2024,106.328167,11.189583,64.97400414,64.97400414,64.97400414,64.97400414,64.97400414,64.97400414,64.97400414,64.97400414,64.97400414,64.97400414,64.97400414,64.97400414,64.97400414,64.97400414,64.97400414,64.97400414,64.97400414,64.97400414,64.97400414,64.97400414,64.97400414,64.97400414,64.97400414,64.97400414
DT9,10/1/2024,106.328167,11.189583,53.28331783,53.28331783,53.28331783,53.28331783,53.28331783,53.28331783,53.28331783,53.28331783,53.28331783,53.28331783,53.28331783,53.28331783,53.28331783,53.28331783,53.28331783,53.28331783,53.28331783,53.28331783,53.28331783,53.28331783,53.28331783,53.28331783,53.28331783,53.28331783
DT9,11/1/2024,106.328167,11.189583,64.00040716,64.00040716,64.00040716,64.00040716,64.00040716,64.00040716,64.00040716,64.00040716,64.00040716,64.00040716,64.00040716,64.00040716,64.00040716,64.00040716,64.00040716,64.00040716,64.00040716,64.00040716,64.00040716,64.00040716,64.00040716,64.00040716,64.00040716,64.00040716
DT9,12/1/2024,106.328167,11.189583,51.59056534,51.59056534,51.59056534,51.59056534,51.59056534,51.59056534,51.59056534,51.59056534,51.59056534,51.59056534,51.59056534,51.59056534,51.59056534,51.59056534,51.59056534,51.59056534,51.59056534,51.59056534,51.59056534,51.59056534,51.59056534,51.59056534,51.59056534,51.59056534
DT9,1/1/2025,106.328167,11.189583,54.41102497,54.41102497,54.41102497,54.41102497,54.41102497,54.41102497,54.41102497,54.41102497,54.41102497,54.41102497,54.41102497,54.41102497,54.41102497,54.41102497,54.41102497,54.41102497,54.41102497,54.41102497,54.41102497,54.41102497,54.41102497,54.41102497,54.41102497,54.41102497
DT9,2/1/2025,106.328167,11.189583,64.53786667,64.53786667,64.53786667,64.53786667,64.53786667,64.53786667,64.53786667,64.53786667,64.53786667,64.53786667,64.53786667,64.53786667,64.53786667,64.53786667,64.53786667,64.53786667,64.53786667,64.53786667,64.53786667,64.53786667,64.53786667,64.53786667,64.53786667,64.53786667
DT9,3/1/2025,106.328167,11.189583,50.30241291,50.30241291,50.30241291,50.30241291,50.30241291,50.30241291,50.30241291,50.30241291,50.30241291,50.30241291,50.30241291,50.30241291,50.30241291,50.30241291,50.30241291,50.30241291,50.30241291,50.30241291,50.30241291,50.30241291,50.30241291,50.30241291,50.30241291,50.30241291
DT9,4/1/2025,106.328167,11.189583,38.44158274,38.44158274,38.44158274,38.44158274,38.44158274,38.44158274,38.44158274,38.44158274,38.44158274,38.44158274,38.44158274,38.44158274,38.44158274,38.44158274,38.44158274,38.44158274,38.44158274,38.44158274,38.44158274,38.44158274,38.44158274,38.44158274,38.44158274,38.44158274
DT9,5/1/2025,106.328167,11.189583,51.61158356,51.61158356,51.61158356,51.61158356,51.61158356,51.61158356,51.61158356,51.61158356,51.61158356,51.61158356,51.61158356,51.61158356,51.61158356,51.61158356,51.61158356,51.61158356,51.61158356,51.61158356,51.61158356,51.61158356,51.61158356,51.61158356,51.61158356,51.61158356
DT9,6/1/2025,106.328167,11.189583,37.59153789,37.59153789,37.59153789,37.59153789,37.59153789,37.59153789,37.59153789,37.59153789,37.59153789,37.59153789,37.59153789,37.59153789,37.59153789,37.59153789,37.59153789,37.59153789,37.59153789,37.59153789,37.59153789,37.59153789,37.59153789,37.59153789,37.59153789,37.59153789
DT9,7/1/2025,106.328167,11.189583,54.0950676,54.0950676,54.0950676,54.0950676,54.0950676,54.0950676,54.0950676,54.0950676,54.0950676,54.0950676,54.0950676,54.0950676,54.0950676,54.0950676,54.0950676,54.0950676,54.0950676,54.0950676,54.0950676,54.0950676,54.0950676,54.0950676,54.0950676,54.0950676
M1-L,12/1/2024,106.617222,10.99,64.55246044,64.55246044,64.55246044,64.55246044,64.55246044,64.55246044,64.55246044,64.55246044,64.55246044,64.55246044,64.55246044,64.55246044,64.55246044,64.55246044,64.55246044,64.55246044,64.55246044,64.55246044,64.55246044,64.55246044,64.55246044,64.55246044,64.55246044,64.55246044
M1-L,1/1/2025,106.617222,10.99,63.74729332,63.74729332,63.74729332,63.74729332,63.74729332,63.74729332,63.74729332,63.74729332,63.74729332,63.74729332,63.74729332,63.74729332,63.74729332,63.74729332,63.74729332,63.74729332,63.74729332,63.74729332,63.74729332,63.74729332,63.74729332,63.74729332,63.74729332,63.74729332
M1-L,2/1/2025,106.617222,10.99,63.12469501,63.12469501,63.12469501,63.12469501,63.12469501,63.12469501,63.12469501,63.12469501,63.12469501,63.12469501,63.12469501,63.12469501,63.12469501,63.12469501,63.12469501,63.12469501,63.12469501,63.12469501,63.12469501,63.12469501,63.12469501,63.12469501,63.12469501,63.12469501
M1-L,3/1/2025,106.617222,10.99,63.87488581,63.87488581,63.87488581,63.87488581,63.87488581,63.87488581,63.87488581,63.87488581,63.87488581,63.87488581,63.87488581,63.87488581,63.87488581,63.87488581,63.87488581,63.87488581,63.87488581,63.87488581,63.87488581,63.87488581,63.87488581,63.87488581,63.87488581,63.87488581
M1-L,4/1/2025,106.617222,10.99,53.43428699,53.43428699,53.43428699,53.43428699,53.43428699,53.43428699,53.43428699,53.43428699,53.43428699,53.43428699,53.43428699,53.43428699,53.43428699,53.43428699,53.43428699,53.43428699,53.43428699,53.43428699,53.43428699,53.43428699,53.43428699,53.43428699,53.43428699,53.43428699
M1-L,5/1/2025,106.617222,10.99,49.82413652,49.82413652,49.82413652,49.82413652,49.82413652,49.82413652,49.82413652,49.82413652,49.82413652,49.82413652,49.82413652,49.82413652,49.82413652,49.82413652,49.82413652,49.82413652,49.82413652,49.82413652,49.82413652,49.82413652,49.82413652,49.82413652,49.82413652,49.82413652
M1-L,6/1/2025,106.617222,10.99,24.60240731,24.60240731,24.60240731,24.60240731,24.60240731,24.60240731,24.60240731,24.60240731,24.60240731,24.60240731,24.60240731,24.60240731,24.60240731,24.60240731,24.60240731,24.60240731,24.60240731,24.60240731,24.60240731,24.60240731,24.60240731,24.60240731,24.60240731,24.60240731
M1-L,7/1/2025,106.617222,10.99,53.13133827,53.13133827,53.13133827,53.13133827,53.13133827,53.13133827,53.13133827,53.13133827,53.13133827,53.13133827,53.13133827,53.13133827,53.13133827,53.13133827,53.13133827,53.13133827,53.13133827,53.13133827,53.13133827,53.13133827,53.13133827,53.13133827,53.13133827,53.13133827
M2-L,12/1/2024,106.65,10.096667,63.69220468,63.69220468,63.69220468,63.69220468,63.69220468,63.69220468,63.69220468,63.69220468,63.69220468,63.69220468,63.69220468,63.69220468,63.69220468,63.69220468,63.69220468,63.69220468,63.69220468,63.69220468,63.69220468,63.69220468,63.69220468,63.69220468,63.69220468,63.69220468
M2-L,1/1/2025,106.65,10.096667,52.7291056,52.7291056,52.7291056,52.7291056,52.7291056,52.7291056,52.7291056,52.7291056,52.7291056,52.7291056,52.7291056,52.7291056,52.7291056,52.7291056,52.7291056,52.7291056,52.7291056,52.7291056,52.7291056,52.7291056,52.7291056,52.7291056,52.7291056,52.7291056
M2-L,2/1/2025,106.65,10.096667,50.97125091,50.97125091,50.97125091,50.97125091,50.97125091,50.97125091,50.97125091,50.97125091,50.97125091,50.97125091,50.97125091,50.97125091,50.97125091,50.97125091,50.97125091,50.97125091,50.97125091,50.97125091,50.97125091,50.97125091,50.97125091,50.97125091,50.97125091,50.97125091
M2-L,3/1/2025,106.65,10.096667,54.97055546,54.97055546,54.97055546,54.97055546,54.97055546,54.97055546,54.97055546,54.97055546,54.97055546,54.97055546,54.97055546,54.97055546,54.97055546,54.97055546,54.97055546,54.97055546,54.97055546,54.97055546,54.97055546,54.97055546,54.97055546,54.97055546,54.97055546,54.97055546
M2-L,4/1/2025,106.65,10.096667,36.29002929,36.29002929,36.29002929,36.29002929,36.29002929,36.29002929,36.29002929,36.29002929,36.29002929,36.29002929,36.29002929,36.29002929,36.29002929,36.29002929,36.29002929,36.29002929,36.29002929,36.29002929,36.29002929,36.29002929,36.29002929,36.29002929,36.29002929,36.29002929
M2-L,5/1/2025,106.65,10.096667,52.50678491,52.50678491,52.50678491,52.50678491,52.50678491,52.50678491,52.50678491,52.50678491,52.50678491,52.50678491,52.50678491,52.50678491,52.50678491,52.50678491,52.50678491,52.50678491,52.50678491,52.50678491,52.50678491,52.50678491,52.50678491,52.50678491,52.50678491,52.50678491
M2-L,6/1/2025,106.65,10.096667,42.27043371,42.27043371,42.27043371,42.27043371,42.27043371,42.27043371,42.27043371,42.27043371,42.27043371,42.27043371,42.27043371,42.27043371,42.27043371,42.27043371,42.27043371,42.27043371,42.27043371,42.27043371,42.27043371,42.27043371,42.27043371,42.27043371,42.27043371,42.27043371
M2-L,7/1/2025,106.65,10.096667,53.89194853,53.89194853,53.89194853,53.89194853,53.89194853,53.89194853,53.89194853,53.89194853,53.89194853,53.89194853,53.89194853,53.89194853,53.89194853,53.89194853,53.89194853,53.89194853,53.89194853,53.89194853,53.89194853,53.89194853,53.89194853,53.89194853,53.89194853,53.89194853
M3-L,12/1/2024,106.69,10.89,52.9648672,52.9648672,52.9648672,52.9648672,52.9648672,52.9648672,52.9648672,52.9648672,52.9648672,52.9648672,52.9648672,52.9648672,52.9648672,52.9648672,52.9648672,52.9648672,52.9648672,52.9648672,52.9648672,52.9648672,52.9648672,52.9648672,52.9648672,52.9648672
M3-L,1/1/2025,106.69,10.89,53.80540958,53.80540958,53.80540958,53.80540958,53.80540958,53.80540958,53.80540958,53.80540958,53.80540958,53.80540958,53.80540958,53.80540958,53.80540958,53.80540958,53.80540958,53.80540958,53.80540958,53.80540958,53.80540958,53.80540958,53.80540958,53.80540958,53.80540958,53.80540958
M3-L,2/1/2025,106.69,10.89,54.40297837,54.40297837,54.40297837,54.40297837,54.40297837,54.40297837,54.40297837,54.40297837,54.40297837,54.40297837,54.40297837,54.40297837,54.40297837,54.40297837,54.40297837,54.40297837,54.40297837,54.40297837,54.40297837,54.40297837,54.40297837,54.40297837,54.40297837,54.40297837
M3-L,3/1/2025,106.69,10.89,50.38939811,50.38939811,50.38939811,50.38939811,50.38939811,50.38939811,50.38939811,50.38939811,50.38939811,50.38939811,50.38939811,50.38939811,50.38939811,50.38939811,50.38939811,50.38939811,50.38939811,50.38939811,50.38939811,50.38939811,50.38939811,50.38939811,50.38939811,50.38939811
M3-L,4/1/2025,106.69,10.89,50.75659269,50.75659269,50.75659269,50.75659269,50.75659269,50.75659269,50.75659269,50.75659269,50.75659269,50.75659269,50.75659269,50.75659269,50.75659269,50.75659269,50.75659269,50.75659269,50.75659269,50.75659269,50.75659269,50.75659269,50.75659269,50.75659269,50.75659269,50.75659269
M3-L,5/1/2025,106.69,10.89,51.03773095,51.03773095,51.03773095,51.03773095,51.03773095,51.03773095,51.03773095,51.03773095,51.03773095,51.03773095,51.03773095,51.03773095,51.03773095,51.03773095,51.03773095,51.03773095,51.03773095,51.03773095,51.03773095,51.03773095,51.03773095,51.03773095,51.03773095,51.03773095
M3-L,6/1/2025,106.69,10.89,22.52164925,22.52164925,22.52164925,22.52164925,22.52164925,22.52164925,22.52164925,22.52164925,22.52164925,22.52164925,22.52164925,22.52164925,22.52164925,22.52164925,22.52164925,22.52164925,22.52164925,22.52164925,22.52164925,22.52164925,22.52164925,22.52164925,22.52164925,22.52164925
M3-L,7/1/2025,106.69,10.89,53.12725016,53.12725016,53.12725016,53.12725016,53.12725016,53.12725016,53.12725016,53.12725016,53.12725016,53.12725016,53.12725016,53.12725016,53.12725016,53.12725016,53.12725016,53.12725016,53.12725016,53.12725016,53.12725016,53.12725016,53.12725016,53.12725016,53.12725016,53.12725016
M4-L,12/1/2024,106.256667,11.08,62.39946794,62.39946794,62.39946794,62.39946794,62.39946794,62.39946794,62.39946794,62.39946794,62.39946794,62.39946794,62.39946794,62.39946794,62.39946794,62.39946794,62.39946794,62.39946794,62.39946794,62.39946794,62.39946794,62.39946794,62.39946794,62.39946794,62.39946794,62.39946794
M4-L,1/1/2025,106.256667,11.08,43.79121974,43.79121974,43.79121974,43.79121974,43.79121974,43.79121974,43.79121974,43.79121974,43.79121974,43.79121974,43.79121974,43.79121974,43.79121974,43.79121974,43.79121974,43.79121974,43.79121974,43.79121974,43.79121974,43.79121974,43.79121974,43.79121974,43.79121974,43.79121974
M4-L,2/1/2025,106.256667,11.08,64.57573784,64.57573784,64.57573784,64.57573784,64.57573784,64.57573784,64.57573784,64.57573784,64.57573784,64.57573784,64.57573784,64.57573784,64.57573784,64.57573784,64.57573784,64.57573784,64.57573784,64.57573784,64.57573784,64.57573784,64.57573784,64.57573784,64.57573784,64.57573784
M4-L,3/1/2025,106.256667,11.08,50.02914201,50.02914201,50.02914201,50.02914201,50.02914201,50.02914201,50.02914201,50.02914201,50.02914201,50.02914201,50.02914201,50.02914201,50.02914201,50.02914201,50.02914201,50.02914201,50.02914201,50.02914201,50.02914201,50.02914201,50.02914201,50.02914201,50.02914201,50.02914201
M4-L,4/1/2025,106.256667,11.08,51.39883322,51.39883322,51.39883322,51.39883322,51.39883322,51.39883322,51.39883322,51.39883322,51.39883322,51.39883322,51.39883322,51.39883322,51.39883322,51.39883322,51.39883322,51.39883322,51.39883322,51.39883322,51.39883322,51.39883322,51.39883322,51.39883322,51.39883322,51.39883322
M4-L,5/1/2025,106.256667,11.08,34.85899366,34.85899366,34.85899366,34.85899366,34.85899366,34.85899366,34.85899366,34.85899366,34.85899366,34.85899366,34.85899366,34.85899366,34.85899366,34.85899366,34.85899366,34.85899366,34.85899366,34.85899366,34.85899366,34.85899366,34.85899366,34.85899366,34.85899366,34.85899366
M4-L,6/1/2025,106.256667,11.08,28.27156151,28.27156151,28.27156151,28.27156151,28.27156151,28.27156151,28.27156151,28.27156151,28.27156151,28.27156151,28.27156151,28.27156151,28.27156151,28.27156151,28.27156151,28.27156151,28.27156151,28.27156151,28.27156151,28.27156151,28.27156151,28.27156151,28.27156151,28.27156151
M4-L,7/1/2025,106.256667,11.08,50.26754676,50.26754676,50.26754676,50.26754676,50.26754676,50.26754676,50.26754676,50.26754676,50.26754676,50.26754676,50.26754676,50.26754676,50.26754676,50.26754676,50.26754676,50.26754676,50.26754676,50.26754676,50.26754676,50.26754676,50.26754676,50.26754676,50.26754676,50.26754676
M5-L,12/1/2024,106.393056,10.558889,51.15825748,51.15825748,51.15825748,51.15825748,51.15825748,51.15825748,51.15825748,51.15825748,51.15825748,51.15825748,51.15825748,51.15825748,51.15825748,51.15825748,51.15825748,51.15825748,51.15825748,51.15825748,51.15825748,51.15825748,51.15825748,51.15825748,51.15825748,51.15825748
M5-L,1/1/2025,106.393056,10.558889,63.57059386,63.57059386,63.57059386,63.57059386,63.57059386,63.57059386,63.57059386,63.57059386,63.57059386,63.57059386,63.57059386,63.57059386,63.57059386,63.57059386,63.57059386,63.57059386,63.57059386,63.57059386,63.57059386,63.57059386,63.57059386,63.57059386,63.57059386,63.57059386
M5-L,2/1/2025,106.393056,10.558889,43.43052537,43.43052537,43.43052537,43.43052537,43.43052537,43.43052537,43.43052537,43.43052537,43.43052537,43.43052537,43.43052537,43.43052537,43.43052537,43.43052537,43.43052537,43.43052537,43.43052537,43.43052537,43.43052537,43.43052537,43.43052537,43.43052537,43.43052537,43.43052537
M5-L,3/1/2025,106.393056,10.558889,50.15243752,50.15243752,50.15243752,50.15243752,50.15243752,50.15243752,50.15243752,50.15243752,50.15243752,50.15243752,50.15243752,50.15243752,50.15243752,50.15243752,50.15243752,50.15243752,50.15243752,50.15243752,50.15243752,50.15243752,50.15243752,50.15243752,50.15243752,50.15243752
M5-L,4/1/2025,106.393056,10.558889,34.61924158,34.61924158,34.61924158,34.61924158,34.61924158,34.61924158,34.61924158,34.61924158,34.61924158,34.61924158,34.61924158,34.61924158,34.61924158,34.61924158,34.61924158,34.61924158,34.61924158,34.61924158,34.61924158,34.61924158,34.61924158,34.61924158,34.61924158,34.61924158
M5-L,5/1/2025,106.393056,10.558889,62.89141373,62.89141373,62.89141373,62.89141373,62.89141373,62.89141373,62.89141373,62.89141373,62.89141373,62.89141373,62.89141373,62.89141373,62.89141373,62.89141373,62.89141373,62.89141373,62.89141373,62.89141373,62.89141373,62.89141373,62.89141373,62.89141373,62.89141373,62.89141373
M5-L,6/1/2025,106.393056,10.558889,22.83171062,22.83171062,22.83171062,22.83171062,22.83171062,22.83171062,22.83171062,22.83171062,22.83171062,22.83171062,22.83171062,22.83171062,22.83171062,22.83171062,22.83171062,22.83171062,22.83171062,22.83171062,22.83171062,22.83171062,22.83171062,22.83171062,22.83171062,22.83171062
M5-L,7/1/2025,106.393056,10.558889,65.02710182,65.02710182,65.02710182,65.02710182,65.02710182,65.02710182,65.02710182,65.02710182,65.02710182,65.02710182,65.02710182,65.02710182,65.02710182,65.02710182,65.02710182,65.02710182,65.02710182,65.02710182,65.02710182,65.02710182,65.02710182,65.02710182,65.02710182,65.02710182
M6-L,12/1/2024,106.688089,10.564214,32.01229201,32.01229201,32.01229201,32.01229201,32.01229201,32.01229201,32.01229201,32.01229201,32.01229201,32.01229201,32.01229201,32.01229201,32.01229201,32.01229201,32.01229201,32.01229201,32.01229201,32.01229201,32.01229201,32.01229201,32.01229201,32.01229201,32.01229201,32.01229201
M6-L,1/1/2025,106.688089,10.564214,42.62111216,42.62111216,42.62111216,42.62111216,42.62111216,42.62111216,42.62111216,42.62111216,42.62111216,42.62111216,42.62111216,42.62111216,42.62111216,42.62111216,42.62111216,42.62111216,42.62111216,42.62111216,42.62111216,42.62111216,42.62111216,42.62111216,42.62111216,42.62111216
M6-L,2/1/2025,106.688089,10.564214,36.34244879,36.34244879,36.34244879,36.34244879,36.34244879,36.34244879,36.34244879,36.34244879,36.34244879,36.34244879,36.34244879,36.34244879,36.34244879,36.34244879,36.34244879,36.34244879,36.34244879,36.34244879,36.34244879,36.34244879,36.34244879,36.34244879,36.34244879,36.34244879
M6-L,3/1/2025,106.688089,10.564214,33.61927367,33.61927367,33.61927367,33.61927367,33.61927367,33.61927367,33.61927367,33.61927367,33.61927367,33.61927367,33.61927367,33.61927367,33.61927367,33.61927367,33.61927367,33.61927367,33.61927367,33.61927367,33.61927367,33.61927367,33.61927367,33.61927367,33.61927367,33.61927367
M6-L,4/1/2025,106.688089,10.564214,62.76584805,62.76584805,62.76584805,62.76584805,62.76584805,62.76584805,62.76584805,62.76584805,62.76584805,62.76584805,62.76584805,62.76584805,62.76584805,62.76584805,62.76584805,62.76584805,62.76584805,62.76584805,62.76584805,62.76584805,62.76584805,62.76584805,62.76584805,62.76584805
M6-L,5/1/2025,106.688089,10.564214,48.00602317,48.00602317,48.00602317,48.00602317,48.00602317,48.00602317,48.00602317,48.00602317,48.00602317,48.00602317,48.00602317,48.00602317,48.00602317,48.00602317,48.00602317,48.00602317,48.00602317,48.00602317,48.00602317,48.00602317,48.00602317,48.00602317,48.00602317,48.00602317
M6-L,6/1/2025,106.688089,10.564214,14.84210232,14.84210232,14.84210232,14.84210232,14.84210232,14.84210232,14.84210232,14.84210232,14.84210232,14.84210232,14.84210232,14.84210232,14.84210232,14.84210232,14.84210232,14.84210232,14.84210232,14.84210232,14.84210232,14.84210232,14.84210232,14.84210232,14.84210232,14.84210232
M6-L,7/1/2025,106.688089,10.564214,42.30919387,42.30919387,42.30919387,42.30919387,42.30919387,42.30919387,42.30919387,42.30919387,42.30919387,42.30919387,42.30919387,42.30919387,42.30919387,42.30919387,42.30919387,42.30919387,42.30919387,42.30919387,42.30919387,42.30919387,42.30919387,42.30919387,42.30919387,42.30919387
MT01,12/1/2024,105.99,10.02,75.82784394,75.82784394,75.82784394,75.82784394,75.82784394,75.82784394,75.82784394,75.82784394,75.82784394,75.82784394,75.82784394,75.82784394,75.82784394,75.82784394,75.82784394,75.82784394,75.82784394,75.82784394,75.82784394,75.82784394,75.82784394,75.82784394,75.82784394,75.82784394
MT01,1/1/2025,105.99,10.02,64.71100349,64.71100349,64.71100349,64.71100349,64.71100349,64.71100349,64.71100349,64.71100349,64.71100349,64.71100349,64.71100349,64.71100349,64.71100349,64.71100349,64.71100349,64.71100349,64.71100349,64.71100349,64.71100349,64.71100349,64.71100349,64.71100349,64.71100349,64.71100349
MT01,2/1/2025,105.99,10.02,76.83163414,76.83163414,76.83163414,76.83163414,76.83163414,76.83163414,76.83163414,76.83163414,76.83163414,76.83163414,76.83163414,76.83163414,76.83163414,76.83163414,76.83163414,76.83163414,76.83163414,76.83163414,76.83163414,76.83163414,76.83163414,76.83163414,76.83163414,76.83163414
MT01,3/1/2025,105.99,10.02,51.46595585,51.46595585,51.46595585,51.46595585,51.46595585,51.46595585,51.46595585,51.46595585,51.46595585,51.46595585,51.46595585,51.46595585,51.46595585,51.46595585,51.46595585,51.46595585,51.46595585,51.46595585,51.46595585,51.46595585,51.46595585,51.46595585,51.46595585,51.46595585
MT01,4/1/2025,105.99,10.02,44.47160684,44.47160684,44.47160684,44.47160684,44.47160684,44.47160684,44.47160684,44.47160684,44.47160684,44.47160684,44.47160684,44.47160684,44.47160684,44.47160684,44.47160684,44.47160684,44.47160684,44.47160684,44.47160684,44.47160684,44.47160684,44.47160684,44.47160684,44.47160684
MT01,5/1/2025,105.99,10.02,64.38921032,64.38921032,64.38921032,64.38921032,64.38921032,64.38921032,64.38921032,64.38921032,64.38921032,64.38921032,64.38921032,64.38921032,64.38921032,64.38921032,64.38921032,64.38921032,64.38921032,64.38921032,64.38921032,64.38921032,64.38921032,64.38921032,64.38921032,64.38921032
MT01,6/1/2025,105.99,10.02,64.56165095,64.56165095,64.56165095,64.56165095,64.56165095,64.56165095,64.56165095,64.56165095,64.56165095,64.56165095,64.56165095,64.56165095,64.56165095,64.56165095,64.56165095,64.56165095,64.56165095,64.56165095,64.56165095,64.56165095,64.56165095,64.56165095,64.56165095,64.56165095
MT01,7/1/2025,105.99,10.02,75.86039416,75.86039416,75.86039416,75.86039416,75.86039416,75.86039416,75.86039416,75.86039416,75.86039416,75.86039416,75.86039416,75.86039416,75.86039416,75.86039416,75.86039416,75.86039416,75.86039416,75.86039416,75.86039416,75.86039416,75.86039416,75.86039416,75.86039416,75.86039416
MT03,10/1/2024,106.02,9.87,45.03071872,45.03071872,45.03071872,45.03071872,45.03071872,45.03071872,45.03071872,45.03071872,45.03071872,45.03071872,45.03071872,45.03071872,45.03071872,45.03071872,45.03071872,45.03071872,45.03071872,45.03071872,45.03071872,45.03071872,45.03071872,45.03071872,45.03071872,45.03071872
MT03,11/1/2024,106.02,9.87,77.89038634,77.89038634,77.89038634,77.89038634,77.89038634,77.89038634,77.89038634,77.89038634,77.89038634,77.89038634,77.89038634,77.89038634,77.89038634,77.89038634,77.89038634,77.89038634,77.89038634,77.89038634,77.89038634,77.89038634,77.89038634,77.89038634,77.89038634,77.89038634
MT03,12/1/2024,106.02,9.87,54.53784802,54.53784802,54.53784802,54.53784802,54.53784802,54.53784802,54.53784802,54.53784802,54.53784802,54.53784802,54.53784802,54.53784802,54.53784802,54.53784802,54.53784802,54.53784802,54.53784802,54.53784802,54.53784802,54.53784802,54.53784802,54.53784802,54.53784802,54.53784802
MT03,1/1/2025,106.02,9.87,67.12297928,67.12297928,67.12297928,67.12297928,67.12297928,67.12297928,67.12297928,67.12297928,67.12297928,67.12297928,67.12297928,67.12297928,67.12297928,67.12297928,67.12297928,67.12297928,67.12297928,67.12297928,67.12297928,67.12297928,67.12297928,67.12297928,67.12297928,67.12297928
MT03,2/1/2025,106.02,9.87,77.92111572,77.92111572,77.92111572,77.92111572,77.92111572,77.92111572,77.92111572,77.92111572,77.92111572,77.92111572,77.92111572,77.92111572,77.92111572,77.92111572,77.92111572,77.92111572,77.92111572,77.92111572,77.92111572,77.92111572,77.92111572,77.92111572,77.92111572,77.92111572
MT03,3/1/2025,106.02,9.87,69.64779396,69.64779396,69.64779396,69.64779396,69.64779396,69.64779396,69.64779396,69.64779396,69.64779396,69.64779396,69.64779396,69.64779396,69.64779396,69.64779396,69.64779396,69.64779396,69.64779396,69.64779396,69.64779396,69.64779396,69.64779396,69.64779396,69.64779396,69.64779396
MT03,4/1/2025,106.02,9.87,65.3890612,65.3890612,65.3890612,65.3890612,65.3890612,65.3890612,65.3890612,65.3890612,65.3890612,65.3890612,65.3890612,65.3890612,65.3890612,65.3890612,65.3890612,65.3890612,65.3890612,65.3890612,65.3890612,65.3890612,65.3890612,65.3890612,65.3890612,65.3890612
MT03,5/1/2025,106.02,9.87,45.32435629,45.32435629,45.32435629,45.32435629,45.32435629,45.32435629,45.32435629,45.32435629,45.32435629,45.32435629,45.32435629,45.32435629,45.32435629,45.32435629,45.32435629,45.32435629,45.32435629,45.32435629,45.32435629,45.32435629,45.32435629,45.32435629,45.32435629,45.32435629
MT03,6/1/2025,106.02,9.87,55.23621157,55.23621157,55.23621157,55.23621157,55.23621157,55.23621157,55.23621157,55.23621157,55.23621157,55.23621157,55.23621157,55.23621157,55.23621157,55.23621157,55.23621157,55.23621157,55.23621157,55.23621157,55.23621157,55.23621157,55.23621157,55.23621157,55.23621157,55.23621157
MT03,7/1/2025,106.02,9.87,36.48817098,36.48817098,36.48817098,36.48817098,36.48817098,36.48817098,36.48817098,36.48817098,36.48817098,36.48817098,36.48817098,36.48817098,36.48817098,36.48817098,36.48817098,36.48817098,36.48817098,36.48817098,36.48817098,36.48817098,36.48817098,36.48817098,36.48817098,36.48817098
MT04,8/1/2024,106.21,10,65.631248,65.631248,65.631248,65.631248,65.631248,65.631248,65.631248,65.631248,65.631248,65.631248,65.631248,65.631248,65.631248,65.631248,65.631248,65.631248,65.631248,65.631248,65.631248,65.631248,65.631248,65.631248,65.631248,65.631248
MT04,9/1/2024,106.21,10,77.0961449,77.0961449,77.0961449,77.0961449,77.0961449,77.0961449,77.0961449,77.0961449,77.0961449,77.0961449,77.0961449,77.0961449,77.0961449,77.0961449,77.0961449,77.0961449,77.0961449,77.0961449,77.0961449,77.0961449,77.0961449,77.0961449,77.0961449,77.0961449
MT04,10/1/2024,106.21,10,65.52978528,65.52978528,65.52978528,65.52978528,65.52978528,65.52978528,65.52978528,65.52978528,65.52978528,65.52978528,65.52978528,65.52978528,65.52978528,65.52978528,65.52978528,65.52978528,65.52978528,65.52978528,65.52978528,65.52978528,65.52978528,65.52978528,65.52978528,65.52978528
MT04,11/1/2024,106.21,10,64.10518494,64.10518494,64.10518494,64.10518494,64.10518494,64.10518494,64.10518494,64.10518494,64.10518494,64.10518494,64.10518494,64.10518494,64.10518494,64.10518494,64.10518494,64.10518494,64.10518494,64.10518494,64.10518494,64.10518494,64.10518494,64.10518494,64.10518494,64.10518494
MT04,12/1/2024,106.21,10,75.39756964,75.39756964,75.39756964,75.39756964,75.39756964,75.39756964,75.39756964,75.39756964,75.39756964,75.39756964,75.39756964,75.39756964,75.39756964,75.39756964,75.39756964,75.39756964,75.39756964,75.39756964,75.39756964,75.39756964,75.39756964,75.39756964,75.39756964,75.39756964
MT04,1/1/2025,106.21,10,50.38335572,50.38335572,50.38335572,50.38335572,50.38335572,50.38335572,50.38335572,50.38335572,50.38335572,50.38335572,50.38335572,50.38335572,50.38335572,50.38335572,50.38335572,50.38335572,50.38335572,50.38335572,50.38335572,50.38335572,50.38335572,50.38335572,50.38335572,50.38335572
MT04,2/1/2025,106.21,10,65.06632098,65.06632098,65.06632098,65.06632098,65.06632098,65.06632098,65.06632098,65.06632098,65.06632098,65.06632098,65.06632098,65.06632098,65.06632098,65.06632098,65.06632098,65.06632098,65.06632098,65.06632098,65.06632098,65.06632098,65.06632098,65.06632098,65.06632098,65.06632098
MT04,3/1/2025,106.21,10,78.02009143,78.02009143,78.02009143,78.02009143,78.02009143,78.02009143,78.02009143,78.02009143,78.02009143,78.02009143,78.02009143,78.02009143,78.02009143,78.02009143,78.02009143,78.02009143,78.02009143,78.02009143,78.02009143,78.02009143,78.02009143,78.02009143,78.02009143,78.02009143
MT04,4/1/2025,106.21,10,65.67470023,65.67470023,65.67470023,65.67470023,65.67470023,65.67470023,65.67470023,65.67470023,65.67470023,65.67470023,65.67470023,65.67470023,65.67470023,65.67470023,65.67470023,65.67470023,65.67470023,65.67470023,65.67470023,65.67470023,65.67470023,65.67470023,65.67470023,65.67470023
MT04,5/1/2025,106.21,10,55.36078983,55.36078983,55.36078983,55.36078983,55.36078983,55.36078983,55.36078983,55.36078983,55.36078983,55.36078983,55.36078983,55.36078983,55.36078983,55.36078983,55.36078983,55.36078983,55.36078983,55.36078983,55.36078983,55.36078983,55.36078983,55.36078983,55.36078983,55.36078983
MT04,6/1/2025,106.21,10,52.56853613,52.56853613,52.56853613,52.56853613,52.56853613,52.56853613,52.56853613,52.56853613,52.56853613,52.56853613,52.56853613,52.56853613,52.56853613,52.56853613,52.56853613,52.56853613,52.56853613,52.56853613,52.56853613,52.56853613,52.56853613,52.56853613,52.56853613,52.56853613
MT04,7/1/2025,106.21,10,50.29945392,50.29945392,50.29945392,50.29945392,50.29945392,50.29945392,50.29945392,50.29945392,50.29945392,50.29945392,50.29945392,50.29945392,50.29945392,50.29945392,50.29945392,50.29945392,50.29945392,50.29945392,50.29945392,50.29945392,50.29945392,50.29945392,50.29945392,50.29945392
MT05,8/1/2024,106.14,9.92,66.54995305,66.54995305,66.54995305,66.54995305,66.54995305,66.54995305,66.54995305,66.54995305,66.54995305,66.54995305,66.54995305,66.54995305,66.54995305,66.54995305,66.54995305,66.54995305,66.54995305,66.54995305,66.54995305,66.54995305,66.54995305,66.54995305,66.54995305,66.54995305
MT05,9/1/2024,106.14,9.92,64.07186987,64.07186987,64.07186987,64.07186987,64.07186987,64.07186987,64.07186987,64.07186987,64.07186987,64.07186987,64.07186987,64.07186987,64.07186987,64.07186987,64.07186987,64.07186987,64.07186987,64.07186987,64.07186987,64.07186987,64.07186987,64.07186987,64.07186987,64.07186987
MT05,10/1/2024,106.14,9.92,62.03273092,62.03273092,62.03273092,62.03273092,62.03273092,62.03273092,62.03273092,62.03273092,62.03273092,62.03273092,62.03273092,62.03273092,62.03273092,62.03273092,62.03273092,62.03273092,62.03273092,62.03273092,62.03273092,62.03273092,62.03273092,62.03273092,62.03273092,62.03273092
MT05,11/1/2024,106.14,9.92,62.69485234,62.69485234,62.69485234,62.69485234,62.69485234,62.69485234,62.69485234,62.69485234,62.69485234,62.69485234,62.69485234,62.69485234,62.69485234,62.69485234,62.69485234,62.69485234,62.69485234,62.69485234,62.69485234,62.69485234,62.69485234,62.69485234,62.69485234,62.69485234
MT05,12/1/2024,106.14,9.92,62.8104484,62.8104484,62.8104484,62.8104484,62.8104484,62.8104484,62.8104484,62.8104484,62.8104484,62.8104484,62.8104484,62.8104484,62.8104484,62.8104484,62.8104484,62.8104484,62.8104484,62.8104484,62.8104484,62.8104484,62.8104484,62.8104484,62.8104484,62.8104484
MT05,1/1/2025,106.14,9.92,53.69330123,53.69330123,53.69330123,53.69330123,53.69330123,53.69330123,53.69330123,53.69330123,53.69330123,53.69330123,53.69330123,53.69330123,53.69330123,53.69330123,53.69330123,53.69330123,53.69330123,53.69330123,53.69330123,53.69330123,53.69330123,53.69330123,53.69330123,53.69330123
MT05,2/1/2025,106.14,9.92,77.66827161,77.66827161,77.66827161,77.66827161,77.66827161,77.66827161,77.66827161,77.66827161,77.66827161,77.66827161,77.66827161,77.66827161,77.66827161,77.66827161,77.66827161,77.66827161,77.66827161,77.66827161,77.66827161,77.66827161,77.66827161,77.66827161,77.66827161,77.66827161
MT05,3/1/2025,106.14,9.92,64.71381482,64.71381482,64.71381482,64.71381482,64.71381482,64.71381482,64.71381482,64.71381482,64.71381482,64.71381482,64.71381482,64.71381482,64.71381482,64.71381482,64.71381482,64.71381482,64.71381482,64.71381482,64.71381482,64.71381482,64.71381482,64.71381482,64.71381482,64.71381482
MT05,4/1/2025,106.14,9.92,50.01037625,50.01037625,50.01037625,50.01037625,50.01037625,50.01037625,50.01037625,50.01037625,50.01037625,50.01037625,50.01037625,50.01037625,50.01037625,50.01037625,50.01037625,50.01037625,50.01037625,50.01037625,50.01037625,50.01037625,50.01037625,50.01037625,50.01037625,50.01037625
MT05,5/1/2025,106.14,9.92,49.43344694,49.43344694,49.43344694,49.43344694,49.43344694,49.43344694,49.43344694,49.43344694,49.43344694,49.43344694,49.43344694,49.43344694,49.43344694,49.43344694,49.43344694,49.43344694,49.43344694,49.43344694,49.43344694,49.43344694,49.43344694,49.43344694,49.43344694,49.43344694
MT05,6/1/2025,106.14,9.92,52.46862294,52.46862294,52.46862294,52.46862294,52.46862294,52.46862294,52.46862294,52.46862294,52.46862294,52.46862294,52.46862294,52.46862294,52.46862294,52.46862294,52.46862294,52.46862294,52.46862294,52.46862294,52.46862294,52.46862294,52.46862294,52.46862294,52.46862294,52.46862294
MT05,7/1/2025,106.14,9.92,51.3430717,51.3430717,51.3430717,51.3430717,51.3430717,51.3430717,51.3430717,51.3430717,51.3430717,51.3430717,51.3430717,51.3430717,51.3430717,51.3430717,51.3430717,51.3430717,51.3430717,51.3430717,51.3430717,51.3430717,51.3430717,51.3430717,51.3430717,51.3430717
MT06,8/1/2024,106.31,9.99,65.98287581,65.98287581,65.98287581,65.98287581,65.98287581,65.98287581,65.98287581,65.98287581,65.98287581,65.98287581,65.98287581,65.98287581,65.98287581,65.98287581,65.98287581,65.98287581,65.98287581,65.98287581,65.98287581,65.98287581,65.98287581,65.98287581,65.98287581,65.98287581
MT06,9/1/2024,106.31,9.99,57.38498758,57.38498758,57.38498758,57.38498758,57.38498758,57.38498758,57.38498758,57.38498758,57.38498758,57.38498758,57.38498758,57.38498758,57.38498758,57.38498758,57.38498758,57.38498758,57.38498758,57.38498758,57.38498758,57.38498758,57.38498758,57.38498758,57.38498758,57.38498758
MT06,10/1/2024,106.31,9.99,53.85333087,53.85333087,53.85333087,53.85333087,53.85333087,53.85333087,53.85333087,53.85333087,53.85333087,53.85333087,53.85333087,53.85333087,53.85333087,53.85333087,53.85333087,53.85333087,53.85333087,53.85333087,53.85333087,53.85333087,53.85333087,53.85333087,53.85333087,53.85333087
MT06,11/1/2024,106.31,9.99,66.99614528,66.99614528,66.99614528,66.99614528,66.99614528,66.99614528,66.99614528,66.99614528,66.99614528,66.99614528,66.99614528,66.99614528,66.99614528,66.99614528,66.99614528,66.99614528,66.99614528,66.99614528,66.99614528,66.99614528,66.99614528,66.99614528,66.99614528,66.99614528
MT06,12/1/2024,106.31,9.99,53.94776394,53.94776394,53.94776394,53.94776394,53.94776394,53.94776394,53.94776394,53.94776394,53.94776394,53.94776394,53.94776394,53.94776394,53.94776394,53.94776394,53.94776394,53.94776394,53.94776394,53.94776394,53.94776394,53.94776394,53.94776394,53.94776394,53.94776394,53.94776394
MT06,1/1/2025,106.31,9.99,57.98393136,57.98393136,57.98393136,57.98393136,57.98393136,57.98393136,57.98393136,57.98393136,57.98393136,57.98393136,57.98393136,57.98393136,57.98393136,57.98393136,57.98393136,57.98393136,57.98393136,57.98393136,57.98393136,57.98393136,57.98393136,57.98393136,57.98393136,57.98393136
MT06,2/1/2025,106.31,9.99,78.65242187,78.65242187,78.65242187,78.65242187,78.65242187,78.65242187,78.65242187,78.65242187,78.65242187,78.65242187,78.65242187,78.65242187,78.65242187,78.65242187,78.65242187,78.65242187,78.65242187,78.65242187,78.65242187,78.65242187,78.65242187,78.65242187,78.65242187,78.65242187
MT06,3/1/2025,106.31,9.99,68.22617845,68.22617845,68.22617845,68.22617845,68.22617845,68.22617845,68.22617845,68.22617845,68.22617845,68.22617845,68.22617845,68.22617845,68.22617845,68.22617845,68.22617845,68.22617845,68.22617845,68.22617845,68.22617845,68.22617845,68.22617845,68.22617845,68.22617845,68.22617845
MT06,4/1/2025,106.31,9.99,56.25005159,56.25005159,56.25005159,56.25005159,56.25005159,56.25005159,56.25005159,56.25005159,56.25005159,56.25005159,56.25005159,56.25005159,56.25005159,56.25005159,56.25005159,56.25005159,56.25005159,56.25005159,56.25005159,56.25005159,56.25005159,56.25005159,56.25005159,56.25005159
MT06,5/1/2025,106.31,9.99,66.61090456,66.61090456,66.61090456,66.61090456,66.61090456,66.61090456,66.61090456,66.61090456,66.61090456,66.61090456,66.61090456,66.61090456,66.61090456,66.61090456,66.61090456,66.61090456,66.61090456,66.61090456,66.61090456,66.61090456,66.61090456,66.61090456,66.61090456,66.61090456
MT06,6/1/2025,106.31,9.99,56.55424891,56.55424891,56.55424891,56.55424891,56.55424891,56.55424891,56.55424891,56.55424891,56.55424891,56.55424891,56.55424891,56.55424891,56.55424891,56.55424891,56.55424891,56.55424891,56.55424891,56.55424891,56.55424891,56.55424891,56.55424891,56.55424891,56.55424891,56.55424891
MT06,7/1/2025,106.31,9.99,52.53044394,52.53044394,52.53044394,52.53044394,52.53044394,52.53044394,52.53044394,52.53044394,52.53044394,52.53044394,52.53044394,52.53044394,52.53044394,52.53044394,52.53044394,52.53044394,52.53044394,52.53044394,52.53044394,52.53044394,52.53044394,52.53044394,52.53044394,52.53044394
MT07,8/1/2024,106.28,9.81,52.97479115,52.97479115,52.97479115,52.97479115,52.97479115,52.97479115,52.97479115,52.97479115,52.97479115,52.97479115,52.97479115,52.97479115,52.97479115,52.97479115,52.97479115,52.97479115,52.97479115,52.97479115,52.97479115,52.97479115,52.97479115,52.97479115,52.97479115,52.97479115
MT07,9/1/2024,106.28,9.81,52.76784502,52.76784502,52.76784502,52.76784502,52.76784502,52.76784502,52.76784502,52.76784502,52.76784502,52.76784502,52.76784502,52.76784502,52.76784502,52.76784502,52.76784502,52.76784502,52.76784502,52.76784502,52.76784502,52.76784502,52.76784502,52.76784502,52.76784502,52.76784502
MT07,10/1/2024,106.28,9.81,53.05426618,53.05426618,53.05426618,53.05426618,53.05426618,53.05426618,53.05426618,53.05426618,53.05426618,53.05426618,53.05426618,53.05426618,53.05426618,53.05426618,53.05426618,53.05426618,53.05426618,53.05426618,53.05426618,53.05426618,53.05426618,53.05426618,53.05426618,53.05426618
MT07,11/1/2024,106.28,9.81,52.6618469,52.6618469,52.6618469,52.6618469,52.6618469,52.6618469,52.6618469,52.6618469,52.6618469,52.6618469,52.6618469,52.6618469,52.6618469,52.6618469,52.6618469,52.6618469,52.6618469,52.6618469,52.6618469,52.6618469,52.6618469,52.6618469,52.6618469,52.6618469
MT07,12/1/2024,106.28,9.81,56.2947642,56.2947642,56.2947642,56.2947642,56.2947642,56.2947642,56.2947642,56.2947642,56.2947642,56.2947642,56.2947642,56.2947642,56.2947642,56.2947642,56.2947642,56.2947642,56.2947642,56.2947642,56.2947642,56.2947642,56.2947642,56.2947642,56.2947642,56.2947642
MT07,1/1/2025,106.28,9.81,54.12982083,54.12982083,54.12982083,54.12982083,54.12982083,54.12982083,54.12982083,54.12982083,54.12982083,54.12982083,54.12982083,54.12982083,54.12982083,54.12982083,54.12982083,54.12982083,54.12982083,54.12982083,54.12982083,54.12982083,54.12982083,54.12982083,54.12982083,54.12982083
MT07,2/1/2025,106.28,9.81,65.50103672,65.50103672,65.50103672,65.50103672,65.50103672,65.50103672,65.50103672,65.50103672,65.50103672,65.50103672,65.50103672,65.50103672,65.50103672,65.50103672,65.50103672,65.50103672,65.50103672,65.50103672,65.50103672,65.50103672,65.50103672,65.50103672,65.50103672,65.50103672
MT07,3/1/2025,106.28,9.81,54.04056664,54.04056664,54.04056664,54.04056664,54.04056664,54.04056664,54.04056664,54.04056664,54.04056664,54.04056664,54.04056664,54.04056664,54.04056664,54.04056664,54.04056664,54.04056664,54.04056664,54.04056664,54.04056664,54.04056664,54.04056664,54.04056664,54.04056664,54.04056664
MT07,4/1/2025,106.28,9.81,43.58450891,43.58450891,43.58450891,43.58450891,43.58450891,43.58450891,43.58450891,43.58450891,43.58450891,43.58450891,43.58450891,43.58450891,43.58450891,43.58450891,43.58450891,43.58450891,43.58450891,43.58450891,43.58450891,43.58450891,43.58450891,43.58450891,43.58450891,43.58450891
MT07,5/1/2025,106.28,9.81,52.61559219,52.61559219,52.61559219,52.61559219,52.61559219,52.61559219,52.61559219,52.61559219,52.61559219,52.61559219,52.61559219,52.61559219,52.61559219,52.61559219,52.61559219,52.61559219,52.61559219,52.61559219,52.61559219,52.61559219,52.61559219,52.61559219,52.61559219,52.61559219
MT07,6/1/2025,106.28,9.81,35.72076889,35.72076889,35.72076889,35.72076889,35.72076889,35.72076889,35.72076889,35.72076889,35.72076889,35.72076889,35.72076889,35.72076889,35.72076889,35.72076889,35.72076889,35.72076889,35.72076889,35.72076889,35.72076889,35.72076889,35.72076889,35.72076889,35.72076889,35.72076889
MT07,7/1/2025,106.28,9.81,55.01456303,55.01456303,55.01456303,55.01456303,55.01456303,55.01456303,55.01456303,55.01456303,55.01456303,55.01456303,55.01456303,55.01456303,55.01456303,55.01456303,55.01456303,55.01456303,55.01456303,55.01456303,55.01456303,55.01456303,55.01456303,55.01456303,55.01456303,55.01456303
MT08,8/1/2024,106.15,9.76,77.61012767,77.61012767,77.61012767,77.61012767,77.61012767,77.61012767,77.61012767,77.61012767,77.61012767,77.61012767,77.61012767,77.61012767,77.61012767,77.61012767,77.61012767,77.61012767,77.61012767,77.61012767,77.61012767,77.61012767,77.61012767,77.61012767,77.61012767,77.61012767
MT08,9/1/2024,106.15,9.76,66.23881491,66.23881491,66.23881491,66.23881491,66.23881491,66.23881491,66.23881491,66.23881491,66.23881491,66.23881491,66.23881491,66.23881491,66.23881491,66.23881491,66.23881491,66.23881491,66.23881491,66.23881491,66.23881491,66.23881491,66.23881491,66.23881491,66.23881491,66.23881491
MT08,10/1/2024,106.15,9.76,65.95850046,65.95850046,65.95850046,65.95850046,65.95850046,65.95850046,65.95850046,65.95850046,65.95850046,65.95850046,65.95850046,65.95850046,65.95850046,65.95850046,65.95850046,65.95850046,65.95850046,65.95850046,65.95850046,65.95850046,65.95850046,65.95850046,65.95850046,65.95850046
MT08,11/1/2024,106.15,9.76,76.92443643,76.92443643,76.92443643,76.92443643,76.92443643,76.92443643,76.92443643,76.92443643,76.92443643,76.92443643,76.92443643,76.92443643,76.92443643,76.92443643,76.92443643,76.92443643,76.92443643,76.92443643,76.92443643,76.92443643,76.92443643,76.92443643,76.92443643,76.92443643
MT08,12/1/2024,106.15,9.76,52.86616939,52.86616939,52.86616939,52.86616939,52.86616939,52.86616939,52.86616939,52.86616939,52.86616939,52.86616939,52.86616939,52.86616939,52.86616939,52.86616939,52.86616939,52.86616939,52.86616939,52.86616939,52.86616939,52.86616939,52.86616939,52.86616939,52.86616939,52.86616939
MT08,1/1/2025,106.15,9.76,67.00851292,67.00851292,67.00851292,67.00851292,67.00851292,67.00851292,67.00851292,67.00851292,67.00851292,67.00851292,67.00851292,67.00851292,67.00851292,67.00851292,67.00851292,67.00851292,67.00851292,67.00851292,67.00851292,67.00851292,67.00851292,67.00851292,67.00851292,67.00851292
MT08,2/1/2025,106.15,9.76,79.29805046,79.29805046,79.29805046,79.29805046,79.29805046,79.29805046,79.29805046,79.29805046,79.29805046,79.29805046,79.29805046,79.29805046,79.29805046,79.29805046,79.29805046,79.29805046,79.29805046,79.29805046,79.29805046,79.29805046,79.29805046,79.29805046,79.29805046,79.29805046
MT08,3/1/2025,106.15,9.76,52.47587484,52.47587484,52.47587484,52.47587484,52.47587484,52.47587484,52.47587484,52.47587484,52.47587484,52.47587484,52.47587484,52.47587484,52.47587484,52.47587484,52.47587484,52.47587484,52.47587484,52.47587484,52.47587484,52.47587484,52.47587484,52.47587484,52.47587484,52.47587484
MT08,4/1/2025,106.15,9.76,66.88546626,66.88546626,66.88546626,66.88546626,66.88546626,66.88546626,66.88546626,66.88546626,66.88546626,66.88546626,66.88546626,66.88546626,66.88546626,66.88546626,66.88546626,66.88546626,66.88546626,66.88546626,66.88546626,66.88546626,66.88546626,66.88546626,66.88546626,66.88546626
MT08,5/1/2025,106.15,9.76,56.45793557,56.45793557,56.45793557,56.45793557,56.45793557,56.45793557,56.45793557,56.45793557,56.45793557,56.45793557,56.45793557,56.45793557,56.45793557,56.45793557,56.45793557,56.45793557,56.45793557,56.45793557,56.45793557,56.45793557,56.45793557,56.45793557,56.45793557,56.45793557
MT08,6/1/2025,106.15,9.76,53.63158955,53.63158955,53.63158955,53.63158955,53.63158955,53.63158955,53.63158955,53.63158955,53.63158955,53.63158955,53.63158955,53.63158955,53.63158955,53.63158955,53.63158955,53.63158955,53.63158955,53.63158955,53.63158955,53.63158955,53.63158955,53.63158955,53.63158955,53.63158955
MT08,7/1/2025,106.15,9.76,43.28380612,43.28380612,43.28380612,43.28380612,43.28380612,43.28380612,43.28380612,43.28380612,43.28380612,43.28380612,43.28380612,43.28380612,43.28380612,43.28380612,43.28380612,43.28380612,43.28380612,43.28380612,43.28380612,43.28380612,43.28380612,43.28380612,43.28380612,43.28380612
MT09,8/1/2024,106.26,9.7,32.84885739,32.84885739,32.84885739,32.84885739,32.84885739,32.84885739,32.84885739,32.84885739,32.84885739,32.84885739,32.84885739,32.84885739,32.84885739,32.84885739,32.84885739,32.84885739,32.84885739,32.84885739,32.84885739,32.84885739,32.84885739,32.84885739,32.84885739,32.84885739
MT09,9/1/2024,106.26,9.7,36.82537506,36.82537506,36.82537506,36.82537506,36.82537506,36.82537506,36.82537506,36.82537506,36.82537506,36.82537506,36.82537506,36.82537506,36.82537506,36.82537506,36.82537506,36.82537506,36.82537506,36.82537506,36.82537506,36.82537506,36.82537506,36.82537506,36.82537506,36.82537506
MT09,10/1/2024,106.26,9.7,52.28521534,52.28521534,52.28521534,52.28521534,52.28521534,52.28521534,52.28521534,52.28521534,52.28521534,52.28521534,52.28521534,52.28521534,52.28521534,52.28521534,52.28521534,52.28521534,52.28521534,52.28521534,52.28521534,52.28521534,52.28521534,52.28521534,52.28521534,52.28521534
MT09,11/1/2024,106.26,9.7,49.51005448,49.51005448,49.51005448,49.51005448,49.51005448,49.51005448,49.51005448,49.51005448,49.51005448,49.51005448,49.51005448,49.51005448,49.51005448,49.51005448,49.51005448,49.51005448,49.51005448,49.51005448,49.51005448,49.51005448,49.51005448,49.51005448,49.51005448,49.51005448
MT09,12/1/2024,106.26,9.7,56.19249934,56.19249934,56.19249934,56.19249934,56.19249934,56.19249934,56.19249934,56.19249934,56.19249934,56.19249934,56.19249934,56.19249934,56.19249934,56.19249934,56.19249934,56.19249934,56.19249934,56.19249934,56.19249934,56.19249934,56.19249934,56.19249934,56.19249934,56.19249934
MT09,1/1/2025,106.26,9.7,49.69834086,49.69834086,49.69834086,49.69834086,49.69834086,49.69834086,49.69834086,49.69834086,49.69834086,49.69834086,49.69834086,49.69834086,49.69834086,49.69834086,49.69834086,49.69834086,49.69834086,49.69834086,49.69834086,49.69834086,49.69834086,49.69834086,49.69834086,49.69834086
MT09,2/1/2025,106.26,9.7,36.03417752,36.03417752,36.03417752,36.03417752,36.03417752,36.03417752,36.03417752,36.03417752,36.03417752,36.03417752,36.03417752,36.03417752,36.03417752,36.03417752,36.03417752,36.03417752,36.03417752,36.03417752,36.03417752,36.03417752,36.03417752,36.03417752,36.03417752,36.03417752
MT09,3/1/2025,106.26,9.7,50.34691393,50.34691393,50.34691393,50.34691393,50.34691393,50.34691393,50.34691393,50.34691393,50.34691393,50.34691393,50.34691393,50.34691393,50.34691393,50.34691393,50.34691393,50.34691393,50.34691393,50.34691393,50.34691393,50.34691393,50.34691393,50.34691393,50.34691393,50.34691393
MT09,4/1/2025,106.26,9.7,53.3257552,53.3257552,53.3257552,53.3257552,53.3257552,53.3257552,53.3257552,53.3257552,53.3257552,53.3257552,53.3257552,53.3257552,53.3257552,53.3257552,53.3257552,53.3257552,53.3257552,53.3257552,53.3257552,53.3257552,53.3257552,53.3257552,53.3257552,53.3257552
MT09,5/1/2025,106.26,9.7,35.34593151,35.34593151,35.34593151,35.34593151,35.34593151,35.34593151,35.34593151,35.34593151,35.34593151,35.34593151,35.34593151,35.34593151,35.34593151,35.34593151,35.34593151,35.34593151,35.34593151,35.34593151,35.34593151,35.34593151,35.34593151,35.34593151,35.34593151,35.34593151
MT09,6/1/2025,106.26,9.7,35.27117244,35.27117244,35.27117244,35.27117244,35.27117244,35.27117244,35.27117244,35.27117244,35.27117244,35.27117244,35.27117244,35.27117244,35.27117244,35.27117244,35.27117244,35.27117244,35.27117244,35.27117244,35.27117244,35.27117244,35.27117244,35.27117244,35.27117244,35.27117244
MT09,7/1/2025,106.26,9.7,33.66446348,33.66446348,33.66446348,33.66446348,33.66446348,33.66446348,33.66446348,33.66446348,33.66446348,33.66446348,33.66446348,33.66446348,33.66446348,33.66446348,33.66446348,33.66446348,33.66446348,33.66446348,33.66446348,33.66446348,33.66446348,33.66446348,33.66446348,33.66446348
MT10,8/1/2024,106.38,9.66,51.65799883,51.65799883,51.65799883,51.65799883,51.65799883,51.65799883,51.65799883,51.65799883,51.65799883,51.65799883,51.65799883,51.65799883,51.65799883,51.65799883,51.65799883,51.65799883,51.65799883,51.65799883,51.65799883,51.65799883,51.65799883,51.65799883,51.65799883,51.65799883
MT10,9/1/2024,106.38,9.66,51.33632292,51.33632292,51.33632292,51.33632292,51.33632292,51.33632292,51.33632292,51.33632292,51.33632292,51.33632292,51.33632292,51.33632292,51.33632292,51.33632292,51.33632292,51.33632292,51.33632292,51.33632292,51.33632292,51.33632292,51.33632292,51.33632292,51.33632292,51.33632292
MT10,10/1/2024,106.38,9.66,52.86836127,52.86836127,52.86836127,52.86836127,52.86836127,52.86836127,52.86836127,52.86836127,52.86836127,52.86836127,52.86836127,52.86836127,52.86836127,52.86836127,52.86836127,52.86836127,52.86836127,52.86836127,52.86836127,52.86836127,52.86836127,52.86836127,52.86836127,52.86836127
MT10,11/1/2024,106.38,9.66,47.63377998,47.63377998,47.63377998,47.63377998,47.63377998,47.63377998,47.63377998,47.63377998,47.63377998,47.63377998,47.63377998,47.63377998,47.63377998,47.63377998,47.63377998,47.63377998,47.63377998,47.63377998,47.63377998,47.63377998,47.63377998,47.63377998,47.63377998,47.63377998
MT10,12/1/2024,106.38,9.66,49.80978365,49.80978365,49.80978365,49.80978365,49.80978365,49.80978365,49.80978365,49.80978365,49.80978365,49.80978365,49.80978365,49.80978365,49.80978365,49.80978365,49.80978365,49.80978365,49.80978365,49.80978365,49.80978365,49.80978365,49.80978365,49.80978365,49.80978365,49.80978365
MT10,1/1/2025,106.38,9.66,51.05041997,51.05041997,51.05041997,51.05041997,51.05041997,51.05041997,51.05041997,51.05041997,51.05041997,51.05041997,51.05041997,51.05041997,51.05041997,51.05041997,51.05041997,51.05041997,51.05041997,51.05041997,51.05041997,51.05041997,51.05041997,51.05041997,51.05041997,51.05041997
MT10,2/1/2025,106.38,9.66,52.04456772,52.04456772,52.04456772,52.04456772,52.04456772,52.04456772,52.04456772,52.04456772,52.04456772,52.04456772,52.04456772,52.04456772,52.04456772,52.04456772,52.04456772,52.04456772,52.04456772,52.04456772,52.04456772,52.04456772,52.04456772,52.04456772,52.04456772,52.04456772
MT10,3/1/2025,106.38,9.66,51.97877124,51.97877124,51.97877124,51.97877124,51.97877124,51.97877124,51.97877124,51.97877124,51.97877124,51.97877124,51.97877124,51.97877124,51.97877124,51.97877124,51.97877124,51.97877124,51.97877124,51.97877124,51.97877124,51.97877124,51.97877124,51.97877124,51.97877124,51.97877124
MT10,4/1/2025,106.38,9.66,49.33055222,49.33055222,49.33055222,49.33055222,49.33055222,49.33055222,49.33055222,49.33055222,49.33055222,49.33055222,49.33055222,49.33055222,49.33055222,49.33055222,49.33055222,49.33055222,49.33055222,49.33055222,49.33055222,49.33055222,49.33055222,49.33055222,49.33055222,49.33055222
MT10,5/1/2025,106.38,9.66,50.33630831,50.33630831,50.33630831,50.33630831,50.33630831,50.33630831,50.33630831,50.33630831,50.33630831,50.33630831,50.33630831,50.33630831,50.33630831,50.33630831,50.33630831,50.33630831,50.33630831,50.33630831,50.33630831,50.33630831,50.33630831,50.33630831,50.33630831,50.33630831
MT10,6/1/2025,106.38,9.66,50.1941995,50.1941995,50.1941995,50.1941995,50.1941995,50.1941995,50.1941995,50.1941995,50.1941995,50.1941995,50.1941995,50.1941995,50.1941995,50.1941995,50.1941995,50.1941995,50.1941995,50.1941995,50.1941995,50.1941995,50.1941995,50.1941995,50.1941995,50.1941995
MT10,7/1/2025,106.38,9.66,54.49572831,54.49572831,54.49572831,54.49572831,54.49572831,54.49572831,54.49572831,54.49572831,54.49572831,54.49572831,54.49572831,54.49572831,54.49572831,54.49572831,54.49572831,54.49572831,54.49572831,54.49572831,54.49572831,54.49572831,54.49572831,54.49572831,54.49572831,54.49572831
MT11,8/1/2024,105.42,9.79,76.23567536,76.23567536,76.23567536,76.23567536,76.23567536,76.23567536,76.23567536,76.23567536,76.23567536,76.23567536,76.23567536,76.23567536,76.23567536,76.23567536,76.23567536,76.23567536,76.23567536,76.23567536,76.23567536,76.23567536,76.23567536,76.23567536,76.23567536,76.23567536
MT11,9/1/2024,105.42,9.79,64.77144735,64.77144735,64.77144735,64.77144735,64.77144735,64.77144735,64.77144735,64.77144735,64.77144735,64.77144735,64.77144735,64.77144735,64.77144735,64.77144735,64.77144735,64.77144735,64.77144735,64.77144735,64.77144735,64.77144735,64.77144735,64.77144735,64.77144735,64.77144735
MT11,10/1/2024,105.42,9.79,63.44065349,63.44065349,63.44065349,63.44065349,63.44065349,63.44065349,63.44065349,63.44065349,63.44065349,63.44065349,63.44065349,63.44065349,63.44065349,63.44065349,63.44065349,63.44065349,63.44065349,63.44065349,63.44065349,63.44065349,63.44065349,63.44065349,63.44065349,63.44065349
MT11,11/1/2024,105.42,9.79,52.59992823,52.59992823,52.59992823,52.59992823,52.59992823,52.59992823,52.59992823,52.59992823,52.59992823,52.59992823,52.59992823,52.59992823,52.59992823,52.59992823,52.59992823,52.59992823,52.59992823,52.59992823,52.59992823,52.59992823,52.59992823,52.59992823,52.59992823,52.59992823
MT11,12/1/2024,105.42,9.79,52.86117986,52.86117986,52.86117986,52.86117986,52.86117986,52.86117986,52.86117986,52.86117986,52.86117986,52.86117986,52.86117986,52.86117986,52.86117986,52.86117986,52.86117986,52.86117986,52.86117986,52.86117986,52.86117986,52.86117986,52.86117986,52.86117986,52.86117986,52.86117986
MT11,1/1/2025,105.42,9.79,55.29194759,55.29194759,55.29194759,55.29194759,55.29194759,55.29194759,55.29194759,55.29194759,55.29194759,55.29194759,55.29194759,55.29194759,55.29194759,55.29194759,55.29194759,55.29194759,55.29194759,55.29194759,55.29194759,55.29194759,55.29194759,55.29194759,55.29194759,55.29194759
MT11,2/1/2025,105.42,9.79,64.26236707,64.26236707,64.26236707,64.26236707,64.26236707,64.26236707,64.26236707,64.26236707,64.26236707,64.26236707,64.26236707,64.26236707,64.26236707,64.26236707,64.26236707,64.26236707,64.26236707,64.26236707,64.26236707,64.26236707,64.26236707,64.26236707,64.26236707,64.26236707
MT11,3/1/2025,105.42,9.79,55.3595496,55.3595496,55.3595496,55.3595496,55.3595496,55.3595496,55.3595496,55.3595496,55.3595496,55.3595496,55.3595496,55.3595496,55.3595496,55.3595496,55.3595496,55.3595496,55.3595496,55.3595496,55.3595496,55.3595496,55.3595496,55.3595496,55.3595496,55.3595496
MT11,4/1/2025,105.42,9.79,33.19152712,33.19152712,33.19152712,33.19152712,33.19152712,33.19152712,33.19152712,33.19152712,33.19152712,33.19152712,33.19152712,33.19152712,33.19152712,33.19152712,33.19152712,33.19152712,33.19152712,33.19152712,33.19152712,33.19152712,33.19152712,33.19152712,33.19152712,33.19152712
MT11,5/1/2025,105.42,9.79,50.31200088,50.31200088,50.31200088,50.31200088,50.31200088,50.31200088,50.31200088,50.31200088,50.31200088,50.31200088,50.31200088,50.31200088,50.31200088,50.31200088,50.31200088,50.31200088,50.31200088,50.31200088,50.31200088,50.31200088,50.31200088,50.31200088,50.31200088,50.31200088
MT11,6/1/2025,105.42,9.79,54.5134816,54.5134816,54.5134816,54.5134816,54.5134816,54.5134816,54.5134816,54.5134816,54.5134816,54.5134816,54.5134816,54.5134816,54.5134816,54.5134816,54.5134816,54.5134816,54.5134816,54.5134816,54.5134816,54.5134816,54.5134816,54.5134816,54.5134816,54.5134816
MT11,7/1/2025,105.42,9.79,52.43954332,52.43954332,52.43954332,52.43954332,52.43954332,52.43954332,52.43954332,52.43954332,52.43954332,52.43954332,52.43954332,52.43954332,52.43954332,52.43954332,52.43954332,52.43954332,52.43954332,52.43954332,52.43954332,52.43954332,52.43954332,52.43954332,52.43954332,52.43954332
MT12,11/1/2024,105.92,9.96,53.93261879,53.93261879,53.93261879,53.93261879,53.93261879,53.93261879,53.93261879,53.93261879,53.93261879,53.93261879,53.93261879,53.93261879,53.93261879,53.93261879,53.93261879,53.93261879,53.93261879,53.93261879,53.93261879,53.93261879,53.93261879,53.93261879,53.93261879,53.93261879
MT12,12/1/2024,105.92,9.96,53.14589404,53.14589404,53.14589404,53.14589404,53.14589404,53.14589404,53.14589404,53.14589404,53.14589404,53.14589404,53.14589404,53.14589404,53.14589404,53.14589404,53.14589404,53.14589404,53.14589404,53.14589404,53.14589404,53.14589404,53.14589404,53.14589404,53.14589404,53.14589404
MT12,1/1/2025,105.92,9.96,55.94928609,55.94928609,55.94928609,55.94928609,55.94928609,55.94928609,55.94928609,55.94928609,55.94928609,55.94928609,55.94928609,55.94928609,55.94928609,55.94928609,55.94928609,55.94928609,55.94928609,55.94928609,55.94928609,55.94928609,55.94928609,55.94928609,55.94928609,55.94928609
MT12,2/1/2025,105.92,9.96,65.78862116,65.78862116,65.78862116,65.78862116,65.78862116,65.78862116,65.78862116,65.78862116,65.78862116,65.78862116,65.78862116,65.78862116,65.78862116,65.78862116,65.78862116,65.78862116,65.78862116,65.78862116,65.78862116,65.78862116,65.78862116,65.78862116,65.78862116,65.78862116
MT12,3/1/2025,105.92,9.96,66.17813368,66.17813368,66.17813368,66.17813368,66.17813368,66.17813368,66.17813368,66.17813368,66.17813368,66.17813368,66.17813368,66.17813368,66.17813368,66.17813368,66.17813368,66.17813368,66.17813368,66.17813368,66.17813368,66.17813368,66.17813368,66.17813368,66.17813368,66.17813368
MT12,4/1/2025,105.92,9.96,78.80929164,78.80929164,78.80929164,78.80929164,78.80929164,78.80929164,78.80929164,78.80929164,78.80929164,78.80929164,78.80929164,78.80929164,78.80929164,78.80929164,78.80929164,78.80929164,78.80929164,78.80929164,78.80929164,78.80929164,78.80929164,78.80929164,78.80929164,78.80929164
MT12,5/1/2025,105.92,9.96,75.95011974,75.95011974,75.95011974,75.95011974,75.95011974,75.95011974,75.95011974,75.95011974,75.95011974,75.95011974,75.95011974,75.95011974,75.95011974,75.95011974,75.95011974,75.95011974,75.95011974,75.95011974,75.95011974,75.95011974,75.95011974,75.95011974,75.95011974,75.95011974
MT12,6/1/2025,105.92,9.96,44.90984094,44.90984094,44.90984094,44.90984094,44.90984094,44.90984094,44.90984094,44.90984094,44.90984094,44.90984094,44.90984094,44.90984094,44.90984094,44.90984094,44.90984094,44.90984094,44.90984094,44.90984094,44.90984094,44.90984094,44.90984094,44.90984094,44.90984094,44.90984094
MT12,7/1/2025,105.92,9.96,52.22932592,52.22932592,52.22932592,52.22932592,52.22932592,52.22932592,52.22932592,52.22932592,52.22932592,52.22932592,52.22932592,52.22932592,52.22932592,52.22932592,52.22932592,52.22932592,52.22932592,52.22932592,52.22932592,52.22932592,52.22932592,52.22932592,52.22932592,52.22932592
MT13,9/1/2024,106.17,10.16,76.22877206,76.22877206,76.22877206,76.22877206,76.22877206,76.22877206,76.22877206,76.22877206,76.22877206,76.22877206,76.22877206,76.22877206,76.22877206,76.22877206,76.22877206,76.22877206,76.22877206,76.22877206,76.22877206,76.22877206,76.22877206,76.22877206,76.22877206,76.22877206
MT13,10/1/2024,106.17,10.16,55.31905148,55.31905148,55.31905148,55.31905148,55.31905148,55.31905148,55.31905148,55.31905148,55.31905148,55.31905148,55.31905148,55.31905148,55.31905148,55.31905148,55.31905148,55.31905148,55.31905148,55.31905148,55.31905148,55.31905148,55.31905148,55.31905148,55.31905148,55.31905148
MT13,11/1/2024,106.17,10.16,76.52533245,76.52533245,76.52533245,76.52533245,76.52533245,76.52533245,76.52533245,76.52533245,76.52533245,76.52533245,76.52533245,76.52533245,76.52533245,76.52533245,76.52533245,76.52533245,76.52533245,76.52533245,76.52533245,76.52533245,76.52533245,76.52533245,76.52533245,76.52533245
MT13,12/1/2024,106.17,10.16,54.08731558,54.08731558,54.08731558,54.08731558,54.08731558,54.08731558,54.08731558,54.08731558,54.08731558,54.08731558,54.08731558,54.08731558,54.08731558,54.08731558,54.08731558,54.08731558,54.08731558,54.08731558,54.08731558,54.08731558,54.08731558,54.08731558,54.08731558,54.08731558
MT13,1/1/2025,106.17,10.16,66.11627758,66.11627758,66.11627758,66.11627758,66.11627758,66.11627758,66.11627758,66.11627758,66.11627758,66.11627758,66.11627758,66.11627758,66.11627758,66.11627758,66.11627758,66.11627758,66.11627758,66.11627758,66.11627758,66.11627758,66.11627758,66.11627758,66.11627758,66.11627758
MT13,2/1/2025,106.17,10.16,75.76341418,75.76341418,75.76341418,75.76341418,75.76341418,75.76341418,75.76341418,75.76341418,75.76341418,75.76341418,75.76341418,75.76341418,75.76341418,75.76341418,75.76341418,75.76341418,75.76341418,75.76341418,75.76341418,75.76341418,75.76341418,75.76341418,75.76341418,75.76341418
MT13,3/1/2025,106.17,10.16,51.59650018,51.59650018,51.59650018,51.59650018,51.59650018,51.59650018,51.59650018,51.59650018,51.59650018,51.59650018,51.59650018,51.59650018,51.59650018,51.59650018,51.59650018,51.59650018,51.59650018,51.59650018,51.59650018,51.59650018,51.59650018,51.59650018,51.59650018,51.59650018
MT13,4/1/2025,106.17,10.16,79.2850335,79.2850335,79.2850335,79.2850335,79.2850335,79.2850335,79.2850335,79.2850335,79.2850335,79.2850335,79.2850335,79.2850335,79.2850335,79.2850335,79.2850335,79.2850335,79.2850335,79.2850335,79.2850335,79.2850335,79.2850335,79.2850335,79.2850335,79.2850335
MT13,5/1/2025,106.17,10.16,51.60217302,51.60217302,51.60217302,51.60217302,51.60217302,51.60217302,51.60217302,51.60217302,51.60217302,51.60217302,51.60217302,51.60217302,51.60217302,51.60217302,51.60217302,51.60217302,51.60217302,51.60217302,51.60217302,51.60217302,51.60217302,51.60217302,51.60217302,51.60217302
MT13,6/1/2025,106.17,10.16,36.40708441,36.40708441,36.40708441,36.40708441,36.40708441,36.40708441,36.40708441,36.40708441,36.40708441,36.40708441,36.40708441,36.40708441,36.40708441,36.40708441,36.40708441,36.40708441,36.40708441,36.40708441,36.40708441,36.40708441,36.40708441,36.40708441,36.40708441,36.40708441
MT13,7/1/2025,106.17,10.16,13.97911955,13.97911955,13.97911955,13.97911955,13.97911955,13.97911955,13.97911955,13.97911955,13.97911955,13.97911955,13.97911955,13.97911955,13.97911955,13.97911955,13.97911955,13.97911955,13.97911955,13.97911955,13.97911955,13.97911955,13.97911955,13.97911955,13.97911955,13.97911955
N1,12/1/2024,106.06,11.46,43.90276321,43.90276321,43.90276321,43.90276321,43.90276321,43.90276321,43.90276321,43.90276321,43.90276321,43.90276321,43.90276321,43.90276321,43.90276321,43.90276321,43.90276321,43.90276321,43.90276321,43.90276321,43.90276321,43.90276321,43.90276321,43.90276321,43.90276321,43.90276321
N1,1/1/2025,106.06,11.46,63.42276426,63.42276426,63.42276426,63.42276426,63.42276426,63.42276426,63.42276426,63.42276426,63.42276426,63.42276426,63.42276426,63.42276426,63.42276426,63.42276426,63.42276426,63.42276426,63.42276426,63.42276426,63.42276426,63.42276426,63.42276426,63.42276426,63.42276426,63.42276426
N1,2/1/2025,106.06,11.46,64.34242253,64.34242253,64.34242253,64.34242253,64.34242253,64.34242253,64.34242253,64.34242253,64.34242253,64.34242253,64.34242253,64.34242253,64.34242253,64.34242253,64.34242253,64.34242253,64.34242253,64.34242253,64.34242253,64.34242253,64.34242253,64.34242253,64.34242253,64.34242253
N1,3/1/2025,106.06,11.46,49.13066738,49.13066738,49.13066738,49.13066738,49.13066738,49.13066738,49.13066738,49.13066738,49.13066738,49.13066738,49.13066738,49.13066738,49.13066738,49.13066738,49.13066738,49.13066738,49.13066738,49.13066738,49.13066738,49.13066738,49.13066738,49.13066738,49.13066738,49.13066738
N1,4/1/2025,106.06,11.46,49.87522816,49.87522816,49.87522816,49.87522816,49.87522816,49.87522816,49.87522816,49.87522816,49.87522816,49.87522816,49.87522816,49.87522816,49.87522816,49.87522816,49.87522816,49.87522816,49.87522816,49.87522816,49.87522816,49.87522816,49.87522816,49.87522816,49.87522816,49.87522816
N1,5/1/2025,106.06,11.46,51.46974913,51.46974913,51.46974913,51.46974913,51.46974913,51.46974913,51.46974913,51.46974913,51.46974913,51.46974913,51.46974913,51.46974913,51.46974913,51.46974913,51.46974913,51.46974913,51.46974913,51.46974913,51.46974913,51.46974913,51.46974913,51.46974913,51.46974913,51.46974913
N1,6/1/2025,106.06,11.46,28.66364259,28.66364259,28.66364259,28.66364259,28.66364259,28.66364259,28.66364259,28.66364259,28.66364259,28.66364259,28.66364259,28.66364259,28.66364259,28.66364259,28.66364259,28.66364259,28.66364259,28.66364259,28.66364259,28.66364259,28.66364259,28.66364259,28.66364259,28.66364259
N1,7/1/2025,106.06,11.46,65.39137228,65.39137228,65.39137228,65.39137228,65.39137228,65.39137228,65.39137228,65.39137228,65.39137228,65.39137228,65.39137228,65.39137228,65.39137228,65.39137228,65.39137228,65.39137228,65.39137228,65.39137228,65.39137228,65.39137228,65.39137228,65.39137228,65.39137228,65.39137228
N2,12/1/2024,106.19,11.317778,63.62589567,63.62589567,63.62589567,63.62589567,63.62589567,63.62589567,63.62589567,63.62589567,63.62589567,63.62589567,63.62589567,63.62589567,63.62589567,63.62589567,63.62589567,63.62589567,63.62589567,63.62589567,63.62589567,63.62589567,63.62589567,63.62589567,63.62589567,63.62589567
N2,1/1/2025,106.19,11.317778,50.80216937,50.80216937,50.80216937,50.80216937,50.80216937,50.80216937,50.80216937,50.80216937,50.80216937,50.80216937,50.80216937,50.80216937,50.80216937,50.80216937,50.80216937,50.80216937,50.80216937,50.80216937,50.80216937,50.80216937,50.80216937,50.80216937,50.80216937,50.80216937
N2,2/1/2025,106.19,11.317778,50.2096369,50.2096369,50.2096369,50.2096369,50.2096369,50.2096369,50.2096369,50.2096369,50.2096369,50.2096369,50.2096369,50.2096369,50.2096369,50.2096369,50.2096369,50.2096369,50.2096369,50.2096369,50.2096369,50.2096369,50.2096369,50.2096369,50.2096369,50.2096369
N2,3/1/2025,106.19,11.317778,63.67115423,63.67115423,63.67115423,63.67115423,63.67115423,63.67115423,63.67115423,63.67115423,63.67115423,63.67115423,63.67115423,63.67115423,63.67115423,63.67115423,63.67115423,63.67115423,63.67115423,63.67115423,63.67115423,63.67115423,63.67115423,63.67115423,63.67115423,63.67115423
N2,4/1/2025,106.19,11.317778,49.38772861,49.38772861,49.38772861,49.38772861,49.38772861,49.38772861,49.38772861,49.38772861,49.38772861,49.38772861,49.38772861,49.38772861,49.38772861,49.38772861,49.38772861,49.38772861,49.38772861,49.38772861,49.38772861,49.38772861,49.38772861,49.38772861,49.38772861,49.38772861
N2,5/1/2025,106.19,11.317778,51.0316262,51.0316262,51.0316262,51.0316262,51.0316262,51.0316262,51.0316262,51.0316262,51.0316262,51.0316262,51.0316262,51.0316262,51.0316262,51.0316262,51.0316262,51.0316262,51.0316262,51.0316262,51.0316262,51.0316262,51.0316262,51.0316262,51.0316262,51.0316262
N2,6/1/2025,106.19,11.317778,17.48187995,17.48187995,17.48187995,17.48187995,17.48187995,17.48187995,17.48187995,17.48187995,17.48187995,17.48187995,17.48187995,17.48187995,17.48187995,17.48187995,17.48187995,17.48187995,17.48187995,17.48187995,17.48187995,17.48187995,17.48187995,17.48187995,17.48187995,17.48187995
N2,7/1/2025,106.19,11.317778,51.50560768,51.50560768,51.50560768,51.50560768,51.50560768,51.50560768,51.50560768,51.50560768,51.50560768,51.50560768,51.50560768,51.50560768,51.50560768,51.50560768,51.50560768,51.50560768,51.50560768,51.50560768,51.50560768,51.50560768,51.50560768,51.50560768,51.50560768,51.50560768
N3,12/1/2024,106.201667,11.423333,51.93867293,51.93867293,51.93867293,51.93867293,51.93867293,51.93867293,51.93867293,51.93867293,51.93867293,51.93867293,51.93867293,51.93867293,51.93867293,51.93867293,51.93867293,51.93867293,51.93867293,51.93867293,51.93867293,51.93867293,51.93867293,51.93867293,51.93867293,51.93867293
N3,1/1/2025,106.201667,11.423333,50.06360292,50.06360292,50.06360292,50.06360292,50.06360292,50.06360292,50.06360292,50.06360292,50.06360292,50.06360292,50.06360292,50.06360292,50.06360292,50.06360292,50.06360292,50.06360292,50.06360292,50.06360292,50.06360292,50.06360292,50.06360292,50.06360292,50.06360292,50.06360292
N3,2/1/2025,106.201667,11.423333,49.12965108,49.12965108,49.12965108,49.12965108,49.12965108,49.12965108,49.12965108,49.12965108,49.12965108,49.12965108,49.12965108,49.12965108,49.12965108,49.12965108,49.12965108,49.12965108,49.12965108,49.12965108,49.12965108,49.12965108,49.12965108,49.12965108,49.12965108,49.12965108
N3,3/1/2025,106.201667,11.423333,35.18330131,35.18330131,35.18330131,35.18330131,35.18330131,35.18330131,35.18330131,35.18330131,35.18330131,35.18330131,35.18330131,35.18330131,35.18330131,35.18330131,35.18330131,35.18330131,35.18330131,35.18330131,35.18330131,35.18330131,35.18330131,35.18330131,35.18330131,35.18330131
N3,4/1/2025,106.201667,11.423333,35.21742267,35.21742267,35.21742267,35.21742267,35.21742267,35.21742267,35.21742267,35.21742267,35.21742267,35.21742267,35.21742267,35.21742267,35.21742267,35.21742267,35.21742267,35.21742267,35.21742267,35.21742267,35.21742267,35.21742267,35.21742267,35.21742267,35.21742267,35.21742267
N3,5/1/2025,106.201667,11.423333,63.11499246,63.11499246,63.11499246,63.11499246,63.11499246,63.11499246,63.11499246,63.11499246,63.11499246,63.11499246,63.11499246,63.11499246,63.11499246,63.11499246,63.11499246,63.11499246,63.11499246,63.11499246,63.11499246,63.11499246,63.11499246,63.11499246,63.11499246,63.11499246
N3,6/1/2025,106.201667,11.423333,35.49042806,35.49042806,35.49042806,35.49042806,35.49042806,35.49042806,35.49042806,35.49042806,35.49042806,35.49042806,35.49042806,35.49042806,35.49042806,35.49042806,35.49042806,35.49042806,35.49042806,35.49042806,35.49042806,35.49042806,35.49042806,35.49042806,35.49042806,35.49042806
N3,7/1/2025,106.201667,11.423333,52.53013403,52.53013403,52.53013403,52.53013403,52.53013403,52.53013403,52.53013403,52.53013403,52.53013403,52.53013403,52.53013403,52.53013403,52.53013403,52.53013403,52.53013403,52.53013403,52.53013403,52.53013403,52.53013403,52.53013403,52.53013403,52.53013403,52.53013403,52.53013403
N4,12/1/2024,106.305,11.22,63.13182806,63.13182806,63.13182806,63.13182806,63.13182806,63.13182806,63.13182806,63.13182806,63.13182806,63.13182806,63.13182806,63.13182806,63.13182806,63.13182806,63.13182806,63.13182806,63.13182806,63.13182806,63.13182806,63.13182806,63.13182806,63.13182806,63.13182806,63.13182806
N4,1/1/2025,106.305,11.22,62.69074358,62.69074358,62.69074358,62.69074358,62.69074358,62.69074358,62.69074358,62.69074358,62.69074358,62.69074358,62.69074358,62.69074358,62.69074358,62.69074358,62.69074358,62.69074358,62.69074358,62.69074358,62.69074358,62.69074358,62.69074358,62.69074358,62.69074358,62.69074358
N4,2/1/2025,106.305,11.22,62.33538698,62.33538698,62.33538698,62.33538698,62.33538698,62.33538698,62.33538698,62.33538698,62.33538698,62.33538698,62.33538698,62.33538698,62.33538698,62.33538698,62.33538698,62.33538698,62.33538698,62.33538698,62.33538698,62.33538698,62.33538698,62.33538698,62.33538698,62.33538698
N4,3/1/2025,106.305,11.22,50.4117583,50.4117583,50.4117583,50.4117583,50.4117583,50.4117583,50.4117583,50.4117583,50.4117583,50.4117583,50.4117583,50.4117583,50.4117583,50.4117583,50.4117583,50.4117583,50.4117583,50.4117583,50.4117583,50.4117583,50.4117583,50.4117583,50.4117583,50.4117583
N4,4/1/2025,106.305,11.22,63.78365282,63.78365282,63.78365282,63.78365282,63.78365282,63.78365282,63.78365282,63.78365282,63.78365282,63.78365282,63.78365282,63.78365282,63.78365282,63.78365282,63.78365282,63.78365282,63.78365282,63.78365282,63.78365282,63.78365282,63.78365282,63.78365282,63.78365282,63.78365282
N4,5/1/2025,106.305,11.22,63.72247342,63.72247342,63.72247342,63.72247342,63.72247342,63.72247342,63.72247342,63.72247342,63.72247342,63.72247342,63.72247342,63.72247342,63.72247342,63.72247342,63.72247342,63.72247342,63.72247342,63.72247342,63.72247342,63.72247342,63.72247342,63.72247342,63.72247342,63.72247342
N4,6/1/2025,106.305,11.22,49.82452644,49.82452644,49.82452644,49.82452644,49.82452644,49.82452644,49.82452644,49.82452644,49.82452644,49.82452644,49.82452644,49.82452644,49.82452644,49.82452644,49.82452644,49.82452644,49.82452644,49.82452644,49.82452644,49.82452644,49.82452644,49.82452644,49.82452644,49.82452644
N4,7/1/2025,106.305,11.22,64.58177267,64.58177267,64.58177267,64.58177267,64.58177267,64.58177267,64.58177267,64.58177267,64.58177267,64.58177267,64.58177267,64.58177267,64.58177267,64.58177267,64.58177267,64.58177267,64.58177267,64.58177267,64.58177267,64.58177267,64.58177267,64.58177267,64.58177267,64.58177267
N5,12/1/2024,106.305461,11.045828,51.27777632,51.27777632,51.27777632,51.27777632,51.27777632,51.27777632,51.27777632,51.27777632,51.27777632,51.27777632,51.27777632,51.27777632,51.27777632,51.27777632,51.27777632,51.27777632,51.27777632,51.27777632,51.27777632,51.27777632,51.27777632,51.27777632,51.27777632,51.27777632
N5,1/1/2025,106.305461,11.045828,35.345062,35.345062,35.345062,35.345062,35.345062,35.345062,35.345062,35.345062,35.345062,35.345062,35.345062,35.345062,35.345062,35.345062,35.345062,35.345062,35.345062,35.345062,35.345062,35.345062,35.345062,35.345062,35.345062,35.345062
N5,2/1/2025,106.305461,11.045828,51.13514066,51.13514066,51.13514066,51.13514066,51.13514066,51.13514066,51.13514066,51.13514066,51.13514066,51.13514066,51.13514066,51.13514066,51.13514066,51.13514066,51.13514066,51.13514066,51.13514066,51.13514066,51.13514066,51.13514066,51.13514066,51.13514066,51.13514066,51.13514066
N5,3/1/2025,106.305461,11.045828,63.81750438,63.81750438,63.81750438,63.81750438,63.81750438,63.81750438,63.81750438,63.81750438,63.81750438,63.81750438,63.81750438,63.81750438,63.81750438,63.81750438,63.81750438,63.81750438,63.81750438,63.81750438,63.81750438,63.81750438,63.81750438,63.81750438,63.81750438,63.81750438
N5,4/1/2025,106.305461,11.045828,34.90563295,34.90563295,34.90563295,34.90563295,34.90563295,34.90563295,34.90563295,34.90563295,34.90563295,34.90563295,34.90563295,34.90563295,34.90563295,34.90563295,34.90563295,34.90563295,34.90563295,34.90563295,34.90563295,34.90563295,34.90563295,34.90563295,34.90563295,34.90563295
N5,5/1/2025,106.305461,11.045828,51.37711999,51.37711999,51.37711999,51.37711999,51.37711999,51.37711999,51.37711999,51.37711999,51.37711999,51.37711999,51.37711999,51.37711999,51.37711999,51.37711999,51.37711999,51.37711999,51.37711999,51.37711999,51.37711999,51.37711999,51.37711999,51.37711999,51.37711999,51.37711999
N5,6/1/2025,106.305461,11.045828,22.85450098,22.85450098,22.85450098,22.85450098,22.85450098,22.85450098,22.85450098,22.85450098,22.85450098,22.85450098,22.85450098,22.85450098,22.85450098,22.85450098,22.85450098,22.85450098,22.85450098,22.85450098,22.85450098,22.85450098,22.85450098,22.85450098,22.85450098,22.85450098
N5,7/1/2025,106.305461,11.045828,49.25334138,49.25334138,49.25334138,49.25334138,49.25334138,49.25334138,49.25334138,49.25334138,49.25334138,49.25334138,49.25334138,49.25334138,49.25334138,49.25334138,49.25334138,49.25334138,49.25334138,49.25334138,49.25334138,49.25334138,49.25334138,49.25334138,49.25334138,49.25334138
N6,12/1/2024,106.394114,10.981075,52.02960131,52.02960131,52.02960131,52.02960131,52.02960131,52.02960131,52.02960131,52.02960131,52.02960131,52.02960131,52.02960131,52.02960131,52.02960131,52.02960131,52.02960131,52.02960131,52.02960131,52.02960131,52.02960131,52.02960131,52.02960131,52.02960131,52.02960131,52.02960131
N6,1/1/2025,106.394114,10.981075,43.61093303,43.61093303,43.61093303,43.61093303,43.61093303,43.61093303,43.61093303,43.61093303,43.61093303,43.61093303,43.61093303,43.61093303,43.61093303,43.61093303,43.61093303,43.61093303,43.61093303,43.61093303,43.61093303,43.61093303,43.61093303,43.61093303,43.61093303,43.61093303
N6,2/1/2025,106.394114,10.981075,44.7301676,44.7301676,44.7301676,44.7301676,44.7301676,44.7301676,44.7301676,44.7301676,44.7301676,44.7301676,44.7301676,44.7301676,44.7301676,44.7301676,44.7301676,44.7301676,44.7301676,44.7301676,44.7301676,44.7301676,44.7301676,44.7301676,44.7301676,44.7301676
N6,3/1/2025,106.394114,10.981075,60.64754202,60.64754202,60.64754202,60.64754202,60.64754202,60.64754202,60.64754202,60.64754202,60.64754202,60.64754202,60.64754202,60.64754202,60.64754202,60.64754202,60.64754202,60.64754202,60.64754202,60.64754202,60.64754202,60.64754202,60.64754202,60.64754202,60.64754202,60.64754202
N6,4/1/2025,106.394114,10.981075,64.93426754,64.93426754,64.93426754,64.93426754,64.93426754,64.93426754,64.93426754,64.93426754,64.93426754,64.93426754,64.93426754,64.93426754,64.93426754,64.93426754,64.93426754,64.93426754,64.93426754,64.93426754,64.93426754,64.93426754,64.93426754,64.93426754,64.93426754,64.93426754
N6,5/1/2025,106.394114,10.981075,57.07561955,57.07561955,57.07561955,57.07561955,57.07561955,57.07561955,57.07561955,57.07561955,57.07561955,57.07561955,57.07561955,57.07561955,57.07561955,57.07561955,57.07561955,57.07561955,57.07561955,57.07561955,57.07561955,57.07561955,57.07561955,57.07561955,57.07561955,57.07561955
N6,6/1/2025,106.394114,10.981075,18.96172453,18.96172453,18.96172453,18.96172453,18.96172453,18.96172453,18.96172453,18.96172453,18.96172453,18.96172453,18.96172453,18.96172453,18.96172453,18.96172453,18.96172453,18.96172453,18.96172453,18.96172453,18.96172453,18.96172453,18.96172453,18.96172453,18.96172453,18.96172453
N6,7/1/2025,106.394114,10.981075,55.03466329,55.03466329,55.03466329,55.03466329,55.03466329,55.03466329,55.03466329,55.03466329,55.03466329,55.03466329,55.03466329,55.03466329,55.03466329,55.03466329,55.03466329,55.03466329,55.03466329,55.03466329,55.03466329,55.03466329,55.03466329,55.03466329,55.03466329,55.03466329
OX01,8/1/2024,105.639204,10.080774,62.24473887,62.24473887,62.24473887,62.24473887,62.24473887,62.24473887,62.24473887,62.24473887,62.24473887,62.24473887,62.24473887,62.24473887,62.24473887,62.24473887,62.24473887,62.24473887,62.24473887,62.24473887,62.24473887,62.24473887,62.24473887,62.24473887,62.24473887,62.24473887
OX01,9/1/2024,105.639204,10.080774,64.91419934,64.91419934,64.91419934,64.91419934,64.91419934,64.91419934,64.91419934,64.91419934,64.91419934,64.91419934,64.91419934,64.91419934,64.91419934,64.91419934,64.91419934,64.91419934,64.91419934,64.91419934,64.91419934,64.91419934,64.91419934,64.91419934,64.91419934,64.91419934
OX01,10/1/2024,105.639204,10.080774,64.61533118,64.61533118,64.61533118,64.61533118,64.61533118,64.61533118,64.61533118,64.61533118,64.61533118,64.61533118,64.61533118,64.61533118,64.61533118,64.61533118,64.61533118,64.61533118,64.61533118,64.61533118,64.61533118,64.61533118,64.61533118,64.61533118,64.61533118,64.61533118
OX01,11/1/2024,105.639204,10.080774,64.50022806,64.50022806,64.50022806,64.50022806,64.50022806,64.50022806,64.50022806,64.50022806,64.50022806,64.50022806,64.50022806,64.50022806,64.50022806,64.50022806,64.50022806,64.50022806,64.50022806,64.50022806,64.50022806,64.50022806,64.50022806,64.50022806,64.50022806,64.50022806
OX01,12/1/2024,105.639204,10.080774,54.26171621,54.26171621,54.26171621,54.26171621,54.26171621,54.26171621,54.26171621,54.26171621,54.26171621,54.26171621,54.26171621,54.26171621,54.26171621,54.26171621,54.26171621,54.26171621,54.26171621,54.26171621,54.26171621,54.26171621,54.26171621,54.26171621,54.26171621,54.26171621
OX01,1/1/2025,105.639204,10.080774,53.56548202,53.56548202,53.56548202,53.56548202,53.56548202,53.56548202,53.56548202,53.56548202,53.56548202,53.56548202,53.56548202,53.56548202,53.56548202,53.56548202,53.56548202,53.56548202,53.56548202,53.56548202,53.56548202,53.56548202,53.56548202,53.56548202,53.56548202,53.56548202
OX01,2/1/2025,105.639204,10.080774,33.99446155,33.99446155,33.99446155,33.99446155,33.99446155,33.99446155,33.99446155,33.99446155,33.99446155,33.99446155,33.99446155,33.99446155,33.99446155,33.99446155,33.99446155,33.99446155,33.99446155,33.99446155,33.99446155,33.99446155,33.99446155,33.99446155,33.99446155,33.99446155
OX01,3/1/2025,105.639204,10.080774,65.28838669,65.28838669,65.28838669,65.28838669,65.28838669,65.28838669,65.28838669,65.28838669,65.28838669,65.28838669,65.28838669,65.28838669,65.28838669,65.28838669,65.28838669,65.28838669,65.28838669,65.28838669,65.28838669,65.28838669,65.28838669,65.28838669,65.28838669,65.28838669
OX01,4/1/2025,105.639204,10.080774,35.19442813,35.19442813,35.19442813,35.19442813,35.19442813,35.19442813,35.19442813,35.19442813,35.19442813,35.19442813,35.19442813,35.19442813,35.19442813,35.19442813,35.19442813,35.19442813,35.19442813,35.19442813,35.19442813,35.19442813,35.19442813,35.19442813,35.19442813,35.19442813
OX01,5/1/2025,105.639204,10.080774,44.42660513,44.42660513,44.42660513,44.42660513,44.42660513,44.42660513,44.42660513,44.42660513,44.42660513,44.42660513,44.42660513,44.42660513,44.42660513,44.42660513,44.42660513,44.42660513,44.42660513,44.42660513,44.42660513,44.42660513,44.42660513,44.42660513,44.42660513,44.42660513
OX01,6/1/2025,105.639204,10.080774,51.87957107,51.87957107,51.87957107,51.87957107,51.87957107,51.87957107,51.87957107,51.87957107,51.87957107,51.87957107,51.87957107,51.87957107,51.87957107,51.87957107,51.87957107,51.87957107,51.87957107,51.87957107,51.87957107,51.87957107,51.87957107,51.87957107,51.87957107,51.87957107
OX01,7/1/2025,105.639204,10.080774,51.11530965,51.11530965,51.11530965,51.11530965,51.11530965,51.11530965,51.11530965,51.11530965,51.11530965,51.11530965,51.11530965,51.11530965,51.11530965,51.11530965,51.11530965,51.11530965,51.11530965,51.11530965,51.11530965,51.11530965,51.11530965,51.11530965,51.11530965,51.11530965
OX02,8/1/2024,105.661594,9.989848,76.53675498,76.53675498,76.53675498,76.53675498,76.53675498,76.53675498,76.53675498,76.53675498,76.53675498,76.53675498,76.53675498,76.53675498,76.53675498,76.53675498,76.53675498,76.53675498,76.53675498,76.53675498,76.53675498,76.53675498,76.53675498,76.53675498,76.53675498,76.53675498
OX02,9/1/2024,105.661594,9.989848,73.47710335,73.47710335,73.47710335,73.47710335,73.47710335,73.47710335,73.47710335,73.47710335,73.47710335,73.47710335,73.47710335,73.47710335,73.47710335,73.47710335,73.47710335,73.47710335,73.47710335,73.47710335,73.47710335,73.47710335,73.47710335,73.47710335,73.47710335,73.47710335
OX02,10/1/2024,105.661594,9.989848,66.07107123,66.07107123,66.07107123,66.07107123,66.07107123,66.07107123,66.07107123,66.07107123,66.07107123,66.07107123,66.07107123,66.07107123,66.07107123,66.07107123,66.07107123,66.07107123,66.07107123,66.07107123,66.07107123,66.07107123,66.07107123,66.07107123,66.07107123,66.07107123
OX02,11/1/2024,105.661594,9.989848,76.90303212,76.90303212,76.90303212,76.90303212,76.90303212,76.90303212,76.90303212,76.90303212,76.90303212,76.90303212,76.90303212,76.90303212,76.90303212,76.90303212,76.90303212,76.90303212,76.90303212,76.90303212,76.90303212,76.90303212,76.90303212,76.90303212,76.90303212,76.90303212
OX02,12/1/2024,105.661594,9.989848,85.31417858,85.31417858,85.31417858,85.31417858,85.31417858,85.31417858,85.31417858,85.31417858,85.31417858,85.31417858,85.31417858,85.31417858,85.31417858,85.31417858,85.31417858,85.31417858,85.31417858,85.31417858,85.31417858,85.31417858,85.31417858,85.31417858,85.31417858,85.31417858
OX02,1/1/2025,105.661594,9.989848,51.41554701,51.41554701,51.41554701,51.41554701,51.41554701,51.41554701,51.41554701,51.41554701,51.41554701,51.41554701,51.41554701,51.41554701,51.41554701,51.41554701,51.41554701,51.41554701,51.41554701,51.41554701,51.41554701,51.41554701,51.41554701,51.41554701,51.41554701,51.41554701
OX02,2/1/2025,105.661594,9.989848,42.81282541,42.81282541,42.81282541,42.81282541,42.81282541,42.81282541,42.81282541,42.81282541,42.81282541,42.81282541,42.81282541,42.81282541,42.81282541,42.81282541,42.81282541,42.81282541,42.81282541,42.81282541,42.81282541,42.81282541,42.81282541,42.81282541,42.81282541,42.81282541
OX02,3/1/2025,105.661594,9.989848,37.61823811,37.61823811,37.61823811,37.61823811,37.61823811,37.61823811,37.61823811,37.61823811,37.61823811,37.61823811,37.61823811,37.61823811,37.61823811,37.61823811,37.61823811,37.61823811,37.61823811,37.61823811,37.61823811,37.61823811,37.61823811,37.61823811,37.61823811,37.61823811
OX02,4/1/2025,105.661594,9.989848,40.49559025,40.49559025,40.49559025,40.49559025,40.49559025,40.49559025,40.49559025,40.49559025,40.49559025,40.49559025,40.49559025,40.49559025,40.49559025,40.49559025,40.49559025,40.49559025,40.49559025,40.49559025,40.49559025,40.49559025,40.49559025,40.49559025,40.49559025,40.49559025
OX02,5/1/2025,105.661594,9.989848,63.43282722,63.43282722,63.43282722,63.43282722,63.43282722,63.43282722,63.43282722,63.43282722,63.43282722,63.43282722,63.43282722,63.43282722,63.43282722,63.43282722,63.43282722,63.43282722,63.43282722,63.43282722,63.43282722,63.43282722,63.43282722,63.43282722,63.43282722,63.43282722
OX02,6/1/2025,105.661594,9.989848,38.09181649,38.09181649,38.09181649,38.09181649,38.09181649,38.09181649,38.09181649,38.09181649,38.09181649,38.09181649,38.09181649,38.09181649,38.09181649,38.09181649,38.09181649,38.09181649,38.09181649,38.09181649,38.09181649,38.09181649,38.09181649,38.09181649,38.09181649,38.09181649
OX02,7/1/2025,105.661594,9.989848,36.23585935,36.23585935,36.23585935,36.23585935,36.23585935,36.23585935,36.23585935,36.23585935,36.23585935,36.23585935,36.23585935,36.23585935,36.23585935,36.23585935,36.23585935,36.23585935,36.23585935,36.23585935,36.23585935,36.23585935,36.23585935,36.23585935,36.23585935,36.23585935
OX03,8/1/2024,105.629671,9.93044,77.08488478,77.08488478,77.08488478,77.08488478,77.08488478,77.08488478,77.08488478,77.08488478,77.08488478,77.08488478,77.08488478,77.08488478,77.08488478,77.08488478,77.08488478,77.08488478,77.08488478,77.08488478,77.08488478,77.08488478,77.08488478,77.08488478,77.08488478,77.08488478
OX03,9/1/2024,105.629671,9.93044,76.25695022,76.25695022,76.25695022,76.25695022,76.25695022,76.25695022,76.25695022,76.25695022,76.25695022,76.25695022,76.25695022,76.25695022,76.25695022,76.25695022,76.25695022,76.25695022,76.25695022,76.25695022,76.25695022,76.25695022,76.25695022,76.25695022,76.25695022,76.25695022
OX03,10/1/2024,105.629671,9.93044,64.97169273,64.97169273,64.97169273,64.97169273,64.97169273,64.97169273,64.97169273,64.97169273,64.97169273,64.97169273,64.97169273,64.97169273,64.97169273,64.97169273,64.97169273,64.97169273,64.97169273,64.97169273,64.97169273,64.97169273,64.97169273,64.97169273,64.97169273,64.97169273
OX03,11/1/2024,105.629671,9.93044,76.05884466,76.05884466,76.05884466,76.05884466,76.05884466,76.05884466,76.05884466,76.05884466,76.05884466,76.05884466,76.05884466,76.05884466,76.05884466,76.05884466,76.05884466,76.05884466,76.05884466,76.05884466,76.05884466,76.05884466,76.05884466,76.05884466,76.05884466,76.05884466
OX03,12/1/2024,105.629671,9.93044,74.86541045,74.86541045,74.86541045,74.86541045,74.86541045,74.86541045,74.86541045,74.86541045,74.86541045,74.86541045,74.86541045,74.86541045,74.86541045,74.86541045,74.86541045,74.86541045,74.86541045,74.86541045,74.86541045,74.86541045,74.86541045,74.86541045,74.86541045,74.86541045
OX03,1/1/2025,105.629671,9.93044,44.19351538,44.19351538,44.19351538,44.19351538,44.19351538,44.19351538,44.19351538,44.19351538,44.19351538,44.19351538,44.19351538,44.19351538,44.19351538,44.19351538,44.19351538,44.19351538,44.19351538,44.19351538,44.19351538,44.19351538,44.19351538,44.19351538,44.19351538,44.19351538
OX03,2/1/2025,105.629671,9.93044,52.47065488,52.47065488,52.47065488,52.47065488,52.47065488,52.47065488,52.47065488,52.47065488,52.47065488,52.47065488,52.47065488,52.47065488,52.47065488,52.47065488,52.47065488,52.47065488,52.47065488,52.47065488,52.47065488,52.47065488,52.47065488,52.47065488,52.47065488,52.47065488
OX03,3/1/2025,105.629671,9.93044,51.20243126,51.20243126,51.20243126,51.20243126,51.20243126,51.20243126,51.20243126,51.20243126,51.20243126,51.20243126,51.20243126,51.20243126,51.20243126,51.20243126,51.20243126,51.20243126,51.20243126,51.20243126,51.20243126,51.20243126,51.20243126,51.20243126,51.20243126,51.20243126
OX03,4/1/2025,105.629671,9.93044,46.21063976,46.21063976,46.21063976,46.21063976,46.21063976,46.21063976,46.21063976,46.21063976,46.21063976,46.21063976,46.21063976,46.21063976,46.21063976,46.21063976,46.21063976,46.21063976,46.21063976,46.21063976,46.21063976,46.21063976,46.21063976,46.21063976,46.21063976,46.21063976
OX03,5/1/2025,105.629671,9.93044,65.52868536,65.52868536,65.52868536,65.52868536,65.52868536,65.52868536,65.52868536,65.52868536,65.52868536,65.52868536,65.52868536,65.52868536,65.52868536,65.52868536,65.52868536,65.52868536,65.52868536,65.52868536,65.52868536,65.52868536,65.52868536,65.52868536,65.52868536,65.52868536
OX03,6/1/2025,105.629671,9.93044,36.6481662,36.6481662,36.6481662,36.6481662,36.6481662,36.6481662,36.6481662,36.6481662,36.6481662,36.6481662,36.6481662,36.6481662,36.6481662,36.6481662,36.6481662,36.6481662,36.6481662,36.6481662,36.6481662,36.6481662,36.6481662,36.6481662,36.6481662,36.6481662
OX03,7/1/2025,105.629671,9.93044,43.32807532,43.32807532,43.32807532,43.32807532,43.32807532,43.32807532,43.32807532,43.32807532,43.32807532,43.32807532,43.32807532,43.32807532,43.32807532,43.32807532,43.32807532,43.32807532,43.32807532,43.32807532,43.32807532,43.32807532,43.32807532,43.32807532,43.32807532,43.32807532
OX04,8/1/2024,105.571151,9.93304,76.42194652,76.42194652,76.42194652,76.42194652,76.42194652,76.42194652,76.42194652,76.42194652,76.42194652,76.42194652,76.42194652,76.42194652,76.42194652,76.42194652,76.42194652,76.42194652,76.42194652,76.42194652,76.42194652,76.42194652,76.42194652,76.42194652,76.42194652,76.42194652
OX04,9/1/2024,105.571151,9.93304,64.91746178,64.91746178,64.91746178,64.91746178,64.91746178,64.91746178,64.91746178,64.91746178,64.91746178,64.91746178,64.91746178,64.91746178,64.91746178,64.91746178,64.91746178,64.91746178,64.91746178,64.91746178,64.91746178,64.91746178,64.91746178,64.91746178,64.91746178,64.91746178
OX04,10/1/2024,105.571151,9.93304,64.65278772,64.65278772,64.65278772,64.65278772,64.65278772,64.65278772,64.65278772,64.65278772,64.65278772,64.65278772,64.65278772,64.65278772,64.65278772,64.65278772,64.65278772,64.65278772,64.65278772,64.65278772,64.65278772,64.65278772,64.65278772,64.65278772,64.65278772,64.65278772
OX04,11/1/2024,105.571151,9.93304,77.17163606,77.17163606,77.17163606,77.17163606,77.17163606,77.17163606,77.17163606,77.17163606,77.17163606,77.17163606,77.17163606,77.17163606,77.17163606,77.17163606,77.17163606,77.17163606,77.17163606,77.17163606,77.17163606,77.17163606,77.17163606,77.17163606,77.17163606,77.17163606
OX04,12/1/2024,105.571151,9.93304,64.44898799,64.44898799,64.44898799,64.44898799,64.44898799,64.44898799,64.44898799,64.44898799,64.44898799,64.44898799,64.44898799,64.44898799,64.44898799,64.44898799,64.44898799,64.44898799,64.44898799,64.44898799,64.44898799,64.44898799,64.44898799,64.44898799,64.44898799,64.44898799
OX04,1/1/2025,105.571151,9.93304,64.45894321,64.45894321,64.45894321,64.45894321,64.45894321,64.45894321,64.45894321,64.45894321,64.45894321,64.45894321,64.45894321,64.45894321,64.45894321,64.45894321,64.45894321,64.45894321,64.45894321,64.45894321,64.45894321,64.45894321,64.45894321,64.45894321,64.45894321,64.45894321
OX04,2/1/2025,105.571151,9.93304,35.25706939,35.25706939,35.25706939,35.25706939,35.25706939,35.25706939,35.25706939,35.25706939,35.25706939,35.25706939,35.25706939,35.25706939,35.25706939,35.25706939,35.25706939,35.25706939,35.25706939,35.25706939,35.25706939,35.25706939,35.25706939,35.25706939,35.25706939,35.25706939
OX04,3/1/2025,105.571151,9.93304,64.93277982,64.93277982,64.93277982,64.93277982,64.93277982,64.93277982,64.93277982,64.93277982,64.93277982,64.93277982,64.93277982,64.93277982,64.93277982,64.93277982,64.93277982,64.93277982,64.93277982,64.93277982,64.93277982,64.93277982,64.93277982,64.93277982,64.93277982,64.93277982
OX04,4/1/2025,105.571151,9.93304,54.73234094,54.73234094,54.73234094,54.73234094,54.73234094,54.73234094,54.73234094,54.73234094,54.73234094,54.73234094,54.73234094,54.73234094,54.73234094,54.73234094,54.73234094,54.73234094,54.73234094,54.73234094,54.73234094,54.73234094,54.73234094,54.73234094,54.73234094,54.73234094
OX04,5/1/2025,105.571151,9.93304,63.46752846,63.46752846,63.46752846,63.46752846,63.46752846,63.46752846,63.46752846,63.46752846,63.46752846,63.46752846,63.46752846,63.46752846,63.46752846,63.46752846,63.46752846,63.46752846,63.46752846,63.46752846,63.46752846,63.46752846,63.46752846,63.46752846,63.46752846,63.46752846
OX04,6/1/2025,105.571151,9.93304,50.84392373,50.84392373,50.84392373,50.84392373,50.84392373,50.84392373,50.84392373,50.84392373,50.84392373,50.84392373,50.84392373,50.84392373,50.84392373,50.84392373,50.84392373,50.84392373,50.84392373,50.84392373,50.84392373,50.84392373,50.84392373,50.84392373,50.84392373,50.84392373
OX04,7/1/2025,105.571151,9.93304,65.36719251,65.36719251,65.36719251,65.36719251,65.36719251,65.36719251,65.36719251,65.36719251,65.36719251,65.36719251,65.36719251,65.36719251,65.36719251,65.36719251,65.36719251,65.36719251,65.36719251,65.36719251,65.36719251,65.36719251,65.36719251,65.36719251,65.36719251,65.36719251
OX05,8/1/2024,105.557149,9.976598,78.87445068,78.87445068,78.87445068,78.87445068,78.87445068,78.87445068,78.87445068,78.87445068,78.87445068,78.87445068,78.87445068,78.87445068,78.87445068,78.87445068,78.87445068,78.87445068,78.87445068,78.87445068,78.87445068,78.87445068,78.87445068,78.87445068,78.87445068,78.87445068
OX05,9/1/2024,105.557149,9.976598,63.74739903,63.74739903,63.74739903,63.74739903,63.74739903,63.74739903,63.74739903,63.74739903,63.74739903,63.74739903,63.74739903,63.74739903,63.74739903,63.74739903,63.74739903,63.74739903,63.74739903,63.74739903,63.74739903,63.74739903,63.74739903,63.74739903,63.74739903,63.74739903
OX05,10/1/2024,105.557149,9.976598,63.89490952,63.89490952,63.89490952,63.89490952,63.89490952,63.89490952,63.89490952,63.89490952,63.89490952,63.89490952,63.89490952,63.89490952,63.89490952,63.89490952,63.89490952,63.89490952,63.89490952,63.89490952,63.89490952,63.89490952,63.89490952,63.89490952,63.89490952,63.89490952
OX05,11/1/2024,105.557149,9.976598,75.07139119,75.07139119,75.07139119,75.07139119,75.07139119,75.07139119,75.07139119,75.07139119,75.07139119,75.07139119,75.07139119,75.07139119,75.07139119,75.07139119,75.07139119,75.07139119,75.07139119,75.07139119,75.07139119,75.07139119,75.07139119,75.07139119,75.07139119,75.07139119
OX05,12/1/2024,105.557149,9.976598,63.40130451,63.40130451,63.40130451,63.40130451,63.40130451,63.40130451,63.40130451,63.40130451,63.40130451,63.40130451,63.40130451,63.40130451,63.40130451,63.40130451,63.40130451,63.40130451,63.40130451,63.40130451,63.40130451,63.40130451,63.40130451,63.40130451,63.40130451,63.40130451
OX05,1/1/2025,105.557149,9.976598,63.83513369,63.83513369,63.83513369,63.83513369,63.83513369,63.83513369,63.83513369,63.83513369,63.83513369,63.83513369,63.83513369,63.83513369,63.83513369,63.83513369,63.83513369,63.83513369,63.83513369,63.83513369,63.83513369,63.83513369,63.83513369,63.83513369,63.83513369,63.83513369
OX05,2/1/2025,105.557149,9.976598,51.38337694,51.38337694,51.38337694,51.38337694,51.38337694,51.38337694,51.38337694,51.38337694,51.38337694,51.38337694,51.38337694,51.38337694,51.38337694,51.38337694,51.38337694,51.38337694,51.38337694,51.38337694,51.38337694,51.38337694,51.38337694,51.38337694,51.38337694,51.38337694
OX05,3/1/2025,105.557149,9.976598,51.76247427,51.76247427,51.76247427,51.76247427,51.76247427,51.76247427,51.76247427,51.76247427,51.76247427,51.76247427,51.76247427,51.76247427,51.76247427,51.76247427,51.76247427,51.76247427,51.76247427,51.76247427,51.76247427,51.76247427,51.76247427,51.76247427,51.76247427,51.76247427
OX05,4/1/2025,105.557149,9.976598,55.89731186,55.89731186,55.89731186,55.89731186,55.89731186,55.89731186,55.89731186,55.89731186,55.89731186,55.89731186,55.89731186,55.89731186,55.89731186,55.89731186,55.89731186,55.89731186,55.89731186,55.89731186,55.89731186,55.89731186,55.89731186,55.89731186,55.89731186,55.89731186
OX05,5/1/2025,105.557149,9.976598,63.83096564,63.83096564,63.83096564,63.83096564,63.83096564,63.83096564,63.83096564,63.83096564,63.83096564,63.83096564,63.83096564,63.83096564,63.83096564,63.83096564,63.83096564,63.83096564,63.83096564,63.83096564,63.83096564,63.83096564,63.83096564,63.83096564,63.83096564,63.83096564
OX05,6/1/2025,105.557149,9.976598,51.37905261,51.37905261,51.37905261,51.37905261,51.37905261,51.37905261,51.37905261,51.37905261,51.37905261,51.37905261,51.37905261,51.37905261,51.37905261,51.37905261,51.37905261,51.37905261,51.37905261,51.37905261,51.37905261,51.37905261,51.37905261,51.37905261,51.37905261,51.37905261
OX05,7/1/2025,105.557149,9.976598,43.39509904,43.39509904,43.39509904,43.39509904,43.39509904,43.39509904,43.39509904,43.39509904,43.39509904,43.39509904,43.39509904,43.39509904,43.39509904,43.39509904,43.39509904,43.39509904,43.39509904,43.39509904,43.39509904,43.39509904,43.39509904,43.39509904,43.39509904,43.39509904
OX06,8/1/2024,105.514058,9.876734,63.78729541,63.78729541,63.78729541,63.78729541,63.78729541,63.78729541,63.78729541,63.78729541,63.78729541,63.78729541,63.78729541,63.78729541,63.78729541,63.78729541,63.78729541,63.78729541,63.78729541,63.78729541,63.78729541,63.78729541,63.78729541,63.78729541,63.78729541,63.78729541
OX06,9/1/2024,105.514058,9.876734,63.43203362,63.43203362,63.43203362,63.43203362,63.43203362,63.43203362,63.43203362,63.43203362,63.43203362,63.43203362,63.43203362,63.43203362,63.43203362,63.43203362,63.43203362,63.43203362,63.43203362,63.43203362,63.43203362,63.43203362,63.43203362,63.43203362,63.43203362,63.43203362
OX06,10/1/2024,105.514058,9.876734,63.8448708,63.8448708,63.8448708,63.8448708,63.8448708,63.8448708,63.8448708,63.8448708,63.8448708,63.8448708,63.8448708,63.8448708,63.8448708,63.8448708,63.8448708,63.8448708,63.8448708,63.8448708,63.8448708,63.8448708,63.8448708,63.8448708,63.8448708,63.8448708
OX06,11/1/2024,105.514058,9.876734,63.65053511,63.65053511,63.65053511,63.65053511,63.65053511,63.65053511,63.65053511,63.65053511,63.65053511,63.65053511,63.65053511,63.65053511,63.65053511,63.65053511,63.65053511,63.65053511,63.65053511,63.65053511,63.65053511,63.65053511,63.65053511,63.65053511,63.65053511,63.65053511
OX06,12/1/2024,105.514058,9.876734,50.68669428,50.68669428,50.68669428,50.68669428,50.68669428,50.68669428,50.68669428,50.68669428,50.68669428,50.68669428,50.68669428,50.68669428,50.68669428,50.68669428,50.68669428,50.68669428,50.68669428,50.68669428,50.68669428,50.68669428,50.68669428,50.68669428,50.68669428,50.68669428
OX06,1/1/2025,105.514058,9.876734,63.94256326,63.94256326,63.94256326,63.94256326,63.94256326,63.94256326,63.94256326,63.94256326,63.94256326,63.94256326,63.94256326,63.94256326,63.94256326,63.94256326,63.94256326,63.94256326,63.94256326,63.94256326,63.94256326,63.94256326,63.94256326,63.94256326,63.94256326,63.94256326
OX06,2/1/2025,105.514058,9.876734,51.12757122,51.12757122,51.12757122,51.12757122,51.12757122,51.12757122,51.12757122,51.12757122,51.12757122,51.12757122,51.12757122,51.12757122,51.12757122,51.12757122,51.12757122,51.12757122,51.12757122,51.12757122,51.12757122,51.12757122,51.12757122,51.12757122,51.12757122,51.12757122
OX06,3/1/2025,105.514058,9.876734,51.42690606,51.42690606,51.42690606,51.42690606,51.42690606,51.42690606,51.42690606,51.42690606,51.42690606,51.42690606,51.42690606,51.42690606,51.42690606,51.42690606,51.42690606,51.42690606,51.42690606,51.42690606,51.42690606,51.42690606,51.42690606,51.42690606,51.42690606,51.42690606
OX06,4/1/2025,105.514058,9.876734,64.0875118,64.0875118,64.0875118,64.0875118,64.0875118,64.0875118,64.0875118,64.0875118,64.0875118,64.0875118,64.0875118,64.0875118,64.0875118,64.0875118,64.0875118,64.0875118,64.0875118,64.0875118,64.0875118,64.0875118,64.0875118,64.0875118,64.0875118,64.0875118
OX06,5/1/2025,105.514058,9.876734,51.67219663,51.67219663,51.67219663,51.67219663,51.67219663,51.67219663,51.67219663,51.67219663,51.67219663,51.67219663,51.67219663,51.67219663,51.67219663,51.67219663,51.67219663,51.67219663,51.67219663,51.67219663,51.67219663,51.67219663,51.67219663,51.67219663,51.67219663,51.67219663
OX06,6/1/2025,105.514058,9.876734,51.35872373,51.35872373,51.35872373,51.35872373,51.35872373,51.35872373,51.35872373,51.35872373,51.35872373,51.35872373,51.35872373,51.35872373,51.35872373,51.35872373,51.35872373,51.35872373,51.35872373,51.35872373,51.35872373,51.35872373,51.35872373,51.35872373,51.35872373,51.35872373
OX06,7/1/2025,105.514058,9.876734,34.57407203,34.57407203,34.57407203,34.57407203,34.57407203,34.57407203,34.57407203,34.57407203,34.57407203,34.57407203,34.57407203,34.57407203,34.57407203,34.57407203,34.57407203,34.57407203,34.57407203,34.57407203,34.57407203,34.57407203,34.57407203,34.57407203,34.57407203,34.57407203
OX07,8/1/2024,105.458364,9.820056,63.50168286,63.50168286,63.50168286,63.50168286,63.50168286,63.50168286,63.50168286,63.50168286,63.50168286,63.50168286,63.50168286,63.50168286,63.50168286,63.50168286,63.50168286,63.50168286,63.50168286,63.50168286,63.50168286,63.50168286,63.50168286,63.50168286,63.50168286,63.50168286
OX07,9/1/2024,105.458364,9.820056,63.51856657,63.51856657,63.51856657,63.51856657,63.51856657,63.51856657,63.51856657,63.51856657,63.51856657,63.51856657,63.51856657,63.51856657,63.51856657,63.51856657,63.51856657,63.51856657,63.51856657,63.51856657,63.51856657,63.51856657,63.51856657,63.51856657,63.51856657,63.51856657
OX07,10/1/2024,105.458364,9.820056,63.84475485,63.84475485,63.84475485,63.84475485,63.84475485,63.84475485,63.84475485,63.84475485,63.84475485,63.84475485,63.84475485,63.84475485,63.84475485,63.84475485,63.84475485,63.84475485,63.84475485,63.84475485,63.84475485,63.84475485,63.84475485,63.84475485,63.84475485,63.84475485
OX07,11/1/2024,105.458364,9.820056,74.6975715,74.6975715,74.6975715,74.6975715,74.6975715,74.6975715,74.6975715,74.6975715,74.6975715,74.6975715,74.6975715,74.6975715,74.6975715,74.6975715,74.6975715,74.6975715,74.6975715,74.6975715,74.6975715,74.6975715,74.6975715,74.6975715,74.6975715,74.6975715
OX07,12/1/2024,105.458364,9.820056,50.58326413,50.58326413,50.58326413,50.58326413,50.58326413,50.58326413,50.58326413,50.58326413,50.58326413,50.58326413,50.58326413,50.58326413,50.58326413,50.58326413,50.58326413,50.58326413,50.58326413,50.58326413,50.58326413,50.58326413,50.58326413,50.58326413,50.58326413,50.58326413
OX07,1/1/2025,105.458364,9.820056,50.96161726,50.96161726,50.96161726,50.96161726,50.96161726,50.96161726,50.96161726,50.96161726,50.96161726,50.96161726,50.96161726,50.96161726,50.96161726,50.96161726,50.96161726,50.96161726,50.96161726,50.96161726,50.96161726,50.96161726,50.96161726,50.96161726,50.96161726,50.96161726
OX07,2/1/2025,105.458364,9.820056,51.29608592,51.29608592,51.29608592,51.29608592,51.29608592,51.29608592,51.29608592,51.29608592,51.29608592,51.29608592,51.29608592,51.29608592,51.29608592,51.29608592,51.29608592,51.29608592,51.29608592,51.29608592,51.29608592,51.29608592,51.29608592,51.29608592,51.29608592,51.29608592
OX07,3/1/2025,105.458364,9.820056,63.80013943,63.80013943,63.80013943,63.80013943,63.80013943,63.80013943,63.80013943,63.80013943,63.80013943,63.80013943,63.80013943,63.80013943,63.80013943,63.80013943,63.80013943,63.80013943,63.80013943,63.80013943,63.80013943,63.80013943,63.80013943,63.80013943,63.80013943,63.80013943
OX07,4/1/2025,105.458364,9.820056,52.56006818,52.56006818,52.56006818,52.56006818,52.56006818,52.56006818,52.56006818,52.56006818,52.56006818,52.56006818,52.56006818,52.56006818,52.56006818,52.56006818,52.56006818,52.56006818,52.56006818,52.56006818,52.56006818,52.56006818,52.56006818,52.56006818,52.56006818,52.56006818
OX07,5/1/2025,105.458364,9.820056,51.13721931,51.13721931,51.13721931,51.13721931,51.13721931,51.13721931,51.13721931,51.13721931,51.13721931,51.13721931,51.13721931,51.13721931,51.13721931,51.13721931,51.13721931,51.13721931,51.13721931,51.13721931,51.13721931,51.13721931,51.13721931,51.13721931,51.13721931,51.13721931
OX07,6/1/2025,105.458364,9.820056,50.81105526,50.81105526,50.81105526,50.81105526,50.81105526,50.81105526,50.81105526,50.81105526,50.81105526,50.81105526,50.81105526,50.81105526,50.81105526,50.81105526,50.81105526,50.81105526,50.81105526,50.81105526,50.81105526,50.81105526,50.81105526,50.81105526,50.81105526,50.81105526
OX07,7/1/2025,105.458364,9.820056,51.02415293,51.02415293,51.02415293,51.02415293,51.02415293,51.02415293,51.02415293,51.02415293,51.02415293,51.02415293,51.02415293,51.02415293,51.02415293,51.02415293,51.02415293,51.02415293,51.02415293,51.02415293,51.02415293,51.02415293,51.02415293,51.02415293,51.02415293,51.02415293
OX08,8/1/2024,105.374179,9.772157,51.18920801,51.18920801,51.18920801,51.18920801,51.18920801,51.18920801,51.18920801,51.18920801,51.18920801,51.18920801,51.18920801,51.18920801,51.18920801,51.18920801,51.18920801,51.18920801,51.18920801,51.18920801,51.18920801,51.18920801,51.18920801,51.18920801,51.18920801,51.18920801
OX08,9/1/2024,105.374179,9.772157,63.71634699,63.71634699,63.71634699,63.71634699,63.71634699,63.71634699,63.71634699,63.71634699,63.71634699,63.71634699,63.71634699,63.71634699,63.71634699,63.71634699,63.71634699,63.71634699,63.71634699,63.71634699,63.71634699,63.71634699,63.71634699,63.71634699,63.71634699,63.71634699
OX08,10/1/2024,105.374179,9.772157,54.4229542,54.4229542,54.4229542,54.4229542,54.4229542,54.4229542,54.4229542,54.4229542,54.4229542,54.4229542,54.4229542,54.4229542,54.4229542,54.4229542,54.4229542,54.4229542,54.4229542,54.4229542,54.4229542,54.4229542,54.4229542,54.4229542,54.4229542,54.4229542
OX08,11/1/2024,105.374179,9.772157,74.60014786,74.60014786,74.60014786,74.60014786,74.60014786,74.60014786,74.60014786,74.60014786,74.60014786,74.60014786,74.60014786,74.60014786,74.60014786,74.60014786,74.60014786,74.60014786,74.60014786,74.60014786,74.60014786,74.60014786,74.60014786,74.60014786,74.60014786,74.60014786
OX08,12/1/2024,105.374179,9.772157,63.59630208,63.59630208,63.59630208,63.59630208,63.59630208,63.59630208,63.59630208,63.59630208,63.59630208,63.59630208,63.59630208,63.59630208,63.59630208,63.59630208,63.59630208,63.59630208,63.59630208,63.59630208,63.59630208,63.59630208,63.59630208,63.59630208,63.59630208,63.59630208
OX08,1/1/2025,105.374179,9.772157,63.46662742,63.46662742,63.46662742,63.46662742,63.46662742,63.46662742,63.46662742,63.46662742,63.46662742,63.46662742,63.46662742,63.46662742,63.46662742,63.46662742,63.46662742,63.46662742,63.46662742,63.46662742,63.46662742,63.46662742,63.46662742,63.46662742,63.46662742,63.46662742
OX08,2/1/2025,105.374179,9.772157,50.61077663,50.61077663,50.61077663,50.61077663,50.61077663,50.61077663,50.61077663,50.61077663,50.61077663,50.61077663,50.61077663,50.61077663,50.61077663,50.61077663,50.61077663,50.61077663,50.61077663,50.61077663,50.61077663,50.61077663,50.61077663,50.61077663,50.61077663,50.61077663
OX08,3/1/2025,105.374179,9.772157,63.86349475,63.86349475,63.86349475,63.86349475,63.86349475,63.86349475,63.86349475,63.86349475,63.86349475,63.86349475,63.86349475,63.86349475,63.86349475,63.86349475,63.86349475,63.86349475,63.86349475,63.86349475,63.86349475,63.86349475,63.86349475,63.86349475,63.86349475,63.86349475
OX08,4/1/2025,105.374179,9.772157,51.49578019,51.49578019,51.49578019,51.49578019,51.49578019,51.49578019,51.49578019,51.49578019,51.49578019,51.49578019,51.49578019,51.49578019,51.49578019,51.49578019,51.49578019,51.49578019,51.49578019,51.49578019,51.49578019,51.49578019,51.49578019,51.49578019,51.49578019,51.49578019
OX08,5/1/2025,105.374179,9.772157,63.93616258,63.93616258,63.93616258,63.93616258,63.93616258,63.93616258,63.93616258,63.93616258,63.93616258,63.93616258,63.93616258,63.93616258,63.93616258,63.93616258,63.93616258,63.93616258,63.93616258,63.93616258,63.93616258,63.93616258,63.93616258,63.93616258,63.93616258,63.93616258
OX08,6/1/2025,105.374179,9.772157,50.9389988,50.9389988,50.9389988,50.9389988,50.9389988,50.9389988,50.9389988,50.9389988,50.9389988,50.9389988,50.9389988,50.9389988,50.9389988,50.9389988,50.9389988,50.9389988,50.9389988,50.9389988,50.9389988,50.9389988,50.9389988,50.9389988,50.9389988,50.9389988
OX08,7/1/2025,105.374179,9.772157,51.05214806,51.05214806,51.05214806,51.05214806,51.05214806,51.05214806,51.05214806,51.05214806,51.05214806,51.05214806,51.05214806,51.05214806,51.05214806,51.05214806,51.05214806,51.05214806,51.05214806,51.05214806,51.05214806,51.05214806,51.05214806,51.05214806,51.05214806,51.05214806
OX09,8/1/2024,105.477978,9.886004,51.8168377,51.8168377,51.8168377,51.8168377,51.8168377,51.8168377,51.8168377,51.8168377,51.8168377,51.8168377,51.8168377,51.8168377,51.8168377,51.8168377,51.8168377,51.8168377,51.8168377,51.8168377,51.8168377,51.8168377,51.8168377,51.8168377,51.8168377,51.8168377
OX09,9/1/2024,105.477978,9.886004,63.5117962,63.5117962,63.5117962,63.5117962,63.5117962,63.5117962,63.5117962,63.5117962,63.5117962,63.5117962,63.5117962,63.5117962,63.5117962,63.5117962,63.5117962,63.5117962,63.5117962,63.5117962,63.5117962,63.5117962,63.5117962,63.5117962,63.5117962,63.5117962
OX09,10/1/2024,105.477978,9.886004,63.71650174,63.71650174,63.71650174,63.71650174,63.71650174,63.71650174,63.71650174,63.71650174,63.71650174,63.71650174,63.71650174,63.71650174,63.71650174,63.71650174,63.71650174,63.71650174,63.71650174,63.71650174,63.71650174,63.71650174,63.71650174,63.71650174,63.71650174,63.71650174
OX09,11/1/2024,105.477978,9.886004,74.64117581,74.64117581,74.64117581,74.64117581,74.64117581,74.64117581,74.64117581,74.64117581,74.64117581,74.64117581,74.64117581,74.64117581,74.64117581,74.64117581,74.64117581,74.64117581,74.64117581,74.64117581,74.64117581,74.64117581,74.64117581,74.64117581,74.64117581,74.64117581
OX09,12/1/2024,105.477978,9.886004,63.60553178,63.60553178,63.60553178,63.60553178,63.60553178,63.60553178,63.60553178,63.60553178,63.60553178,63.60553178,63.60553178,63.60553178,63.60553178,63.60553178,63.60553178,63.60553178,63.60553178,63.60553178,63.60553178,63.60553178,63.60553178,63.60553178,63.60553178,63.60553178
OX09,1/1/2025,105.477978,9.886004,51.01967289,51.01967289,51.01967289,51.01967289,51.01967289,51.01967289,51.01967289,51.01967289,51.01967289,51.01967289,51.01967289,51.01967289,51.01967289,51.01967289,51.01967289,51.01967289,51.01967289,51.01967289,51.01967289,51.01967289,51.01967289,51.01967289,51.01967289,51.01967289
OX09,2/1/2025,105.477978,9.886004,51.42566574,51.42566574,51.42566574,51.42566574,51.42566574,51.42566574,51.42566574,51.42566574,51.42566574,51.42566574,51.42566574,51.42566574,51.42566574,51.42566574,51.42566574,51.42566574,51.42566574,51.42566574,51.42566574,51.42566574,51.42566574,51.42566574,51.42566574,51.42566574
OX09,3/1/2025,105.477978,9.886004,51.64193877,51.64193877,51.64193877,51.64193877,51.64193877,51.64193877,51.64193877,51.64193877,51.64193877,51.64193877,51.64193877,51.64193877,51.64193877,51.64193877,51.64193877,51.64193877,51.64193877,51.64193877,51.64193877,51.64193877,51.64193877,51.64193877,51.64193877,51.64193877
OX09,4/1/2025,105.477978,9.886004,63.93504469,63.93504469,63.93504469,63.93504469,63.93504469,63.93504469,63.93504469,63.93504469,63.93504469,63.93504469,63.93504469,63.93504469,63.93504469,63.93504469,63.93504469,63.93504469,63.93504469,63.93504469,63.93504469,63.93504469,63.93504469,63.93504469,63.93504469,63.93504469
OX09,5/1/2025,105.477978,9.886004,34.72677156,34.72677156,34.72677156,34.72677156,34.72677156,34.72677156,34.72677156,34.72677156,34.72677156,34.72677156,34.72677156,34.72677156,34.72677156,34.72677156,34.72677156,34.72677156,34.72677156,34.72677156,34.72677156,34.72677156,34.72677156,34.72677156,34.72677156,34.72677156
OX09,6/1/2025,105.477978,9.886004,63.81220878,63.81220878,63.81220878,63.81220878,63.81220878,63.81220878,63.81220878,63.81220878,63.81220878,63.81220878,63.81220878,63.81220878,63.81220878,63.81220878,63.81220878,63.81220878,63.81220878,63.81220878,63.81220878,63.81220878,63.81220878,63.81220878,63.81220878,63.81220878
OX09,7/1/2025,105.477978,9.886004,63.68968017,63.68968017,63.68968017,63.68968017,63.68968017,63.68968017,63.68968017,63.68968017,63.68968017,63.68968017,63.68968017,63.68968017,63.68968017,63.68968017,63.68968017,63.68968017,63.68968017,63.68968017,63.68968017,63.68968017,63.68968017,63.68968017,63.68968017,63.68968017
OX10,8/1/2024,105.562857,10.062936,63.55037035,63.55037035,63.55037035,63.55037035,63.55037035,63.55037035,63.55037035,63.55037035,63.55037035,63.55037035,63.55037035,63.55037035,63.55037035,63.55037035,63.55037035,63.55037035,63.55037035,63.55037035,63.55037035,63.55037035,63.55037035,63.55037035,63.55037035,63.55037035
OX10,9/1/2024,105.562857,10.062936,51.46166459,51.46166459,51.46166459,51.46166459,51.46166459,51.46166459,51.46166459,51.46166459,51.46166459,51.46166459,51.46166459,51.46166459,51.46166459,51.46166459,51.46166459,51.46166459,51.46166459,51.46166459,51.46166459,51.46166459,51.46166459,51.46166459,51.46166459,51.46166459
OX10,10/1/2024,105.562857,10.062936,63.73674045,63.73674045,63.73674045,63.73674045,63.73674045,63.73674045,63.73674045,63.73674045,63.73674045,63.73674045,63.73674045,63.73674045,63.73674045,63.73674045,63.73674045,63.73674045,63.73674045,63.73674045,63.73674045,63.73674045,63.73674045,63.73674045,63.73674045,63.73674045
OX10,11/1/2024,105.562857,10.062936,63.97650401,63.97650401,63.97650401,63.97650401,63.97650401,63.97650401,63.97650401,63.97650401,63.97650401,63.97650401,63.97650401,63.97650401,63.97650401,63.97650401,63.97650401,63.97650401,63.97650401,63.97650401,63.97650401,63.97650401,63.97650401,63.97650401,63.97650401,63.97650401
OX10,12/1/2024,105.562857,10.062936,63.0256367,63.0256367,63.0256367,63.0256367,63.0256367,63.0256367,63.0256367,63.0256367,63.0256367,63.0256367,63.0256367,63.0256367,63.0256367,63.0256367,63.0256367,63.0256367,63.0256367,63.0256367,63.0256367,63.0256367,63.0256367,63.0256367,63.0256367,63.0256367
OX10,1/1/2025,105.562857,10.062936,62.96015338,62.96015338,62.96015338,62.96015338,62.96015338,62.96015338,62.96015338,62.96015338,62.96015338,62.96015338,62.96015338,62.96015338,62.96015338,62.96015338,62.96015338,62.96015338,62.96015338,62.96015338,62.96015338,62.96015338,62.96015338,62.96015338,62.96015338,62.96015338
OX10,2/1/2025,105.562857,10.062936,35.14489381,35.14489381,35.14489381,35.14489381,35.14489381,35.14489381,35.14489381,35.14489381,35.14489381,35.14489381,35.14489381,35.14489381,35.14489381,35.14489381,35.14489381,35.14489381,35.14489381,35.14489381,35.14489381,35.14489381,35.14489381,35.14489381,35.14489381,35.14489381
OX10,3/1/2025,105.562857,10.062936,50.83034689,50.83034689,50.83034689,50.83034689,50.83034689,50.83034689,50.83034689,50.83034689,50.83034689,50.83034689,50.83034689,50.83034689,50.83034689,50.83034689,50.83034689,50.83034689,50.83034689,50.83034689,50.83034689,50.83034689,50.83034689,50.83034689,50.83034689,50.83034689
OX10,4/1/2025,105.562857,10.062936,43.49126418,43.49126418,43.49126418,43.49126418,43.49126418,43.49126418,43.49126418,43.49126418,43.49126418,43.49126418,43.49126418,43.49126418,43.49126418,43.49126418,43.49126418,43.49126418,43.49126418,43.49126418,43.49126418,43.49126418,43.49126418,43.49126418,43.49126418,43.49126418
OX10,5/1/2025,105.562857,10.062936,63.97822527,63.97822527,63.97822527,63.97822527,63.97822527,63.97822527,63.97822527,63.97822527,63.97822527,63.97822527,63.97822527,63.97822527,63.97822527,63.97822527,63.97822527,63.97822527,63.97822527,63.97822527,63.97822527,63.97822527,63.97822527,63.97822527,63.97822527,63.97822527
OX10,6/1/2025,105.562857,10.062936,34.94640446,34.94640446,34.94640446,34.94640446,34.94640446,34.94640446,34.94640446,34.94640446,34.94640446,34.94640446,34.94640446,34.94640446,34.94640446,34.94640446,34.94640446,34.94640446,34.94640446,34.94640446,34.94640446,34.94640446,34.94640446,34.94640446,34.94640446,34.94640446
OX10,7/1/2025,105.562857,10.062936,64.05471877,64.05471877,64.05471877,64.05471877,64.05471877,64.05471877,64.05471877,64.05471877,64.05471877,64.05471877,64.05471877,64.05471877,64.05471877,64.05471877,64.05471877,64.05471877,64.05471877,64.05471877,64.05471877,64.05471877,64.05471877,64.05471877,64.05471877,64.05471877
OX11,8/1/2024,105.622886,10.117432,63.76488939,63.76488939,63.76488939,63.76488939,63.76488939,63.76488939,63.76488939,63.76488939,63.76488939,63.76488939,63.76488939,63.76488939,63.76488939,63.76488939,63.76488939,63.76488939,63.76488939,63.76488939,63.76488939,63.76488939,63.76488939,63.76488939,63.76488939,63.76488939
OX11,9/1/2024,105.622886,10.117432,73.8618631,73.8618631,73.8618631,73.8618631,73.8618631,73.8618631,73.8618631,73.8618631,73.8618631,73.8618631,73.8618631,73.8618631,73.8618631,73.8618631,73.8618631,73.8618631,73.8618631,73.8618631,73.8618631,73.8618631,73.8618631,73.8618631,73.8618631,73.8618631
OX11,10/1/2024,105.622886,10.117432,51.4020433,51.4020433,51.4020433,51.4020433,51.4020433,51.4020433,51.4020433,51.4020433,51.4020433,51.4020433,51.4020433,51.4020433,51.4020433,51.4020433,51.4020433,51.4020433,51.4020433,51.4020433,51.4020433,51.4020433,51.4020433,51.4020433,51.4020433,51.4020433
OX11,11/1/2024,105.622886,10.117432,35.07975659,35.07975659,35.07975659,35.07975659,35.07975659,35.07975659,35.07975659,35.07975659,35.07975659,35.07975659,35.07975659,35.07975659,35.07975659,35.07975659,35.07975659,35.07975659,35.07975659,35.07975659,35.07975659,35.07975659,35.07975659,35.07975659,35.07975659,35.07975659
OX11,12/1/2024,105.622886,10.117432,43.64951232,43.64951232,43.64951232,43.64951232,43.64951232,43.64951232,43.64951232,43.64951232,43.64951232,43.64951232,43.64951232,43.64951232,43.64951232,43.64951232,43.64951232,43.64951232,43.64951232,43.64951232,43.64951232,43.64951232,43.64951232,43.64951232,43.64951232,43.64951232
OX11,1/1/2025,105.622886,10.117432,63.26996726,63.26996726,63.26996726,63.26996726,63.26996726,63.26996726,63.26996726,63.26996726,63.26996726,63.26996726,63.26996726,63.26996726,63.26996726,63.26996726,63.26996726,63.26996726,63.26996726,63.26996726,63.26996726,63.26996726,63.26996726,63.26996726,63.26996726,63.26996726
OX11,2/1/2025,105.622886,10.117432,35.48089721,35.48089721,35.48089721,35.48089721,35.48089721,35.48089721,35.48089721,35.48089721,35.48089721,35.48089721,35.48089721,35.48089721,35.48089721,35.48089721,35.48089721,35.48089721,35.48089721,35.48089721,35.48089721,35.48089721,35.48089721,35.48089721,35.48089721,35.48089721
OX11,3/1/2025,105.622886,10.117432,44.51477213,44.51477213,44.51477213,44.51477213,44.51477213,44.51477213,44.51477213,44.51477213,44.51477213,44.51477213,44.51477213,44.51477213,44.51477213,44.51477213,44.51477213,44.51477213,44.51477213,44.51477213,44.51477213,44.51477213,44.51477213,44.51477213,44.51477213,44.51477213
OX11,4/1/2025,105.622886,10.117432,64.37601576,64.37601576,64.37601576,64.37601576,64.37601576,64.37601576,64.37601576,64.37601576,64.37601576,64.37601576,64.37601576,64.37601576,64.37601576,64.37601576,64.37601576,64.37601576,64.37601576,64.37601576,64.37601576,64.37601576,64.37601576,64.37601576,64.37601576,64.37601576
OX11,5/1/2025,105.622886,10.117432,50.69952165,50.69952165,50.69952165,50.69952165,50.69952165,50.69952165,50.69952165,50.69952165,50.69952165,50.69952165,50.69952165,50.69952165,50.69952165,50.69952165,50.69952165,50.69952165,50.69952165,50.69952165,50.69952165,50.69952165,50.69952165,50.69952165,50.69952165,50.69952165
OX11,6/1/2025,105.622886,10.117432,43.62255948,43.62255948,43.62255948,43.62255948,43.62255948,43.62255948,43.62255948,43.62255948,43.62255948,43.62255948,43.62255948,43.62255948,43.62255948,43.62255948,43.62255948,43.62255948,43.62255948,43.62255948,43.62255948,43.62255948,43.62255948,43.62255948,43.62255948,43.62255948
OX11,7/1/2025,105.622886,10.117432,63.9183847,63.9183847,63.9183847,63.9183847,63.9183847,63.9183847,63.9183847,63.9183847,63.9183847,63.9183847,63.9183847,63.9183847,63.9183847,63.9183847,63.9183847,63.9183847,63.9183847,63.9183847,63.9183847,63.9183847,63.9183847,63.9183847,63.9183847,63.9183847
OX12,8/1/2024,105.691536,9.985615,65.35584118,65.35584118,65.35584118,65.35584118,65.35584118,65.35584118,65.35584118,65.35584118,65.35584118,65.35584118,65.35584118,65.35584118,65.35584118,65.35584118,65.35584118,65.35584118,65.35584118,65.35584118,65.35584118,65.35584118,65.35584118,65.35584118,65.35584118,65.35584118
OX12,9/1/2024,105.691536,9.985615,73.77990119,73.77990119,73.77990119,73.77990119,73.77990119,73.77990119,73.77990119,73.77990119,73.77990119,73.77990119,73.77990119,73.77990119,73.77990119,73.77990119,73.77990119,73.77990119,73.77990119,73.77990119,73.77990119,73.77990119,73.77990119,73.77990119,73.77990119,73.77990119
OX12,10/1/2024,105.691536,9.985615,54.44786111,54.44786111,54.44786111,54.44786111,54.44786111,54.44786111,54.44786111,54.44786111,54.44786111,54.44786111,54.44786111,54.44786111,54.44786111,54.44786111,54.44786111,54.44786111,54.44786111,54.44786111,54.44786111,54.44786111,54.44786111,54.44786111,54.44786111,54.44786111
OX12,11/1/2024,105.691536,9.985615,63.76216621,63.76216621,63.76216621,63.76216621,63.76216621,63.76216621,63.76216621,63.76216621,63.76216621,63.76216621,63.76216621,63.76216621,63.76216621,63.76216621,63.76216621,63.76216621,63.76216621,63.76216621,63.76216621,63.76216621,63.76216621,63.76216621,63.76216621,63.76216621
OX12,12/1/2024,105.691536,9.985615,43.09403267,43.09403267,43.09403267,43.09403267,43.09403267,43.09403267,43.09403267,43.09403267,43.09403267,43.09403267,43.09403267,43.09403267,43.09403267,43.09403267,43.09403267,43.09403267,43.09403267,43.09403267,43.09403267,43.09403267,43.09403267,43.09403267,43.09403267,43.09403267
OX12,1/1/2025,105.691536,9.985615,34.93984137,34.93984137,34.93984137,34.93984137,34.93984137,34.93984137,34.93984137,34.93984137,34.93984137,34.93984137,34.93984137,34.93984137,34.93984137,34.93984137,34.93984137,34.93984137,34.93984137,34.93984137,34.93984137,34.93984137,34.93984137,34.93984137,34.93984137,34.93984137
OX12,2/1/2025,105.691536,9.985615,34.98521239,34.98521239,34.98521239,34.98521239,34.98521239,34.98521239,34.98521239,34.98521239,34.98521239,34.98521239,34.98521239,34.98521239,34.98521239,34.98521239,34.98521239,34.98521239,34.98521239,34.98521239,34.98521239,34.98521239,34.98521239,34.98521239,34.98521239,34.98521239
OX12,3/1/2025,105.691536,9.985615,50.7710699,50.7710699,50.7710699,50.7710699,50.7710699,50.7710699,50.7710699,50.7710699,50.7710699,50.7710699,50.7710699,50.7710699,50.7710699,50.7710699,50.7710699,50.7710699,50.7710699,50.7710699,50.7710699,50.7710699,50.7710699,50.7710699,50.7710699,50.7710699
OX12,4/1/2025,105.691536,9.985615,44.68465274,44.68465274,44.68465274,44.68465274,44.68465274,44.68465274,44.68465274,44.68465274,44.68465274,44.68465274,44.68465274,44.68465274,44.68465274,44.68465274,44.68465274,44.68465274,44.68465274,44.68465274,44.68465274,44.68465274,44.68465274,44.68465274,44.68465274,44.68465274
OX12,5/1/2025,105.691536,9.985615,52.87213922,52.87213922,52.87213922,52.87213922,52.87213922,52.87213922,52.87213922,52.87213922,52.87213922,52.87213922,52.87213922,52.87213922,52.87213922,52.87213922,52.87213922,52.87213922,52.87213922,52.87213922,52.87213922,52.87213922,52.87213922,52.87213922,52.87213922,52.87213922
OX12,6/1/2025,105.691536,9.985615,52.01057532,52.01057532,52.01057532,52.01057532,52.01057532,52.01057532,52.01057532,52.01057532,52.01057532,52.01057532,52.01057532,52.01057532,52.01057532,52.01057532,52.01057532,52.01057532,52.01057532,52.01057532,52.01057532,52.01057532,52.01057532,52.01057532,52.01057532,52.01057532
OX12,7/1/2025,105.691536,9.985615,43.41056548,43.41056548,43.41056548,43.41056548,43.41056548,43.41056548,43.41056548,43.41056548,43.41056548,43.41056548,43.41056548,43.41056548,43.41056548,43.41056548,43.41056548,43.41056548,43.41056548,43.41056548,43.41056548,43.41056548,43.41056548,43.41056548,43.41056548,43.41056548
OX13,8/1/2024,105.460678,9.777892,51.61478039,51.61478039,51.61478039,51.61478039,51.61478039,51.61478039,51.61478039,51.61478039,51.61478039,51.61478039,51.61478039,51.61478039,51.61478039,51.61478039,51.61478039,51.61478039,51.61478039,51.61478039,51.61478039,51.61478039,51.61478039,51.61478039,51.61478039,51.61478039
OX13,9/1/2024,105.460678,9.777892,51.45374171,51.45374171,51.45374171,51.45374171,51.45374171,51.45374171,51.45374171,51.45374171,51.45374171,51.45374171,51.45374171,51.45374171,51.45374171,51.45374171,51.45374171,51.45374171,51.45374171,51.45374171,51.45374171,51.45374171,51.45374171,51.45374171,51.45374171,51.45374171
OX13,10/1/2024,105.460678,9.777892,51.38285717,51.38285717,51.38285717,51.38285717,51.38285717,51.38285717,51.38285717,51.38285717,51.38285717,51.38285717,51.38285717,51.38285717,51.38285717,51.38285717,51.38285717,51.38285717,51.38285717,51.38285717,51.38285717,51.38285717,51.38285717,51.38285717,51.38285717,51.38285717
OX13,11/1/2024,105.460678,9.777892,63.97449875,63.97449875,63.97449875,63.97449875,63.97449875,63.97449875,63.97449875,63.97449875,63.97449875,63.97449875,63.97449875,63.97449875,63.97449875,63.97449875,63.97449875,63.97449875,63.97449875,63.97449875,63.97449875,63.97449875,63.97449875,63.97449875,63.97449875,63.97449875
OX13,12/1/2024,105.460678,9.777892,63.16462424,63.16462424,63.16462424,63.16462424,63.16462424,63.16462424,63.16462424,63.16462424,63.16462424,63.16462424,63.16462424,63.16462424,63.16462424,63.16462424,63.16462424,63.16462424,63.16462424,63.16462424,63.16462424,63.16462424,63.16462424,63.16462424,63.16462424,63.16462424
OX13,1/1/2025,105.460678,9.777892,63.20983341,63.20983341,63.20983341,63.20983341,63.20983341,63.20983341,63.20983341,63.20983341,63.20983341,63.20983341,63.20983341,63.20983341,63.20983341,63.20983341,63.20983341,63.20983341,63.20983341,63.20983341,63.20983341,63.20983341,63.20983341,63.20983341,63.20983341,63.20983341
OX13,2/1/2025,105.460678,9.777892,52.14079592,52.14079592,52.14079592,52.14079592,52.14079592,52.14079592,52.14079592,52.14079592,52.14079592,52.14079592,52.14079592,52.14079592,52.14079592,52.14079592,52.14079592,52.14079592,52.14079592,52.14079592,52.14079592,52.14079592,52.14079592,52.14079592,52.14079592,52.14079592
OX13,3/1/2025,105.460678,9.777892,50.82063761,50.82063761,50.82063761,50.82063761,50.82063761,50.82063761,50.82063761,50.82063761,50.82063761,50.82063761,50.82063761,50.82063761,50.82063761,50.82063761,50.82063761,50.82063761,50.82063761,50.82063761,50.82063761,50.82063761,50.82063761,50.82063761,50.82063761,50.82063761
OX13,4/1/2025,105.460678,9.777892,74.53800474,74.53800474,74.53800474,74.53800474,74.53800474,74.53800474,74.53800474,74.53800474,74.53800474,74.53800474,74.53800474,74.53800474,74.53800474,74.53800474,74.53800474,74.53800474,74.53800474,74.53800474,74.53800474,74.53800474,74.53800474,74.53800474,74.53800474,74.53800474
OX13,5/1/2025,105.460678,9.777892,44.12639659,44.12639659,44.12639659,44.12639659,44.12639659,44.12639659,44.12639659,44.12639659,44.12639659,44.12639659,44.12639659,44.12639659,44.12639659,44.12639659,44.12639659,44.12639659,44.12639659,44.12639659,44.12639659,44.12639659,44.12639659,44.12639659,44.12639659,44.12639659
OX13,6/1/2025,105.460678,9.777892,43.88019374,43.88019374,43.88019374,43.88019374,43.88019374,43.88019374,43.88019374,43.88019374,43.88019374,43.88019374,43.88019374,43.88019374,43.88019374,43.88019374,43.88019374,43.88019374,43.88019374,43.88019374,43.88019374,43.88019374,43.88019374,43.88019374,43.88019374,43.88019374
OX13,7/1/2025,105.460678,9.777892,34.95111802,34.95111802,34.95111802,34.95111802,34.95111802,34.95111802,34.95111802,34.95111802,34.95111802,34.95111802,34.95111802,34.95111802,34.95111802,34.95111802,34.95111802,34.95111802,34.95111802,34.95111802,34.95111802,34.95111802,34.95111802,34.95111802,34.95111802,34.95111802
QL1,11/1/2021,105.675,9.301111,43.42313503,43.42313503,43.42313503,43.42313503,43.42313503,43.42313503,43.42313503,43.42313503,43.42313503,43.42313503,43.42313503,43.42313503,43.42313503,43.42313503,43.42313503,43.42313503,43.42313503,43.42313503,43.42313503,43.42313503,43.42313503,43.42313503,43.42313503,43.42313503
QL1,12/1/2021,105.675,9.301111,40.31663514,40.31663514,40.31663514,40.31663514,40.31663514,40.31663514,40.31663514,40.31663514,40.31663514,40.31663514,40.31663514,40.31663514,40.31663514,40.31663514,40.31663514,40.31663514,40.31663514,40.31663514,40.31663514,40.31663514,40.31663514,40.31663514,40.31663514,40.31663514
QL1,1/1/2022,105.675,9.301111,64.75792165,64.75792165,64.75792165,64.75792165,64.75792165,64.75792165,64.75792165,64.75792165,64.75792165,64.75792165,64.75792165,64.75792165,64.75792165,64.75792165,64.75792165,64.75792165,64.75792165,64.75792165,64.75792165,64.75792165,64.75792165,64.75792165,64.75792165,64.75792165
QL1,2/1/2022,105.675,9.301111,28.08581039,28.08581039,28.08581039,28.08581039,28.08581039,28.08581039,28.08581039,28.08581039,28.08581039,28.08581039,28.08581039,28.08581039,28.08581039,28.08581039,28.08581039,28.08581039,28.08581039,28.08581039,28.08581039,28.08581039,28.08581039,28.08581039,28.08581039,28.08581039
QL1,3/1/2022,105.675,9.301111,37.36420129,37.36420129,37.36420129,37.36420129,37.36420129,37.36420129,37.36420129,37.36420129,37.36420129,37.36420129,37.36420129,37.36420129,37.36420129,37.36420129,37.36420129,37.36420129,37.36420129,37.36420129,37.36420129,37.36420129,37.36420129,37.36420129,37.36420129,37.36420129
QL1,4/1/2022,105.675,9.301111,28.38847431,28.38847431,28.38847431,28.38847431,28.38847431,28.38847431,28.38847431,28.38847431,28.38847431,28.38847431,28.38847431,28.38847431,28.38847431,28.38847431,28.38847431,28.38847431,28.38847431,28.38847431,28.38847431,28.38847431,28.38847431,28.38847431,28.38847431,28.38847431
QL1,5/1/2022,105.675,9.301111,34.73415353,34.73415353,34.73415353,34.73415353,34.73415353,34.73415353,34.73415353,34.73415353,34.73415353,34.73415353,34.73415353,34.73415353,34.73415353,34.73415353,34.73415353,34.73415353,34.73415353,34.73415353,34.73415353,34.73415353,34.73415353,34.73415353,34.73415353,34.73415353
QL1,6/1/2022,105.675,9.301111,24.19014766,24.19014766,24.19014766,24.19014766,24.19014766,24.19014766,24.19014766,24.19014766,24.19014766,24.19014766,24.19014766,24.19014766,24.19014766,24.19014766,24.19014766,24.19014766,24.19014766,24.19014766,24.19014766,24.19014766,24.19014766,24.19014766,24.19014766,24.19014766
QL1,7/1/2022,105.675,9.301111,37.49572481,37.49572481,37.49572481,37.49572481,37.49572481,37.49572481,37.49572481,37.49572481,37.49572481,37.49572481,37.49572481,37.49572481,37.49572481,37.49572481,37.49572481,37.49572481,37.49572481,37.49572481,37.49572481,37.49572481,37.49572481,37.49572481,37.49572481,37.49572481
QL1,8/1/2022,105.675,9.301111,42.63555486,42.63555486,42.63555486,42.63555486,42.63555486,42.63555486,42.63555486,42.63555486,42.63555486,42.63555486,42.63555486,42.63555486,42.63555486,42.63555486,42.63555486,42.63555486,42.63555486,42.63555486,42.63555486,42.63555486,42.63555486,42.63555486,42.63555486,42.63555486
QL1,9/1/2022,105.675,9.301111,31.53672314,31.53672314,31.53672314,31.53672314,31.53672314,31.53672314,31.53672314,31.53672314,31.53672314,31.53672314,31.53672314,31.53672314,31.53672314,31.53672314,31.53672314,31.53672314,31.53672314,31.53672314,31.53672314,31.53672314,31.53672314,31.53672314,31.53672314,31.53672314
QL1,10/1/2022,105.675,9.301111,51.52742977,51.52742977,51.52742977,51.52742977,51.52742977,51.52742977,51.52742977,51.52742977,51.52742977,51.52742977,51.52742977,51.52742977,51.52742977,51.52742977,51.52742977,51.52742977,51.52742977,51.52742977,51.52742977,51.52742977,51.52742977,51.52742977,51.52742977,51.52742977
QL1,11/1/2022,105.675,9.301111,36.05727716,36.05727716,36.05727716,36.05727716,36.05727716,36.05727716,36.05727716,36.05727716,36.05727716,36.05727716,36.05727716,36.05727716,36.05727716,36.05727716,36.05727716,36.05727716,36.05727716,36.05727716,36.05727716,36.05727716,36.05727716,36.05727716,36.05727716,36.05727716
QL1,12/1/2022,105.675,9.301111,43.19436762,43.19436762,43.19436762,43.19436762,43.19436762,43.19436762,43.19436762,43.19436762,43.19436762,43.19436762,43.19436762,43.19436762,43.19436762,43.19436762,43.19436762,43.19436762,43.19436762,43.19436762,43.19436762,43.19436762,43.19436762,43.19436762,43.19436762,43.19436762
QL1,1/1/2023,105.675,9.301111,51.30234721,51.30234721,51.30234721,51.30234721,51.30234721,51.30234721,51.30234721,51.30234721,51.30234721,51.30234721,51.30234721,51.30234721,51.30234721,51.30234721,51.30234721,51.30234721,51.30234721,51.30234721,51.30234721,51.30234721,51.30234721,51.30234721,51.30234721,51.30234721
QL1,2/1/2023,105.675,9.301111,52.60840079,52.60840079,52.60840079,52.60840079,52.60840079,52.60840079,52.60840079,52.60840079,52.60840079,52.60840079,52.60840079,52.60840079,52.60840079,52.60840079,52.60840079,52.60840079,52.60840079,52.60840079,52.60840079,52.60840079,52.60840079,52.60840079,52.60840079,52.60840079
QL1,3/1/2023,105.675,9.301111,35.07065304,35.07065304,35.07065304,35.07065304,35.07065304,35.07065304,35.07065304,35.07065304,35.07065304,35.07065304,35.07065304,35.07065304,35.07065304,35.07065304,35.07065304,35.07065304,35.07065304,35.07065304,35.07065304,35.07065304,35.07065304,35.07065304,35.07065304,35.07065304
QL1,4/1/2023,105.675,9.301111,35.04796671,35.04796671,35.04796671,35.04796671,35.04796671,35.04796671,35.04796671,35.04796671,35.04796671,35.04796671,35.04796671,35.04796671,35.04796671,35.04796671,35.04796671,35.04796671,35.04796671,35.04796671,35.04796671,35.04796671,35.04796671,35.04796671,35.04796671,35.04796671
QL1,5/1/2023,105.675,9.301111,37.39530788,37.39530788,37.39530788,37.39530788,37.39530788,37.39530788,37.39530788,37.39530788,37.39530788,37.39530788,37.39530788,37.39530788,37.39530788,37.39530788,37.39530788,37.39530788,37.39530788,37.39530788,37.39530788,37.39530788,37.39530788,37.39530788,37.39530788,37.39530788
QL1,6/1/2023,105.675,9.301111,44.05213095,44.05213095,44.05213095,44.05213095,44.05213095,44.05213095,44.05213095,44.05213095,44.05213095,44.05213095,44.05213095,44.05213095,44.05213095,44.05213095,44.05213095,44.05213095,44.05213095,44.05213095,44.05213095,44.05213095,44.05213095,44.05213095,44.05213095,44.05213095
QL1,7/1/2023,105.675,9.301111,34.05981087,34.05981087,34.05981087,34.05981087,34.05981087,34.05981087,34.05981087,34.05981087,34.05981087,34.05981087,34.05981087,34.05981087,34.05981087,34.05981087,34.05981087,34.05981087,34.05981087,34.05981087,34.05981087,34.05981087,34.05981087,34.05981087,34.05981087,34.05981087
QL1,8/1/2023,105.675,9.301111,57.74361945,57.74361945,57.74361945,57.74361945,57.74361945,57.74361945,57.74361945,57.74361945,57.74361945,57.74361945,57.74361945,57.74361945,57.74361945,57.74361945,57.74361945,57.74361945,57.74361945,57.74361945,57.74361945,57.74361945,57.74361945,57.74361945,57.74361945,57.74361945
QL1,9/1/2023,105.675,9.301111,37.10549403,37.10549403,37.10549403,37.10549403,37.10549403,37.10549403,37.10549403,37.10549403,37.10549403,37.10549403,37.10549403,37.10549403,37.10549403,37.10549403,37.10549403,37.10549403,37.10549403,37.10549403,37.10549403,37.10549403,37.10549403,37.10549403,37.10549403,37.10549403
QL1,10/1/2023,105.675,9.301111,65.07295436,65.07295436,65.07295436,65.07295436,65.07295436,65.07295436,65.07295436,65.07295436,65.07295436,65.07295436,65.07295436,65.07295436,65.07295436,65.07295436,65.07295436,65.07295436,65.07295436,65.07295436,65.07295436,65.07295436,65.07295436,65.07295436,65.07295436,65.07295436
QL1,11/1/2023,105.675,9.301111,15.98123213,15.98123213,15.98123213,15.98123213,15.98123213,15.98123213,15.98123213,15.98123213,15.98123213,15.98123213,15.98123213,15.98123213,15.98123213,15.98123213,15.98123213,15.98123213,15.98123213,15.98123213,15.98123213,15.98123213,15.98123213,15.98123213,15.98123213,15.98123213
QL1,12/1/2023,105.675,9.301111,43.98697798,43.98697798,43.98697798,43.98697798,43.98697798,43.98697798,43.98697798,43.98697798,43.98697798,43.98697798,43.98697798,43.98697798,43.98697798,43.98697798,43.98697798,43.98697798,43.98697798,43.98697798,43.98697798,43.98697798,43.98697798,43.98697798,43.98697798,43.98697798
QL1,1/1/2024,105.675,9.301111,37.55651298,37.55651298,37.55651298,37.55651298,37.55651298,37.55651298,37.55651298,37.55651298,37.55651298,37.55651298,37.55651298,37.55651298,37.55651298,37.55651298,37.55651298,37.55651298,37.55651298,37.55651298,37.55651298,37.55651298,37.55651298,37.55651298,37.55651298,37.55651298
QL1,2/1/2024,105.675,9.301111,42.3029427,42.3029427,42.3029427,42.3029427,42.3029427,42.3029427,42.3029427,42.3029427,42.3029427,42.3029427,42.3029427,42.3029427,42.3029427,42.3029427,42.3029427,42.3029427,42.3029427,42.3029427,42.3029427,42.3029427,42.3029427,42.3029427,42.3029427,42.3029427
QL1,3/1/2024,105.675,9.301111,51.37862134,51.37862134,51.37862134,51.37862134,51.37862134,51.37862134,51.37862134,51.37862134,51.37862134,51.37862134,51.37862134,51.37862134,51.37862134,51.37862134,51.37862134,51.37862134,51.37862134,51.37862134,51.37862134,51.37862134,51.37862134,51.37862134,51.37862134,51.37862134
QL1,4/1/2024,105.675,9.301111,34.55044525,34.55044525,34.55044525,34.55044525,34.55044525,34.55044525,34.55044525,34.55044525,34.55044525,34.55044525,34.55044525,34.55044525,34.55044525,34.55044525,34.55044525,34.55044525,34.55044525,34.55044525,34.55044525,34.55044525,34.55044525,34.55044525,34.55044525,34.55044525
QL1,5/1/2024,105.675,9.301111,48.98813571,48.98813571,48.98813571,48.98813571,48.98813571,48.98813571,48.98813571,48.98813571,48.98813571,48.98813571,48.98813571,48.98813571,48.98813571,48.98813571,48.98813571,48.98813571,48.98813571,48.98813571,48.98813571,48.98813571,48.98813571,48.98813571,48.98813571,48.98813571
QL1,6/1/2024,105.675,9.301111,53.53937924,53.53937924,53.53937924,53.53937924,53.53937924,53.53937924,53.53937924,53.53937924,53.53937924,53.53937924,53.53937924,53.53937924,53.53937924,53.53937924,53.53937924,53.53937924,53.53937924,53.53937924,53.53937924,53.53937924,53.53937924,53.53937924,53.53937924,53.53937924
QL1,7/1/2024,105.675,9.301111,49.750213,49.750213,49.750213,49.750213,49.750213,49.750213,49.750213,49.750213,49.750213,49.750213,49.750213,49.750213,49.750213,49.750213,49.750213,49.750213,49.750213,49.750213,49.750213,49.750213,49.750213,49.750213,49.750213,49.750213
QL1,8/1/2024,105.675,9.301111,43.92140158,43.92140158,43.92140158,43.92140158,43.92140158,43.92140158,43.92140158,43.92140158,43.92140158,43.92140158,43.92140158,43.92140158,43.92140158,43.92140158,43.92140158,43.92140158,43.92140158,43.92140158,43.92140158,43.92140158,43.92140158,43.92140158,43.92140158,43.92140158
QL1,9/1/2024,105.675,9.301111,62.38063724,62.38063724,62.38063724,62.38063724,62.38063724,62.38063724,62.38063724,62.38063724,62.38063724,62.38063724,62.38063724,62.38063724,62.38063724,62.38063724,62.38063724,62.38063724,62.38063724,62.38063724,62.38063724,62.38063724,62.38063724,62.38063724,62.38063724,62.38063724
QL1,10/1/2024,105.675,9.301111,65.0195838,65.0195838,65.0195838,65.0195838,65.0195838,65.0195838,65.0195838,65.0195838,65.0195838,65.0195838,65.0195838,65.0195838,65.0195838,65.0195838,65.0195838,65.0195838,65.0195838,65.0195838,65.0195838,65.0195838,65.0195838,65.0195838,65.0195838,65.0195838
QL1,11/1/2024,105.675,9.301111,35.14783389,35.14783389,35.14783389,35.14783389,35.14783389,35.14783389,35.14783389,35.14783389,35.14783389,35.14783389,35.14783389,35.14783389,35.14783389,35.14783389,35.14783389,35.14783389,35.14783389,35.14783389,35.14783389,35.14783389,35.14783389,35.14783389,35.14783389,35.14783389
QL1,12/1/2024,105.675,9.301111,52.13883108,52.13883108,52.13883108,52.13883108,52.13883108,52.13883108,52.13883108,52.13883108,52.13883108,52.13883108,52.13883108,52.13883108,52.13883108,52.13883108,52.13883108,52.13883108,52.13883108,52.13883108,52.13883108,52.13883108,52.13883108,52.13883108,52.13883108,52.13883108
QL1,1/1/2025,105.675,9.301111,54.57865404,54.57865404,54.57865404,54.57865404,54.57865404,54.57865404,54.57865404,54.57865404,54.57865404,54.57865404,54.57865404,54.57865404,54.57865404,54.57865404,54.57865404,54.57865404,54.57865404,54.57865404,54.57865404,54.57865404,54.57865404,54.57865404,54.57865404,54.57865404
QL1,2/1/2025,105.675,9.301111,55.59975529,55.59975529,55.59975529,55.59975529,55.59975529,55.59975529,55.59975529,55.59975529,55.59975529,55.59975529,55.59975529,55.59975529,55.59975529,55.59975529,55.59975529,55.59975529,55.59975529,55.59975529,55.59975529,55.59975529,55.59975529,55.59975529,55.59975529,55.59975529
QL1,3/1/2025,105.675,9.301111,50.51517649,50.51517649,50.51517649,50.51517649,50.51517649,50.51517649,50.51517649,50.51517649,50.51517649,50.51517649,50.51517649,50.51517649,50.51517649,50.51517649,50.51517649,50.51517649,50.51517649,50.51517649,50.51517649,50.51517649,50.51517649,50.51517649,50.51517649,50.51517649
QL1,4/1/2025,105.675,9.301111,47.27734925,47.27734925,47.27734925,47.27734925,47.27734925,47.27734925,47.27734925,47.27734925,47.27734925,47.27734925,47.27734925,47.27734925,47.27734925,47.27734925,47.27734925,47.27734925,47.27734925,47.27734925,47.27734925,47.27734925,47.27734925,47.27734925,47.27734925,47.27734925
QL1,5/1/2025,105.675,9.301111,31.96817713,31.96817713,31.96817713,31.96817713,31.96817713,31.96817713,31.96817713,31.96817713,31.96817713,31.96817713,31.96817713,31.96817713,31.96817713,31.96817713,31.96817713,31.96817713,31.96817713,31.96817713,31.96817713,31.96817713,31.96817713,31.96817713,31.96817713,31.96817713
QL1,6/1/2025,105.675,9.301111,50.75733348,50.75733348,50.75733348,50.75733348,50.75733348,50.75733348,50.75733348,50.75733348,50.75733348,50.75733348,50.75733348,50.75733348,50.75733348,50.75733348,50.75733348,50.75733348,50.75733348,50.75733348,50.75733348,50.75733348,50.75733348,50.75733348,50.75733348,50.75733348
QL1,7/1/2025,105.675,9.301111,35.09271692,35.09271692,35.09271692,35.09271692,35.09271692,35.09271692,35.09271692,35.09271692,35.09271692,35.09271692,35.09271692,35.09271692,35.09271692,35.09271692,35.09271692,35.09271692,35.09271692,35.09271692,35.09271692,35.09271692,35.09271692,35.09271692,35.09271692,35.09271692
QL10,11/1/2021,105.230278,9.360556,43.10616124,43.10616124,43.10616124,43.10616124,43.10616124,43.10616124,43.10616124,43.10616124,43.10616124,43.10616124,43.10616124,43.10616124,43.10616124,43.10616124,43.10616124,43.10616124,43.10616124,43.10616124,43.10616124,43.10616124,43.10616124,43.10616124,43.10616124,43.10616124
QL10,12/1/2021,105.230278,9.360556,43.6716146,43.6716146,43.6716146,43.6716146,43.6716146,43.6716146,43.6716146,43.6716146,43.6716146,43.6716146,43.6716146,43.6716146,43.6716146,43.6716146,43.6716146,43.6716146,43.6716146,43.6716146,43.6716146,43.6716146,43.6716146,43.6716146,43.6716146,43.6716146
QL10,1/1/2022,105.230278,9.360556,35.26827458,35.26827458,35.26827458,35.26827458,35.26827458,35.26827458,35.26827458,35.26827458,35.26827458,35.26827458,35.26827458,35.26827458,35.26827458,35.26827458,35.26827458,35.26827458,35.26827458,35.26827458,35.26827458,35.26827458,35.26827458,35.26827458,35.26827458,35.26827458
QL10,2/1/2022,105.230278,9.360556,34.25087287,34.25087287,34.25087287,34.25087287,34.25087287,34.25087287,34.25087287,34.25087287,34.25087287,34.25087287,34.25087287,34.25087287,34.25087287,34.25087287,34.25087287,34.25087287,34.25087287,34.25087287,34.25087287,34.25087287,34.25087287,34.25087287,34.25087287,34.25087287
QL10,3/1/2022,105.230278,9.360556,34.35944015,34.35944015,34.35944015,34.35944015,34.35944015,34.35944015,34.35944015,34.35944015,34.35944015,34.35944015,34.35944015,34.35944015,34.35944015,34.35944015,34.35944015,34.35944015,34.35944015,34.35944015,34.35944015,34.35944015,34.35944015,34.35944015,34.35944015,34.35944015
QL10,4/1/2022,105.230278,9.360556,52.8582433,52.8582433,52.8582433,52.8582433,52.8582433,52.8582433,52.8582433,52.8582433,52.8582433,52.8582433,52.8582433,52.8582433,52.8582433,52.8582433,52.8582433,52.8582433,52.8582433,52.8582433,52.8582433,52.8582433,52.8582433,52.8582433,52.8582433,52.8582433
QL10,5/1/2022,105.230278,9.360556,51.7110669,51.7110669,51.7110669,51.7110669,51.7110669,51.7110669,51.7110669,51.7110669,51.7110669,51.7110669,51.7110669,51.7110669,51.7110669,51.7110669,51.7110669,51.7110669,51.7110669,51.7110669,51.7110669,51.7110669,51.7110669,51.7110669,51.7110669,51.7110669
QL10,6/1/2022,105.230278,9.360556,35.10716158,35.10716158,35.10716158,35.10716158,35.10716158,35.10716158,35.10716158,35.10716158,35.10716158,35.10716158,35.10716158,35.10716158,35.10716158,35.10716158,35.10716158,35.10716158,35.10716158,35.10716158,35.10716158,35.10716158,35.10716158,35.10716158,35.10716158,35.10716158
QL10,7/1/2022,105.230278,9.360556,36.40700181,36.40700181,36.40700181,36.40700181,36.40700181,36.40700181,36.40700181,36.40700181,36.40700181,36.40700181,36.40700181,36.40700181,36.40700181,36.40700181,36.40700181,36.40700181,36.40700181,36.40700181,36.40700181,36.40700181,36.40700181,36.40700181,36.40700181,36.40700181
QL10,8/1/2022,105.230278,9.360556,35.67277692,35.67277692,35.67277692,35.67277692,35.67277692,35.67277692,35.67277692,35.67277692,35.67277692,35.67277692,35.67277692,35.67277692,35.67277692,35.67277692,35.67277692,35.67277692,35.67277692,35.67277692,35.67277692,35.67277692,35.67277692,35.67277692,35.67277692,35.67277692
QL10,9/1/2022,105.230278,9.360556,35.35780769,35.35780769,35.35780769,35.35780769,35.35780769,35.35780769,35.35780769,35.35780769,35.35780769,35.35780769,35.35780769,35.35780769,35.35780769,35.35780769,35.35780769,35.35780769,35.35780769,35.35780769,35.35780769,35.35780769,35.35780769,35.35780769,35.35780769,35.35780769
QL10,10/1/2022,105.230278,9.360556,36.52988364,36.52988364,36.52988364,36.52988364,36.52988364,36.52988364,36.52988364,36.52988364,36.52988364,36.52988364,36.52988364,36.52988364,36.52988364,36.52988364,36.52988364,36.52988364,36.52988364,36.52988364,36.52988364,36.52988364,36.52988364,36.52988364,36.52988364,36.52988364
QL10,11/1/2022,105.230278,9.360556,36.26722785,36.26722785,36.26722785,36.26722785,36.26722785,36.26722785,36.26722785,36.26722785,36.26722785,36.26722785,36.26722785,36.26722785,36.26722785,36.26722785,36.26722785,36.26722785,36.26722785,36.26722785,36.26722785,36.26722785,36.26722785,36.26722785,36.26722785,36.26722785
QL10,12/1/2022,105.230278,9.360556,34.96793089,34.96793089,34.96793089,34.96793089,34.96793089,34.96793089,34.96793089,34.96793089,34.96793089,34.96793089,34.96793089,34.96793089,34.96793089,34.96793089,34.96793089,34.96793089,34.96793089,34.96793089,34.96793089,34.96793089,34.96793089,34.96793089,34.96793089,34.96793089
QL10,1/1/2023,105.230278,9.360556,50.94258881,50.94258881,50.94258881,50.94258881,50.94258881,50.94258881,50.94258881,50.94258881,50.94258881,50.94258881,50.94258881,50.94258881,50.94258881,50.94258881,50.94258881,50.94258881,50.94258881,50.94258881,50.94258881,50.94258881,50.94258881,50.94258881,50.94258881,50.94258881
QL10,2/1/2023,105.230278,9.360556,33.89390587,33.89390587,33.89390587,33.89390587,33.89390587,33.89390587,33.89390587,33.89390587,33.89390587,33.89390587,33.89390587,33.89390587,33.89390587,33.89390587,33.89390587,33.89390587,33.89390587,33.89390587,33.89390587,33.89390587,33.89390587,33.89390587,33.89390587,33.89390587
QL10,3/1/2023,105.230278,9.360556,38.76426855,38.76426855,38.76426855,38.76426855,38.76426855,38.76426855,38.76426855,38.76426855,38.76426855,38.76426855,38.76426855,38.76426855,38.76426855,38.76426855,38.76426855,38.76426855,38.76426855,38.76426855,38.76426855,38.76426855,38.76426855,38.76426855,38.76426855,38.76426855
QL10,4/1/2023,105.230278,9.360556,43.98259188,43.98259188,43.98259188,43.98259188,43.98259188,43.98259188,43.98259188,43.98259188,43.98259188,43.98259188,43.98259188,43.98259188,43.98259188,43.98259188,43.98259188,43.98259188,43.98259188,43.98259188,43.98259188,43.98259188,43.98259188,43.98259188,43.98259188,43.98259188
QL10,5/1/2023,105.230278,9.360556,33.79816635,33.79816635,33.79816635,33.79816635,33.79816635,33.79816635,33.79816635,33.79816635,33.79816635,33.79816635,33.79816635,33.79816635,33.79816635,33.79816635,33.79816635,33.79816635,33.79816635,33.79816635,33.79816635,33.79816635,33.79816635,33.79816635,33.79816635,33.79816635
QL10,6/1/2023,105.230278,9.360556,44.00203197,44.00203197,44.00203197,44.00203197,44.00203197,44.00203197,44.00203197,44.00203197,44.00203197,44.00203197,44.00203197,44.00203197,44.00203197,44.00203197,44.00203197,44.00203197,44.00203197,44.00203197,44.00203197,44.00203197,44.00203197,44.00203197,44.00203197,44.00203197
QL10,7/1/2023,105.230278,9.360556,35.70856762,35.70856762,35.70856762,35.70856762,35.70856762,35.70856762,35.70856762,35.70856762,35.70856762,35.70856762,35.70856762,35.70856762,35.70856762,35.70856762,35.70856762,35.70856762,35.70856762,35.70856762,35.70856762,35.70856762,35.70856762,35.70856762,35.70856762,35.70856762
QL10,8/1/2023,105.230278,9.360556,35.91202761,35.91202761,35.91202761,35.91202761,35.91202761,35.91202761,35.91202761,35.91202761,35.91202761,35.91202761,35.91202761,35.91202761,35.91202761,35.91202761,35.91202761,35.91202761,35.91202761,35.91202761,35.91202761,35.91202761,35.91202761,35.91202761,35.91202761,35.91202761
QL10,9/1/2023,105.230278,9.360556,35.44329114,35.44329114,35.44329114,35.44329114,35.44329114,35.44329114,35.44329114,35.44329114,35.44329114,35.44329114,35.44329114,35.44329114,35.44329114,35.44329114,35.44329114,35.44329114,35.44329114,35.44329114,35.44329114,35.44329114,35.44329114,35.44329114,35.44329114,35.44329114
QL10,10/1/2023,105.230278,9.360556,35.93253835,35.93253835,35.93253835,35.93253835,35.93253835,35.93253835,35.93253835,35.93253835,35.93253835,35.93253835,35.93253835,35.93253835,35.93253835,35.93253835,35.93253835,35.93253835,35.93253835,35.93253835,35.93253835,35.93253835,35.93253835,35.93253835,35.93253835,35.93253835
QL10,11/1/2023,105.230278,9.360556,35.62307967,35.62307967,35.62307967,35.62307967,35.62307967,35.62307967,35.62307967,35.62307967,35.62307967,35.62307967,35.62307967,35.62307967,35.62307967,35.62307967,35.62307967,35.62307967,35.62307967,35.62307967,35.62307967,35.62307967,35.62307967,35.62307967,35.62307967,35.62307967
QL10,12/1/2023,105.230278,9.360556,51.80929333,51.80929333,51.80929333,51.80929333,51.80929333,51.80929333,51.80929333,51.80929333,51.80929333,51.80929333,51.80929333,51.80929333,51.80929333,51.80929333,51.80929333,51.80929333,51.80929333,51.80929333,51.80929333,51.80929333,51.80929333,51.80929333,51.80929333,51.80929333
QL10,1/1/2024,105.230278,9.360556,43.7936593,43.7936593,43.7936593,43.7936593,43.7936593,43.7936593,43.7936593,43.7936593,43.7936593,43.7936593,43.7936593,43.7936593,43.7936593,43.7936593,43.7936593,43.7936593,43.7936593,43.7936593,43.7936593,43.7936593,43.7936593,43.7936593,43.7936593,43.7936593
QL10,2/1/2024,105.230278,9.360556,34.64931794,34.64931794,34.64931794,34.64931794,34.64931794,34.64931794,34.64931794,34.64931794,34.64931794,34.64931794,34.64931794,34.64931794,34.64931794,34.64931794,34.64931794,34.64931794,34.64931794,34.64931794,34.64931794,34.64931794,34.64931794,34.64931794,34.64931794,34.64931794
QL10,3/1/2024,105.230278,9.360556,62.25193308,62.25193308,62.25193308,62.25193308,62.25193308,62.25193308,62.25193308,62.25193308,62.25193308,62.25193308,62.25193308,62.25193308,62.25193308,62.25193308,62.25193308,62.25193308,62.25193308,62.25193308,62.25193308,62.25193308,62.25193308,62.25193308,62.25193308,62.25193308
QL10,4/1/2024,105.230278,9.360556,37.11223825,37.11223825,37.11223825,37.11223825,37.11223825,37.11223825,37.11223825,37.11223825,37.11223825,37.11223825,37.11223825,37.11223825,37.11223825,37.11223825,37.11223825,37.11223825,37.11223825,37.11223825,37.11223825,37.11223825,37.11223825,37.11223825,37.11223825,37.11223825
QL10,5/1/2024,105.230278,9.360556,34.78161409,34.78161409,34.78161409,34.78161409,34.78161409,34.78161409,34.78161409,34.78161409,34.78161409,34.78161409,34.78161409,34.78161409,34.78161409,34.78161409,34.78161409,34.78161409,34.78161409,34.78161409,34.78161409,34.78161409,34.78161409,34.78161409,34.78161409,34.78161409
QL10,6/1/2024,105.230278,9.360556,49.35855608,49.35855608,49.35855608,49.35855608,49.35855608,49.35855608,49.35855608,49.35855608,49.35855608,49.35855608,49.35855608,49.35855608,49.35855608,49.35855608,49.35855608,49.35855608,49.35855608,49.35855608,49.35855608,49.35855608,49.35855608,49.35855608,49.35855608,49.35855608
QL10,7/1/2024,105.230278,9.360556,53.23485039,53.23485039,53.23485039,53.23485039,53.23485039,53.23485039,53.23485039,53.23485039,53.23485039,53.23485039,53.23485039,53.23485039,53.23485039,53.23485039,53.23485039,53.23485039,53.23485039,53.23485039,53.23485039,53.23485039,53.23485039,53.23485039,53.23485039,53.23485039
QL10,8/1/2024,105.230278,9.360556,51.81526485,51.81526485,51.81526485,51.81526485,51.81526485,51.81526485,51.81526485,51.81526485,51.81526485,51.81526485,51.81526485,51.81526485,51.81526485,51.81526485,51.81526485,51.81526485,51.81526485,51.81526485,51.81526485,51.81526485,51.81526485,51.81526485,51.81526485,51.81526485
QL10,9/1/2024,105.230278,9.360556,51.6422069,51.6422069,51.6422069,51.6422069,51.6422069,51.6422069,51.6422069,51.6422069,51.6422069,51.6422069,51.6422069,51.6422069,51.6422069,51.6422069,51.6422069,51.6422069,51.6422069,51.6422069,51.6422069,51.6422069,51.6422069,51.6422069,51.6422069,51.6422069
QL10,10/1/2024,105.230278,9.360556,50.28833097,50.28833097,50.28833097,50.28833097,50.28833097,50.28833097,50.28833097,50.28833097,50.28833097,50.28833097,50.28833097,50.28833097,50.28833097,50.28833097,50.28833097,50.28833097,50.28833097,50.28833097,50.28833097,50.28833097,50.28833097,50.28833097,50.28833097,50.28833097
QL10,11/1/2024,105.230278,9.360556,35.81826891,35.81826891,35.81826891,35.81826891,35.81826891,35.81826891,35.81826891,35.81826891,35.81826891,35.81826891,35.81826891,35.81826891,35.81826891,35.81826891,35.81826891,35.81826891,35.81826891,35.81826891,35.81826891,35.81826891,35.81826891,35.81826891,35.81826891,35.81826891
QL10,12/1/2024,105.230278,9.360556,35.94498342,35.94498342,35.94498342,35.94498342,35.94498342,35.94498342,35.94498342,35.94498342,35.94498342,35.94498342,35.94498342,35.94498342,35.94498342,35.94498342,35.94498342,35.94498342,35.94498342,35.94498342,35.94498342,35.94498342,35.94498342,35.94498342,35.94498342,35.94498342
QL10,1/1/2025,105.230278,9.360556,36.2476502,36.2476502,36.2476502,36.2476502,36.2476502,36.2476502,36.2476502,36.2476502,36.2476502,36.2476502,36.2476502,36.2476502,36.2476502,36.2476502,36.2476502,36.2476502,36.2476502,36.2476502,36.2476502,36.2476502,36.2476502,36.2476502,36.2476502,36.2476502
QL10,2/1/2025,105.230278,9.360556,53.24993759,53.24993759,53.24993759,53.24993759,53.24993759,53.24993759,53.24993759,53.24993759,53.24993759,53.24993759,53.24993759,53.24993759,53.24993759,53.24993759,53.24993759,53.24993759,53.24993759,53.24993759,53.24993759,53.24993759,53.24993759,53.24993759,53.24993759,53.24993759
QL10,3/1/2025,105.230278,9.360556,68.8290227,68.8290227,68.8290227,68.8290227,68.8290227,68.8290227,68.8290227,68.8290227,68.8290227,68.8290227,68.8290227,68.8290227,68.8290227,68.8290227,68.8290227,68.8290227,68.8290227,68.8290227,68.8290227,68.8290227,68.8290227,68.8290227,68.8290227,68.8290227
QL10,4/1/2025,105.230278,9.360556,49.27867928,49.27867928,49.27867928,49.27867928,49.27867928,49.27867928,49.27867928,49.27867928,49.27867928,49.27867928,49.27867928,49.27867928,49.27867928,49.27867928,49.27867928,49.27867928,49.27867928,49.27867928,49.27867928,49.27867928,49.27867928,49.27867928,49.27867928,49.27867928
QL10,5/1/2025,105.230278,9.360556,34.14733547,34.14733547,34.14733547,34.14733547,34.14733547,34.14733547,34.14733547,34.14733547,34.14733547,34.14733547,34.14733547,34.14733547,34.14733547,34.14733547,34.14733547,34.14733547,34.14733547,34.14733547,34.14733547,34.14733547,34.14733547,34.14733547,34.14733547,34.14733547
QL10,6/1/2025,105.230278,9.360556,50.54364765,50.54364765,50.54364765,50.54364765,50.54364765,50.54364765,50.54364765,50.54364765,50.54364765,50.54364765,50.54364765,50.54364765,50.54364765,50.54364765,50.54364765,50.54364765,50.54364765,50.54364765,50.54364765,50.54364765,50.54364765,50.54364765,50.54364765,50.54364765
QL10,7/1/2025,105.230278,9.360556,69.58141753,69.58141753,69.58141753,69.58141753,69.58141753,69.58141753,69.58141753,69.58141753,69.58141753,69.58141753,69.58141753,69.58141753,69.58141753,69.58141753,69.58141753,69.58141753,69.58141753,69.58141753,69.58141753,69.58141753,69.58141753,69.58141753,69.58141753,69.58141753
QL11,11/1/2021,105.316944,9.506667,34.42192504,34.42192504,34.42192504,34.42192504,34.42192504,34.42192504,34.42192504,34.42192504,34.42192504,34.42192504,34.42192504,34.42192504,34.42192504,34.42192504,34.42192504,34.42192504,34.42192504,34.42192504,34.42192504,34.42192504,34.42192504,34.42192504,34.42192504,34.42192504
QL11,12/1/2021,105.316944,9.506667,35.88906279,35.88906279,35.88906279,35.88906279,35.88906279,35.88906279,35.88906279,35.88906279,35.88906279,35.88906279,35.88906279,35.88906279,35.88906279,35.88906279,35.88906279,35.88906279,35.88906279,35.88906279,35.88906279,35.88906279,35.88906279,35.88906279,35.88906279,35.88906279
QL11,1/1/2022,105.316944,9.506667,34.77200205,34.77200205,34.77200205,34.77200205,34.77200205,34.77200205,34.77200205,34.77200205,34.77200205,34.77200205,34.77200205,34.77200205,34.77200205,34.77200205,34.77200205,34.77200205,34.77200205,34.77200205,34.77200205,34.77200205,34.77200205,34.77200205,34.77200205,34.77200205
QL11,2/1/2022,105.316944,9.506667,33.79573548,33.79573548,33.79573548,33.79573548,33.79573548,33.79573548,33.79573548,33.79573548,33.79573548,33.79573548,33.79573548,33.79573548,33.79573548,33.79573548,33.79573548,33.79573548,33.79573548,33.79573548,33.79573548,33.79573548,33.79573548,33.79573548,33.79573548,33.79573548
QL11,3/1/2022,105.316944,9.506667,50.64534908,50.64534908,50.64534908,50.64534908,50.64534908,50.64534908,50.64534908,50.64534908,50.64534908,50.64534908,50.64534908,50.64534908,50.64534908,50.64534908,50.64534908,50.64534908,50.64534908,50.64534908,50.64534908,50.64534908,50.64534908,50.64534908,50.64534908,50.64534908
QL11,4/1/2022,105.316944,9.506667,36.43117013,36.43117013,36.43117013,36.43117013,36.43117013,36.43117013,36.43117013,36.43117013,36.43117013,36.43117013,36.43117013,36.43117013,36.43117013,36.43117013,36.43117013,36.43117013,36.43117013,36.43117013,36.43117013,36.43117013,36.43117013,36.43117013,36.43117013,36.43117013
QL11,5/1/2022,105.316944,9.506667,35.30739569,35.30739569,35.30739569,35.30739569,35.30739569,35.30739569,35.30739569,35.30739569,35.30739569,35.30739569,35.30739569,35.30739569,35.30739569,35.30739569,35.30739569,35.30739569,35.30739569,35.30739569,35.30739569,35.30739569,35.30739569,35.30739569,35.30739569,35.30739569
QL11,6/1/2022,105.316944,9.506667,35.27912999,35.27912999,35.27912999,35.27912999,35.27912999,35.27912999,35.27912999,35.27912999,35.27912999,35.27912999,35.27912999,35.27912999,35.27912999,35.27912999,35.27912999,35.27912999,35.27912999,35.27912999,35.27912999,35.27912999,35.27912999,35.27912999,35.27912999,35.27912999
QL11,7/1/2022,105.316944,9.506667,38.59508008,38.59508008,38.59508008,38.59508008,38.59508008,38.59508008,38.59508008,38.59508008,38.59508008,38.59508008,38.59508008,38.59508008,38.59508008,38.59508008,38.59508008,38.59508008,38.59508008,38.59508008,38.59508008,38.59508008,38.59508008,38.59508008,38.59508008,38.59508008
QL11,8/1/2022,105.316944,9.506667,44.18323376,44.18323376,44.18323376,44.18323376,44.18323376,44.18323376,44.18323376,44.18323376,44.18323376,44.18323376,44.18323376,44.18323376,44.18323376,44.18323376,44.18323376,44.18323376,44.18323376,44.18323376,44.18323376,44.18323376,44.18323376,44.18323376,44.18323376,44.18323376
QL11,9/1/2022,105.316944,9.506667,34.16010659,34.16010659,34.16010659,34.16010659,34.16010659,34.16010659,34.16010659,34.16010659,34.16010659,34.16010659,34.16010659,34.16010659,34.16010659,34.16010659,34.16010659,34.16010659,34.16010659,34.16010659,34.16010659,34.16010659,34.16010659,34.16010659,34.16010659,34.16010659
QL11,10/1/2022,105.316944,9.506667,35.81686192,35.81686192,35.81686192,35.81686192,35.81686192,35.81686192,35.81686192,35.81686192,35.81686192,35.81686192,35.81686192,35.81686192,35.81686192,35.81686192,35.81686192,35.81686192,35.81686192,35.81686192,35.81686192,35.81686192,35.81686192,35.81686192,35.81686192,35.81686192
QL11,11/1/2022,105.316944,9.506667,43.13050168,43.13050168,43.13050168,43.13050168,43.13050168,43.13050168,43.13050168,43.13050168,43.13050168,43.13050168,43.13050168,43.13050168,43.13050168,43.13050168,43.13050168,43.13050168,43.13050168,43.13050168,43.13050168,43.13050168,43.13050168,43.13050168,43.13050168,43.13050168
QL11,12/1/2022,105.316944,9.506667,2.37636181,2.37636181,2.37636181,2.37636181,2.37636181,2.37636181,2.37636181,2.37636181,2.37636181,2.37636181,2.37636181,2.37636181,2.37636181,2.37636181,2.37636181,2.37636181,2.37636181,2.37636181,2.37636181,2.37636181,2.37636181,2.37636181,2.37636181,2.37636181
QL11,1/1/2023,105.316944,9.506667,42.65501927,42.65501927,42.65501927,42.65501927,42.65501927,42.65501927,42.65501927,42.65501927,42.65501927,42.65501927,42.65501927,42.65501927,42.65501927,42.65501927,42.65501927,42.65501927,42.65501927,42.65501927,42.65501927,42.65501927,42.65501927,42.65501927,42.65501927,42.65501927
QL11,2/1/2023,105.316944,9.506667,35.21224386,35.21224386,35.21224386,35.21224386,35.21224386,35.21224386,35.21224386,35.21224386,35.21224386,35.21224386,35.21224386,35.21224386,35.21224386,35.21224386,35.21224386,35.21224386,35.21224386,35.21224386,35.21224386,35.21224386,35.21224386,35.21224386,35.21224386,35.21224386
QL11,3/1/2023,105.316944,9.506667,36.90917819,36.90917819,36.90917819,36.90917819,36.90917819,36.90917819,36.90917819,36.90917819,36.90917819,36.90917819,36.90917819,36.90917819,36.90917819,36.90917819,36.90917819,36.90917819,36.90917819,36.90917819,36.90917819,36.90917819,36.90917819,36.90917819,36.90917819,36.90917819
QL11,4/1/2023,105.316944,9.506667,35.73427959,35.73427959,35.73427959,35.73427959,35.73427959,35.73427959,35.73427959,35.73427959,35.73427959,35.73427959,35.73427959,35.73427959,35.73427959,35.73427959,35.73427959,35.73427959,35.73427959,35.73427959,35.73427959,35.73427959,35.73427959,35.73427959,35.73427959,35.73427959
QL11,5/1/2023,105.316944,9.506667,35.39481103,35.39481103,35.39481103,35.39481103,35.39481103,35.39481103,35.39481103,35.39481103,35.39481103,35.39481103,35.39481103,35.39481103,35.39481103,35.39481103,35.39481103,35.39481103,35.39481103,35.39481103,35.39481103,35.39481103,35.39481103,35.39481103,35.39481103,35.39481103
QL11,6/1/2023,105.316944,9.506667,35.49381308,35.49381308,35.49381308,35.49381308,35.49381308,35.49381308,35.49381308,35.49381308,35.49381308,35.49381308,35.49381308,35.49381308,35.49381308,35.49381308,35.49381308,35.49381308,35.49381308,35.49381308,35.49381308,35.49381308,35.49381308,35.49381308,35.49381308,35.49381308
QL11,7/1/2023,105.316944,9.506667,55.26276039,55.26276039,55.26276039,55.26276039,55.26276039,55.26276039,55.26276039,55.26276039,55.26276039,55.26276039,55.26276039,55.26276039,55.26276039,55.26276039,55.26276039,55.26276039,55.26276039,55.26276039,55.26276039,55.26276039,55.26276039,55.26276039,55.26276039,55.26276039
QL11,8/1/2023,105.316944,9.506667,38.15419103,38.15419103,38.15419103,38.15419103,38.15419103,38.15419103,38.15419103,38.15419103,38.15419103,38.15419103,38.15419103,38.15419103,38.15419103,38.15419103,38.15419103,38.15419103,38.15419103,38.15419103,38.15419103,38.15419103,38.15419103,38.15419103,38.15419103,38.15419103
QL11,9/1/2023,105.316944,9.506667,37.18780517,37.18780517,37.18780517,37.18780517,37.18780517,37.18780517,37.18780517,37.18780517,37.18780517,37.18780517,37.18780517,37.18780517,37.18780517,37.18780517,37.18780517,37.18780517,37.18780517,37.18780517,37.18780517,37.18780517,37.18780517,37.18780517,37.18780517,37.18780517
QL11,10/1/2023,105.316944,9.506667,35.16090869,35.16090869,35.16090869,35.16090869,35.16090869,35.16090869,35.16090869,35.16090869,35.16090869,35.16090869,35.16090869,35.16090869,35.16090869,35.16090869,35.16090869,35.16090869,35.16090869,35.16090869,35.16090869,35.16090869,35.16090869,35.16090869,35.16090869,35.16090869
QL11,11/1/2023,105.316944,9.506667,35.76084419,35.76084419,35.76084419,35.76084419,35.76084419,35.76084419,35.76084419,35.76084419,35.76084419,35.76084419,35.76084419,35.76084419,35.76084419,35.76084419,35.76084419,35.76084419,35.76084419,35.76084419,35.76084419,35.76084419,35.76084419,35.76084419,35.76084419,35.76084419
QL11,12/1/2023,105.316944,9.506667,34.7581679,34.7581679,34.7581679,34.7581679,34.7581679,34.7581679,34.7581679,34.7581679,34.7581679,34.7581679,34.7581679,34.7581679,34.7581679,34.7581679,34.7581679,34.7581679,34.7581679,34.7581679,34.7581679,34.7581679,34.7581679,34.7581679,34.7581679,34.7581679
QL11,1/1/2024,105.316944,9.506667,35.35092936,35.35092936,35.35092936,35.35092936,35.35092936,35.35092936,35.35092936,35.35092936,35.35092936,35.35092936,35.35092936,35.35092936,35.35092936,35.35092936,35.35092936,35.35092936,35.35092936,35.35092936,35.35092936,35.35092936,35.35092936,35.35092936,35.35092936,35.35092936
QL11,2/1/2024,105.316944,9.506667,44.76430598,44.76430598,44.76430598,44.76430598,44.76430598,44.76430598,44.76430598,44.76430598,44.76430598,44.76430598,44.76430598,44.76430598,44.76430598,44.76430598,44.76430598,44.76430598,44.76430598,44.76430598,44.76430598,44.76430598,44.76430598,44.76430598,44.76430598,44.76430598
QL11,3/1/2024,105.316944,9.506667,37.54878562,37.54878562,37.54878562,37.54878562,37.54878562,37.54878562,37.54878562,37.54878562,37.54878562,37.54878562,37.54878562,37.54878562,37.54878562,37.54878562,37.54878562,37.54878562,37.54878562,37.54878562,37.54878562,37.54878562,37.54878562,37.54878562,37.54878562,37.54878562
QL11,4/1/2024,105.316944,9.506667,37.40194373,37.40194373,37.40194373,37.40194373,37.40194373,37.40194373,37.40194373,37.40194373,37.40194373,37.40194373,37.40194373,37.40194373,37.40194373,37.40194373,37.40194373,37.40194373,37.40194373,37.40194373,37.40194373,37.40194373,37.40194373,37.40194373,37.40194373,37.40194373
QL11,5/1/2024,105.316944,9.506667,48.77735569,48.77735569,48.77735569,48.77735569,48.77735569,48.77735569,48.77735569,48.77735569,48.77735569,48.77735569,48.77735569,48.77735569,48.77735569,48.77735569,48.77735569,48.77735569,48.77735569,48.77735569,48.77735569,48.77735569,48.77735569,48.77735569,48.77735569,48.77735569
QL11,6/1/2024,105.316944,9.506667,51.35079136,51.35079136,51.35079136,51.35079136,51.35079136,51.35079136,51.35079136,51.35079136,51.35079136,51.35079136,51.35079136,51.35079136,51.35079136,51.35079136,51.35079136,51.35079136,51.35079136,51.35079136,51.35079136,51.35079136,51.35079136,51.35079136,51.35079136,51.35079136
QL11,7/1/2024,105.316944,9.506667,35.46635596,35.46635596,35.46635596,35.46635596,35.46635596,35.46635596,35.46635596,35.46635596,35.46635596,35.46635596,35.46635596,35.46635596,35.46635596,35.46635596,35.46635596,35.46635596,35.46635596,35.46635596,35.46635596,35.46635596,35.46635596,35.46635596,35.46635596,35.46635596
QL11,8/1/2024,105.316944,9.506667,63.84038782,63.84038782,63.84038782,63.84038782,63.84038782,63.84038782,63.84038782,63.84038782,63.84038782,63.84038782,63.84038782,63.84038782,63.84038782,63.84038782,63.84038782,63.84038782,63.84038782,63.84038782,63.84038782,63.84038782,63.84038782,63.84038782,63.84038782,63.84038782
QL11,9/1/2024,105.316944,9.506667,68.73347903,68.73347903,68.73347903,68.73347903,68.73347903,68.73347903,68.73347903,68.73347903,68.73347903,68.73347903,68.73347903,68.73347903,68.73347903,68.73347903,68.73347903,68.73347903,68.73347903,68.73347903,68.73347903,68.73347903,68.73347903,68.73347903,68.73347903,68.73347903
QL11,10/1/2024,105.316944,9.506667,35.22833166,35.22833166,35.22833166,35.22833166,35.22833166,35.22833166,35.22833166,35.22833166,35.22833166,35.22833166,35.22833166,35.22833166,35.22833166,35.22833166,35.22833166,35.22833166,35.22833166,35.22833166,35.22833166,35.22833166,35.22833166,35.22833166,35.22833166,35.22833166
QL11,11/1/2024,105.316944,9.506667,55.32936755,55.32936755,55.32936755,55.32936755,55.32936755,55.32936755,55.32936755,55.32936755,55.32936755,55.32936755,55.32936755,55.32936755,55.32936755,55.32936755,55.32936755,55.32936755,55.32936755,55.32936755,55.32936755,55.32936755,55.32936755,55.32936755,55.32936755,55.32936755
QL11,12/1/2024,105.316944,9.506667,35.01003992,35.01003992,35.01003992,35.01003992,35.01003992,35.01003992,35.01003992,35.01003992,35.01003992,35.01003992,35.01003992,35.01003992,35.01003992,35.01003992,35.01003992,35.01003992,35.01003992,35.01003992,35.01003992,35.01003992,35.01003992,35.01003992,35.01003992,35.01003992
QL11,1/1/2025,105.316944,9.506667,68.09576365,68.09576365,68.09576365,68.09576365,68.09576365,68.09576365,68.09576365,68.09576365,68.09576365,68.09576365,68.09576365,68.09576365,68.09576365,68.09576365,68.09576365,68.09576365,68.09576365,68.09576365,68.09576365,68.09576365,68.09576365,68.09576365,68.09576365,68.09576365
QL11,2/1/2025,105.316944,9.506667,54.53527825,54.53527825,54.53527825,54.53527825,54.53527825,54.53527825,54.53527825,54.53527825,54.53527825,54.53527825,54.53527825,54.53527825,54.53527825,54.53527825,54.53527825,54.53527825,54.53527825,54.53527825,54.53527825,54.53527825,54.53527825,54.53527825,54.53527825,54.53527825
QL11,3/1/2025,105.316944,9.506667,65.91388798,65.91388798,65.91388798,65.91388798,65.91388798,65.91388798,65.91388798,65.91388798,65.91388798,65.91388798,65.91388798,65.91388798,65.91388798,65.91388798,65.91388798,65.91388798,65.91388798,65.91388798,65.91388798,65.91388798,65.91388798,65.91388798,65.91388798,65.91388798
QL11,4/1/2025,105.316944,9.506667,37.64465833,37.64465833,37.64465833,37.64465833,37.64465833,37.64465833,37.64465833,37.64465833,37.64465833,37.64465833,37.64465833,37.64465833,37.64465833,37.64465833,37.64465833,37.64465833,37.64465833,37.64465833,37.64465833,37.64465833,37.64465833,37.64465833,37.64465833,37.64465833
QL11,5/1/2025,105.316944,9.506667,61.60218098,61.60218098,61.60218098,61.60218098,61.60218098,61.60218098,61.60218098,61.60218098,61.60218098,61.60218098,61.60218098,61.60218098,61.60218098,61.60218098,61.60218098,61.60218098,61.60218098,61.60218098,61.60218098,61.60218098,61.60218098,61.60218098,61.60218098,61.60218098
QL11,6/1/2025,105.316944,9.506667,61.01542877,61.01542877,61.01542877,61.01542877,61.01542877,61.01542877,61.01542877,61.01542877,61.01542877,61.01542877,61.01542877,61.01542877,61.01542877,61.01542877,61.01542877,61.01542877,61.01542877,61.01542877,61.01542877,61.01542877,61.01542877,61.01542877,61.01542877,61.01542877
QL11,7/1/2025,105.316944,9.506667,34.39823405,34.39823405,34.39823405,34.39823405,34.39823405,34.39823405,34.39823405,34.39823405,34.39823405,34.39823405,34.39823405,34.39823405,34.39823405,34.39823405,34.39823405,34.39823405,34.39823405,34.39823405,34.39823405,34.39823405,34.39823405,34.39823405,34.39823405,34.39823405
QL12,7/1/2022,105.510861,9.583789,42.82742162,42.82742162,42.82742162,42.82742162,42.82742162,42.82742162,42.82742162,42.82742162,42.82742162,42.82742162,42.82742162,42.82742162,42.82742162,42.82742162,42.82742162,42.82742162,42.82742162,42.82742162,42.82742162,42.82742162,42.82742162,42.82742162,42.82742162,42.82742162
QL12,8/1/2022,105.510861,9.583789,34.43068369,34.43068369,34.43068369,34.43068369,34.43068369,34.43068369,34.43068369,34.43068369,34.43068369,34.43068369,34.43068369,34.43068369,34.43068369,34.43068369,34.43068369,34.43068369,34.43068369,34.43068369,34.43068369,34.43068369,34.43068369,34.43068369,34.43068369,34.43068369
QL12,9/1/2022,105.510861,9.583789,43.74183487,43.74183487,43.74183487,43.74183487,43.74183487,43.74183487,43.74183487,43.74183487,43.74183487,43.74183487,43.74183487,43.74183487,43.74183487,43.74183487,43.74183487,43.74183487,43.74183487,43.74183487,43.74183487,43.74183487,43.74183487,43.74183487,43.74183487,43.74183487
QL12,10/1/2022,105.510861,9.583789,52.38141722,52.38141722,52.38141722,52.38141722,52.38141722,52.38141722,52.38141722,52.38141722,52.38141722,52.38141722,52.38141722,52.38141722,52.38141722,52.38141722,52.38141722,52.38141722,52.38141722,52.38141722,52.38141722,52.38141722,52.38141722,52.38141722,52.38141722,52.38141722
QL12,11/1/2022,105.510861,9.583789,43.76941657,43.76941657,43.76941657,43.76941657,43.76941657,43.76941657,43.76941657,43.76941657,43.76941657,43.76941657,43.76941657,43.76941657,43.76941657,43.76941657,43.76941657,43.76941657,43.76941657,43.76941657,43.76941657,43.76941657,43.76941657,43.76941657,43.76941657,43.76941657
QL12,12/1/2022,105.510861,9.583789,43.86151284,43.86151284,43.86151284,43.86151284,43.86151284,43.86151284,43.86151284,43.86151284,43.86151284,43.86151284,43.86151284,43.86151284,43.86151284,43.86151284,43.86151284,43.86151284,43.86151284,43.86151284,43.86151284,43.86151284,43.86151284,43.86151284,43.86151284,43.86151284
QL12,1/1/2023,105.510861,9.583789,34.59466428,34.59466428,34.59466428,34.59466428,34.59466428,34.59466428,34.59466428,34.59466428,34.59466428,34.59466428,34.59466428,34.59466428,34.59466428,34.59466428,34.59466428,34.59466428,34.59466428,34.59466428,34.59466428,34.59466428,34.59466428,34.59466428,34.59466428,34.59466428
QL12,2/1/2023,105.510861,9.583789,35.57981128,35.57981128,35.57981128,35.57981128,35.57981128,35.57981128,35.57981128,35.57981128,35.57981128,35.57981128,35.57981128,35.57981128,35.57981128,35.57981128,35.57981128,35.57981128,35.57981128,35.57981128,35.57981128,35.57981128,35.57981128,35.57981128,35.57981128,35.57981128
QL12,3/1/2023,105.510861,9.583789,37.10627437,37.10627437,37.10627437,37.10627437,37.10627437,37.10627437,37.10627437,37.10627437,37.10627437,37.10627437,37.10627437,37.10627437,37.10627437,37.10627437,37.10627437,37.10627437,37.10627437,37.10627437,37.10627437,37.10627437,37.10627437,37.10627437,37.10627437,37.10627437
QL12,4/1/2023,105.510861,9.583789,43.69982391,43.69982391,43.69982391,43.69982391,43.69982391,43.69982391,43.69982391,43.69982391,43.69982391,43.69982391,43.69982391,43.69982391,43.69982391,43.69982391,43.69982391,43.69982391,43.69982391,43.69982391,43.69982391,43.69982391,43.69982391,43.69982391,43.69982391,43.69982391
QL12,5/1/2023,105.510861,9.583789,37.49719306,37.49719306,37.49719306,37.49719306,37.49719306,37.49719306,37.49719306,37.49719306,37.49719306,37.49719306,37.49719306,37.49719306,37.49719306,37.49719306,37.49719306,37.49719306,37.49719306,37.49719306,37.49719306,37.49719306,37.49719306,37.49719306,37.49719306,37.49719306
QL12,6/1/2023,105.510861,9.583789,37.40002948,37.40002948,37.40002948,37.40002948,37.40002948,37.40002948,37.40002948,37.40002948,37.40002948,37.40002948,37.40002948,37.40002948,37.40002948,37.40002948,37.40002948,37.40002948,37.40002948,37.40002948,37.40002948,37.40002948,37.40002948,37.40002948,37.40002948,37.40002948
QL12,7/1/2023,105.510861,9.583789,36.01006971,36.01006971,36.01006971,36.01006971,36.01006971,36.01006971,36.01006971,36.01006971,36.01006971,36.01006971,36.01006971,36.01006971,36.01006971,36.01006971,36.01006971,36.01006971,36.01006971,36.01006971,36.01006971,36.01006971,36.01006971,36.01006971,36.01006971,36.01006971
QL12,8/1/2023,105.510861,9.583789,44.30393147,44.30393147,44.30393147,44.30393147,44.30393147,44.30393147,44.30393147,44.30393147,44.30393147,44.30393147,44.30393147,44.30393147,44.30393147,44.30393147,44.30393147,44.30393147,44.30393147,44.30393147,44.30393147,44.30393147,44.30393147,44.30393147,44.30393147,44.30393147
QL12,9/1/2023,105.510861,9.583789,35.36440324,35.36440324,35.36440324,35.36440324,35.36440324,35.36440324,35.36440324,35.36440324,35.36440324,35.36440324,35.36440324,35.36440324,35.36440324,35.36440324,35.36440324,35.36440324,35.36440324,35.36440324,35.36440324,35.36440324,35.36440324,35.36440324,35.36440324,35.36440324
QL12,10/1/2023,105.510861,9.583789,37.16841224,37.16841224,37.16841224,37.16841224,37.16841224,37.16841224,37.16841224,37.16841224,37.16841224,37.16841224,37.16841224,37.16841224,37.16841224,37.16841224,37.16841224,37.16841224,37.16841224,37.16841224,37.16841224,37.16841224,37.16841224,37.16841224,37.16841224,37.16841224
QL12,11/1/2023,105.510861,9.583789,35.17338103,35.17338103,35.17338103,35.17338103,35.17338103,35.17338103,35.17338103,35.17338103,35.17338103,35.17338103,35.17338103,35.17338103,35.17338103,35.17338103,35.17338103,35.17338103,35.17338103,35.17338103,35.17338103,35.17338103,35.17338103,35.17338103,35.17338103,35.17338103
QL12,12/1/2023,105.510861,9.583789,36.52051241,36.52051241,36.52051241,36.52051241,36.52051241,36.52051241,36.52051241,36.52051241,36.52051241,36.52051241,36.52051241,36.52051241,36.52051241,36.52051241,36.52051241,36.52051241,36.52051241,36.52051241,36.52051241,36.52051241,36.52051241,36.52051241,36.52051241,36.52051241
QL12,1/1/2024,105.510861,9.583789,35.64929434,35.64929434,35.64929434,35.64929434,35.64929434,35.64929434,35.64929434,35.64929434,35.64929434,35.64929434,35.64929434,35.64929434,35.64929434,35.64929434,35.64929434,35.64929434,35.64929434,35.64929434,35.64929434,35.64929434,35.64929434,35.64929434,35.64929434,35.64929434
QL12,2/1/2024,105.510861,9.583789,45.73535856,45.73535856,45.73535856,45.73535856,45.73535856,45.73535856,45.73535856,45.73535856,45.73535856,45.73535856,45.73535856,45.73535856,45.73535856,45.73535856,45.73535856,45.73535856,45.73535856,45.73535856,45.73535856,45.73535856,45.73535856,45.73535856,45.73535856,45.73535856
QL12,3/1/2024,105.510861,9.583789,62.33892274,62.33892274,62.33892274,62.33892274,62.33892274,62.33892274,62.33892274,62.33892274,62.33892274,62.33892274,62.33892274,62.33892274,62.33892274,62.33892274,62.33892274,62.33892274,62.33892274,62.33892274,62.33892274,62.33892274,62.33892274,62.33892274,62.33892274,62.33892274
QL12,4/1/2024,105.510861,9.583789,35.21177373,35.21177373,35.21177373,35.21177373,35.21177373,35.21177373,35.21177373,35.21177373,35.21177373,35.21177373,35.21177373,35.21177373,35.21177373,35.21177373,35.21177373,35.21177373,35.21177373,35.21177373,35.21177373,35.21177373,35.21177373,35.21177373,35.21177373,35.21177373
QL12,5/1/2024,105.510861,9.583789,67.03181881,67.03181881,67.03181881,67.03181881,67.03181881,67.03181881,67.03181881,67.03181881,67.03181881,67.03181881,67.03181881,67.03181881,67.03181881,67.03181881,67.03181881,67.03181881,67.03181881,67.03181881,67.03181881,67.03181881,67.03181881,67.03181881,67.03181881,67.03181881
QL12,6/1/2024,105.510861,9.583789,49.05319476,49.05319476,49.05319476,49.05319476,49.05319476,49.05319476,49.05319476,49.05319476,49.05319476,49.05319476,49.05319476,49.05319476,49.05319476,49.05319476,49.05319476,49.05319476,49.05319476,49.05319476,49.05319476,49.05319476,49.05319476,49.05319476,49.05319476,49.05319476
QL12,7/1/2024,105.510861,9.583789,33.37251137,33.37251137,33.37251137,33.37251137,33.37251137,33.37251137,33.37251137,33.37251137,33.37251137,33.37251137,33.37251137,33.37251137,33.37251137,33.37251137,33.37251137,33.37251137,33.37251137,33.37251137,33.37251137,33.37251137,33.37251137,33.37251137,33.37251137,33.37251137
QL12,8/1/2024,105.510861,9.583789,50.66444924,50.66444924,50.66444924,50.66444924,50.66444924,50.66444924,50.66444924,50.66444924,50.66444924,50.66444924,50.66444924,50.66444924,50.66444924,50.66444924,50.66444924,50.66444924,50.66444924,50.66444924,50.66444924,50.66444924,50.66444924,50.66444924,50.66444924,50.66444924
QL12,9/1/2024,105.510861,9.583789,34.53583724,34.53583724,34.53583724,34.53583724,34.53583724,34.53583724,34.53583724,34.53583724,34.53583724,34.53583724,34.53583724,34.53583724,34.53583724,34.53583724,34.53583724,34.53583724,34.53583724,34.53583724,34.53583724,34.53583724,34.53583724,34.53583724,34.53583724,34.53583724
QL12,10/1/2024,105.510861,9.583789,48.22165315,48.22165315,48.22165315,48.22165315,48.22165315,48.22165315,48.22165315,48.22165315,48.22165315,48.22165315,48.22165315,48.22165315,48.22165315,48.22165315,48.22165315,48.22165315,48.22165315,48.22165315,48.22165315,48.22165315,48.22165315,48.22165315,48.22165315,48.22165315
QL12,11/1/2024,105.510861,9.583789,55.20409563,55.20409563,55.20409563,55.20409563,55.20409563,55.20409563,55.20409563,55.20409563,55.20409563,55.20409563,55.20409563,55.20409563,55.20409563,55.20409563,55.20409563,55.20409563,55.20409563,55.20409563,55.20409563,55.20409563,55.20409563,55.20409563,55.20409563,55.20409563
QL12,12/1/2024,105.510861,9.583789,35.85532638,35.85532638,35.85532638,35.85532638,35.85532638,35.85532638,35.85532638,35.85532638,35.85532638,35.85532638,35.85532638,35.85532638,35.85532638,35.85532638,35.85532638,35.85532638,35.85532638,35.85532638,35.85532638,35.85532638,35.85532638,35.85532638,35.85532638,35.85532638
QL12,1/1/2025,105.510861,9.583789,59.2718457,59.2718457,59.2718457,59.2718457,59.2718457,59.2718457,59.2718457,59.2718457,59.2718457,59.2718457,59.2718457,59.2718457,59.2718457,59.2718457,59.2718457,59.2718457,59.2718457,59.2718457,59.2718457,59.2718457,59.2718457,59.2718457,59.2718457,59.2718457
QL12,2/1/2025,105.510861,9.583789,52.37047838,52.37047838,52.37047838,52.37047838,52.37047838,52.37047838,52.37047838,52.37047838,52.37047838,52.37047838,52.37047838,52.37047838,52.37047838,52.37047838,52.37047838,52.37047838,52.37047838,52.37047838,52.37047838,52.37047838,52.37047838,52.37047838,52.37047838,52.37047838
QL12,3/1/2025,105.510861,9.583789,62.35539205,62.35539205,62.35539205,62.35539205,62.35539205,62.35539205,62.35539205,62.35539205,62.35539205,62.35539205,62.35539205,62.35539205,62.35539205,62.35539205,62.35539205,62.35539205,62.35539205,62.35539205,62.35539205,62.35539205,62.35539205,62.35539205,62.35539205,62.35539205
QL12,4/1/2025,105.510861,9.583789,37.41703773,37.41703773,37.41703773,37.41703773,37.41703773,37.41703773,37.41703773,37.41703773,37.41703773,37.41703773,37.41703773,37.41703773,37.41703773,37.41703773,37.41703773,37.41703773,37.41703773,37.41703773,37.41703773,37.41703773,37.41703773,37.41703773,37.41703773,37.41703773
QL12,5/1/2025,105.510861,9.583789,71.05618452,71.05618452,71.05618452,71.05618452,71.05618452,71.05618452,71.05618452,71.05618452,71.05618452,71.05618452,71.05618452,71.05618452,71.05618452,71.05618452,71.05618452,71.05618452,71.05618452,71.05618452,71.05618452,71.05618452,71.05618452,71.05618452,71.05618452,71.05618452
QL12,6/1/2025,105.510861,9.583789,37.56331003,37.56331003,37.56331003,37.56331003,37.56331003,37.56331003,37.56331003,37.56331003,37.56331003,37.56331003,37.56331003,37.56331003,37.56331003,37.56331003,37.56331003,37.56331003,37.56331003,37.56331003,37.56331003,37.56331003,37.56331003,37.56331003,37.56331003,37.56331003
QL12,7/1/2025,105.510861,9.583789,53.64320462,53.64320462,53.64320462,53.64320462,53.64320462,53.64320462,53.64320462,53.64320462,53.64320462,53.64320462,53.64320462,53.64320462,53.64320462,53.64320462,53.64320462,53.64320462,53.64320462,53.64320462,53.64320462,53.64320462,53.64320462,53.64320462,53.64320462,53.64320462
QL13,8/1/2022,105.417964,9.592447,65.28845224,65.28845224,65.28845224,65.28845224,65.28845224,65.28845224,65.28845224,65.28845224,65.28845224,65.28845224,65.28845224,65.28845224,65.28845224,65.28845224,65.28845224,65.28845224,65.28845224,65.28845224,65.28845224,65.28845224,65.28845224,65.28845224,65.28845224,65.28845224
QL13,9/1/2022,105.417964,9.592447,44.4120921,44.4120921,44.4120921,44.4120921,44.4120921,44.4120921,44.4120921,44.4120921,44.4120921,44.4120921,44.4120921,44.4120921,44.4120921,44.4120921,44.4120921,44.4120921,44.4120921,44.4120921,44.4120921,44.4120921,44.4120921,44.4120921,44.4120921,44.4120921
QL13,10/1/2022,105.417964,9.592447,51.22960367,51.22960367,51.22960367,51.22960367,51.22960367,51.22960367,51.22960367,51.22960367,51.22960367,51.22960367,51.22960367,51.22960367,51.22960367,51.22960367,51.22960367,51.22960367,51.22960367,51.22960367,51.22960367,51.22960367,51.22960367,51.22960367,51.22960367,51.22960367
QL13,11/1/2022,105.417964,9.592447,36.42132455,36.42132455,36.42132455,36.42132455,36.42132455,36.42132455,36.42132455,36.42132455,36.42132455,36.42132455,36.42132455,36.42132455,36.42132455,36.42132455,36.42132455,36.42132455,36.42132455,36.42132455,36.42132455,36.42132455,36.42132455,36.42132455,36.42132455,36.42132455
QL13,12/1/2022,105.417964,9.592447,43.63705317,43.63705317,43.63705317,43.63705317,43.63705317,43.63705317,43.63705317,43.63705317,43.63705317,43.63705317,43.63705317,43.63705317,43.63705317,43.63705317,43.63705317,43.63705317,43.63705317,43.63705317,43.63705317,43.63705317,43.63705317,43.63705317,43.63705317,43.63705317
QL13,1/1/2023,105.417964,9.592447,35.07058182,35.07058182,35.07058182,35.07058182,35.07058182,35.07058182,35.07058182,35.07058182,35.07058182,35.07058182,35.07058182,35.07058182,35.07058182,35.07058182,35.07058182,35.07058182,35.07058182,35.07058182,35.07058182,35.07058182,35.07058182,35.07058182,35.07058182,35.07058182
QL13,2/1/2023,105.417964,9.592447,35.61331273,35.61331273,35.61331273,35.61331273,35.61331273,35.61331273,35.61331273,35.61331273,35.61331273,35.61331273,35.61331273,35.61331273,35.61331273,35.61331273,35.61331273,35.61331273,35.61331273,35.61331273,35.61331273,35.61331273,35.61331273,35.61331273,35.61331273,35.61331273
QL13,3/1/2023,105.417964,9.592447,36.19297513,36.19297513,36.19297513,36.19297513,36.19297513,36.19297513,36.19297513,36.19297513,36.19297513,36.19297513,36.19297513,36.19297513,36.19297513,36.19297513,36.19297513,36.19297513,36.19297513,36.19297513,36.19297513,36.19297513,36.19297513,36.19297513,36.19297513,36.19297513
QL13,4/1/2023,105.417964,9.592447,43.78970991,43.78970991,43.78970991,43.78970991,43.78970991,43.78970991,43.78970991,43.78970991,43.78970991,43.78970991,43.78970991,43.78970991,43.78970991,43.78970991,43.78970991,43.78970991,43.78970991,43.78970991,43.78970991,43.78970991,43.78970991,43.78970991,43.78970991,43.78970991
QL13,5/1/2023,105.417964,9.592447,43.57907339,43.57907339,43.57907339,43.57907339,43.57907339,43.57907339,43.57907339,43.57907339,43.57907339,43.57907339,43.57907339,43.57907339,43.57907339,43.57907339,43.57907339,43.57907339,43.57907339,43.57907339,43.57907339,43.57907339,43.57907339,43.57907339,43.57907339,43.57907339
QL13,6/1/2023,105.417964,9.592447,43.5234687,43.5234687,43.5234687,43.5234687,43.5234687,43.5234687,43.5234687,43.5234687,43.5234687,43.5234687,43.5234687,43.5234687,43.5234687,43.5234687,43.5234687,43.5234687,43.5234687,43.5234687,43.5234687,43.5234687,43.5234687,43.5234687,43.5234687,43.5234687
QL13,7/1/2023,105.417964,9.592447,35.19730107,35.19730107,35.19730107,35.19730107,35.19730107,35.19730107,35.19730107,35.19730107,35.19730107,35.19730107,35.19730107,35.19730107,35.19730107,35.19730107,35.19730107,35.19730107,35.19730107,35.19730107,35.19730107,35.19730107,35.19730107,35.19730107,35.19730107,35.19730107
QL13,8/1/2023,105.417964,9.592447,35.9741953,35.9741953,35.9741953,35.9741953,35.9741953,35.9741953,35.9741953,35.9741953,35.9741953,35.9741953,35.9741953,35.9741953,35.9741953,35.9741953,35.9741953,35.9741953,35.9741953,35.9741953,35.9741953,35.9741953,35.9741953,35.9741953,35.9741953,35.9741953
QL13,9/1/2023,105.417964,9.592447,35.40669654,35.40669654,35.40669654,35.40669654,35.40669654,35.40669654,35.40669654,35.40669654,35.40669654,35.40669654,35.40669654,35.40669654,35.40669654,35.40669654,35.40669654,35.40669654,35.40669654,35.40669654,35.40669654,35.40669654,35.40669654,35.40669654,35.40669654,35.40669654
QL13,10/1/2023,105.417964,9.592447,43.07481498,43.07481498,43.07481498,43.07481498,43.07481498,43.07481498,43.07481498,43.07481498,43.07481498,43.07481498,43.07481498,43.07481498,43.07481498,43.07481498,43.07481498,43.07481498,43.07481498,43.07481498,43.07481498,43.07481498,43.07481498,43.07481498,43.07481498,43.07481498
QL13,11/1/2023,105.417964,9.592447,43.80304766,43.80304766,43.80304766,43.80304766,43.80304766,43.80304766,43.80304766,43.80304766,43.80304766,43.80304766,43.80304766,43.80304766,43.80304766,43.80304766,43.80304766,43.80304766,43.80304766,43.80304766,43.80304766,43.80304766,43.80304766,43.80304766,43.80304766,43.80304766
QL13,12/1/2023,105.417964,9.592447,63.19305898,63.19305898,63.19305898,63.19305898,63.19305898,63.19305898,63.19305898,63.19305898,63.19305898,63.19305898,63.19305898,63.19305898,63.19305898,63.19305898,63.19305898,63.19305898,63.19305898,63.19305898,63.19305898,63.19305898,63.19305898,63.19305898,63.19305898,63.19305898
QL13,1/1/2024,105.417964,9.592447,35.405611,35.405611,35.405611,35.405611,35.405611,35.405611,35.405611,35.405611,35.405611,35.405611,35.405611,35.405611,35.405611,35.405611,35.405611,35.405611,35.405611,35.405611,35.405611,35.405611,35.405611,35.405611,35.405611,35.405611
QL13,2/1/2024,105.417964,9.592447,34.97225051,34.97225051,34.97225051,34.97225051,34.97225051,34.97225051,34.97225051,34.97225051,34.97225051,34.97225051,34.97225051,34.97225051,34.97225051,34.97225051,34.97225051,34.97225051,34.97225051,34.97225051,34.97225051,34.97225051,34.97225051,34.97225051,34.97225051,34.97225051
QL13,3/1/2024,105.417964,9.592447,50.30599515,50.30599515,50.30599515,50.30599515,50.30599515,50.30599515,50.30599515,50.30599515,50.30599515,50.30599515,50.30599515,50.30599515,50.30599515,50.30599515,50.30599515,50.30599515,50.30599515,50.30599515,50.30599515,50.30599515,50.30599515,50.30599515,50.30599515,50.30599515
QL13,4/1/2024,105.417964,9.592447,65.51865551,65.51865551,65.51865551,65.51865551,65.51865551,65.51865551,65.51865551,65.51865551,65.51865551,65.51865551,65.51865551,65.51865551,65.51865551,65.51865551,65.51865551,65.51865551,65.51865551,65.51865551,65.51865551,65.51865551,65.51865551,65.51865551,65.51865551,65.51865551
QL13,5/1/2024,105.417964,9.592447,36.01791747,36.01791747,36.01791747,36.01791747,36.01791747,36.01791747,36.01791747,36.01791747,36.01791747,36.01791747,36.01791747,36.01791747,36.01791747,36.01791747,36.01791747,36.01791747,36.01791747,36.01791747,36.01791747,36.01791747,36.01791747,36.01791747,36.01791747,36.01791747
QL13,6/1/2024,105.417964,9.592447,50.83821114,50.83821114,50.83821114,50.83821114,50.83821114,50.83821114,50.83821114,50.83821114,50.83821114,50.83821114,50.83821114,50.83821114,50.83821114,50.83821114,50.83821114,50.83821114,50.83821114,50.83821114,50.83821114,50.83821114,50.83821114,50.83821114,50.83821114,50.83821114
QL13,7/1/2024,105.417964,9.592447,32.04211499,32.04211499,32.04211499,32.04211499,32.04211499,32.04211499,32.04211499,32.04211499,32.04211499,32.04211499,32.04211499,32.04211499,32.04211499,32.04211499,32.04211499,32.04211499,32.04211499,32.04211499,32.04211499,32.04211499,32.04211499,32.04211499,32.04211499,32.04211499
QL13,8/1/2024,105.417964,9.592447,64.6302616,64.6302616,64.6302616,64.6302616,64.6302616,64.6302616,64.6302616,64.6302616,64.6302616,64.6302616,64.6302616,64.6302616,64.6302616,64.6302616,64.6302616,64.6302616,64.6302616,64.6302616,64.6302616,64.6302616,64.6302616,64.6302616,64.6302616,64.6302616
QL13,9/1/2024,105.417964,9.592447,39.55659407,39.55659407,39.55659407,39.55659407,39.55659407,39.55659407,39.55659407,39.55659407,39.55659407,39.55659407,39.55659407,39.55659407,39.55659407,39.55659407,39.55659407,39.55659407,39.55659407,39.55659407,39.55659407,39.55659407,39.55659407,39.55659407,39.55659407,39.55659407
QL13,10/1/2024,105.417964,9.592447,47.90073967,47.90073967,47.90073967,47.90073967,47.90073967,47.90073967,47.90073967,47.90073967,47.90073967,47.90073967,47.90073967,47.90073967,47.90073967,47.90073967,47.90073967,47.90073967,47.90073967,47.90073967,47.90073967,47.90073967,47.90073967,47.90073967,47.90073967,47.90073967
QL13,11/1/2024,105.417964,9.592447,51.4856706,51.4856706,51.4856706,51.4856706,51.4856706,51.4856706,51.4856706,51.4856706,51.4856706,51.4856706,51.4856706,51.4856706,51.4856706,51.4856706,51.4856706,51.4856706,51.4856706,51.4856706,51.4856706,51.4856706,51.4856706,51.4856706,51.4856706,51.4856706
QL13,12/1/2024,105.417964,9.592447,68.37496194,68.37496194,68.37496194,68.37496194,68.37496194,68.37496194,68.37496194,68.37496194,68.37496194,68.37496194,68.37496194,68.37496194,68.37496194,68.37496194,68.37496194,68.37496194,68.37496194,68.37496194,68.37496194,68.37496194,68.37496194,68.37496194,68.37496194,68.37496194
QL13,1/1/2025,105.417964,9.592447,34.81777847,34.81777847,34.81777847,34.81777847,34.81777847,34.81777847,34.81777847,34.81777847,34.81777847,34.81777847,34.81777847,34.81777847,34.81777847,34.81777847,34.81777847,34.81777847,34.81777847,34.81777847,34.81777847,34.81777847,34.81777847,34.81777847,34.81777847,34.81777847
QL13,2/1/2025,105.417964,9.592447,70.0070638,70.0070638,70.0070638,70.0070638,70.0070638,70.0070638,70.0070638,70.0070638,70.0070638,70.0070638,70.0070638,70.0070638,70.0070638,70.0070638,70.0070638,70.0070638,70.0070638,70.0070638,70.0070638,70.0070638,70.0070638,70.0070638,70.0070638,70.0070638
QL13,3/1/2025,105.417964,9.592447,64.42101625,64.42101625,64.42101625,64.42101625,64.42101625,64.42101625,64.42101625,64.42101625,64.42101625,64.42101625,64.42101625,64.42101625,64.42101625,64.42101625,64.42101625,64.42101625,64.42101625,64.42101625,64.42101625,64.42101625,64.42101625,64.42101625,64.42101625,64.42101625
QL13,4/1/2025,105.417964,9.592447,48.67875502,48.67875502,48.67875502,48.67875502,48.67875502,48.67875502,48.67875502,48.67875502,48.67875502,48.67875502,48.67875502,48.67875502,48.67875502,48.67875502,48.67875502,48.67875502,48.67875502,48.67875502,48.67875502,48.67875502,48.67875502,48.67875502,48.67875502,48.67875502
QL13,5/1/2025,105.417964,9.592447,35.74230346,35.74230346,35.74230346,35.74230346,35.74230346,35.74230346,35.74230346,35.74230346,35.74230346,35.74230346,35.74230346,35.74230346,35.74230346,35.74230346,35.74230346,35.74230346,35.74230346,35.74230346,35.74230346,35.74230346,35.74230346,35.74230346,35.74230346,35.74230346
QL13,6/1/2025,105.417964,9.592447,46.84571151,46.84571151,46.84571151,46.84571151,46.84571151,46.84571151,46.84571151,46.84571151,46.84571151,46.84571151,46.84571151,46.84571151,46.84571151,46.84571151,46.84571151,46.84571151,46.84571151,46.84571151,46.84571151,46.84571151,46.84571151,46.84571151,46.84571151,46.84571151
QL13,7/1/2025,105.417964,9.592447,36.28609293,36.28609293,36.28609293,36.28609293,36.28609293,36.28609293,36.28609293,36.28609293,36.28609293,36.28609293,36.28609293,36.28609293,36.28609293,36.28609293,36.28609293,36.28609293,36.28609293,36.28609293,36.28609293,36.28609293,36.28609293,36.28609293,36.28609293,36.28609293
QL14,5/1/2023,105.294503,9.636392,43.96409682,43.96409682,43.96409682,43.96409682,43.96409682,43.96409682,43.96409682,43.96409682,43.96409682,43.96409682,43.96409682,43.96409682,43.96409682,43.96409682,43.96409682,43.96409682,43.96409682,43.96409682,43.96409682,43.96409682,43.96409682,43.96409682,43.96409682,43.96409682
QL14,6/1/2023,105.294503,9.636392,43.98385054,43.98385054,43.98385054,43.98385054,43.98385054,43.98385054,43.98385054,43.98385054,43.98385054,43.98385054,43.98385054,43.98385054,43.98385054,43.98385054,43.98385054,43.98385054,43.98385054,43.98385054,43.98385054,43.98385054,43.98385054,43.98385054,43.98385054,43.98385054
QL14,7/1/2023,105.294503,9.636392,35.7594073,35.7594073,35.7594073,35.7594073,35.7594073,35.7594073,35.7594073,35.7594073,35.7594073,35.7594073,35.7594073,35.7594073,35.7594073,35.7594073,35.7594073,35.7594073,35.7594073,35.7594073,35.7594073,35.7594073,35.7594073,35.7594073,35.7594073,35.7594073
QL14,8/1/2023,105.294503,9.636392,35.99917793,35.99917793,35.99917793,35.99917793,35.99917793,35.99917793,35.99917793,35.99917793,35.99917793,35.99917793,35.99917793,35.99917793,35.99917793,35.99917793,35.99917793,35.99917793,35.99917793,35.99917793,35.99917793,35.99917793,35.99917793,35.99917793,35.99917793,35.99917793
QL14,9/1/2023,105.294503,9.636392,34.63742464,34.63742464,34.63742464,34.63742464,34.63742464,34.63742464,34.63742464,34.63742464,34.63742464,34.63742464,34.63742464,34.63742464,34.63742464,34.63742464,34.63742464,34.63742464,34.63742464,34.63742464,34.63742464,34.63742464,34.63742464,34.63742464,34.63742464,34.63742464
QL14,10/1/2023,105.294503,9.636392,35.10354695,35.10354695,35.10354695,35.10354695,35.10354695,35.10354695,35.10354695,35.10354695,35.10354695,35.10354695,35.10354695,35.10354695,35.10354695,35.10354695,35.10354695,35.10354695,35.10354695,35.10354695,35.10354695,35.10354695,35.10354695,35.10354695,35.10354695,35.10354695
QL14,11/1/2023,105.294503,9.636392,3.546181887,3.546181887,3.546181887,3.546181887,3.546181887,3.546181887,3.546181887,3.546181887,3.546181887,3.546181887,3.546181887,3.546181887,3.546181887,3.546181887,3.546181887,3.546181887,3.546181887,3.546181887,3.546181887,3.546181887,3.546181887,3.546181887,3.546181887,3.546181887
QL14,12/1/2023,105.294503,9.636392,37.28067194,37.28067194,37.28067194,37.28067194,37.28067194,37.28067194,37.28067194,37.28067194,37.28067194,37.28067194,37.28067194,37.28067194,37.28067194,37.28067194,37.28067194,37.28067194,37.28067194,37.28067194,37.28067194,37.28067194,37.28067194,37.28067194,37.28067194,37.28067194
QL14,1/1/2024,105.294503,9.636392,43.24591398,43.24591398,43.24591398,43.24591398,43.24591398,43.24591398,43.24591398,43.24591398,43.24591398,43.24591398,43.24591398,43.24591398,43.24591398,43.24591398,43.24591398,43.24591398,43.24591398,43.24591398,43.24591398,43.24591398,43.24591398,43.24591398,43.24591398,43.24591398
QL14,2/1/2024,105.294503,9.636392,43.02558172,43.02558172,43.02558172,43.02558172,43.02558172,43.02558172,43.02558172,43.02558172,43.02558172,43.02558172,43.02558172,43.02558172,43.02558172,43.02558172,43.02558172,43.02558172,43.02558172,43.02558172,43.02558172,43.02558172,43.02558172,43.02558172,43.02558172,43.02558172
QL14,3/1/2024,105.294503,9.636392,34.79285383,34.79285383,34.79285383,34.79285383,34.79285383,34.79285383,34.79285383,34.79285383,34.79285383,34.79285383,34.79285383,34.79285383,34.79285383,34.79285383,34.79285383,34.79285383,34.79285383,34.79285383,34.79285383,34.79285383,34.79285383,34.79285383,34.79285383,34.79285383
QL14,4/1/2024,105.294503,9.636392,35.18642435,35.18642435,35.18642435,35.18642435,35.18642435,35.18642435,35.18642435,35.18642435,35.18642435,35.18642435,35.18642435,35.18642435,35.18642435,35.18642435,35.18642435,35.18642435,35.18642435,35.18642435,35.18642435,35.18642435,35.18642435,35.18642435,35.18642435,35.18642435
QL14,5/1/2024,105.294503,9.636392,35.79543327,35.79543327,35.79543327,35.79543327,35.79543327,35.79543327,35.79543327,35.79543327,35.79543327,35.79543327,35.79543327,35.79543327,35.79543327,35.79543327,35.79543327,35.79543327,35.79543327,35.79543327,35.79543327,35.79543327,35.79543327,35.79543327,35.79543327,35.79543327
QL14,6/1/2024,105.294503,9.636392,35.07710419,35.07710419,35.07710419,35.07710419,35.07710419,35.07710419,35.07710419,35.07710419,35.07710419,35.07710419,35.07710419,35.07710419,35.07710419,35.07710419,35.07710419,35.07710419,35.07710419,35.07710419,35.07710419,35.07710419,35.07710419,35.07710419,35.07710419,35.07710419
QL14,7/1/2024,105.294503,9.636392,35.38755923,35.38755923,35.38755923,35.38755923,35.38755923,35.38755923,35.38755923,35.38755923,35.38755923,35.38755923,35.38755923,35.38755923,35.38755923,35.38755923,35.38755923,35.38755923,35.38755923,35.38755923,35.38755923,35.38755923,35.38755923,35.38755923,35.38755923,35.38755923
QL14,8/1/2024,105.294503,9.636392,43.92607936,43.92607936,43.92607936,43.92607936,43.92607936,43.92607936,43.92607936,43.92607936,43.92607936,43.92607936,43.92607936,43.92607936,43.92607936,43.92607936,43.92607936,43.92607936,43.92607936,43.92607936,43.92607936,43.92607936,43.92607936,43.92607936,43.92607936,43.92607936
QL14,9/1/2024,105.294503,9.636392,33.99740545,33.99740545,33.99740545,33.99740545,33.99740545,33.99740545,33.99740545,33.99740545,33.99740545,33.99740545,33.99740545,33.99740545,33.99740545,33.99740545,33.99740545,33.99740545,33.99740545,33.99740545,33.99740545,33.99740545,33.99740545,33.99740545,33.99740545,33.99740545
QL14,10/1/2024,105.294503,9.636392,43.58666215,43.58666215,43.58666215,43.58666215,43.58666215,43.58666215,43.58666215,43.58666215,43.58666215,43.58666215,43.58666215,43.58666215,43.58666215,43.58666215,43.58666215,43.58666215,43.58666215,43.58666215,43.58666215,43.58666215,43.58666215,43.58666215,43.58666215,43.58666215
QL14,11/1/2024,105.294503,9.636392,64.85723371,64.85723371,64.85723371,64.85723371,64.85723371,64.85723371,64.85723371,64.85723371,64.85723371,64.85723371,64.85723371,64.85723371,64.85723371,64.85723371,64.85723371,64.85723371,64.85723371,64.85723371,64.85723371,64.85723371,64.85723371,64.85723371,64.85723371,64.85723371
QL14,12/1/2024,105.294503,9.636392,63.80130489,63.80130489,63.80130489,63.80130489,63.80130489,63.80130489,63.80130489,63.80130489,63.80130489,63.80130489,63.80130489,63.80130489,63.80130489,63.80130489,63.80130489,63.80130489,63.80130489,63.80130489,63.80130489,63.80130489,63.80130489,63.80130489,63.80130489,63.80130489
QL14,1/1/2025,105.294503,9.636392,65.57801096,65.57801096,65.57801096,65.57801096,65.57801096,65.57801096,65.57801096,65.57801096,65.57801096,65.57801096,65.57801096,65.57801096,65.57801096,65.57801096,65.57801096,65.57801096,65.57801096,65.57801096,65.57801096,65.57801096,65.57801096,65.57801096,65.57801096,65.57801096
QL14,2/1/2025,105.294503,9.636392,34.97677956,34.97677956,34.97677956,34.97677956,34.97677956,34.97677956,34.97677956,34.97677956,34.97677956,34.97677956,34.97677956,34.97677956,34.97677956,34.97677956,34.97677956,34.97677956,34.97677956,34.97677956,34.97677956,34.97677956,34.97677956,34.97677956,34.97677956,34.97677956
QL14,3/1/2025,105.294503,9.636392,56.81879974,56.81879974,56.81879974,56.81879974,56.81879974,56.81879974,56.81879974,56.81879974,56.81879974,56.81879974,56.81879974,56.81879974,56.81879974,56.81879974,56.81879974,56.81879974,56.81879974,56.81879974,56.81879974,56.81879974,56.81879974,56.81879974,56.81879974,56.81879974
QL14,4/1/2025,105.294503,9.636392,34.57571468,34.57571468,34.57571468,34.57571468,34.57571468,34.57571468,34.57571468,34.57571468,34.57571468,34.57571468,34.57571468,34.57571468,34.57571468,34.57571468,34.57571468,34.57571468,34.57571468,34.57571468,34.57571468,34.57571468,34.57571468,34.57571468,34.57571468,34.57571468
QL14,5/1/2025,105.294503,9.636392,63.46492863,63.46492863,63.46492863,63.46492863,63.46492863,63.46492863,63.46492863,63.46492863,63.46492863,63.46492863,63.46492863,63.46492863,63.46492863,63.46492863,63.46492863,63.46492863,63.46492863,63.46492863,63.46492863,63.46492863,63.46492863,63.46492863,63.46492863,63.46492863
QL14,6/1/2025,105.294503,9.636392,51.98531849,51.98531849,51.98531849,51.98531849,51.98531849,51.98531849,51.98531849,51.98531849,51.98531849,51.98531849,51.98531849,51.98531849,51.98531849,51.98531849,51.98531849,51.98531849,51.98531849,51.98531849,51.98531849,51.98531849,51.98531849,51.98531849,51.98531849,51.98531849
QL14,7/1/2025,105.294503,9.636392,62.42816541,62.42816541,62.42816541,62.42816541,62.42816541,62.42816541,62.42816541,62.42816541,62.42816541,62.42816541,62.42816541,62.42816541,62.42816541,62.42816541,62.42816541,62.42816541,62.42816541,62.42816541,62.42816541,62.42816541,62.42816541,62.42816541,62.42816541,62.42816541
QL15,5/1/2023,105.266069,9.405392,35.03090317,35.03090317,35.03090317,35.03090317,35.03090317,35.03090317,35.03090317,35.03090317,35.03090317,35.03090317,35.03090317,35.03090317,35.03090317,35.03090317,35.03090317,35.03090317,35.03090317,35.03090317,35.03090317,35.03090317,35.03090317,35.03090317,35.03090317,35.03090317
QL15,6/1/2023,105.266069,9.405392,35.37754573,35.37754573,35.37754573,35.37754573,35.37754573,35.37754573,35.37754573,35.37754573,35.37754573,35.37754573,35.37754573,35.37754573,35.37754573,35.37754573,35.37754573,35.37754573,35.37754573,35.37754573,35.37754573,35.37754573,35.37754573,35.37754573,35.37754573,35.37754573
QL15,7/1/2023,105.266069,9.405392,36.29425756,36.29425756,36.29425756,36.29425756,36.29425756,36.29425756,36.29425756,36.29425756,36.29425756,36.29425756,36.29425756,36.29425756,36.29425756,36.29425756,36.29425756,36.29425756,36.29425756,36.29425756,36.29425756,36.29425756,36.29425756,36.29425756,36.29425756,36.29425756
QL15,8/1/2023,105.266069,9.405392,36.54686221,36.54686221,36.54686221,36.54686221,36.54686221,36.54686221,36.54686221,36.54686221,36.54686221,36.54686221,36.54686221,36.54686221,36.54686221,36.54686221,36.54686221,36.54686221,36.54686221,36.54686221,36.54686221,36.54686221,36.54686221,36.54686221,36.54686221,36.54686221
QL15,9/1/2023,105.266069,9.405392,42.70528625,42.70528625,42.70528625,42.70528625,42.70528625,42.70528625,42.70528625,42.70528625,42.70528625,42.70528625,42.70528625,42.70528625,42.70528625,42.70528625,42.70528625,42.70528625,42.70528625,42.70528625,42.70528625,42.70528625,42.70528625,42.70528625,42.70528625,42.70528625
QL15,10/1/2023,105.266069,9.405392,36.32008398,36.32008398,36.32008398,36.32008398,36.32008398,36.32008398,36.32008398,36.32008398,36.32008398,36.32008398,36.32008398,36.32008398,36.32008398,36.32008398,36.32008398,36.32008398,36.32008398,36.32008398,36.32008398,36.32008398,36.32008398,36.32008398,36.32008398,36.32008398
QL15,11/1/2023,105.266069,9.405392,35.69066387,35.69066387,35.69066387,35.69066387,35.69066387,35.69066387,35.69066387,35.69066387,35.69066387,35.69066387,35.69066387,35.69066387,35.69066387,35.69066387,35.69066387,35.69066387,35.69066387,35.69066387,35.69066387,35.69066387,35.69066387,35.69066387,35.69066387,35.69066387
QL15,12/1/2023,105.266069,9.405392,34.47815932,34.47815932,34.47815932,34.47815932,34.47815932,34.47815932,34.47815932,34.47815932,34.47815932,34.47815932,34.47815932,34.47815932,34.47815932,34.47815932,34.47815932,34.47815932,34.47815932,34.47815932,34.47815932,34.47815932,34.47815932,34.47815932,34.47815932,34.47815932
QL15,1/1/2024,105.266069,9.405392,35.38312227,35.38312227,35.38312227,35.38312227,35.38312227,35.38312227,35.38312227,35.38312227,35.38312227,35.38312227,35.38312227,35.38312227,35.38312227,35.38312227,35.38312227,35.38312227,35.38312227,35.38312227,35.38312227,35.38312227,35.38312227,35.38312227,35.38312227,35.38312227
QL15,2/1/2024,105.266069,9.405392,35.39495281,35.39495281,35.39495281,35.39495281,35.39495281,35.39495281,35.39495281,35.39495281,35.39495281,35.39495281,35.39495281,35.39495281,35.39495281,35.39495281,35.39495281,35.39495281,35.39495281,35.39495281,35.39495281,35.39495281,35.39495281,35.39495281,35.39495281,35.39495281
QL15,3/1/2024,105.266069,9.405392,35.47330118,35.47330118,35.47330118,35.47330118,35.47330118,35.47330118,35.47330118,35.47330118,35.47330118,35.47330118,35.47330118,35.47330118,35.47330118,35.47330118,35.47330118,35.47330118,35.47330118,35.47330118,35.47330118,35.47330118,35.47330118,35.47330118,35.47330118,35.47330118
QL15,4/1/2024,105.266069,9.405392,44.01677674,44.01677674,44.01677674,44.01677674,44.01677674,44.01677674,44.01677674,44.01677674,44.01677674,44.01677674,44.01677674,44.01677674,44.01677674,44.01677674,44.01677674,44.01677674,44.01677674,44.01677674,44.01677674,44.01677674,44.01677674,44.01677674,44.01677674,44.01677674
QL15,5/1/2024,105.266069,9.405392,52.61181666,52.61181666,52.61181666,52.61181666,52.61181666,52.61181666,52.61181666,52.61181666,52.61181666,52.61181666,52.61181666,52.61181666,52.61181666,52.61181666,52.61181666,52.61181666,52.61181666,52.61181666,52.61181666,52.61181666,52.61181666,52.61181666,52.61181666,52.61181666
QL15,6/1/2024,105.266069,9.405392,35.25864082,35.25864082,35.25864082,35.25864082,35.25864082,35.25864082,35.25864082,35.25864082,35.25864082,35.25864082,35.25864082,35.25864082,35.25864082,35.25864082,35.25864082,35.25864082,35.25864082,35.25864082,35.25864082,35.25864082,35.25864082,35.25864082,35.25864082,35.25864082
QL15,7/1/2024,105.266069,9.405392,50.41353041,50.41353041,50.41353041,50.41353041,50.41353041,50.41353041,50.41353041,50.41353041,50.41353041,50.41353041,50.41353041,50.41353041,50.41353041,50.41353041,50.41353041,50.41353041,50.41353041,50.41353041,50.41353041,50.41353041,50.41353041,50.41353041,50.41353041,50.41353041
QL15,8/1/2024,105.266069,9.405392,43.97260975,43.97260975,43.97260975,43.97260975,43.97260975,43.97260975,43.97260975,43.97260975,43.97260975,43.97260975,43.97260975,43.97260975,43.97260975,43.97260975,43.97260975,43.97260975,43.97260975,43.97260975,43.97260975,43.97260975,43.97260975,43.97260975,43.97260975,43.97260975
QL15,9/1/2024,105.266069,9.405392,35.23340218,35.23340218,35.23340218,35.23340218,35.23340218,35.23340218,35.23340218,35.23340218,35.23340218,35.23340218,35.23340218,35.23340218,35.23340218,35.23340218,35.23340218,35.23340218,35.23340218,35.23340218,35.23340218,35.23340218,35.23340218,35.23340218,35.23340218,35.23340218
QL15,10/1/2024,105.266069,9.405392,43.70448871,43.70448871,43.70448871,43.70448871,43.70448871,43.70448871,43.70448871,43.70448871,43.70448871,43.70448871,43.70448871,43.70448871,43.70448871,43.70448871,43.70448871,43.70448871,43.70448871,43.70448871,43.70448871,43.70448871,43.70448871,43.70448871,43.70448871,43.70448871
QL15,11/1/2024,105.266069,9.405392,34.23685213,34.23685213,34.23685213,34.23685213,34.23685213,34.23685213,34.23685213,34.23685213,34.23685213,34.23685213,34.23685213,34.23685213,34.23685213,34.23685213,34.23685213,34.23685213,34.23685213,34.23685213,34.23685213,34.23685213,34.23685213,34.23685213,34.23685213,34.23685213
QL15,12/1/2024,105.266069,9.405392,34.98451448,34.98451448,34.98451448,34.98451448,34.98451448,34.98451448,34.98451448,34.98451448,34.98451448,34.98451448,34.98451448,34.98451448,34.98451448,34.98451448,34.98451448,34.98451448,34.98451448,34.98451448,34.98451448,34.98451448,34.98451448,34.98451448,34.98451448,34.98451448
QL15,1/1/2025,105.266069,9.405392,34.82045927,34.82045927,34.82045927,34.82045927,34.82045927,34.82045927,34.82045927,34.82045927,34.82045927,34.82045927,34.82045927,34.82045927,34.82045927,34.82045927,34.82045927,34.82045927,34.82045927,34.82045927,34.82045927,34.82045927,34.82045927,34.82045927,34.82045927,34.82045927
QL15,2/1/2025,105.266069,9.405392,35.21170177,35.21170177,35.21170177,35.21170177,35.21170177,35.21170177,35.21170177,35.21170177,35.21170177,35.21170177,35.21170177,35.21170177,35.21170177,35.21170177,35.21170177,35.21170177,35.21170177,35.21170177,35.21170177,35.21170177,35.21170177,35.21170177,35.21170177,35.21170177
QL15,3/1/2025,105.266069,9.405392,50.54794593,50.54794593,50.54794593,50.54794593,50.54794593,50.54794593,50.54794593,50.54794593,50.54794593,50.54794593,50.54794593,50.54794593,50.54794593,50.54794593,50.54794593,50.54794593,50.54794593,50.54794593,50.54794593,50.54794593,50.54794593,50.54794593,50.54794593,50.54794593
QL15,4/1/2025,105.266069,9.405392,35.23768801,35.23768801,35.23768801,35.23768801,35.23768801,35.23768801,35.23768801,35.23768801,35.23768801,35.23768801,35.23768801,35.23768801,35.23768801,35.23768801,35.23768801,35.23768801,35.23768801,35.23768801,35.23768801,35.23768801,35.23768801,35.23768801,35.23768801,35.23768801
QL15,5/1/2025,105.266069,9.405392,53.41519609,53.41519609,53.41519609,53.41519609,53.41519609,53.41519609,53.41519609,53.41519609,53.41519609,53.41519609,53.41519609,53.41519609,53.41519609,53.41519609,53.41519609,53.41519609,53.41519609,53.41519609,53.41519609,53.41519609,53.41519609,53.41519609,53.41519609,53.41519609
QL15,6/1/2025,105.266069,9.405392,34.62258332,34.62258332,34.62258332,34.62258332,34.62258332,34.62258332,34.62258332,34.62258332,34.62258332,34.62258332,34.62258332,34.62258332,34.62258332,34.62258332,34.62258332,34.62258332,34.62258332,34.62258332,34.62258332,34.62258332,34.62258332,34.62258332,34.62258332,34.62258332
QL15,7/1/2025,105.266069,9.405392,48.90131908,48.90131908,48.90131908,48.90131908,48.90131908,48.90131908,48.90131908,48.90131908,48.90131908,48.90131908,48.90131908,48.90131908,48.90131908,48.90131908,48.90131908,48.90131908,48.90131908,48.90131908,48.90131908,48.90131908,48.90131908,48.90131908,48.90131908,48.90131908
QL2,11/1/2021,105.526667,9.26,46.30939728,46.30939728,46.30939728,46.30939728,46.30939728,46.30939728,46.30939728,46.30939728,46.30939728,46.30939728,46.30939728,46.30939728,46.30939728,46.30939728,46.30939728,46.30939728,46.30939728,46.30939728,46.30939728,46.30939728,46.30939728,46.30939728,46.30939728,46.30939728
QL2,12/1/2021,105.526667,9.26,44.96985485,44.96985485,44.96985485,44.96985485,44.96985485,44.96985485,44.96985485,44.96985485,44.96985485,44.96985485,44.96985485,44.96985485,44.96985485,44.96985485,44.96985485,44.96985485,44.96985485,44.96985485,44.96985485,44.96985485,44.96985485,44.96985485,44.96985485,44.96985485
QL2,1/1/2022,105.526667,9.26,62.65844695,62.65844695,62.65844695,62.65844695,62.65844695,62.65844695,62.65844695,62.65844695,62.65844695,62.65844695,62.65844695,62.65844695,62.65844695,62.65844695,62.65844695,62.65844695,62.65844695,62.65844695,62.65844695,62.65844695,62.65844695,62.65844695,62.65844695,62.65844695
QL2,2/1/2022,105.526667,9.26,33.57031193,33.57031193,33.57031193,33.57031193,33.57031193,33.57031193,33.57031193,33.57031193,33.57031193,33.57031193,33.57031193,33.57031193,33.57031193,33.57031193,33.57031193,33.57031193,33.57031193,33.57031193,33.57031193,33.57031193,33.57031193,33.57031193,33.57031193,33.57031193
QL2,3/1/2022,105.526667,9.26,33.24410745,33.24410745,33.24410745,33.24410745,33.24410745,33.24410745,33.24410745,33.24410745,33.24410745,33.24410745,33.24410745,33.24410745,33.24410745,33.24410745,33.24410745,33.24410745,33.24410745,33.24410745,33.24410745,33.24410745,33.24410745,33.24410745,33.24410745,33.24410745
QL2,4/1/2022,105.526667,9.26,34.42285865,34.42285865,34.42285865,34.42285865,34.42285865,34.42285865,34.42285865,34.42285865,34.42285865,34.42285865,34.42285865,34.42285865,34.42285865,34.42285865,34.42285865,34.42285865,34.42285865,34.42285865,34.42285865,34.42285865,34.42285865,34.42285865,34.42285865,34.42285865
QL2,5/1/2022,105.526667,9.26,53.06847765,53.06847765,53.06847765,53.06847765,53.06847765,53.06847765,53.06847765,53.06847765,53.06847765,53.06847765,53.06847765,53.06847765,53.06847765,53.06847765,53.06847765,53.06847765,53.06847765,53.06847765,53.06847765,53.06847765,53.06847765,53.06847765,53.06847765,53.06847765
QL2,6/1/2022,105.526667,9.26,33.98114865,33.98114865,33.98114865,33.98114865,33.98114865,33.98114865,33.98114865,33.98114865,33.98114865,33.98114865,33.98114865,33.98114865,33.98114865,33.98114865,33.98114865,33.98114865,33.98114865,33.98114865,33.98114865,33.98114865,33.98114865,33.98114865,33.98114865,33.98114865
QL2,7/1/2022,105.526667,9.26,36.57689474,36.57689474,36.57689474,36.57689474,36.57689474,36.57689474,36.57689474,36.57689474,36.57689474,36.57689474,36.57689474,36.57689474,36.57689474,36.57689474,36.57689474,36.57689474,36.57689474,36.57689474,36.57689474,36.57689474,36.57689474,36.57689474,36.57689474,36.57689474
QL2,8/1/2022,105.526667,9.26,34.3546555,34.3546555,34.3546555,34.3546555,34.3546555,34.3546555,34.3546555,34.3546555,34.3546555,34.3546555,34.3546555,34.3546555,34.3546555,34.3546555,34.3546555,34.3546555,34.3546555,34.3546555,34.3546555,34.3546555,34.3546555,34.3546555,34.3546555,34.3546555
QL2,9/1/2022,105.526667,9.26,34.36108233,34.36108233,34.36108233,34.36108233,34.36108233,34.36108233,34.36108233,34.36108233,34.36108233,34.36108233,34.36108233,34.36108233,34.36108233,34.36108233,34.36108233,34.36108233,34.36108233,34.36108233,34.36108233,34.36108233,34.36108233,34.36108233,34.36108233,34.36108233
QL2,10/1/2022,105.526667,9.26,34.15899002,34.15899002,34.15899002,34.15899002,34.15899002,34.15899002,34.15899002,34.15899002,34.15899002,34.15899002,34.15899002,34.15899002,34.15899002,34.15899002,34.15899002,34.15899002,34.15899002,34.15899002,34.15899002,34.15899002,34.15899002,34.15899002,34.15899002,34.15899002
QL2,11/1/2022,105.526667,9.26,34.38217856,34.38217856,34.38217856,34.38217856,34.38217856,34.38217856,34.38217856,34.38217856,34.38217856,34.38217856,34.38217856,34.38217856,34.38217856,34.38217856,34.38217856,34.38217856,34.38217856,34.38217856,34.38217856,34.38217856,34.38217856,34.38217856,34.38217856,34.38217856
QL2,12/1/2022,105.526667,9.26,64.27306194,64.27306194,64.27306194,64.27306194,64.27306194,64.27306194,64.27306194,64.27306194,64.27306194,64.27306194,64.27306194,64.27306194,64.27306194,64.27306194,64.27306194,64.27306194,64.27306194,64.27306194,64.27306194,64.27306194,64.27306194,64.27306194,64.27306194,64.27306194
QL2,1/1/2023,105.526667,9.26,34.56302685,34.56302685,34.56302685,34.56302685,34.56302685,34.56302685,34.56302685,34.56302685,34.56302685,34.56302685,34.56302685,34.56302685,34.56302685,34.56302685,34.56302685,34.56302685,34.56302685,34.56302685,34.56302685,34.56302685,34.56302685,34.56302685,34.56302685,34.56302685
QL2,2/1/2023,105.526667,9.26,43.38235086,43.38235086,43.38235086,43.38235086,43.38235086,43.38235086,43.38235086,43.38235086,43.38235086,43.38235086,43.38235086,43.38235086,43.38235086,43.38235086,43.38235086,43.38235086,43.38235086,43.38235086,43.38235086,43.38235086,43.38235086,43.38235086,43.38235086,43.38235086
QL2,3/1/2023,105.526667,9.26,34.62437619,34.62437619,34.62437619,34.62437619,34.62437619,34.62437619,34.62437619,34.62437619,34.62437619,34.62437619,34.62437619,34.62437619,34.62437619,34.62437619,34.62437619,34.62437619,34.62437619,34.62437619,34.62437619,34.62437619,34.62437619,34.62437619,34.62437619,34.62437619
QL2,4/1/2023,105.526667,9.26,42.44532629,42.44532629,42.44532629,42.44532629,42.44532629,42.44532629,42.44532629,42.44532629,42.44532629,42.44532629,42.44532629,42.44532629,42.44532629,42.44532629,42.44532629,42.44532629,42.44532629,42.44532629,42.44532629,42.44532629,42.44532629,42.44532629,42.44532629,42.44532629
QL2,5/1/2023,105.526667,9.26,36.12920795,36.12920795,36.12920795,36.12920795,36.12920795,36.12920795,36.12920795,36.12920795,36.12920795,36.12920795,36.12920795,36.12920795,36.12920795,36.12920795,36.12920795,36.12920795,36.12920795,36.12920795,36.12920795,36.12920795,36.12920795,36.12920795,36.12920795,36.12920795
QL2,6/1/2023,105.526667,9.26,36.57475817,36.57475817,36.57475817,36.57475817,36.57475817,36.57475817,36.57475817,36.57475817,36.57475817,36.57475817,36.57475817,36.57475817,36.57475817,36.57475817,36.57475817,36.57475817,36.57475817,36.57475817,36.57475817,36.57475817,36.57475817,36.57475817,36.57475817,36.57475817
QL2,7/1/2023,105.526667,9.26,35.0961382,35.0961382,35.0961382,35.0961382,35.0961382,35.0961382,35.0961382,35.0961382,35.0961382,35.0961382,35.0961382,35.0961382,35.0961382,35.0961382,35.0961382,35.0961382,35.0961382,35.0961382,35.0961382,35.0961382,35.0961382,35.0961382,35.0961382,35.0961382
QL2,8/1/2023,105.526667,9.26,37.84880299,37.84880299,37.84880299,37.84880299,37.84880299,37.84880299,37.84880299,37.84880299,37.84880299,37.84880299,37.84880299,37.84880299,37.84880299,37.84880299,37.84880299,37.84880299,37.84880299,37.84880299,37.84880299,37.84880299,37.84880299,37.84880299,37.84880299,37.84880299
QL2,9/1/2023,105.526667,9.26,37.24632247,37.24632247,37.24632247,37.24632247,37.24632247,37.24632247,37.24632247,37.24632247,37.24632247,37.24632247,37.24632247,37.24632247,37.24632247,37.24632247,37.24632247,37.24632247,37.24632247,37.24632247,37.24632247,37.24632247,37.24632247,37.24632247,37.24632247,37.24632247
QL2,10/1/2023,105.526667,9.26,37.03012665,37.03012665,37.03012665,37.03012665,37.03012665,37.03012665,37.03012665,37.03012665,37.03012665,37.03012665,37.03012665,37.03012665,37.03012665,37.03012665,37.03012665,37.03012665,37.03012665,37.03012665,37.03012665,37.03012665,37.03012665,37.03012665,37.03012665,37.03012665
QL2,11/1/2023,105.526667,9.26,35.35020748,35.35020748,35.35020748,35.35020748,35.35020748,35.35020748,35.35020748,35.35020748,35.35020748,35.35020748,35.35020748,35.35020748,35.35020748,35.35020748,35.35020748,35.35020748,35.35020748,35.35020748,35.35020748,35.35020748,35.35020748,35.35020748,35.35020748,35.35020748
QL2,12/1/2023,105.526667,9.26,37.26742088,37.26742088,37.26742088,37.26742088,37.26742088,37.26742088,37.26742088,37.26742088,37.26742088,37.26742088,37.26742088,37.26742088,37.26742088,37.26742088,37.26742088,37.26742088,37.26742088,37.26742088,37.26742088,37.26742088,37.26742088,37.26742088,37.26742088,37.26742088
QL2,1/1/2024,105.526667,9.26,35.54834942,35.54834942,35.54834942,35.54834942,35.54834942,35.54834942,35.54834942,35.54834942,35.54834942,35.54834942,35.54834942,35.54834942,35.54834942,35.54834942,35.54834942,35.54834942,35.54834942,35.54834942,35.54834942,35.54834942,35.54834942,35.54834942,35.54834942,35.54834942
QL2,2/1/2024,105.526667,9.26,42.9707231,42.9707231,42.9707231,42.9707231,42.9707231,42.9707231,42.9707231,42.9707231,42.9707231,42.9707231,42.9707231,42.9707231,42.9707231,42.9707231,42.9707231,42.9707231,42.9707231,42.9707231,42.9707231,42.9707231,42.9707231,42.9707231,42.9707231,42.9707231
QL2,3/1/2024,105.526667,9.26,51.61907152,51.61907152,51.61907152,51.61907152,51.61907152,51.61907152,51.61907152,51.61907152,51.61907152,51.61907152,51.61907152,51.61907152,51.61907152,51.61907152,51.61907152,51.61907152,51.61907152,51.61907152,51.61907152,51.61907152,51.61907152,51.61907152,51.61907152,51.61907152
QL2,4/1/2024,105.526667,9.26,35.10148731,35.10148731,35.10148731,35.10148731,35.10148731,35.10148731,35.10148731,35.10148731,35.10148731,35.10148731,35.10148731,35.10148731,35.10148731,35.10148731,35.10148731,35.10148731,35.10148731,35.10148731,35.10148731,35.10148731,35.10148731,35.10148731,35.10148731,35.10148731
QL2,5/1/2024,105.526667,9.26,63.61099457,63.61099457,63.61099457,63.61099457,63.61099457,63.61099457,63.61099457,63.61099457,63.61099457,63.61099457,63.61099457,63.61099457,63.61099457,63.61099457,63.61099457,63.61099457,63.61099457,63.61099457,63.61099457,63.61099457,63.61099457,63.61099457,63.61099457,63.61099457
QL2,6/1/2024,105.526667,9.26,56.53611824,56.53611824,56.53611824,56.53611824,56.53611824,56.53611824,56.53611824,56.53611824,56.53611824,56.53611824,56.53611824,56.53611824,56.53611824,56.53611824,56.53611824,56.53611824,56.53611824,56.53611824,56.53611824,56.53611824,56.53611824,56.53611824,56.53611824,56.53611824
QL2,7/1/2024,105.526667,9.26,51.17669795,51.17669795,51.17669795,51.17669795,51.17669795,51.17669795,51.17669795,51.17669795,51.17669795,51.17669795,51.17669795,51.17669795,51.17669795,51.17669795,51.17669795,51.17669795,51.17669795,51.17669795,51.17669795,51.17669795,51.17669795,51.17669795,51.17669795,51.17669795
QL2,8/1/2024,105.526667,9.26,63.60531485,63.60531485,63.60531485,63.60531485,63.60531485,63.60531485,63.60531485,63.60531485,63.60531485,63.60531485,63.60531485,63.60531485,63.60531485,63.60531485,63.60531485,63.60531485,63.60531485,63.60531485,63.60531485,63.60531485,63.60531485,63.60531485,63.60531485,63.60531485
QL2,9/1/2024,105.526667,9.26,31.88056814,31.88056814,31.88056814,31.88056814,31.88056814,31.88056814,31.88056814,31.88056814,31.88056814,31.88056814,31.88056814,31.88056814,31.88056814,31.88056814,31.88056814,31.88056814,31.88056814,31.88056814,31.88056814,31.88056814,31.88056814,31.88056814,31.88056814,31.88056814
QL2,10/1/2024,105.526667,9.26,52.45356615,52.45356615,52.45356615,52.45356615,52.45356615,52.45356615,52.45356615,52.45356615,52.45356615,52.45356615,52.45356615,52.45356615,52.45356615,52.45356615,52.45356615,52.45356615,52.45356615,52.45356615,52.45356615,52.45356615,52.45356615,52.45356615,52.45356615,52.45356615
QL2,11/1/2024,105.526667,9.26,52.04857298,52.04857298,52.04857298,52.04857298,52.04857298,52.04857298,52.04857298,52.04857298,52.04857298,52.04857298,52.04857298,52.04857298,52.04857298,52.04857298,52.04857298,52.04857298,52.04857298,52.04857298,52.04857298,52.04857298,52.04857298,52.04857298,52.04857298,52.04857298
QL2,12/1/2024,105.526667,9.26,67.49009053,67.49009053,67.49009053,67.49009053,67.49009053,67.49009053,67.49009053,67.49009053,67.49009053,67.49009053,67.49009053,67.49009053,67.49009053,67.49009053,67.49009053,67.49009053,67.49009053,67.49009053,67.49009053,67.49009053,67.49009053,67.49009053,67.49009053,67.49009053
QL2,1/1/2025,105.526667,9.26,36.63362968,36.63362968,36.63362968,36.63362968,36.63362968,36.63362968,36.63362968,36.63362968,36.63362968,36.63362968,36.63362968,36.63362968,36.63362968,36.63362968,36.63362968,36.63362968,36.63362968,36.63362968,36.63362968,36.63362968,36.63362968,36.63362968,36.63362968,36.63362968
QL2,2/1/2025,105.526667,9.26,34.05564028,34.05564028,34.05564028,34.05564028,34.05564028,34.05564028,34.05564028,34.05564028,34.05564028,34.05564028,34.05564028,34.05564028,34.05564028,34.05564028,34.05564028,34.05564028,34.05564028,34.05564028,34.05564028,34.05564028,34.05564028,34.05564028,34.05564028,34.05564028
QL2,3/1/2025,105.526667,9.26,51.08691703,51.08691703,51.08691703,51.08691703,51.08691703,51.08691703,51.08691703,51.08691703,51.08691703,51.08691703,51.08691703,51.08691703,51.08691703,51.08691703,51.08691703,51.08691703,51.08691703,51.08691703,51.08691703,51.08691703,51.08691703,51.08691703,51.08691703,51.08691703
QL2,4/1/2025,105.526667,9.26,49.30835521,49.30835521,49.30835521,49.30835521,49.30835521,49.30835521,49.30835521,49.30835521,49.30835521,49.30835521,49.30835521,49.30835521,49.30835521,49.30835521,49.30835521,49.30835521,49.30835521,49.30835521,49.30835521,49.30835521,49.30835521,49.30835521,49.30835521,49.30835521
QL2,5/1/2025,105.526667,9.26,56.16935041,56.16935041,56.16935041,56.16935041,56.16935041,56.16935041,56.16935041,56.16935041,56.16935041,56.16935041,56.16935041,56.16935041,56.16935041,56.16935041,56.16935041,56.16935041,56.16935041,56.16935041,56.16935041,56.16935041,56.16935041,56.16935041,56.16935041,56.16935041
QL2,6/1/2025,105.526667,9.26,49.54227636,49.54227636,49.54227636,49.54227636,49.54227636,49.54227636,49.54227636,49.54227636,49.54227636,49.54227636,49.54227636,49.54227636,49.54227636,49.54227636,49.54227636,49.54227636,49.54227636,49.54227636,49.54227636,49.54227636,49.54227636,49.54227636,49.54227636,49.54227636
QL2,7/1/2025,105.526667,9.26,34.21044935,34.21044935,34.21044935,34.21044935,34.21044935,34.21044935,34.21044935,34.21044935,34.21044935,34.21044935,34.21044935,34.21044935,34.21044935,34.21044935,34.21044935,34.21044935,34.21044935,34.21044935,34.21044935,34.21044935,34.21044935,34.21044935,34.21044935,34.21044935
QL3,11/1/2021,105.41,9.234722,34.82296373,34.82296373,34.82296373,34.82296373,34.82296373,34.82296373,34.82296373,34.82296373,34.82296373,34.82296373,34.82296373,34.82296373,34.82296373,34.82296373,34.82296373,34.82296373,34.82296373,34.82296373,34.82296373,34.82296373,34.82296373,34.82296373,34.82296373,34.82296373
QL3,12/1/2021,105.41,9.234722,27.77214444,27.77214444,27.77214444,27.77214444,27.77214444,27.77214444,27.77214444,27.77214444,27.77214444,27.77214444,27.77214444,27.77214444,27.77214444,27.77214444,27.77214444,27.77214444,27.77214444,27.77214444,27.77214444,27.77214444,27.77214444,27.77214444,27.77214444,27.77214444
QL3,1/1/2022,105.41,9.234722,41.97654667,41.97654667,41.97654667,41.97654667,41.97654667,41.97654667,41.97654667,41.97654667,41.97654667,41.97654667,41.97654667,41.97654667,41.97654667,41.97654667,41.97654667,41.97654667,41.97654667,41.97654667,41.97654667,41.97654667,41.97654667,41.97654667,41.97654667,41.97654667
QL3,2/1/2022,105.41,9.234722,35.68160973,35.68160973,35.68160973,35.68160973,35.68160973,35.68160973,35.68160973,35.68160973,35.68160973,35.68160973,35.68160973,35.68160973,35.68160973,35.68160973,35.68160973,35.68160973,35.68160973,35.68160973,35.68160973,35.68160973,35.68160973,35.68160973,35.68160973,35.68160973
QL3,3/1/2022,105.41,9.234722,59.0294377,59.0294377,59.0294377,59.0294377,59.0294377,59.0294377,59.0294377,59.0294377,59.0294377,59.0294377,59.0294377,59.0294377,59.0294377,59.0294377,59.0294377,59.0294377,59.0294377,59.0294377,59.0294377,59.0294377,59.0294377,59.0294377,59.0294377,59.0294377
QL3,4/1/2022,105.41,9.234722,37.48101838,37.48101838,37.48101838,37.48101838,37.48101838,37.48101838,37.48101838,37.48101838,37.48101838,37.48101838,37.48101838,37.48101838,37.48101838,37.48101838,37.48101838,37.48101838,37.48101838,37.48101838,37.48101838,37.48101838,37.48101838,37.48101838,37.48101838,37.48101838
QL3,5/1/2022,105.41,9.234722,52.50515626,52.50515626,52.50515626,52.50515626,52.50515626,52.50515626,52.50515626,52.50515626,52.50515626,52.50515626,52.50515626,52.50515626,52.50515626,52.50515626,52.50515626,52.50515626,52.50515626,52.50515626,52.50515626,52.50515626,52.50515626,52.50515626,52.50515626,52.50515626
QL3,6/1/2022,105.41,9.234722,31.36353525,31.36353525,31.36353525,31.36353525,31.36353525,31.36353525,31.36353525,31.36353525,31.36353525,31.36353525,31.36353525,31.36353525,31.36353525,31.36353525,31.36353525,31.36353525,31.36353525,31.36353525,31.36353525,31.36353525,31.36353525,31.36353525,31.36353525,31.36353525
QL3,7/1/2022,105.41,9.234722,34.89619819,34.89619819,34.89619819,34.89619819,34.89619819,34.89619819,34.89619819,34.89619819,34.89619819,34.89619819,34.89619819,34.89619819,34.89619819,34.89619819,34.89619819,34.89619819,34.89619819,34.89619819,34.89619819,34.89619819,34.89619819,34.89619819,34.89619819,34.89619819
QL3,8/1/2022,105.41,9.234722,35.30651696,35.30651696,35.30651696,35.30651696,35.30651696,35.30651696,35.30651696,35.30651696,35.30651696,35.30651696,35.30651696,35.30651696,35.30651696,35.30651696,35.30651696,35.30651696,35.30651696,35.30651696,35.30651696,35.30651696,35.30651696,35.30651696,35.30651696,35.30651696
QL3,9/1/2022,105.41,9.234722,35.36665749,35.36665749,35.36665749,35.36665749,35.36665749,35.36665749,35.36665749,35.36665749,35.36665749,35.36665749,35.36665749,35.36665749,35.36665749,35.36665749,35.36665749,35.36665749,35.36665749,35.36665749,35.36665749,35.36665749,35.36665749,35.36665749,35.36665749,35.36665749
QL3,10/1/2022,105.41,9.234722,35.10401462,35.10401462,35.10401462,35.10401462,35.10401462,35.10401462,35.10401462,35.10401462,35.10401462,35.10401462,35.10401462,35.10401462,35.10401462,35.10401462,35.10401462,35.10401462,35.10401462,35.10401462,35.10401462,35.10401462,35.10401462,35.10401462,35.10401462,35.10401462
QL3,11/1/2022,105.41,9.234722,36.14782748,36.14782748,36.14782748,36.14782748,36.14782748,36.14782748,36.14782748,36.14782748,36.14782748,36.14782748,36.14782748,36.14782748,36.14782748,36.14782748,36.14782748,36.14782748,36.14782748,36.14782748,36.14782748,36.14782748,36.14782748,36.14782748,36.14782748,36.14782748
QL3,12/1/2022,105.41,9.234722,43.09556481,43.09556481,43.09556481,43.09556481,43.09556481,43.09556481,43.09556481,43.09556481,43.09556481,43.09556481,43.09556481,43.09556481,43.09556481,43.09556481,43.09556481,43.09556481,43.09556481,43.09556481,43.09556481,43.09556481,43.09556481,43.09556481,43.09556481,43.09556481
QL3,1/1/2023,105.41,9.234722,34.49387435,34.49387435,34.49387435,34.49387435,34.49387435,34.49387435,34.49387435,34.49387435,34.49387435,34.49387435,34.49387435,34.49387435,34.49387435,34.49387435,34.49387435,34.49387435,34.49387435,34.49387435,34.49387435,34.49387435,34.49387435,34.49387435,34.49387435,34.49387435
QL3,2/1/2023,105.41,9.234722,35.28252314,35.28252314,35.28252314,35.28252314,35.28252314,35.28252314,35.28252314,35.28252314,35.28252314,35.28252314,35.28252314,35.28252314,35.28252314,35.28252314,35.28252314,35.28252314,35.28252314,35.28252314,35.28252314,35.28252314,35.28252314,35.28252314,35.28252314,35.28252314
QL3,3/1/2023,105.41,9.234722,35.49689703,35.49689703,35.49689703,35.49689703,35.49689703,35.49689703,35.49689703,35.49689703,35.49689703,35.49689703,35.49689703,35.49689703,35.49689703,35.49689703,35.49689703,35.49689703,35.49689703,35.49689703,35.49689703,35.49689703,35.49689703,35.49689703,35.49689703,35.49689703
QL3,4/1/2023,105.41,9.234722,35.77116104,35.77116104,35.77116104,35.77116104,35.77116104,35.77116104,35.77116104,35.77116104,35.77116104,35.77116104,35.77116104,35.77116104,35.77116104,35.77116104,35.77116104,35.77116104,35.77116104,35.77116104,35.77116104,35.77116104,35.77116104,35.77116104,35.77116104,35.77116104
QL3,5/1/2023,105.41,9.234722,65.78614078,65.78614078,65.78614078,65.78614078,65.78614078,65.78614078,65.78614078,65.78614078,65.78614078,65.78614078,65.78614078,65.78614078,65.78614078,65.78614078,65.78614078,65.78614078,65.78614078,65.78614078,65.78614078,65.78614078,65.78614078,65.78614078,65.78614078,65.78614078
QL3,6/1/2023,105.41,9.234722,36.60714754,36.60714754,36.60714754,36.60714754,36.60714754,36.60714754,36.60714754,36.60714754,36.60714754,36.60714754,36.60714754,36.60714754,36.60714754,36.60714754,36.60714754,36.60714754,36.60714754,36.60714754,36.60714754,36.60714754,36.60714754,36.60714754,36.60714754,36.60714754
QL3,7/1/2023,105.41,9.234722,35.16239621,35.16239621,35.16239621,35.16239621,35.16239621,35.16239621,35.16239621,35.16239621,35.16239621,35.16239621,35.16239621,35.16239621,35.16239621,35.16239621,35.16239621,35.16239621,35.16239621,35.16239621,35.16239621,35.16239621,35.16239621,35.16239621,35.16239621,35.16239621
QL3,8/1/2023,105.41,9.234722,44.2623263,44.2623263,44.2623263,44.2623263,44.2623263,44.2623263,44.2623263,44.2623263,44.2623263,44.2623263,44.2623263,44.2623263,44.2623263,44.2623263,44.2623263,44.2623263,44.2623263,44.2623263,44.2623263,44.2623263,44.2623263,44.2623263,44.2623263,44.2623263
QL3,9/1/2023,105.41,9.234722,35.53890227,35.53890227,35.53890227,35.53890227,35.53890227,35.53890227,35.53890227,35.53890227,35.53890227,35.53890227,35.53890227,35.53890227,35.53890227,35.53890227,35.53890227,35.53890227,35.53890227,35.53890227,35.53890227,35.53890227,35.53890227,35.53890227,35.53890227,35.53890227
QL3,10/1/2023,105.41,9.234722,37.29960988,37.29960988,37.29960988,37.29960988,37.29960988,37.29960988,37.29960988,37.29960988,37.29960988,37.29960988,37.29960988,37.29960988,37.29960988,37.29960988,37.29960988,37.29960988,37.29960988,37.29960988,37.29960988,37.29960988,37.29960988,37.29960988,37.29960988,37.29960988
QL3,11/1/2023,105.41,9.234722,35.24870588,35.24870588,35.24870588,35.24870588,35.24870588,35.24870588,35.24870588,35.24870588,35.24870588,35.24870588,35.24870588,35.24870588,35.24870588,35.24870588,35.24870588,35.24870588,35.24870588,35.24870588,35.24870588,35.24870588,35.24870588,35.24870588,35.24870588,35.24870588
QL3,12/1/2023,105.41,9.234722,37.24632389,37.24632389,37.24632389,37.24632389,37.24632389,37.24632389,37.24632389,37.24632389,37.24632389,37.24632389,37.24632389,37.24632389,37.24632389,37.24632389,37.24632389,37.24632389,37.24632389,37.24632389,37.24632389,37.24632389,37.24632389,37.24632389,37.24632389,37.24632389
QL3,1/1/2024,105.41,9.234722,35.63065498,35.63065498,35.63065498,35.63065498,35.63065498,35.63065498,35.63065498,35.63065498,35.63065498,35.63065498,35.63065498,35.63065498,35.63065498,35.63065498,35.63065498,35.63065498,35.63065498,35.63065498,35.63065498,35.63065498,35.63065498,35.63065498,35.63065498,35.63065498
QL3,2/1/2024,105.41,9.234722,60.64917027,60.64917027,60.64917027,60.64917027,60.64917027,60.64917027,60.64917027,60.64917027,60.64917027,60.64917027,60.64917027,60.64917027,60.64917027,60.64917027,60.64917027,60.64917027,60.64917027,60.64917027,60.64917027,60.64917027,60.64917027,60.64917027,60.64917027,60.64917027
QL3,3/1/2024,105.41,9.234722,37.7842475,37.7842475,37.7842475,37.7842475,37.7842475,37.7842475,37.7842475,37.7842475,37.7842475,37.7842475,37.7842475,37.7842475,37.7842475,37.7842475,37.7842475,37.7842475,37.7842475,37.7842475,37.7842475,37.7842475,37.7842475,37.7842475,37.7842475,37.7842475
QL3,4/1/2024,105.41,9.234722,58.62667139,58.62667139,58.62667139,58.62667139,58.62667139,58.62667139,58.62667139,58.62667139,58.62667139,58.62667139,58.62667139,58.62667139,58.62667139,58.62667139,58.62667139,58.62667139,58.62667139,58.62667139,58.62667139,58.62667139,58.62667139,58.62667139,58.62667139,58.62667139
QL3,5/1/2024,105.41,9.234722,64.49547253,64.49547253,64.49547253,64.49547253,64.49547253,64.49547253,64.49547253,64.49547253,64.49547253,64.49547253,64.49547253,64.49547253,64.49547253,64.49547253,64.49547253,64.49547253,64.49547253,64.49547253,64.49547253,64.49547253,64.49547253,64.49547253,64.49547253,64.49547253
QL3,6/1/2024,105.41,9.234722,53.75896384,53.75896384,53.75896384,53.75896384,53.75896384,53.75896384,53.75896384,53.75896384,53.75896384,53.75896384,53.75896384,53.75896384,53.75896384,53.75896384,53.75896384,53.75896384,53.75896384,53.75896384,53.75896384,53.75896384,53.75896384,53.75896384,53.75896384,53.75896384
QL3,7/1/2024,105.41,9.234722,51.69587359,51.69587359,51.69587359,51.69587359,51.69587359,51.69587359,51.69587359,51.69587359,51.69587359,51.69587359,51.69587359,51.69587359,51.69587359,51.69587359,51.69587359,51.69587359,51.69587359,51.69587359,51.69587359,51.69587359,51.69587359,51.69587359,51.69587359,51.69587359
QL3,8/1/2024,105.41,9.234722,44.19979686,44.19979686,44.19979686,44.19979686,44.19979686,44.19979686,44.19979686,44.19979686,44.19979686,44.19979686,44.19979686,44.19979686,44.19979686,44.19979686,44.19979686,44.19979686,44.19979686,44.19979686,44.19979686,44.19979686,44.19979686,44.19979686,44.19979686,44.19979686
QL3,9/1/2024,105.41,9.234722,63.46268503,63.46268503,63.46268503,63.46268503,63.46268503,63.46268503,63.46268503,63.46268503,63.46268503,63.46268503,63.46268503,63.46268503,63.46268503,63.46268503,63.46268503,63.46268503,63.46268503,63.46268503,63.46268503,63.46268503,63.46268503,63.46268503,63.46268503,63.46268503
QL3,10/1/2024,105.41,9.234722,35.43369998,35.43369998,35.43369998,35.43369998,35.43369998,35.43369998,35.43369998,35.43369998,35.43369998,35.43369998,35.43369998,35.43369998,35.43369998,35.43369998,35.43369998,35.43369998,35.43369998,35.43369998,35.43369998,35.43369998,35.43369998,35.43369998,35.43369998,35.43369998
QL3,11/1/2024,105.41,9.234722,54.28764831,54.28764831,54.28764831,54.28764831,54.28764831,54.28764831,54.28764831,54.28764831,54.28764831,54.28764831,54.28764831,54.28764831,54.28764831,54.28764831,54.28764831,54.28764831,54.28764831,54.28764831,54.28764831,54.28764831,54.28764831,54.28764831,54.28764831,54.28764831
QL3,12/1/2024,105.41,9.234722,33.92825249,33.92825249,33.92825249,33.92825249,33.92825249,33.92825249,33.92825249,33.92825249,33.92825249,33.92825249,33.92825249,33.92825249,33.92825249,33.92825249,33.92825249,33.92825249,33.92825249,33.92825249,33.92825249,33.92825249,33.92825249,33.92825249,33.92825249,33.92825249
QL3,1/1/2025,105.41,9.234722,50.48038409,50.48038409,50.48038409,50.48038409,50.48038409,50.48038409,50.48038409,50.48038409,50.48038409,50.48038409,50.48038409,50.48038409,50.48038409,50.48038409,50.48038409,50.48038409,50.48038409,50.48038409,50.48038409,50.48038409,50.48038409,50.48038409,50.48038409,50.48038409
QL3,2/1/2025,105.41,9.234722,51.037732,51.037732,51.037732,51.037732,51.037732,51.037732,51.037732,51.037732,51.037732,51.037732,51.037732,51.037732,51.037732,51.037732,51.037732,51.037732,51.037732,51.037732,51.037732,51.037732,51.037732,51.037732,51.037732,51.037732
QL3,3/1/2025,105.41,9.234722,51.44887883,51.44887883,51.44887883,51.44887883,51.44887883,51.44887883,51.44887883,51.44887883,51.44887883,51.44887883,51.44887883,51.44887883,51.44887883,51.44887883,51.44887883,51.44887883,51.44887883,51.44887883,51.44887883,51.44887883,51.44887883,51.44887883,51.44887883,51.44887883
QL3,4/1/2025,105.41,9.234722,63.56138999,63.56138999,63.56138999,63.56138999,63.56138999,63.56138999,63.56138999,63.56138999,63.56138999,63.56138999,63.56138999,63.56138999,63.56138999,63.56138999,63.56138999,63.56138999,63.56138999,63.56138999,63.56138999,63.56138999,63.56138999,63.56138999,63.56138999,63.56138999
QL3,5/1/2025,105.41,9.234722,54.00128139,54.00128139,54.00128139,54.00128139,54.00128139,54.00128139,54.00128139,54.00128139,54.00128139,54.00128139,54.00128139,54.00128139,54.00128139,54.00128139,54.00128139,54.00128139,54.00128139,54.00128139,54.00128139,54.00128139,54.00128139,54.00128139,54.00128139,54.00128139
QL3,6/1/2025,105.41,9.234722,52.16551919,52.16551919,52.16551919,52.16551919,52.16551919,52.16551919,52.16551919,52.16551919,52.16551919,52.16551919,52.16551919,52.16551919,52.16551919,52.16551919,52.16551919,52.16551919,52.16551919,52.16551919,52.16551919,52.16551919,52.16551919,52.16551919,52.16551919,52.16551919
QL3,7/1/2025,105.41,9.234722,42.47256021,42.47256021,42.47256021,42.47256021,42.47256021,42.47256021,42.47256021,42.47256021,42.47256021,42.47256021,42.47256021,42.47256021,42.47256021,42.47256021,42.47256021,42.47256021,42.47256021,42.47256021,42.47256021,42.47256021,42.47256021,42.47256021,42.47256021,42.47256021
QL4,1/1/2022,105.309444,9.192222,52.06995875,52.06995875,52.06995875,52.06995875,52.06995875,52.06995875,52.06995875,52.06995875,52.06995875,52.06995875,52.06995875,52.06995875,52.06995875,52.06995875,52.06995875,52.06995875,52.06995875,52.06995875,52.06995875,52.06995875,52.06995875,52.06995875,52.06995875,52.06995875
QL4,2/1/2022,105.309444,9.192222,41.87645226,41.87645226,41.87645226,41.87645226,41.87645226,41.87645226,41.87645226,41.87645226,41.87645226,41.87645226,41.87645226,41.87645226,41.87645226,41.87645226,41.87645226,41.87645226,41.87645226,41.87645226,41.87645226,41.87645226,41.87645226,41.87645226,41.87645226,41.87645226
QL4,3/1/2022,105.309444,9.192222,31.98084247,31.98084247,31.98084247,31.98084247,31.98084247,31.98084247,31.98084247,31.98084247,31.98084247,31.98084247,31.98084247,31.98084247,31.98084247,31.98084247,31.98084247,31.98084247,31.98084247,31.98084247,31.98084247,31.98084247,31.98084247,31.98084247,31.98084247,31.98084247
QL4,4/1/2022,105.309444,9.192222,26.87883154,26.87883154,26.87883154,26.87883154,26.87883154,26.87883154,26.87883154,26.87883154,26.87883154,26.87883154,26.87883154,26.87883154,26.87883154,26.87883154,26.87883154,26.87883154,26.87883154,26.87883154,26.87883154,26.87883154,26.87883154,26.87883154,26.87883154,26.87883154
QL4,5/1/2022,105.309444,9.192222,42.70068098,42.70068098,42.70068098,42.70068098,42.70068098,42.70068098,42.70068098,42.70068098,42.70068098,42.70068098,42.70068098,42.70068098,42.70068098,42.70068098,42.70068098,42.70068098,42.70068098,42.70068098,42.70068098,42.70068098,42.70068098,42.70068098,42.70068098,42.70068098
QL4,6/1/2022,105.309444,9.192222,29.53767867,29.53767867,29.53767867,29.53767867,29.53767867,29.53767867,29.53767867,29.53767867,29.53767867,29.53767867,29.53767867,29.53767867,29.53767867,29.53767867,29.53767867,29.53767867,29.53767867,29.53767867,29.53767867,29.53767867,29.53767867,29.53767867,29.53767867,29.53767867
QL4,7/1/2022,105.309444,9.192222,35.05650424,35.05650424,35.05650424,35.05650424,35.05650424,35.05650424,35.05650424,35.05650424,35.05650424,35.05650424,35.05650424,35.05650424,35.05650424,35.05650424,35.05650424,35.05650424,35.05650424,35.05650424,35.05650424,35.05650424,35.05650424,35.05650424,35.05650424,35.05650424
QL4,8/1/2022,105.309444,9.192222,35.79809866,35.79809866,35.79809866,35.79809866,35.79809866,35.79809866,35.79809866,35.79809866,35.79809866,35.79809866,35.79809866,35.79809866,35.79809866,35.79809866,35.79809866,35.79809866,35.79809866,35.79809866,35.79809866,35.79809866,35.79809866,35.79809866,35.79809866,35.79809866
QL4,9/1/2022,105.309444,9.192222,36.471028,36.471028,36.471028,36.471028,36.471028,36.471028,36.471028,36.471028,36.471028,36.471028,36.471028,36.471028,36.471028,36.471028,36.471028,36.471028,36.471028,36.471028,36.471028,36.471028,36.471028,36.471028,36.471028,36.471028
QL4,10/1/2022,105.309444,9.192222,36.10725896,36.10725896,36.10725896,36.10725896,36.10725896,36.10725896,36.10725896,36.10725896,36.10725896,36.10725896,36.10725896,36.10725896,36.10725896,36.10725896,36.10725896,36.10725896,36.10725896,36.10725896,36.10725896,36.10725896,36.10725896,36.10725896,36.10725896,36.10725896
QL4,11/1/2022,105.309444,9.192222,43.14276248,43.14276248,43.14276248,43.14276248,43.14276248,43.14276248,43.14276248,43.14276248,43.14276248,43.14276248,43.14276248,43.14276248,43.14276248,43.14276248,43.14276248,43.14276248,43.14276248,43.14276248,43.14276248,43.14276248,43.14276248,43.14276248,43.14276248,43.14276248
QL4,12/1/2022,105.309444,9.192222,35.15462457,35.15462457,35.15462457,35.15462457,35.15462457,35.15462457,35.15462457,35.15462457,35.15462457,35.15462457,35.15462457,35.15462457,35.15462457,35.15462457,35.15462457,35.15462457,35.15462457,35.15462457,35.15462457,35.15462457,35.15462457,35.15462457,35.15462457,35.15462457
QL4,1/1/2023,105.309444,9.192222,36.02983634,36.02983634,36.02983634,36.02983634,36.02983634,36.02983634,36.02983634,36.02983634,36.02983634,36.02983634,36.02983634,36.02983634,36.02983634,36.02983634,36.02983634,36.02983634,36.02983634,36.02983634,36.02983634,36.02983634,36.02983634,36.02983634,36.02983634,36.02983634
QL4,2/1/2023,105.309444,9.192222,64.40761711,64.40761711,64.40761711,64.40761711,64.40761711,64.40761711,64.40761711,64.40761711,64.40761711,64.40761711,64.40761711,64.40761711,64.40761711,64.40761711,64.40761711,64.40761711,64.40761711,64.40761711,64.40761711,64.40761711,64.40761711,64.40761711,64.40761711,64.40761711
QL4,3/1/2023,105.309444,9.192222,36.00568595,36.00568595,36.00568595,36.00568595,36.00568595,36.00568595,36.00568595,36.00568595,36.00568595,36.00568595,36.00568595,36.00568595,36.00568595,36.00568595,36.00568595,36.00568595,36.00568595,36.00568595,36.00568595,36.00568595,36.00568595,36.00568595,36.00568595,36.00568595
QL4,4/1/2023,105.309444,9.192222,34.49403345,34.49403345,34.49403345,34.49403345,34.49403345,34.49403345,34.49403345,34.49403345,34.49403345,34.49403345,34.49403345,34.49403345,34.49403345,34.49403345,34.49403345,34.49403345,34.49403345,34.49403345,34.49403345,34.49403345,34.49403345,34.49403345,34.49403345,34.49403345
QL4,5/1/2023,105.309444,9.192222,37.53225449,37.53225449,37.53225449,37.53225449,37.53225449,37.53225449,37.53225449,37.53225449,37.53225449,37.53225449,37.53225449,37.53225449,37.53225449,37.53225449,37.53225449,37.53225449,37.53225449,37.53225449,37.53225449,37.53225449,37.53225449,37.53225449,37.53225449,37.53225449
QL4,6/1/2023,105.309444,9.192222,43.96578618,43.96578618,43.96578618,43.96578618,43.96578618,43.96578618,43.96578618,43.96578618,43.96578618,43.96578618,43.96578618,43.96578618,43.96578618,43.96578618,43.96578618,43.96578618,43.96578618,43.96578618,43.96578618,43.96578618,43.96578618,43.96578618,43.96578618,43.96578618
QL4,7/1/2023,105.309444,9.192222,43.91040467,43.91040467,43.91040467,43.91040467,43.91040467,43.91040467,43.91040467,43.91040467,43.91040467,43.91040467,43.91040467,43.91040467,43.91040467,43.91040467,43.91040467,43.91040467,43.91040467,43.91040467,43.91040467,43.91040467,43.91040467,43.91040467,43.91040467,43.91040467
QL4,8/1/2023,105.309444,9.192222,37.85564603,37.85564603,37.85564603,37.85564603,37.85564603,37.85564603,37.85564603,37.85564603,37.85564603,37.85564603,37.85564603,37.85564603,37.85564603,37.85564603,37.85564603,37.85564603,37.85564603,37.85564603,37.85564603,37.85564603,37.85564603,37.85564603,37.85564603,37.85564603
QL4,9/1/2023,105.309444,9.192222,35.62856759,35.62856759,35.62856759,35.62856759,35.62856759,35.62856759,35.62856759,35.62856759,35.62856759,35.62856759,35.62856759,35.62856759,35.62856759,35.62856759,35.62856759,35.62856759,35.62856759,35.62856759,35.62856759,35.62856759,35.62856759,35.62856759,35.62856759,35.62856759
QL4,10/1/2023,105.309444,9.192222,35.39510261,35.39510261,35.39510261,35.39510261,35.39510261,35.39510261,35.39510261,35.39510261,35.39510261,35.39510261,35.39510261,35.39510261,35.39510261,35.39510261,35.39510261,35.39510261,35.39510261,35.39510261,35.39510261,35.39510261,35.39510261,35.39510261,35.39510261,35.39510261
QL4,11/1/2023,105.309444,9.192222,35.16182522,35.16182522,35.16182522,35.16182522,35.16182522,35.16182522,35.16182522,35.16182522,35.16182522,35.16182522,35.16182522,35.16182522,35.16182522,35.16182522,35.16182522,35.16182522,35.16182522,35.16182522,35.16182522,35.16182522,35.16182522,35.16182522,35.16182522,35.16182522
QL4,12/1/2023,105.309444,9.192222,35.60730621,35.60730621,35.60730621,35.60730621,35.60730621,35.60730621,35.60730621,35.60730621,35.60730621,35.60730621,35.60730621,35.60730621,35.60730621,35.60730621,35.60730621,35.60730621,35.60730621,35.60730621,35.60730621,35.60730621,35.60730621,35.60730621,35.60730621,35.60730621
QL4,1/1/2024,105.309444,9.192222,43.65480587,43.65480587,43.65480587,43.65480587,43.65480587,43.65480587,43.65480587,43.65480587,43.65480587,43.65480587,43.65480587,43.65480587,43.65480587,43.65480587,43.65480587,43.65480587,43.65480587,43.65480587,43.65480587,43.65480587,43.65480587,43.65480587,43.65480587,43.65480587
QL4,2/1/2024,105.309444,9.192222,44.13211458,44.13211458,44.13211458,44.13211458,44.13211458,44.13211458,44.13211458,44.13211458,44.13211458,44.13211458,44.13211458,44.13211458,44.13211458,44.13211458,44.13211458,44.13211458,44.13211458,44.13211458,44.13211458,44.13211458,44.13211458,44.13211458,44.13211458,44.13211458
QL4,3/1/2024,105.309444,9.192222,52.14250137,52.14250137,52.14250137,52.14250137,52.14250137,52.14250137,52.14250137,52.14250137,52.14250137,52.14250137,52.14250137,52.14250137,52.14250137,52.14250137,52.14250137,52.14250137,52.14250137,52.14250137,52.14250137,52.14250137,52.14250137,52.14250137,52.14250137,52.14250137
QL4,4/1/2024,105.309444,9.192222,35.11113142,35.11113142,35.11113142,35.11113142,35.11113142,35.11113142,35.11113142,35.11113142,35.11113142,35.11113142,35.11113142,35.11113142,35.11113142,35.11113142,35.11113142,35.11113142,35.11113142,35.11113142,35.11113142,35.11113142,35.11113142,35.11113142,35.11113142,35.11113142
QL4,5/1/2024,105.309444,9.192222,65.91756482,65.91756482,65.91756482,65.91756482,65.91756482,65.91756482,65.91756482,65.91756482,65.91756482,65.91756482,65.91756482,65.91756482,65.91756482,65.91756482,65.91756482,65.91756482,65.91756482,65.91756482,65.91756482,65.91756482,65.91756482,65.91756482,65.91756482,65.91756482
QL4,6/1/2024,105.309444,9.192222,61.7135792,61.7135792,61.7135792,61.7135792,61.7135792,61.7135792,61.7135792,61.7135792,61.7135792,61.7135792,61.7135792,61.7135792,61.7135792,61.7135792,61.7135792,61.7135792,61.7135792,61.7135792,61.7135792,61.7135792,61.7135792,61.7135792,61.7135792,61.7135792
QL4,7/1/2024,105.309444,9.192222,53.47831037,53.47831037,53.47831037,53.47831037,53.47831037,53.47831037,53.47831037,53.47831037,53.47831037,53.47831037,53.47831037,53.47831037,53.47831037,53.47831037,53.47831037,53.47831037,53.47831037,53.47831037,53.47831037,53.47831037,53.47831037,53.47831037,53.47831037,53.47831037
QL4,8/1/2024,105.309444,9.192222,54.79325363,54.79325363,54.79325363,54.79325363,54.79325363,54.79325363,54.79325363,54.79325363,54.79325363,54.79325363,54.79325363,54.79325363,54.79325363,54.79325363,54.79325363,54.79325363,54.79325363,54.79325363,54.79325363,54.79325363,54.79325363,54.79325363,54.79325363,54.79325363
QL4,9/1/2024,105.309444,9.192222,34.24966057,34.24966057,34.24966057,34.24966057,34.24966057,34.24966057,34.24966057,34.24966057,34.24966057,34.24966057,34.24966057,34.24966057,34.24966057,34.24966057,34.24966057,34.24966057,34.24966057,34.24966057,34.24966057,34.24966057,34.24966057,34.24966057,34.24966057,34.24966057
QL4,10/1/2024,105.309444,9.192222,64.16381933,64.16381933,64.16381933,64.16381933,64.16381933,64.16381933,64.16381933,64.16381933,64.16381933,64.16381933,64.16381933,64.16381933,64.16381933,64.16381933,64.16381933,64.16381933,64.16381933,64.16381933,64.16381933,64.16381933,64.16381933,64.16381933,64.16381933,64.16381933
QL4,11/1/2024,105.309444,9.192222,69.51126549,69.51126549,69.51126549,69.51126549,69.51126549,69.51126549,69.51126549,69.51126549,69.51126549,69.51126549,69.51126549,69.51126549,69.51126549,69.51126549,69.51126549,69.51126549,69.51126549,69.51126549,69.51126549,69.51126549,69.51126549,69.51126549,69.51126549,69.51126549
QL4,12/1/2024,105.309444,9.192222,49.91102993,49.91102993,49.91102993,49.91102993,49.91102993,49.91102993,49.91102993,49.91102993,49.91102993,49.91102993,49.91102993,49.91102993,49.91102993,49.91102993,49.91102993,49.91102993,49.91102993,49.91102993,49.91102993,49.91102993,49.91102993,49.91102993,49.91102993,49.91102993
QL4,1/1/2025,105.309444,9.192222,36.7495827,36.7495827,36.7495827,36.7495827,36.7495827,36.7495827,36.7495827,36.7495827,36.7495827,36.7495827,36.7495827,36.7495827,36.7495827,36.7495827,36.7495827,36.7495827,36.7495827,36.7495827,36.7495827,36.7495827,36.7495827,36.7495827,36.7495827,36.7495827
QL4,2/1/2025,105.309444,9.192222,50.63620813,50.63620813,50.63620813,50.63620813,50.63620813,50.63620813,50.63620813,50.63620813,50.63620813,50.63620813,50.63620813,50.63620813,50.63620813,50.63620813,50.63620813,50.63620813,50.63620813,50.63620813,50.63620813,50.63620813,50.63620813,50.63620813,50.63620813,50.63620813
QL4,3/1/2025,105.309444,9.192222,57.44656013,57.44656013,57.44656013,57.44656013,57.44656013,57.44656013,57.44656013,57.44656013,57.44656013,57.44656013,57.44656013,57.44656013,57.44656013,57.44656013,57.44656013,57.44656013,57.44656013,57.44656013,57.44656013,57.44656013,57.44656013,57.44656013,57.44656013,57.44656013
QL4,4/1/2025,105.309444,9.192222,44.37294453,44.37294453,44.37294453,44.37294453,44.37294453,44.37294453,44.37294453,44.37294453,44.37294453,44.37294453,44.37294453,44.37294453,44.37294453,44.37294453,44.37294453,44.37294453,44.37294453,44.37294453,44.37294453,44.37294453,44.37294453,44.37294453,44.37294453,44.37294453
QL4,5/1/2025,105.309444,9.192222,51.94557794,51.94557794,51.94557794,51.94557794,51.94557794,51.94557794,51.94557794,51.94557794,51.94557794,51.94557794,51.94557794,51.94557794,51.94557794,51.94557794,51.94557794,51.94557794,51.94557794,51.94557794,51.94557794,51.94557794,51.94557794,51.94557794,51.94557794,51.94557794
QL4,6/1/2025,105.309444,9.192222,64.24771928,64.24771928,64.24771928,64.24771928,64.24771928,64.24771928,64.24771928,64.24771928,64.24771928,64.24771928,64.24771928,64.24771928,64.24771928,64.24771928,64.24771928,64.24771928,64.24771928,64.24771928,64.24771928,64.24771928,64.24771928,64.24771928,64.24771928,64.24771928
QL4,7/1/2025,105.309444,9.192222,51.20145264,51.20145264,51.20145264,51.20145264,51.20145264,51.20145264,51.20145264,51.20145264,51.20145264,51.20145264,51.20145264,51.20145264,51.20145264,51.20145264,51.20145264,51.20145264,51.20145264,51.20145264,51.20145264,51.20145264,51.20145264,51.20145264,51.20145264,51.20145264
QL5,11/1/2021,105.593889,9.564917,29.24543244,29.24543244,29.24543244,29.24543244,29.24543244,29.24543244,29.24543244,29.24543244,29.24543244,29.24543244,29.24543244,29.24543244,29.24543244,29.24543244,29.24543244,29.24543244,29.24543244,29.24543244,29.24543244,29.24543244,29.24543244,29.24543244,29.24543244,29.24543244
QL5,12/1/2021,105.593889,9.564917,52.82167864,52.82167864,52.82167864,52.82167864,52.82167864,52.82167864,52.82167864,52.82167864,52.82167864,52.82167864,52.82167864,52.82167864,52.82167864,52.82167864,52.82167864,52.82167864,52.82167864,52.82167864,52.82167864,52.82167864,52.82167864,52.82167864,52.82167864,52.82167864
QL5,1/1/2022,105.593889,9.564917,49.74830633,49.74830633,49.74830633,49.74830633,49.74830633,49.74830633,49.74830633,49.74830633,49.74830633,49.74830633,49.74830633,49.74830633,49.74830633,49.74830633,49.74830633,49.74830633,49.74830633,49.74830633,49.74830633,49.74830633,49.74830633,49.74830633,49.74830633,49.74830633
QL5,2/1/2022,105.593889,9.564917,50.26065379,50.26065379,50.26065379,50.26065379,50.26065379,50.26065379,50.26065379,50.26065379,50.26065379,50.26065379,50.26065379,50.26065379,50.26065379,50.26065379,50.26065379,50.26065379,50.26065379,50.26065379,50.26065379,50.26065379,50.26065379,50.26065379,50.26065379,50.26065379
QL5,3/1/2022,105.593889,9.564917,50.02134143,50.02134143,50.02134143,50.02134143,50.02134143,50.02134143,50.02134143,50.02134143,50.02134143,50.02134143,50.02134143,50.02134143,50.02134143,50.02134143,50.02134143,50.02134143,50.02134143,50.02134143,50.02134143,50.02134143,50.02134143,50.02134143,50.02134143,50.02134143
QL5,4/1/2022,105.593889,9.564917,23.70883356,23.70883356,23.70883356,23.70883356,23.70883356,23.70883356,23.70883356,23.70883356,23.70883356,23.70883356,23.70883356,23.70883356,23.70883356,23.70883356,23.70883356,23.70883356,23.70883356,23.70883356,23.70883356,23.70883356,23.70883356,23.70883356,23.70883356,23.70883356
QL5,5/1/2022,105.593889,9.564917,32.39543254,32.39543254,32.39543254,32.39543254,32.39543254,32.39543254,32.39543254,32.39543254,32.39543254,32.39543254,32.39543254,32.39543254,32.39543254,32.39543254,32.39543254,32.39543254,32.39543254,32.39543254,32.39543254,32.39543254,32.39543254,32.39543254,32.39543254,32.39543254
QL5,6/1/2022,105.593889,9.564917,64.279858,64.279858,64.279858,64.279858,64.279858,64.279858,64.279858,64.279858,64.279858,64.279858,64.279858,64.279858,64.279858,64.279858,64.279858,64.279858,64.279858,64.279858,64.279858,64.279858,64.279858,64.279858,64.279858,64.279858
QL5,7/1/2022,105.593889,9.564917,36.34287648,36.34287648,36.34287648,36.34287648,36.34287648,36.34287648,36.34287648,36.34287648,36.34287648,36.34287648,36.34287648,36.34287648,36.34287648,36.34287648,36.34287648,36.34287648,36.34287648,36.34287648,36.34287648,36.34287648,36.34287648,36.34287648,36.34287648,36.34287648
QL5,8/1/2022,105.593889,9.564917,34.77891372,34.77891372,34.77891372,34.77891372,34.77891372,34.77891372,34.77891372,34.77891372,34.77891372,34.77891372,34.77891372,34.77891372,34.77891372,34.77891372,34.77891372,34.77891372,34.77891372,34.77891372,34.77891372,34.77891372,34.77891372,34.77891372,34.77891372,34.77891372
QL5,9/1/2022,105.593889,9.564917,51.33075405,51.33075405,51.33075405,51.33075405,51.33075405,51.33075405,51.33075405,51.33075405,51.33075405,51.33075405,51.33075405,51.33075405,51.33075405,51.33075405,51.33075405,51.33075405,51.33075405,51.33075405,51.33075405,51.33075405,51.33075405,51.33075405,51.33075405,51.33075405
QL5,10/1/2022,105.593889,9.564917,34.57193836,34.57193836,34.57193836,34.57193836,34.57193836,34.57193836,34.57193836,34.57193836,34.57193836,34.57193836,34.57193836,34.57193836,34.57193836,34.57193836,34.57193836,34.57193836,34.57193836,34.57193836,34.57193836,34.57193836,34.57193836,34.57193836,34.57193836,34.57193836
QL5,11/1/2022,105.593889,9.564917,34.84346481,34.84346481,34.84346481,34.84346481,34.84346481,34.84346481,34.84346481,34.84346481,34.84346481,34.84346481,34.84346481,34.84346481,34.84346481,34.84346481,34.84346481,34.84346481,34.84346481,34.84346481,34.84346481,34.84346481,34.84346481,34.84346481,34.84346481,34.84346481
QL5,12/1/2022,105.593889,9.564917,43.29648961,43.29648961,43.29648961,43.29648961,43.29648961,43.29648961,43.29648961,43.29648961,43.29648961,43.29648961,43.29648961,43.29648961,43.29648961,43.29648961,43.29648961,43.29648961,43.29648961,43.29648961,43.29648961,43.29648961,43.29648961,43.29648961,43.29648961,43.29648961
QL5,1/1/2023,105.593889,9.564917,35.09258435,35.09258435,35.09258435,35.09258435,35.09258435,35.09258435,35.09258435,35.09258435,35.09258435,35.09258435,35.09258435,35.09258435,35.09258435,35.09258435,35.09258435,35.09258435,35.09258435,35.09258435,35.09258435,35.09258435,35.09258435,35.09258435,35.09258435,35.09258435
QL5,2/1/2023,105.593889,9.564917,52.39977619,52.39977619,52.39977619,52.39977619,52.39977619,52.39977619,52.39977619,52.39977619,52.39977619,52.39977619,52.39977619,52.39977619,52.39977619,52.39977619,52.39977619,52.39977619,52.39977619,52.39977619,52.39977619,52.39977619,52.39977619,52.39977619,52.39977619,52.39977619
QL5,3/1/2023,105.593889,9.564917,37.07182803,37.07182803,37.07182803,37.07182803,37.07182803,37.07182803,37.07182803,37.07182803,37.07182803,37.07182803,37.07182803,37.07182803,37.07182803,37.07182803,37.07182803,37.07182803,37.07182803,37.07182803,37.07182803,37.07182803,37.07182803,37.07182803,37.07182803,37.07182803
QL5,4/1/2023,105.593889,9.564917,35.74493241,35.74493241,35.74493241,35.74493241,35.74493241,35.74493241,35.74493241,35.74493241,35.74493241,35.74493241,35.74493241,35.74493241,35.74493241,35.74493241,35.74493241,35.74493241,35.74493241,35.74493241,35.74493241,35.74493241,35.74493241,35.74493241,35.74493241,35.74493241
QL5,5/1/2023,105.593889,9.564917,35.70371699,35.70371699,35.70371699,35.70371699,35.70371699,35.70371699,35.70371699,35.70371699,35.70371699,35.70371699,35.70371699,35.70371699,35.70371699,35.70371699,35.70371699,35.70371699,35.70371699,35.70371699,35.70371699,35.70371699,35.70371699,35.70371699,35.70371699,35.70371699
QL5,6/1/2023,105.593889,9.564917,43.83313026,43.83313026,43.83313026,43.83313026,43.83313026,43.83313026,43.83313026,43.83313026,43.83313026,43.83313026,43.83313026,43.83313026,43.83313026,43.83313026,43.83313026,43.83313026,43.83313026,43.83313026,43.83313026,43.83313026,43.83313026,43.83313026,43.83313026,43.83313026
QL5,7/1/2023,105.593889,9.564917,35.0711152,35.0711152,35.0711152,35.0711152,35.0711152,35.0711152,35.0711152,35.0711152,35.0711152,35.0711152,35.0711152,35.0711152,35.0711152,35.0711152,35.0711152,35.0711152,35.0711152,35.0711152,35.0711152,35.0711152,35.0711152,35.0711152,35.0711152,35.0711152
QL5,8/1/2023,105.593889,9.564917,37.70629192,37.70629192,37.70629192,37.70629192,37.70629192,37.70629192,37.70629192,37.70629192,37.70629192,37.70629192,37.70629192,37.70629192,37.70629192,37.70629192,37.70629192,37.70629192,37.70629192,37.70629192,37.70629192,37.70629192,37.70629192,37.70629192,37.70629192,37.70629192
QL5,9/1/2023,105.593889,9.564917,13.05000265,13.05000265,13.05000265,13.05000265,13.05000265,13.05000265,13.05000265,13.05000265,13.05000265,13.05000265,13.05000265,13.05000265,13.05000265,13.05000265,13.05000265,13.05000265,13.05000265,13.05000265,13.05000265,13.05000265,13.05000265,13.05000265,13.05000265,13.05000265
QL5,10/1/2023,105.593889,9.564917,43.93678973,43.93678973,43.93678973,43.93678973,43.93678973,43.93678973,43.93678973,43.93678973,43.93678973,43.93678973,43.93678973,43.93678973,43.93678973,43.93678973,43.93678973,43.93678973,43.93678973,43.93678973,43.93678973,43.93678973,43.93678973,43.93678973,43.93678973,43.93678973
QL5,11/1/2023,105.593889,9.564917,37.58681099,37.58681099,37.58681099,37.58681099,37.58681099,37.58681099,37.58681099,37.58681099,37.58681099,37.58681099,37.58681099,37.58681099,37.58681099,37.58681099,37.58681099,37.58681099,37.58681099,37.58681099,37.58681099,37.58681099,37.58681099,37.58681099,37.58681099,37.58681099
QL5,12/1/2023,105.593889,9.564917,43.88930535,43.88930535,43.88930535,43.88930535,43.88930535,43.88930535,43.88930535,43.88930535,43.88930535,43.88930535,43.88930535,43.88930535,43.88930535,43.88930535,43.88930535,43.88930535,43.88930535,43.88930535,43.88930535,43.88930535,43.88930535,43.88930535,43.88930535,43.88930535
QL5,1/1/2024,105.593889,9.564917,36.81101952,36.81101952,36.81101952,36.81101952,36.81101952,36.81101952,36.81101952,36.81101952,36.81101952,36.81101952,36.81101952,36.81101952,36.81101952,36.81101952,36.81101952,36.81101952,36.81101952,36.81101952,36.81101952,36.81101952,36.81101952,36.81101952,36.81101952,36.81101952
QL5,2/1/2024,105.593889,9.564917,49.30216468,49.30216468,49.30216468,49.30216468,49.30216468,49.30216468,49.30216468,49.30216468,49.30216468,49.30216468,49.30216468,49.30216468,49.30216468,49.30216468,49.30216468,49.30216468,49.30216468,49.30216468,49.30216468,49.30216468,49.30216468,49.30216468,49.30216468,49.30216468
QL5,3/1/2024,105.593889,9.564917,32.11012567,32.11012567,32.11012567,32.11012567,32.11012567,32.11012567,32.11012567,32.11012567,32.11012567,32.11012567,32.11012567,32.11012567,32.11012567,32.11012567,32.11012567,32.11012567,32.11012567,32.11012567,32.11012567,32.11012567,32.11012567,32.11012567,32.11012567,32.11012567
QL5,4/1/2024,105.593889,9.564917,33.11924445,33.11924445,33.11924445,33.11924445,33.11924445,33.11924445,33.11924445,33.11924445,33.11924445,33.11924445,33.11924445,33.11924445,33.11924445,33.11924445,33.11924445,33.11924445,33.11924445,33.11924445,33.11924445,33.11924445,33.11924445,33.11924445,33.11924445,33.11924445
QL5,5/1/2024,105.593889,9.564917,51.14899137,51.14899137,51.14899137,51.14899137,51.14899137,51.14899137,51.14899137,51.14899137,51.14899137,51.14899137,51.14899137,51.14899137,51.14899137,51.14899137,51.14899137,51.14899137,51.14899137,51.14899137,51.14899137,51.14899137,51.14899137,51.14899137,51.14899137,51.14899137
QL5,6/1/2024,105.593889,9.564917,66.08145795,66.08145795,66.08145795,66.08145795,66.08145795,66.08145795,66.08145795,66.08145795,66.08145795,66.08145795,66.08145795,66.08145795,66.08145795,66.08145795,66.08145795,66.08145795,66.08145795,66.08145795,66.08145795,66.08145795,66.08145795,66.08145795,66.08145795,66.08145795
QL5,7/1/2024,105.593889,9.564917,48.9991728,48.9991728,48.9991728,48.9991728,48.9991728,48.9991728,48.9991728,48.9991728,48.9991728,48.9991728,48.9991728,48.9991728,48.9991728,48.9991728,48.9991728,48.9991728,48.9991728,48.9991728,48.9991728,48.9991728,48.9991728,48.9991728,48.9991728,48.9991728
QL5,8/1/2024,105.593889,9.564917,49.37906476,49.37906476,49.37906476,49.37906476,49.37906476,49.37906476,49.37906476,49.37906476,49.37906476,49.37906476,49.37906476,49.37906476,49.37906476,49.37906476,49.37906476,49.37906476,49.37906476,49.37906476,49.37906476,49.37906476,49.37906476,49.37906476,49.37906476,49.37906476
QL5,9/1/2024,105.593889,9.564917,54.27558556,54.27558556,54.27558556,54.27558556,54.27558556,54.27558556,54.27558556,54.27558556,54.27558556,54.27558556,54.27558556,54.27558556,54.27558556,54.27558556,54.27558556,54.27558556,54.27558556,54.27558556,54.27558556,54.27558556,54.27558556,54.27558556,54.27558556,54.27558556
QL5,10/1/2024,105.593889,9.564917,62.69736153,62.69736153,62.69736153,62.69736153,62.69736153,62.69736153,62.69736153,62.69736153,62.69736153,62.69736153,62.69736153,62.69736153,62.69736153,62.69736153,62.69736153,62.69736153,62.69736153,62.69736153,62.69736153,62.69736153,62.69736153,62.69736153,62.69736153,62.69736153
QL5,11/1/2024,105.593889,9.564917,50.79389045,50.79389045,50.79389045,50.79389045,50.79389045,50.79389045,50.79389045,50.79389045,50.79389045,50.79389045,50.79389045,50.79389045,50.79389045,50.79389045,50.79389045,50.79389045,50.79389045,50.79389045,50.79389045,50.79389045,50.79389045,50.79389045,50.79389045,50.79389045
QL5,12/1/2024,105.593889,9.564917,33.35281076,33.35281076,33.35281076,33.35281076,33.35281076,33.35281076,33.35281076,33.35281076,33.35281076,33.35281076,33.35281076,33.35281076,33.35281076,33.35281076,33.35281076,33.35281076,33.35281076,33.35281076,33.35281076,33.35281076,33.35281076,33.35281076,33.35281076,33.35281076
QL5,1/1/2025,105.593889,9.564917,63.57268749,63.57268749,63.57268749,63.57268749,63.57268749,63.57268749,63.57268749,63.57268749,63.57268749,63.57268749,63.57268749,63.57268749,63.57268749,63.57268749,63.57268749,63.57268749,63.57268749,63.57268749,63.57268749,63.57268749,63.57268749,63.57268749,63.57268749,63.57268749
QL5,2/1/2025,105.593889,9.564917,54.65436619,54.65436619,54.65436619,54.65436619,54.65436619,54.65436619,54.65436619,54.65436619,54.65436619,54.65436619,54.65436619,54.65436619,54.65436619,54.65436619,54.65436619,54.65436619,54.65436619,54.65436619,54.65436619,54.65436619,54.65436619,54.65436619,54.65436619,54.65436619
QL5,3/1/2025,105.593889,9.564917,63.05004918,63.05004918,63.05004918,63.05004918,63.05004918,63.05004918,63.05004918,63.05004918,63.05004918,63.05004918,63.05004918,63.05004918,63.05004918,63.05004918,63.05004918,63.05004918,63.05004918,63.05004918,63.05004918,63.05004918,63.05004918,63.05004918,63.05004918,63.05004918
QL5,4/1/2025,105.593889,9.564917,51.28293521,51.28293521,51.28293521,51.28293521,51.28293521,51.28293521,51.28293521,51.28293521,51.28293521,51.28293521,51.28293521,51.28293521,51.28293521,51.28293521,51.28293521,51.28293521,51.28293521,51.28293521,51.28293521,51.28293521,51.28293521,51.28293521,51.28293521,51.28293521
QL5,5/1/2025,105.593889,9.564917,48.81965608,48.81965608,48.81965608,48.81965608,48.81965608,48.81965608,48.81965608,48.81965608,48.81965608,48.81965608,48.81965608,48.81965608,48.81965608,48.81965608,48.81965608,48.81965608,48.81965608,48.81965608,48.81965608,48.81965608,48.81965608,48.81965608,48.81965608,48.81965608
QL5,6/1/2025,105.593889,9.564917,52.22492553,52.22492553,52.22492553,52.22492553,52.22492553,52.22492553,52.22492553,52.22492553,52.22492553,52.22492553,52.22492553,52.22492553,52.22492553,52.22492553,52.22492553,52.22492553,52.22492553,52.22492553,52.22492553,52.22492553,52.22492553,52.22492553,52.22492553,52.22492553
QL5,7/1/2025,105.593889,9.564917,19.85961401,19.85961401,19.85961401,19.85961401,19.85961401,19.85961401,19.85961401,19.85961401,19.85961401,19.85961401,19.85961401,19.85961401,19.85961401,19.85961401,19.85961401,19.85961401,19.85961401,19.85961401,19.85961401,19.85961401,19.85961401,19.85961401,19.85961401,19.85961401
QL6,11/1/2021,105.458611,9.438056,42.83369278,42.83369278,42.83369278,42.83369278,42.83369278,42.83369278,42.83369278,42.83369278,42.83369278,42.83369278,42.83369278,42.83369278,42.83369278,42.83369278,42.83369278,42.83369278,42.83369278,42.83369278,42.83369278,42.83369278,42.83369278,42.83369278,42.83369278,42.83369278
QL6,12/1/2021,105.458611,9.438056,23.74235746,23.74235746,23.74235746,23.74235746,23.74235746,23.74235746,23.74235746,23.74235746,23.74235746,23.74235746,23.74235746,23.74235746,23.74235746,23.74235746,23.74235746,23.74235746,23.74235746,23.74235746,23.74235746,23.74235746,23.74235746,23.74235746,23.74235746,23.74235746
QL6,1/1/2022,105.458611,9.438056,44.23154989,44.23154989,44.23154989,44.23154989,44.23154989,44.23154989,44.23154989,44.23154989,44.23154989,44.23154989,44.23154989,44.23154989,44.23154989,44.23154989,44.23154989,44.23154989,44.23154989,44.23154989,44.23154989,44.23154989,44.23154989,44.23154989,44.23154989,44.23154989
QL6,2/1/2022,105.458611,9.438056,30.80385068,30.80385068,30.80385068,30.80385068,30.80385068,30.80385068,30.80385068,30.80385068,30.80385068,30.80385068,30.80385068,30.80385068,30.80385068,30.80385068,30.80385068,30.80385068,30.80385068,30.80385068,30.80385068,30.80385068,30.80385068,30.80385068,30.80385068,30.80385068
QL6,3/1/2022,105.458611,9.438056,29.34638492,29.34638492,29.34638492,29.34638492,29.34638492,29.34638492,29.34638492,29.34638492,29.34638492,29.34638492,29.34638492,29.34638492,29.34638492,29.34638492,29.34638492,29.34638492,29.34638492,29.34638492,29.34638492,29.34638492,29.34638492,29.34638492,29.34638492,29.34638492
QL6,4/1/2022,105.458611,9.438056,66.5969145,66.5969145,66.5969145,66.5969145,66.5969145,66.5969145,66.5969145,66.5969145,66.5969145,66.5969145,66.5969145,66.5969145,66.5969145,66.5969145,66.5969145,66.5969145,66.5969145,66.5969145,66.5969145,66.5969145,66.5969145,66.5969145,66.5969145,66.5969145
QL6,5/1/2022,105.458611,9.438056,34.50607661,34.50607661,34.50607661,34.50607661,34.50607661,34.50607661,34.50607661,34.50607661,34.50607661,34.50607661,34.50607661,34.50607661,34.50607661,34.50607661,34.50607661,34.50607661,34.50607661,34.50607661,34.50607661,34.50607661,34.50607661,34.50607661,34.50607661,34.50607661
QL6,6/1/2022,105.458611,9.438056,25.89859951,25.89859951,25.89859951,25.89859951,25.89859951,25.89859951,25.89859951,25.89859951,25.89859951,25.89859951,25.89859951,25.89859951,25.89859951,25.89859951,25.89859951,25.89859951,25.89859951,25.89859951,25.89859951,25.89859951,25.89859951,25.89859951,25.89859951,25.89859951
QL6,7/1/2022,105.458611,9.438056,52.10953934,52.10953934,52.10953934,52.10953934,52.10953934,52.10953934,52.10953934,52.10953934,52.10953934,52.10953934,52.10953934,52.10953934,52.10953934,52.10953934,52.10953934,52.10953934,52.10953934,52.10953934,52.10953934,52.10953934,52.10953934,52.10953934,52.10953934,52.10953934
QL6,8/1/2022,105.458611,9.438056,34.11959787,34.11959787,34.11959787,34.11959787,34.11959787,34.11959787,34.11959787,34.11959787,34.11959787,34.11959787,34.11959787,34.11959787,34.11959787,34.11959787,34.11959787,34.11959787,34.11959787,34.11959787,34.11959787,34.11959787,34.11959787,34.11959787,34.11959787,34.11959787
QL6,9/1/2022,105.458611,9.438056,34.73073579,34.73073579,34.73073579,34.73073579,34.73073579,34.73073579,34.73073579,34.73073579,34.73073579,34.73073579,34.73073579,34.73073579,34.73073579,34.73073579,34.73073579,34.73073579,34.73073579,34.73073579,34.73073579,34.73073579,34.73073579,34.73073579,34.73073579,34.73073579
QL6,10/1/2022,105.458611,9.438056,34.33271861,34.33271861,34.33271861,34.33271861,34.33271861,34.33271861,34.33271861,34.33271861,34.33271861,34.33271861,34.33271861,34.33271861,34.33271861,34.33271861,34.33271861,34.33271861,34.33271861,34.33271861,34.33271861,34.33271861,34.33271861,34.33271861,34.33271861,34.33271861
QL6,11/1/2022,105.458611,9.438056,34.37663366,34.37663366,34.37663366,34.37663366,34.37663366,34.37663366,34.37663366,34.37663366,34.37663366,34.37663366,34.37663366,34.37663366,34.37663366,34.37663366,34.37663366,34.37663366,34.37663366,34.37663366,34.37663366,34.37663366,34.37663366,34.37663366,34.37663366,34.37663366
QL6,12/1/2022,105.458611,9.438056,35.51535804,35.51535804,35.51535804,35.51535804,35.51535804,35.51535804,35.51535804,35.51535804,35.51535804,35.51535804,35.51535804,35.51535804,35.51535804,35.51535804,35.51535804,35.51535804,35.51535804,35.51535804,35.51535804,35.51535804,35.51535804,35.51535804,35.51535804,35.51535804
QL6,1/1/2023,105.458611,9.438056,35.04634829,35.04634829,35.04634829,35.04634829,35.04634829,35.04634829,35.04634829,35.04634829,35.04634829,35.04634829,35.04634829,35.04634829,35.04634829,35.04634829,35.04634829,35.04634829,35.04634829,35.04634829,35.04634829,35.04634829,35.04634829,35.04634829,35.04634829,35.04634829
QL6,2/1/2023,105.458611,9.438056,53.39563149,53.39563149,53.39563149,53.39563149,53.39563149,53.39563149,53.39563149,53.39563149,53.39563149,53.39563149,53.39563149,53.39563149,53.39563149,53.39563149,53.39563149,53.39563149,53.39563149,53.39563149,53.39563149,53.39563149,53.39563149,53.39563149,53.39563149,53.39563149
QL6,3/1/2023,105.458611,9.438056,33.83897607,33.83897607,33.83897607,33.83897607,33.83897607,33.83897607,33.83897607,33.83897607,33.83897607,33.83897607,33.83897607,33.83897607,33.83897607,33.83897607,33.83897607,33.83897607,33.83897607,33.83897607,33.83897607,33.83897607,33.83897607,33.83897607,33.83897607,33.83897607
QL6,4/1/2023,105.458611,9.438056,34.13192084,34.13192084,34.13192084,34.13192084,34.13192084,34.13192084,34.13192084,34.13192084,34.13192084,34.13192084,34.13192084,34.13192084,34.13192084,34.13192084,34.13192084,34.13192084,34.13192084,34.13192084,34.13192084,34.13192084,34.13192084,34.13192084,34.13192084,34.13192084
QL6,5/1/2023,105.458611,9.438056,34.0552297,34.0552297,34.0552297,34.0552297,34.0552297,34.0552297,34.0552297,34.0552297,34.0552297,34.0552297,34.0552297,34.0552297,34.0552297,34.0552297,34.0552297,34.0552297,34.0552297,34.0552297,34.0552297,34.0552297,34.0552297,34.0552297,34.0552297,34.0552297
QL6,6/1/2023,105.458611,9.438056,36.29426983,36.29426983,36.29426983,36.29426983,36.29426983,36.29426983,36.29426983,36.29426983,36.29426983,36.29426983,36.29426983,36.29426983,36.29426983,36.29426983,36.29426983,36.29426983,36.29426983,36.29426983,36.29426983,36.29426983,36.29426983,36.29426983,36.29426983,36.29426983
QL6,7/1/2023,105.458611,9.438056,36.51195324,36.51195324,36.51195324,36.51195324,36.51195324,36.51195324,36.51195324,36.51195324,36.51195324,36.51195324,36.51195324,36.51195324,36.51195324,36.51195324,36.51195324,36.51195324,36.51195324,36.51195324,36.51195324,36.51195324,36.51195324,36.51195324,36.51195324,36.51195324
QL6,8/1/2023,105.458611,9.438056,37.5132745,37.5132745,37.5132745,37.5132745,37.5132745,37.5132745,37.5132745,37.5132745,37.5132745,37.5132745,37.5132745,37.5132745,37.5132745,37.5132745,37.5132745,37.5132745,37.5132745,37.5132745,37.5132745,37.5132745,37.5132745,37.5132745,37.5132745,37.5132745
QL6,9/1/2023,105.458611,9.438056,37.67028283,37.67028283,37.67028283,37.67028283,37.67028283,37.67028283,37.67028283,37.67028283,37.67028283,37.67028283,37.67028283,37.67028283,37.67028283,37.67028283,37.67028283,37.67028283,37.67028283,37.67028283,37.67028283,37.67028283,37.67028283,37.67028283,37.67028283,37.67028283
QL6,10/1/2023,105.458611,9.438056,54.42500064,54.42500064,54.42500064,54.42500064,54.42500064,54.42500064,54.42500064,54.42500064,54.42500064,54.42500064,54.42500064,54.42500064,54.42500064,54.42500064,54.42500064,54.42500064,54.42500064,54.42500064,54.42500064,54.42500064,54.42500064,54.42500064,54.42500064,54.42500064
QL6,11/1/2023,105.458611,9.438056,35.77102983,35.77102983,35.77102983,35.77102983,35.77102983,35.77102983,35.77102983,35.77102983,35.77102983,35.77102983,35.77102983,35.77102983,35.77102983,35.77102983,35.77102983,35.77102983,35.77102983,35.77102983,35.77102983,35.77102983,35.77102983,35.77102983,35.77102983,35.77102983
QL6,12/1/2023,105.458611,9.438056,53.18546486,53.18546486,53.18546486,53.18546486,53.18546486,53.18546486,53.18546486,53.18546486,53.18546486,53.18546486,53.18546486,53.18546486,53.18546486,53.18546486,53.18546486,53.18546486,53.18546486,53.18546486,53.18546486,53.18546486,53.18546486,53.18546486,53.18546486,53.18546486
QL6,1/1/2024,105.458611,9.438056,35.66558825,35.66558825,35.66558825,35.66558825,35.66558825,35.66558825,35.66558825,35.66558825,35.66558825,35.66558825,35.66558825,35.66558825,35.66558825,35.66558825,35.66558825,35.66558825,35.66558825,35.66558825,35.66558825,35.66558825,35.66558825,35.66558825,35.66558825,35.66558825
QL6,2/1/2024,105.458611,9.438056,38.15676171,38.15676171,38.15676171,38.15676171,38.15676171,38.15676171,38.15676171,38.15676171,38.15676171,38.15676171,38.15676171,38.15676171,38.15676171,38.15676171,38.15676171,38.15676171,38.15676171,38.15676171,38.15676171,38.15676171,38.15676171,38.15676171,38.15676171,38.15676171
QL6,3/1/2024,105.458611,9.438056,37.3222957,37.3222957,37.3222957,37.3222957,37.3222957,37.3222957,37.3222957,37.3222957,37.3222957,37.3222957,37.3222957,37.3222957,37.3222957,37.3222957,37.3222957,37.3222957,37.3222957,37.3222957,37.3222957,37.3222957,37.3222957,37.3222957,37.3222957,37.3222957
QL6,4/1/2024,105.458611,9.438056,34.94721591,34.94721591,34.94721591,34.94721591,34.94721591,34.94721591,34.94721591,34.94721591,34.94721591,34.94721591,34.94721591,34.94721591,34.94721591,34.94721591,34.94721591,34.94721591,34.94721591,34.94721591,34.94721591,34.94721591,34.94721591,34.94721591,34.94721591,34.94721591
QL6,5/1/2024,105.458611,9.438056,35.58238183,35.58238183,35.58238183,35.58238183,35.58238183,35.58238183,35.58238183,35.58238183,35.58238183,35.58238183,35.58238183,35.58238183,35.58238183,35.58238183,35.58238183,35.58238183,35.58238183,35.58238183,35.58238183,35.58238183,35.58238183,35.58238183,35.58238183,35.58238183
QL6,6/1/2024,105.458611,9.438056,58.44672514,58.44672514,58.44672514,58.44672514,58.44672514,58.44672514,58.44672514,58.44672514,58.44672514,58.44672514,58.44672514,58.44672514,58.44672514,58.44672514,58.44672514,58.44672514,58.44672514,58.44672514,58.44672514,58.44672514,58.44672514,58.44672514,58.44672514,58.44672514
QL6,7/1/2024,105.458611,9.438056,35.20018692,35.20018692,35.20018692,35.20018692,35.20018692,35.20018692,35.20018692,35.20018692,35.20018692,35.20018692,35.20018692,35.20018692,35.20018692,35.20018692,35.20018692,35.20018692,35.20018692,35.20018692,35.20018692,35.20018692,35.20018692,35.20018692,35.20018692,35.20018692
QL6,8/1/2024,105.458611,9.438056,63.95467456,63.95467456,63.95467456,63.95467456,63.95467456,63.95467456,63.95467456,63.95467456,63.95467456,63.95467456,63.95467456,63.95467456,63.95467456,63.95467456,63.95467456,63.95467456,63.95467456,63.95467456,63.95467456,63.95467456,63.95467456,63.95467456,63.95467456,63.95467456
QL6,9/1/2024,105.458611,9.438056,29.32887854,29.32887854,29.32887854,29.32887854,29.32887854,29.32887854,29.32887854,29.32887854,29.32887854,29.32887854,29.32887854,29.32887854,29.32887854,29.32887854,29.32887854,29.32887854,29.32887854,29.32887854,29.32887854,29.32887854,29.32887854,29.32887854,29.32887854,29.32887854
QL6,10/1/2024,105.458611,9.438056,53.232401,53.232401,53.232401,53.232401,53.232401,53.232401,53.232401,53.232401,53.232401,53.232401,53.232401,53.232401,53.232401,53.232401,53.232401,53.232401,53.232401,53.232401,53.232401,53.232401,53.232401,53.232401,53.232401,53.232401
QL6,11/1/2024,105.458611,9.438056,51.11933817,51.11933817,51.11933817,51.11933817,51.11933817,51.11933817,51.11933817,51.11933817,51.11933817,51.11933817,51.11933817,51.11933817,51.11933817,51.11933817,51.11933817,51.11933817,51.11933817,51.11933817,51.11933817,51.11933817,51.11933817,51.11933817,51.11933817,51.11933817
QL6,12/1/2024,105.458611,9.438056,36.40891781,36.40891781,36.40891781,36.40891781,36.40891781,36.40891781,36.40891781,36.40891781,36.40891781,36.40891781,36.40891781,36.40891781,36.40891781,36.40891781,36.40891781,36.40891781,36.40891781,36.40891781,36.40891781,36.40891781,36.40891781,36.40891781,36.40891781,36.40891781
QL6,1/1/2025,105.458611,9.438056,50.12878876,50.12878876,50.12878876,50.12878876,50.12878876,50.12878876,50.12878876,50.12878876,50.12878876,50.12878876,50.12878876,50.12878876,50.12878876,50.12878876,50.12878876,50.12878876,50.12878876,50.12878876,50.12878876,50.12878876,50.12878876,50.12878876,50.12878876,50.12878876
QL6,2/1/2025,105.458611,9.438056,69.64748775,69.64748775,69.64748775,69.64748775,69.64748775,69.64748775,69.64748775,69.64748775,69.64748775,69.64748775,69.64748775,69.64748775,69.64748775,69.64748775,69.64748775,69.64748775,69.64748775,69.64748775,69.64748775,69.64748775,69.64748775,69.64748775,69.64748775,69.64748775
QL6,3/1/2025,105.458611,9.438056,51.67734736,51.67734736,51.67734736,51.67734736,51.67734736,51.67734736,51.67734736,51.67734736,51.67734736,51.67734736,51.67734736,51.67734736,51.67734736,51.67734736,51.67734736,51.67734736,51.67734736,51.67734736,51.67734736,51.67734736,51.67734736,51.67734736,51.67734736,51.67734736
QL6,4/1/2025,105.458611,9.438056,50.90063526,50.90063526,50.90063526,50.90063526,50.90063526,50.90063526,50.90063526,50.90063526,50.90063526,50.90063526,50.90063526,50.90063526,50.90063526,50.90063526,50.90063526,50.90063526,50.90063526,50.90063526,50.90063526,50.90063526,50.90063526,50.90063526,50.90063526,50.90063526
QL6,5/1/2025,105.458611,9.438056,47.1616193,47.1616193,47.1616193,47.1616193,47.1616193,47.1616193,47.1616193,47.1616193,47.1616193,47.1616193,47.1616193,47.1616193,47.1616193,47.1616193,47.1616193,47.1616193,47.1616193,47.1616193,47.1616193,47.1616193,47.1616193,47.1616193,47.1616193,47.1616193
QL6,6/1/2025,105.458611,9.438056,33.90201582,33.90201582,33.90201582,33.90201582,33.90201582,33.90201582,33.90201582,33.90201582,33.90201582,33.90201582,33.90201582,33.90201582,33.90201582,33.90201582,33.90201582,33.90201582,33.90201582,33.90201582,33.90201582,33.90201582,33.90201582,33.90201582,33.90201582,33.90201582
QL6,7/1/2025,105.458611,9.438056,39.04307859,39.04307859,39.04307859,39.04307859,39.04307859,39.04307859,39.04307859,39.04307859,39.04307859,39.04307859,39.04307859,39.04307859,39.04307859,39.04307859,39.04307859,39.04307859,39.04307859,39.04307859,39.04307859,39.04307859,39.04307859,39.04307859,39.04307859,39.04307859
QL7,11/1/2021,105.355,9.3375,32.84126258,32.84126258,32.84126258,32.84126258,32.84126258,32.84126258,32.84126258,32.84126258,32.84126258,32.84126258,32.84126258,32.84126258,32.84126258,32.84126258,32.84126258,32.84126258,32.84126258,32.84126258,32.84126258,32.84126258,32.84126258,32.84126258,32.84126258,32.84126258
QL7,12/1/2021,105.355,9.3375,43.71031586,43.71031586,43.71031586,43.71031586,43.71031586,43.71031586,43.71031586,43.71031586,43.71031586,43.71031586,43.71031586,43.71031586,43.71031586,43.71031586,43.71031586,43.71031586,43.71031586,43.71031586,43.71031586,43.71031586,43.71031586,43.71031586,43.71031586,43.71031586
QL7,1/1/2022,105.355,9.3375,50.72712818,50.72712818,50.72712818,50.72712818,50.72712818,50.72712818,50.72712818,50.72712818,50.72712818,50.72712818,50.72712818,50.72712818,50.72712818,50.72712818,50.72712818,50.72712818,50.72712818,50.72712818,50.72712818,50.72712818,50.72712818,50.72712818,50.72712818,50.72712818
QL7,2/1/2022,105.355,9.3375,50.37547868,50.37547868,50.37547868,50.37547868,50.37547868,50.37547868,50.37547868,50.37547868,50.37547868,50.37547868,50.37547868,50.37547868,50.37547868,50.37547868,50.37547868,50.37547868,50.37547868,50.37547868,50.37547868,50.37547868,50.37547868,50.37547868,50.37547868,50.37547868
QL7,3/1/2022,105.355,9.3375,38.98176039,38.98176039,38.98176039,38.98176039,38.98176039,38.98176039,38.98176039,38.98176039,38.98176039,38.98176039,38.98176039,38.98176039,38.98176039,38.98176039,38.98176039,38.98176039,38.98176039,38.98176039,38.98176039,38.98176039,38.98176039,38.98176039,38.98176039,38.98176039
QL7,4/1/2022,105.355,9.3375,32.72283481,32.72283481,32.72283481,32.72283481,32.72283481,32.72283481,32.72283481,32.72283481,32.72283481,32.72283481,32.72283481,32.72283481,32.72283481,32.72283481,32.72283481,32.72283481,32.72283481,32.72283481,32.72283481,32.72283481,32.72283481,32.72283481,32.72283481,32.72283481
QL7,5/1/2022,105.355,9.3375,52.36634363,52.36634363,52.36634363,52.36634363,52.36634363,52.36634363,52.36634363,52.36634363,52.36634363,52.36634363,52.36634363,52.36634363,52.36634363,52.36634363,52.36634363,52.36634363,52.36634363,52.36634363,52.36634363,52.36634363,52.36634363,52.36634363,52.36634363,52.36634363
QL7,6/1/2022,105.355,9.3375,34.18632871,34.18632871,34.18632871,34.18632871,34.18632871,34.18632871,34.18632871,34.18632871,34.18632871,34.18632871,34.18632871,34.18632871,34.18632871,34.18632871,34.18632871,34.18632871,34.18632871,34.18632871,34.18632871,34.18632871,34.18632871,34.18632871,34.18632871,34.18632871
QL7,7/1/2022,105.355,9.3375,33.9135092,33.9135092,33.9135092,33.9135092,33.9135092,33.9135092,33.9135092,33.9135092,33.9135092,33.9135092,33.9135092,33.9135092,33.9135092,33.9135092,33.9135092,33.9135092,33.9135092,33.9135092,33.9135092,33.9135092,33.9135092,33.9135092,33.9135092,33.9135092
QL7,8/1/2022,105.355,9.3375,53.08851229,53.08851229,53.08851229,53.08851229,53.08851229,53.08851229,53.08851229,53.08851229,53.08851229,53.08851229,53.08851229,53.08851229,53.08851229,53.08851229,53.08851229,53.08851229,53.08851229,53.08851229,53.08851229,53.08851229,53.08851229,53.08851229,53.08851229,53.08851229
QL7,9/1/2022,105.355,9.3375,34.69339994,34.69339994,34.69339994,34.69339994,34.69339994,34.69339994,34.69339994,34.69339994,34.69339994,34.69339994,34.69339994,34.69339994,34.69339994,34.69339994,34.69339994,34.69339994,34.69339994,34.69339994,34.69339994,34.69339994,34.69339994,34.69339994,34.69339994,34.69339994
QL7,10/1/2022,105.355,9.3375,35.39391208,35.39391208,35.39391208,35.39391208,35.39391208,35.39391208,35.39391208,35.39391208,35.39391208,35.39391208,35.39391208,35.39391208,35.39391208,35.39391208,35.39391208,35.39391208,35.39391208,35.39391208,35.39391208,35.39391208,35.39391208,35.39391208,35.39391208,35.39391208
QL7,11/1/2022,105.355,9.3375,35.10597676,35.10597676,35.10597676,35.10597676,35.10597676,35.10597676,35.10597676,35.10597676,35.10597676,35.10597676,35.10597676,35.10597676,35.10597676,35.10597676,35.10597676,35.10597676,35.10597676,35.10597676,35.10597676,35.10597676,35.10597676,35.10597676,35.10597676,35.10597676
QL7,12/1/2022,105.355,9.3375,35.03138475,35.03138475,35.03138475,35.03138475,35.03138475,35.03138475,35.03138475,35.03138475,35.03138475,35.03138475,35.03138475,35.03138475,35.03138475,35.03138475,35.03138475,35.03138475,35.03138475,35.03138475,35.03138475,35.03138475,35.03138475,35.03138475,35.03138475,35.03138475
QL7,1/1/2023,105.355,9.3375,51.64580425,51.64580425,51.64580425,51.64580425,51.64580425,51.64580425,51.64580425,51.64580425,51.64580425,51.64580425,51.64580425,51.64580425,51.64580425,51.64580425,51.64580425,51.64580425,51.64580425,51.64580425,51.64580425,51.64580425,51.64580425,51.64580425,51.64580425,51.64580425
QL7,2/1/2023,105.355,9.3375,34.65328474,34.65328474,34.65328474,34.65328474,34.65328474,34.65328474,34.65328474,34.65328474,34.65328474,34.65328474,34.65328474,34.65328474,34.65328474,34.65328474,34.65328474,34.65328474,34.65328474,34.65328474,34.65328474,34.65328474,34.65328474,34.65328474,34.65328474,34.65328474
QL7,3/1/2023,105.355,9.3375,37.48672303,37.48672303,37.48672303,37.48672303,37.48672303,37.48672303,37.48672303,37.48672303,37.48672303,37.48672303,37.48672303,37.48672303,37.48672303,37.48672303,37.48672303,37.48672303,37.48672303,37.48672303,37.48672303,37.48672303,37.48672303,37.48672303,37.48672303,37.48672303
QL7,4/1/2023,105.355,9.3375,43.94971323,43.94971323,43.94971323,43.94971323,43.94971323,43.94971323,43.94971323,43.94971323,43.94971323,43.94971323,43.94971323,43.94971323,43.94971323,43.94971323,43.94971323,43.94971323,43.94971323,43.94971323,43.94971323,43.94971323,43.94971323,43.94971323,43.94971323,43.94971323
QL7,5/1/2023,105.355,9.3375,43.89373814,43.89373814,43.89373814,43.89373814,43.89373814,43.89373814,43.89373814,43.89373814,43.89373814,43.89373814,43.89373814,43.89373814,43.89373814,43.89373814,43.89373814,43.89373814,43.89373814,43.89373814,43.89373814,43.89373814,43.89373814,43.89373814,43.89373814,43.89373814
QL7,6/1/2023,105.355,9.3375,34.94239352,34.94239352,34.94239352,34.94239352,34.94239352,34.94239352,34.94239352,34.94239352,34.94239352,34.94239352,34.94239352,34.94239352,34.94239352,34.94239352,34.94239352,34.94239352,34.94239352,34.94239352,34.94239352,34.94239352,34.94239352,34.94239352,34.94239352,34.94239352
QL7,7/1/2023,105.355,9.3375,37.61864314,37.61864314,37.61864314,37.61864314,37.61864314,37.61864314,37.61864314,37.61864314,37.61864314,37.61864314,37.61864314,37.61864314,37.61864314,37.61864314,37.61864314,37.61864314,37.61864314,37.61864314,37.61864314,37.61864314,37.61864314,37.61864314,37.61864314,37.61864314
QL7,8/1/2023,105.355,9.3375,50.85199893,50.85199893,50.85199893,50.85199893,50.85199893,50.85199893,50.85199893,50.85199893,50.85199893,50.85199893,50.85199893,50.85199893,50.85199893,50.85199893,50.85199893,50.85199893,50.85199893,50.85199893,50.85199893,50.85199893,50.85199893,50.85199893,50.85199893,50.85199893
QL7,9/1/2023,105.355,9.3375,44.03572995,44.03572995,44.03572995,44.03572995,44.03572995,44.03572995,44.03572995,44.03572995,44.03572995,44.03572995,44.03572995,44.03572995,44.03572995,44.03572995,44.03572995,44.03572995,44.03572995,44.03572995,44.03572995,44.03572995,44.03572995,44.03572995,44.03572995,44.03572995
QL7,10/1/2023,105.355,9.3375,35.37738948,35.37738948,35.37738948,35.37738948,35.37738948,35.37738948,35.37738948,35.37738948,35.37738948,35.37738948,35.37738948,35.37738948,35.37738948,35.37738948,35.37738948,35.37738948,35.37738948,35.37738948,35.37738948,35.37738948,35.37738948,35.37738948,35.37738948,35.37738948
QL7,11/1/2023,105.355,9.3375,37.74971918,37.74971918,37.74971918,37.74971918,37.74971918,37.74971918,37.74971918,37.74971918,37.74971918,37.74971918,37.74971918,37.74971918,37.74971918,37.74971918,37.74971918,37.74971918,37.74971918,37.74971918,37.74971918,37.74971918,37.74971918,37.74971918,37.74971918,37.74971918
QL7,12/1/2023,105.355,9.3375,56.17502642,56.17502642,56.17502642,56.17502642,56.17502642,56.17502642,56.17502642,56.17502642,56.17502642,56.17502642,56.17502642,56.17502642,56.17502642,56.17502642,56.17502642,56.17502642,56.17502642,56.17502642,56.17502642,56.17502642,56.17502642,56.17502642,56.17502642,56.17502642
QL7,1/1/2024,105.355,9.3375,43.91887596,43.91887596,43.91887596,43.91887596,43.91887596,43.91887596,43.91887596,43.91887596,43.91887596,43.91887596,43.91887596,43.91887596,43.91887596,43.91887596,43.91887596,43.91887596,43.91887596,43.91887596,43.91887596,43.91887596,43.91887596,43.91887596,43.91887596,43.91887596
QL7,2/1/2024,105.355,9.3375,32.93335688,32.93335688,32.93335688,32.93335688,32.93335688,32.93335688,32.93335688,32.93335688,32.93335688,32.93335688,32.93335688,32.93335688,32.93335688,32.93335688,32.93335688,32.93335688,32.93335688,32.93335688,32.93335688,32.93335688,32.93335688,32.93335688,32.93335688,32.93335688
QL7,3/1/2024,105.355,9.3375,33.84300384,33.84300384,33.84300384,33.84300384,33.84300384,33.84300384,33.84300384,33.84300384,33.84300384,33.84300384,33.84300384,33.84300384,33.84300384,33.84300384,33.84300384,33.84300384,33.84300384,33.84300384,33.84300384,33.84300384,33.84300384,33.84300384,33.84300384,33.84300384
QL7,4/1/2024,105.355,9.3375,33.6534899,33.6534899,33.6534899,33.6534899,33.6534899,33.6534899,33.6534899,33.6534899,33.6534899,33.6534899,33.6534899,33.6534899,33.6534899,33.6534899,33.6534899,33.6534899,33.6534899,33.6534899,33.6534899,33.6534899,33.6534899,33.6534899,33.6534899,33.6534899
QL7,5/1/2024,105.355,9.3375,36.78769375,36.78769375,36.78769375,36.78769375,36.78769375,36.78769375,36.78769375,36.78769375,36.78769375,36.78769375,36.78769375,36.78769375,36.78769375,36.78769375,36.78769375,36.78769375,36.78769375,36.78769375,36.78769375,36.78769375,36.78769375,36.78769375,36.78769375,36.78769375
QL7,6/1/2024,105.355,9.3375,55.66368571,55.66368571,55.66368571,55.66368571,55.66368571,55.66368571,55.66368571,55.66368571,55.66368571,55.66368571,55.66368571,55.66368571,55.66368571,55.66368571,55.66368571,55.66368571,55.66368571,55.66368571,55.66368571,55.66368571,55.66368571,55.66368571,55.66368571,55.66368571
QL7,7/1/2024,105.355,9.3375,34.41780609,34.41780609,34.41780609,34.41780609,34.41780609,34.41780609,34.41780609,34.41780609,34.41780609,34.41780609,34.41780609,34.41780609,34.41780609,34.41780609,34.41780609,34.41780609,34.41780609,34.41780609,34.41780609,34.41780609,34.41780609,34.41780609,34.41780609,34.41780609
QL7,8/1/2024,105.355,9.3375,34.41038238,34.41038238,34.41038238,34.41038238,34.41038238,34.41038238,34.41038238,34.41038238,34.41038238,34.41038238,34.41038238,34.41038238,34.41038238,34.41038238,34.41038238,34.41038238,34.41038238,34.41038238,34.41038238,34.41038238,34.41038238,34.41038238,34.41038238,34.41038238
QL7,9/1/2024,105.355,9.3375,37.1285529,37.1285529,37.1285529,37.1285529,37.1285529,37.1285529,37.1285529,37.1285529,37.1285529,37.1285529,37.1285529,37.1285529,37.1285529,37.1285529,37.1285529,37.1285529,37.1285529,37.1285529,37.1285529,37.1285529,37.1285529,37.1285529,37.1285529,37.1285529
QL7,10/1/2024,105.355,9.3375,34.47658221,34.47658221,34.47658221,34.47658221,34.47658221,34.47658221,34.47658221,34.47658221,34.47658221,34.47658221,34.47658221,34.47658221,34.47658221,34.47658221,34.47658221,34.47658221,34.47658221,34.47658221,34.47658221,34.47658221,34.47658221,34.47658221,34.47658221,34.47658221
QL7,11/1/2024,105.355,9.3375,71.31743876,71.31743876,71.31743876,71.31743876,71.31743876,71.31743876,71.31743876,71.31743876,71.31743876,71.31743876,71.31743876,71.31743876,71.31743876,71.31743876,71.31743876,71.31743876,71.31743876,71.31743876,71.31743876,71.31743876,71.31743876,71.31743876,71.31743876,71.31743876
QL7,12/1/2024,105.355,9.3375,43.28103514,43.28103514,43.28103514,43.28103514,43.28103514,43.28103514,43.28103514,43.28103514,43.28103514,43.28103514,43.28103514,43.28103514,43.28103514,43.28103514,43.28103514,43.28103514,43.28103514,43.28103514,43.28103514,43.28103514,43.28103514,43.28103514,43.28103514,43.28103514
QL7,1/1/2025,105.355,9.3375,37.0433103,37.0433103,37.0433103,37.0433103,37.0433103,37.0433103,37.0433103,37.0433103,37.0433103,37.0433103,37.0433103,37.0433103,37.0433103,37.0433103,37.0433103,37.0433103,37.0433103,37.0433103,37.0433103,37.0433103,37.0433103,37.0433103,37.0433103,37.0433103
QL7,2/1/2025,105.355,9.3375,52.56234244,52.56234244,52.56234244,52.56234244,52.56234244,52.56234244,52.56234244,52.56234244,52.56234244,52.56234244,52.56234244,52.56234244,52.56234244,52.56234244,52.56234244,52.56234244,52.56234244,52.56234244,52.56234244,52.56234244,52.56234244,52.56234244,52.56234244,52.56234244
QL7,3/1/2025,105.355,9.3375,36.08602508,36.08602508,36.08602508,36.08602508,36.08602508,36.08602508,36.08602508,36.08602508,36.08602508,36.08602508,36.08602508,36.08602508,36.08602508,36.08602508,36.08602508,36.08602508,36.08602508,36.08602508,36.08602508,36.08602508,36.08602508,36.08602508,36.08602508,36.08602508
QL7,4/1/2025,105.355,9.3375,53.66356098,53.66356098,53.66356098,53.66356098,53.66356098,53.66356098,53.66356098,53.66356098,53.66356098,53.66356098,53.66356098,53.66356098,53.66356098,53.66356098,53.66356098,53.66356098,53.66356098,53.66356098,53.66356098,53.66356098,53.66356098,53.66356098,53.66356098,53.66356098
QL7,5/1/2025,105.355,9.3375,66.84411294,66.84411294,66.84411294,66.84411294,66.84411294,66.84411294,66.84411294,66.84411294,66.84411294,66.84411294,66.84411294,66.84411294,66.84411294,66.84411294,66.84411294,66.84411294,66.84411294,66.84411294,66.84411294,66.84411294,66.84411294,66.84411294,66.84411294,66.84411294
QL7,6/1/2025,105.355,9.3375,37.2734921,37.2734921,37.2734921,37.2734921,37.2734921,37.2734921,37.2734921,37.2734921,37.2734921,37.2734921,37.2734921,37.2734921,37.2734921,37.2734921,37.2734921,37.2734921,37.2734921,37.2734921,37.2734921,37.2734921,37.2734921,37.2734921,37.2734921,37.2734921
QL7,7/1/2025,105.355,9.3375,34.30810404,34.30810404,34.30810404,34.30810404,34.30810404,34.30810404,34.30810404,34.30810404,34.30810404,34.30810404,34.30810404,34.30810404,34.30810404,34.30810404,34.30810404,34.30810404,34.30810404,34.30810404,34.30810404,34.30810404,34.30810404,34.30810404,34.30810404,34.30810404
QL8,11/1/2021,105.295,9.280556,43.19113207,43.19113207,43.19113207,43.19113207,43.19113207,43.19113207,43.19113207,43.19113207,43.19113207,43.19113207,43.19113207,43.19113207,43.19113207,43.19113207,43.19113207,43.19113207,43.19113207,43.19113207,43.19113207,43.19113207,43.19113207,43.19113207,43.19113207,43.19113207
QL8,12/1/2021,105.295,9.280556,43.71262131,43.71262131,43.71262131,43.71262131,43.71262131,43.71262131,43.71262131,43.71262131,43.71262131,43.71262131,43.71262131,43.71262131,43.71262131,43.71262131,43.71262131,43.71262131,43.71262131,43.71262131,43.71262131,43.71262131,43.71262131,43.71262131,43.71262131,43.71262131
QL8,1/1/2022,105.295,9.280556,43.16086699,43.16086699,43.16086699,43.16086699,43.16086699,43.16086699,43.16086699,43.16086699,43.16086699,43.16086699,43.16086699,43.16086699,43.16086699,43.16086699,43.16086699,43.16086699,43.16086699,43.16086699,43.16086699,43.16086699,43.16086699,43.16086699,43.16086699,43.16086699
QL8,2/1/2022,105.295,9.280556,37.17372916,37.17372916,37.17372916,37.17372916,37.17372916,37.17372916,37.17372916,37.17372916,37.17372916,37.17372916,37.17372916,37.17372916,37.17372916,37.17372916,37.17372916,37.17372916,37.17372916,37.17372916,37.17372916,37.17372916,37.17372916,37.17372916,37.17372916,37.17372916
QL8,3/1/2022,105.295,9.280556,36.60886973,36.60886973,36.60886973,36.60886973,36.60886973,36.60886973,36.60886973,36.60886973,36.60886973,36.60886973,36.60886973,36.60886973,36.60886973,36.60886973,36.60886973,36.60886973,36.60886973,36.60886973,36.60886973,36.60886973,36.60886973,36.60886973,36.60886973,36.60886973
QL8,4/1/2022,105.295,9.280556,35.27991513,35.27991513,35.27991513,35.27991513,35.27991513,35.27991513,35.27991513,35.27991513,35.27991513,35.27991513,35.27991513,35.27991513,35.27991513,35.27991513,35.27991513,35.27991513,35.27991513,35.27991513,35.27991513,35.27991513,35.27991513,35.27991513,35.27991513,35.27991513
QL8,5/1/2022,105.295,9.280556,34.95745651,34.95745651,34.95745651,34.95745651,34.95745651,34.95745651,34.95745651,34.95745651,34.95745651,34.95745651,34.95745651,34.95745651,34.95745651,34.95745651,34.95745651,34.95745651,34.95745651,34.95745651,34.95745651,34.95745651,34.95745651,34.95745651,34.95745651,34.95745651
QL8,6/1/2022,105.295,9.280556,34.25600941,34.25600941,34.25600941,34.25600941,34.25600941,34.25600941,34.25600941,34.25600941,34.25600941,34.25600941,34.25600941,34.25600941,34.25600941,34.25600941,34.25600941,34.25600941,34.25600941,34.25600941,34.25600941,34.25600941,34.25600941,34.25600941,34.25600941,34.25600941
QL8,7/1/2022,105.295,9.280556,34.3913389,34.3913389,34.3913389,34.3913389,34.3913389,34.3913389,34.3913389,34.3913389,34.3913389,34.3913389,34.3913389,34.3913389,34.3913389,34.3913389,34.3913389,34.3913389,34.3913389,34.3913389,34.3913389,34.3913389,34.3913389,34.3913389,34.3913389,34.3913389
QL8,8/1/2022,105.295,9.280556,35.49592443,35.49592443,35.49592443,35.49592443,35.49592443,35.49592443,35.49592443,35.49592443,35.49592443,35.49592443,35.49592443,35.49592443,35.49592443,35.49592443,35.49592443,35.49592443,35.49592443,35.49592443,35.49592443,35.49592443,35.49592443,35.49592443,35.49592443,35.49592443
QL8,9/1/2022,105.295,9.280556,51.96655132,51.96655132,51.96655132,51.96655132,51.96655132,51.96655132,51.96655132,51.96655132,51.96655132,51.96655132,51.96655132,51.96655132,51.96655132,51.96655132,51.96655132,51.96655132,51.96655132,51.96655132,51.96655132,51.96655132,51.96655132,51.96655132,51.96655132,51.96655132
QL8,10/1/2022,105.295,9.280556,35.70047214,35.70047214,35.70047214,35.70047214,35.70047214,35.70047214,35.70047214,35.70047214,35.70047214,35.70047214,35.70047214,35.70047214,35.70047214,35.70047214,35.70047214,35.70047214,35.70047214,35.70047214,35.70047214,35.70047214,35.70047214,35.70047214,35.70047214,35.70047214
QL8,11/1/2022,105.295,9.280556,35.88834707,35.88834707,35.88834707,35.88834707,35.88834707,35.88834707,35.88834707,35.88834707,35.88834707,35.88834707,35.88834707,35.88834707,35.88834707,35.88834707,35.88834707,35.88834707,35.88834707,35.88834707,35.88834707,35.88834707,35.88834707,35.88834707,35.88834707,35.88834707
QL8,12/1/2022,105.295,9.280556,44.02770231,44.02770231,44.02770231,44.02770231,44.02770231,44.02770231,44.02770231,44.02770231,44.02770231,44.02770231,44.02770231,44.02770231,44.02770231,44.02770231,44.02770231,44.02770231,44.02770231,44.02770231,44.02770231,44.02770231,44.02770231,44.02770231,44.02770231,44.02770231
QL8,1/1/2023,105.295,9.280556,34.63097597,34.63097597,34.63097597,34.63097597,34.63097597,34.63097597,34.63097597,34.63097597,34.63097597,34.63097597,34.63097597,34.63097597,34.63097597,34.63097597,34.63097597,34.63097597,34.63097597,34.63097597,34.63097597,34.63097597,34.63097597,34.63097597,34.63097597,34.63097597
QL8,2/1/2023,105.295,9.280556,42.56389246,42.56389246,42.56389246,42.56389246,42.56389246,42.56389246,42.56389246,42.56389246,42.56389246,42.56389246,42.56389246,42.56389246,42.56389246,42.56389246,42.56389246,42.56389246,42.56389246,42.56389246,42.56389246,42.56389246,42.56389246,42.56389246,42.56389246,42.56389246
QL8,3/1/2023,105.295,9.280556,36.79624713,36.79624713,36.79624713,36.79624713,36.79624713,36.79624713,36.79624713,36.79624713,36.79624713,36.79624713,36.79624713,36.79624713,36.79624713,36.79624713,36.79624713,36.79624713,36.79624713,36.79624713,36.79624713,36.79624713,36.79624713,36.79624713,36.79624713,36.79624713
QL8,4/1/2023,105.295,9.280556,36.07774958,36.07774958,36.07774958,36.07774958,36.07774958,36.07774958,36.07774958,36.07774958,36.07774958,36.07774958,36.07774958,36.07774958,36.07774958,36.07774958,36.07774958,36.07774958,36.07774958,36.07774958,36.07774958,36.07774958,36.07774958,36.07774958,36.07774958,36.07774958
QL8,5/1/2023,105.295,9.280556,64.41528999,64.41528999,64.41528999,64.41528999,64.41528999,64.41528999,64.41528999,64.41528999,64.41528999,64.41528999,64.41528999,64.41528999,64.41528999,64.41528999,64.41528999,64.41528999,64.41528999,64.41528999,64.41528999,64.41528999,64.41528999,64.41528999,64.41528999,64.41528999
QL8,6/1/2023,105.295,9.280556,37.29654661,37.29654661,37.29654661,37.29654661,37.29654661,37.29654661,37.29654661,37.29654661,37.29654661,37.29654661,37.29654661,37.29654661,37.29654661,37.29654661,37.29654661,37.29654661,37.29654661,37.29654661,37.29654661,37.29654661,37.29654661,37.29654661,37.29654661,37.29654661
QL8,7/1/2023,105.295,9.280556,37.0988418,37.0988418,37.0988418,37.0988418,37.0988418,37.0988418,37.0988418,37.0988418,37.0988418,37.0988418,37.0988418,37.0988418,37.0988418,37.0988418,37.0988418,37.0988418,37.0988418,37.0988418,37.0988418,37.0988418,37.0988418,37.0988418,37.0988418,37.0988418
QL8,8/1/2023,105.295,9.280556,24.99799393,24.99799393,24.99799393,24.99799393,24.99799393,24.99799393,24.99799393,24.99799393,24.99799393,24.99799393,24.99799393,24.99799393,24.99799393,24.99799393,24.99799393,24.99799393,24.99799393,24.99799393,24.99799393,24.99799393,24.99799393,24.99799393,24.99799393,24.99799393
QL8,9/1/2023,105.295,9.280556,13.05000265,13.05000265,13.05000265,13.05000265,13.05000265,13.05000265,13.05000265,13.05000265,13.05000265,13.05000265,13.05000265,13.05000265,13.05000265,13.05000265,13.05000265,13.05000265,13.05000265,13.05000265,13.05000265,13.05000265,13.05000265,13.05000265,13.05000265,13.05000265
QL8,10/1/2023,105.295,9.280556,55.19562707,55.19562707,55.19562707,55.19562707,55.19562707,55.19562707,55.19562707,55.19562707,55.19562707,55.19562707,55.19562707,55.19562707,55.19562707,55.19562707,55.19562707,55.19562707,55.19562707,55.19562707,55.19562707,55.19562707,55.19562707,55.19562707,55.19562707,55.19562707
QL8,11/1/2023,105.295,9.280556,35.67213456,35.67213456,35.67213456,35.67213456,35.67213456,35.67213456,35.67213456,35.67213456,35.67213456,35.67213456,35.67213456,35.67213456,35.67213456,35.67213456,35.67213456,35.67213456,35.67213456,35.67213456,35.67213456,35.67213456,35.67213456,35.67213456,35.67213456,35.67213456
QL8,12/1/2023,105.295,9.280556,55.54631943,55.54631943,55.54631943,55.54631943,55.54631943,55.54631943,55.54631943,55.54631943,55.54631943,55.54631943,55.54631943,55.54631943,55.54631943,55.54631943,55.54631943,55.54631943,55.54631943,55.54631943,55.54631943,55.54631943,55.54631943,55.54631943,55.54631943,55.54631943
QL8,1/1/2024,105.295,9.280556,44.04663572,44.04663572,44.04663572,44.04663572,44.04663572,44.04663572,44.04663572,44.04663572,44.04663572,44.04663572,44.04663572,44.04663572,44.04663572,44.04663572,44.04663572,44.04663572,44.04663572,44.04663572,44.04663572,44.04663572,44.04663572,44.04663572,44.04663572,44.04663572
QL8,2/1/2024,105.295,9.280556,32.41756394,32.41756394,32.41756394,32.41756394,32.41756394,32.41756394,32.41756394,32.41756394,32.41756394,32.41756394,32.41756394,32.41756394,32.41756394,32.41756394,32.41756394,32.41756394,32.41756394,32.41756394,32.41756394,32.41756394,32.41756394,32.41756394,32.41756394,32.41756394
QL8,3/1/2024,105.295,9.280556,53.82222598,53.82222598,53.82222598,53.82222598,53.82222598,53.82222598,53.82222598,53.82222598,53.82222598,53.82222598,53.82222598,53.82222598,53.82222598,53.82222598,53.82222598,53.82222598,53.82222598,53.82222598,53.82222598,53.82222598,53.82222598,53.82222598,53.82222598,53.82222598
QL8,4/1/2024,105.295,9.280556,31.31362869,31.31362869,31.31362869,31.31362869,31.31362869,31.31362869,31.31362869,31.31362869,31.31362869,31.31362869,31.31362869,31.31362869,31.31362869,31.31362869,31.31362869,31.31362869,31.31362869,31.31362869,31.31362869,31.31362869,31.31362869,31.31362869,31.31362869,31.31362869
QL8,5/1/2024,105.295,9.280556,36.1418131,36.1418131,36.1418131,36.1418131,36.1418131,36.1418131,36.1418131,36.1418131,36.1418131,36.1418131,36.1418131,36.1418131,36.1418131,36.1418131,36.1418131,36.1418131,36.1418131,36.1418131,36.1418131,36.1418131,36.1418131,36.1418131,36.1418131,36.1418131
QL8,6/1/2024,105.295,9.280556,60.09782842,60.09782842,60.09782842,60.09782842,60.09782842,60.09782842,60.09782842,60.09782842,60.09782842,60.09782842,60.09782842,60.09782842,60.09782842,60.09782842,60.09782842,60.09782842,60.09782842,60.09782842,60.09782842,60.09782842,60.09782842,60.09782842,60.09782842,60.09782842
QL8,7/1/2024,105.295,9.280556,35.29244581,35.29244581,35.29244581,35.29244581,35.29244581,35.29244581,35.29244581,35.29244581,35.29244581,35.29244581,35.29244581,35.29244581,35.29244581,35.29244581,35.29244581,35.29244581,35.29244581,35.29244581,35.29244581,35.29244581,35.29244581,35.29244581,35.29244581,35.29244581
QL8,8/1/2024,105.295,9.280556,52.50515233,52.50515233,52.50515233,52.50515233,52.50515233,52.50515233,52.50515233,52.50515233,52.50515233,52.50515233,52.50515233,52.50515233,52.50515233,52.50515233,52.50515233,52.50515233,52.50515233,52.50515233,52.50515233,52.50515233,52.50515233,52.50515233,52.50515233,52.50515233
QL8,9/1/2024,105.295,9.280556,49.23527379,49.23527379,49.23527379,49.23527379,49.23527379,49.23527379,49.23527379,49.23527379,49.23527379,49.23527379,49.23527379,49.23527379,49.23527379,49.23527379,49.23527379,49.23527379,49.23527379,49.23527379,49.23527379,49.23527379,49.23527379,49.23527379,49.23527379,49.23527379
QL8,10/1/2024,105.295,9.280556,34.69099607,34.69099607,34.69099607,34.69099607,34.69099607,34.69099607,34.69099607,34.69099607,34.69099607,34.69099607,34.69099607,34.69099607,34.69099607,34.69099607,34.69099607,34.69099607,34.69099607,34.69099607,34.69099607,34.69099607,34.69099607,34.69099607,34.69099607,34.69099607
QL8,11/1/2024,105.295,9.280556,35.06507937,35.06507937,35.06507937,35.06507937,35.06507937,35.06507937,35.06507937,35.06507937,35.06507937,35.06507937,35.06507937,35.06507937,35.06507937,35.06507937,35.06507937,35.06507937,35.06507937,35.06507937,35.06507937,35.06507937,35.06507937,35.06507937,35.06507937,35.06507937
QL8,12/1/2024,105.295,9.280556,53.92097773,53.92097773,53.92097773,53.92097773,53.92097773,53.92097773,53.92097773,53.92097773,53.92097773,53.92097773,53.92097773,53.92097773,53.92097773,53.92097773,53.92097773,53.92097773,53.92097773,53.92097773,53.92097773,53.92097773,53.92097773,53.92097773,53.92097773,53.92097773
QL8,1/1/2025,105.295,9.280556,60.53963314,60.53963314,60.53963314,60.53963314,60.53963314,60.53963314,60.53963314,60.53963314,60.53963314,60.53963314,60.53963314,60.53963314,60.53963314,60.53963314,60.53963314,60.53963314,60.53963314,60.53963314,60.53963314,60.53963314,60.53963314,60.53963314,60.53963314,60.53963314
QL8,2/1/2025,105.295,9.280556,55.60409368,55.60409368,55.60409368,55.60409368,55.60409368,55.60409368,55.60409368,55.60409368,55.60409368,55.60409368,55.60409368,55.60409368,55.60409368,55.60409368,55.60409368,55.60409368,55.60409368,55.60409368,55.60409368,55.60409368,55.60409368,55.60409368,55.60409368,55.60409368
QL8,3/1/2025,105.295,9.280556,48.95202819,48.95202819,48.95202819,48.95202819,48.95202819,48.95202819,48.95202819,48.95202819,48.95202819,48.95202819,48.95202819,48.95202819,48.95202819,48.95202819,48.95202819,48.95202819,48.95202819,48.95202819,48.95202819,48.95202819,48.95202819,48.95202819,48.95202819,48.95202819
QL8,4/1/2025,105.295,9.280556,50.2446561,50.2446561,50.2446561,50.2446561,50.2446561,50.2446561,50.2446561,50.2446561,50.2446561,50.2446561,50.2446561,50.2446561,50.2446561,50.2446561,50.2446561,50.2446561,50.2446561,50.2446561,50.2446561,50.2446561,50.2446561,50.2446561,50.2446561,50.2446561
QL8,5/1/2025,105.295,9.280556,50.92949554,50.92949554,50.92949554,50.92949554,50.92949554,50.92949554,50.92949554,50.92949554,50.92949554,50.92949554,50.92949554,50.92949554,50.92949554,50.92949554,50.92949554,50.92949554,50.92949554,50.92949554,50.92949554,50.92949554,50.92949554,50.92949554,50.92949554,50.92949554
QL8,6/1/2025,105.295,9.280556,54.93707408,54.93707408,54.93707408,54.93707408,54.93707408,54.93707408,54.93707408,54.93707408,54.93707408,54.93707408,54.93707408,54.93707408,54.93707408,54.93707408,54.93707408,54.93707408,54.93707408,54.93707408,54.93707408,54.93707408,54.93707408,54.93707408,54.93707408,54.93707408
QL8,7/1/2025,105.295,9.280556,34.04929444,34.04929444,34.04929444,34.04929444,34.04929444,34.04929444,34.04929444,34.04929444,34.04929444,34.04929444,34.04929444,34.04929444,34.04929444,34.04929444,34.04929444,34.04929444,34.04929444,34.04929444,34.04929444,34.04929444,34.04929444,34.04929444,34.04929444,34.04929444
QL9,11/1/2021,105.156944,9.183056,43.80101828,43.80101828,43.80101828,43.80101828,43.80101828,43.80101828,43.80101828,43.80101828,43.80101828,43.80101828,43.80101828,43.80101828,43.80101828,43.80101828,43.80101828,43.80101828,43.80101828,43.80101828,43.80101828,43.80101828,43.80101828,43.80101828,43.80101828,43.80101828
QL9,12/1/2021,105.156944,9.183056,43.25160327,43.25160327,43.25160327,43.25160327,43.25160327,43.25160327,43.25160327,43.25160327,43.25160327,43.25160327,43.25160327,43.25160327,43.25160327,43.25160327,43.25160327,43.25160327,43.25160327,43.25160327,43.25160327,43.25160327,43.25160327,43.25160327,43.25160327,43.25160327
QL9,1/1/2022,105.156944,9.183056,35.88560243,35.88560243,35.88560243,35.88560243,35.88560243,35.88560243,35.88560243,35.88560243,35.88560243,35.88560243,35.88560243,35.88560243,35.88560243,35.88560243,35.88560243,35.88560243,35.88560243,35.88560243,35.88560243,35.88560243,35.88560243,35.88560243,35.88560243,35.88560243
QL9,2/1/2022,105.156944,9.183056,42.51376898,42.51376898,42.51376898,42.51376898,42.51376898,42.51376898,42.51376898,42.51376898,42.51376898,42.51376898,42.51376898,42.51376898,42.51376898,42.51376898,42.51376898,42.51376898,42.51376898,42.51376898,42.51376898,42.51376898,42.51376898,42.51376898,42.51376898,42.51376898
QL9,3/1/2022,105.156944,9.183056,34.63244478,34.63244478,34.63244478,34.63244478,34.63244478,34.63244478,34.63244478,34.63244478,34.63244478,34.63244478,34.63244478,34.63244478,34.63244478,34.63244478,34.63244478,34.63244478,34.63244478,34.63244478,34.63244478,34.63244478,34.63244478,34.63244478,34.63244478,34.63244478
QL9,4/1/2022,105.156944,9.183056,64.46467339,64.46467339,64.46467339,64.46467339,64.46467339,64.46467339,64.46467339,64.46467339,64.46467339,64.46467339,64.46467339,64.46467339,64.46467339,64.46467339,64.46467339,64.46467339,64.46467339,64.46467339,64.46467339,64.46467339,64.46467339,64.46467339,64.46467339,64.46467339
QL9,5/1/2022,105.156944,9.183056,51.6569193,51.6569193,51.6569193,51.6569193,51.6569193,51.6569193,51.6569193,51.6569193,51.6569193,51.6569193,51.6569193,51.6569193,51.6569193,51.6569193,51.6569193,51.6569193,51.6569193,51.6569193,51.6569193,51.6569193,51.6569193,51.6569193,51.6569193,51.6569193
QL9,6/1/2022,105.156944,9.183056,34.16721561,34.16721561,34.16721561,34.16721561,34.16721561,34.16721561,34.16721561,34.16721561,34.16721561,34.16721561,34.16721561,34.16721561,34.16721561,34.16721561,34.16721561,34.16721561,34.16721561,34.16721561,34.16721561,34.16721561,34.16721561,34.16721561,34.16721561,34.16721561
QL9,7/1/2022,105.156944,9.183056,36.33070736,36.33070736,36.33070736,36.33070736,36.33070736,36.33070736,36.33070736,36.33070736,36.33070736,36.33070736,36.33070736,36.33070736,36.33070736,36.33070736,36.33070736,36.33070736,36.33070736,36.33070736,36.33070736,36.33070736,36.33070736,36.33070736,36.33070736,36.33070736
QL9,8/1/2022,105.156944,9.183056,36.17568771,36.17568771,36.17568771,36.17568771,36.17568771,36.17568771,36.17568771,36.17568771,36.17568771,36.17568771,36.17568771,36.17568771,36.17568771,36.17568771,36.17568771,36.17568771,36.17568771,36.17568771,36.17568771,36.17568771,36.17568771,36.17568771,36.17568771,36.17568771
QL9,9/1/2022,105.156944,9.183056,34.65979341,34.65979341,34.65979341,34.65979341,34.65979341,34.65979341,34.65979341,34.65979341,34.65979341,34.65979341,34.65979341,34.65979341,34.65979341,34.65979341,34.65979341,34.65979341,34.65979341,34.65979341,34.65979341,34.65979341,34.65979341,34.65979341,34.65979341,34.65979341
QL9,10/1/2022,105.156944,9.183056,35.10205088,35.10205088,35.10205088,35.10205088,35.10205088,35.10205088,35.10205088,35.10205088,35.10205088,35.10205088,35.10205088,35.10205088,35.10205088,35.10205088,35.10205088,35.10205088,35.10205088,35.10205088,35.10205088,35.10205088,35.10205088,35.10205088,35.10205088,35.10205088
QL9,11/1/2022,105.156944,9.183056,52.39367597,52.39367597,52.39367597,52.39367597,52.39367597,52.39367597,52.39367597,52.39367597,52.39367597,52.39367597,52.39367597,52.39367597,52.39367597,52.39367597,52.39367597,52.39367597,52.39367597,52.39367597,52.39367597,52.39367597,52.39367597,52.39367597,52.39367597,52.39367597
QL9,12/1/2022,105.156944,9.183056,33.95359379,33.95359379,33.95359379,33.95359379,33.95359379,33.95359379,33.95359379,33.95359379,33.95359379,33.95359379,33.95359379,33.95359379,33.95359379,33.95359379,33.95359379,33.95359379,33.95359379,33.95359379,33.95359379,33.95359379,33.95359379,33.95359379,33.95359379,33.95359379
QL9,1/1/2023,105.156944,9.183056,35.43513864,35.43513864,35.43513864,35.43513864,35.43513864,35.43513864,35.43513864,35.43513864,35.43513864,35.43513864,35.43513864,35.43513864,35.43513864,35.43513864,35.43513864,35.43513864,35.43513864,35.43513864,35.43513864,35.43513864,35.43513864,35.43513864,35.43513864,35.43513864
QL9,2/1/2023,105.156944,9.183056,34.70124309,34.70124309,34.70124309,34.70124309,34.70124309,34.70124309,34.70124309,34.70124309,34.70124309,34.70124309,34.70124309,34.70124309,34.70124309,34.70124309,34.70124309,34.70124309,34.70124309,34.70124309,34.70124309,34.70124309,34.70124309,34.70124309,34.70124309,34.70124309
QL9,3/1/2023,105.156944,9.183056,35.7192959,35.7192959,35.7192959,35.7192959,35.7192959,35.7192959,35.7192959,35.7192959,35.7192959,35.7192959,35.7192959,35.7192959,35.7192959,35.7192959,35.7192959,35.7192959,35.7192959,35.7192959,35.7192959,35.7192959,35.7192959,35.7192959,35.7192959,35.7192959
QL9,4/1/2023,105.156944,9.183056,36.54362969,36.54362969,36.54362969,36.54362969,36.54362969,36.54362969,36.54362969,36.54362969,36.54362969,36.54362969,36.54362969,36.54362969,36.54362969,36.54362969,36.54362969,36.54362969,36.54362969,36.54362969,36.54362969,36.54362969,36.54362969,36.54362969,36.54362969,36.54362969
QL9,5/1/2023,105.156944,9.183056,37.67767668,37.67767668,37.67767668,37.67767668,37.67767668,37.67767668,37.67767668,37.67767668,37.67767668,37.67767668,37.67767668,37.67767668,37.67767668,37.67767668,37.67767668,37.67767668,37.67767668,37.67767668,37.67767668,37.67767668,37.67767668,37.67767668,37.67767668,37.67767668
QL9,6/1/2023,105.156944,9.183056,36.06024262,36.06024262,36.06024262,36.06024262,36.06024262,36.06024262,36.06024262,36.06024262,36.06024262,36.06024262,36.06024262,36.06024262,36.06024262,36.06024262,36.06024262,36.06024262,36.06024262,36.06024262,36.06024262,36.06024262,36.06024262,36.06024262,36.06024262,36.06024262
QL9,7/1/2023,105.156944,9.183056,35.47809147,35.47809147,35.47809147,35.47809147,35.47809147,35.47809147,35.47809147,35.47809147,35.47809147,35.47809147,35.47809147,35.47809147,35.47809147,35.47809147,35.47809147,35.47809147,35.47809147,35.47809147,35.47809147,35.47809147,35.47809147,35.47809147,35.47809147,35.47809147
QL9,8/1/2023,105.156944,9.183056,38.00186519,38.00186519,38.00186519,38.00186519,38.00186519,38.00186519,38.00186519,38.00186519,38.00186519,38.00186519,38.00186519,38.00186519,38.00186519,38.00186519,38.00186519,38.00186519,38.00186519,38.00186519,38.00186519,38.00186519,38.00186519,38.00186519,38.00186519,38.00186519
QL9,9/1/2023,105.156944,9.183056,38.03954742,38.03954742,38.03954742,38.03954742,38.03954742,38.03954742,38.03954742,38.03954742,38.03954742,38.03954742,38.03954742,38.03954742,38.03954742,38.03954742,38.03954742,38.03954742,38.03954742,38.03954742,38.03954742,38.03954742,38.03954742,38.03954742,38.03954742,38.03954742
QL9,10/1/2023,105.156944,9.183056,36.41330124,36.41330124,36.41330124,36.41330124,36.41330124,36.41330124,36.41330124,36.41330124,36.41330124,36.41330124,36.41330124,36.41330124,36.41330124,36.41330124,36.41330124,36.41330124,36.41330124,36.41330124,36.41330124,36.41330124,36.41330124,36.41330124,36.41330124,36.41330124
QL9,11/1/2023,105.156944,9.183056,36.44605232,36.44605232,36.44605232,36.44605232,36.44605232,36.44605232,36.44605232,36.44605232,36.44605232,36.44605232,36.44605232,36.44605232,36.44605232,36.44605232,36.44605232,36.44605232,36.44605232,36.44605232,36.44605232,36.44605232,36.44605232,36.44605232,36.44605232,36.44605232
QL9,12/1/2023,105.156944,9.183056,35.82307999,35.82307999,35.82307999,35.82307999,35.82307999,35.82307999,35.82307999,35.82307999,35.82307999,35.82307999,35.82307999,35.82307999,35.82307999,35.82307999,35.82307999,35.82307999,35.82307999,35.82307999,35.82307999,35.82307999,35.82307999,35.82307999,35.82307999,35.82307999
QL9,1/1/2024,105.156944,9.183056,35.82766021,35.82766021,35.82766021,35.82766021,35.82766021,35.82766021,35.82766021,35.82766021,35.82766021,35.82766021,35.82766021,35.82766021,35.82766021,35.82766021,35.82766021,35.82766021,35.82766021,35.82766021,35.82766021,35.82766021,35.82766021,35.82766021,35.82766021,35.82766021
QL9,2/1/2024,105.156944,9.183056,50.02226163,50.02226163,50.02226163,50.02226163,50.02226163,50.02226163,50.02226163,50.02226163,50.02226163,50.02226163,50.02226163,50.02226163,50.02226163,50.02226163,50.02226163,50.02226163,50.02226163,50.02226163,50.02226163,50.02226163,50.02226163,50.02226163,50.02226163,50.02226163
QL9,3/1/2024,105.156944,9.183056,52.19088801,52.19088801,52.19088801,52.19088801,52.19088801,52.19088801,52.19088801,52.19088801,52.19088801,52.19088801,52.19088801,52.19088801,52.19088801,52.19088801,52.19088801,52.19088801,52.19088801,52.19088801,52.19088801,52.19088801,52.19088801,52.19088801,52.19088801,52.19088801
QL9,4/1/2024,105.156944,9.183056,37.16520351,37.16520351,37.16520351,37.16520351,37.16520351,37.16520351,37.16520351,37.16520351,37.16520351,37.16520351,37.16520351,37.16520351,37.16520351,37.16520351,37.16520351,37.16520351,37.16520351,37.16520351,37.16520351,37.16520351,37.16520351,37.16520351,37.16520351,37.16520351
QL9,5/1/2024,105.156944,9.183056,63.10241437,63.10241437,63.10241437,63.10241437,63.10241437,63.10241437,63.10241437,63.10241437,63.10241437,63.10241437,63.10241437,63.10241437,63.10241437,63.10241437,63.10241437,63.10241437,63.10241437,63.10241437,63.10241437,63.10241437,63.10241437,63.10241437,63.10241437,63.10241437
QL9,6/1/2024,105.156944,9.183056,55.80420591,55.80420591,55.80420591,55.80420591,55.80420591,55.80420591,55.80420591,55.80420591,55.80420591,55.80420591,55.80420591,55.80420591,55.80420591,55.80420591,55.80420591,55.80420591,55.80420591,55.80420591,55.80420591,55.80420591,55.80420591,55.80420591,55.80420591,55.80420591
QL9,7/1/2024,105.156944,9.183056,34.14937879,34.14937879,34.14937879,34.14937879,34.14937879,34.14937879,34.14937879,34.14937879,34.14937879,34.14937879,34.14937879,34.14937879,34.14937879,34.14937879,34.14937879,34.14937879,34.14937879,34.14937879,34.14937879,34.14937879,34.14937879,34.14937879,34.14937879,34.14937879
QL9,8/1/2024,105.156944,9.183056,65.08546467,65.08546467,65.08546467,65.08546467,65.08546467,65.08546467,65.08546467,65.08546467,65.08546467,65.08546467,65.08546467,65.08546467,65.08546467,65.08546467,65.08546467,65.08546467,65.08546467,65.08546467,65.08546467,65.08546467,65.08546467,65.08546467,65.08546467,65.08546467
QL9,9/1/2024,105.156944,9.183056,36.07265299,36.07265299,36.07265299,36.07265299,36.07265299,36.07265299,36.07265299,36.07265299,36.07265299,36.07265299,36.07265299,36.07265299,36.07265299,36.07265299,36.07265299,36.07265299,36.07265299,36.07265299,36.07265299,36.07265299,36.07265299,36.07265299,36.07265299,36.07265299
QL9,10/1/2024,105.156944,9.183056,51.28441073,51.28441073,51.28441073,51.28441073,51.28441073,51.28441073,51.28441073,51.28441073,51.28441073,51.28441073,51.28441073,51.28441073,51.28441073,51.28441073,51.28441073,51.28441073,51.28441073,51.28441073,51.28441073,51.28441073,51.28441073,51.28441073,51.28441073,51.28441073
QL9,11/1/2024,105.156944,9.183056,51.58913899,51.58913899,51.58913899,51.58913899,51.58913899,51.58913899,51.58913899,51.58913899,51.58913899,51.58913899,51.58913899,51.58913899,51.58913899,51.58913899,51.58913899,51.58913899,51.58913899,51.58913899,51.58913899,51.58913899,51.58913899,51.58913899,51.58913899,51.58913899
QL9,12/1/2024,105.156944,9.183056,36.84804156,36.84804156,36.84804156,36.84804156,36.84804156,36.84804156,36.84804156,36.84804156,36.84804156,36.84804156,36.84804156,36.84804156,36.84804156,36.84804156,36.84804156,36.84804156,36.84804156,36.84804156,36.84804156,36.84804156,36.84804156,36.84804156,36.84804156,36.84804156
QL9,1/1/2025,105.156944,9.183056,54.91120863,54.91120863,54.91120863,54.91120863,54.91120863,54.91120863,54.91120863,54.91120863,54.91120863,54.91120863,54.91120863,54.91120863,54.91120863,54.91120863,54.91120863,54.91120863,54.91120863,54.91120863,54.91120863,54.91120863,54.91120863,54.91120863,54.91120863,54.91120863
QL9,2/1/2025,105.156944,9.183056,55.02791832,55.02791832,55.02791832,55.02791832,55.02791832,55.02791832,55.02791832,55.02791832,55.02791832,55.02791832,55.02791832,55.02791832,55.02791832,55.02791832,55.02791832,55.02791832,55.02791832,55.02791832,55.02791832,55.02791832,55.02791832,55.02791832,55.02791832,55.02791832
QL9,3/1/2025,105.156944,9.183056,52.4273237,52.4273237,52.4273237,52.4273237,52.4273237,52.4273237,52.4273237,52.4273237,52.4273237,52.4273237,52.4273237,52.4273237,52.4273237,52.4273237,52.4273237,52.4273237,52.4273237,52.4273237,52.4273237,52.4273237,52.4273237,52.4273237,52.4273237,52.4273237
QL9,4/1/2025,105.156944,9.183056,48.5230896,48.5230896,48.5230896,48.5230896,48.5230896,48.5230896,48.5230896,48.5230896,48.5230896,48.5230896,48.5230896,48.5230896,48.5230896,48.5230896,48.5230896,48.5230896,48.5230896,48.5230896,48.5230896,48.5230896,48.5230896,48.5230896,48.5230896,48.5230896
QL9,5/1/2025,105.156944,9.183056,33.66253075,33.66253075,33.66253075,33.66253075,33.66253075,33.66253075,33.66253075,33.66253075,33.66253075,33.66253075,33.66253075,33.66253075,33.66253075,33.66253075,33.66253075,33.66253075,33.66253075,33.66253075,33.66253075,33.66253075,33.66253075,33.66253075,33.66253075,33.66253075
QL9,6/1/2025,105.156944,9.183056,52.54140699,52.54140699,52.54140699,52.54140699,52.54140699,52.54140699,52.54140699,52.54140699,52.54140699,52.54140699,52.54140699,52.54140699,52.54140699,52.54140699,52.54140699,52.54140699,52.54140699,52.54140699,52.54140699,52.54140699,52.54140699,52.54140699,52.54140699,52.54140699
QL9,7/1/2025,105.156944,9.183056,36.02233108,36.02233108,36.02233108,36.02233108,36.02233108,36.02233108,36.02233108,36.02233108,36.02233108,36.02233108,36.02233108,36.02233108,36.02233108,36.02233108,36.02233108,36.02233108,36.02233108,36.02233108,36.02233108,36.02233108,36.02233108,36.02233108,36.02233108,36.02233108
T1,12/1/2024,106.11,11.39,63.86210784,63.86210784,63.86210784,63.86210784,63.86210784,63.86210784,63.86210784,63.86210784,63.86210784,63.86210784,63.86210784,63.86210784,63.86210784,63.86210784,63.86210784,63.86210784,63.86210784,63.86210784,63.86210784,63.86210784,63.86210784,63.86210784,63.86210784,63.86210784
T1,1/1/2025,106.11,11.39,55.01164472,55.01164472,55.01164472,55.01164472,55.01164472,55.01164472,55.01164472,55.01164472,55.01164472,55.01164472,55.01164472,55.01164472,55.01164472,55.01164472,55.01164472,55.01164472,55.01164472,55.01164472,55.01164472,55.01164472,55.01164472,55.01164472,55.01164472,55.01164472
T1,2/1/2025,106.11,11.39,54.4520281,54.4520281,54.4520281,54.4520281,54.4520281,54.4520281,54.4520281,54.4520281,54.4520281,54.4520281,54.4520281,54.4520281,54.4520281,54.4520281,54.4520281,54.4520281,54.4520281,54.4520281,54.4520281,54.4520281,54.4520281,54.4520281,54.4520281,54.4520281
T1,3/1/2025,106.11,11.39,51.5104546,51.5104546,51.5104546,51.5104546,51.5104546,51.5104546,51.5104546,51.5104546,51.5104546,51.5104546,51.5104546,51.5104546,51.5104546,51.5104546,51.5104546,51.5104546,51.5104546,51.5104546,51.5104546,51.5104546,51.5104546,51.5104546,51.5104546,51.5104546
T1,4/1/2025,106.11,11.39,53.68732378,53.68732378,53.68732378,53.68732378,53.68732378,53.68732378,53.68732378,53.68732378,53.68732378,53.68732378,53.68732378,53.68732378,53.68732378,53.68732378,53.68732378,53.68732378,53.68732378,53.68732378,53.68732378,53.68732378,53.68732378,53.68732378,53.68732378,53.68732378
T1,5/1/2025,106.11,11.39,50.22501609,50.22501609,50.22501609,50.22501609,50.22501609,50.22501609,50.22501609,50.22501609,50.22501609,50.22501609,50.22501609,50.22501609,50.22501609,50.22501609,50.22501609,50.22501609,50.22501609,50.22501609,50.22501609,50.22501609,50.22501609,50.22501609,50.22501609,50.22501609
T1,6/1/2025,106.11,11.39,28.05138122,28.05138122,28.05138122,28.05138122,28.05138122,28.05138122,28.05138122,28.05138122,28.05138122,28.05138122,28.05138122,28.05138122,28.05138122,28.05138122,28.05138122,28.05138122,28.05138122,28.05138122,28.05138122,28.05138122,28.05138122,28.05138122,28.05138122,28.05138122
T1,7/1/2025,106.11,11.39,36.96307854,36.96307854,36.96307854,36.96307854,36.96307854,36.96307854,36.96307854,36.96307854,36.96307854,36.96307854,36.96307854,36.96307854,36.96307854,36.96307854,36.96307854,36.96307854,36.96307854,36.96307854,36.96307854,36.96307854,36.96307854,36.96307854,36.96307854,36.96307854
T2,12/1/2024,106.08,11.31,53.03147269,53.03147269,53.03147269,53.03147269,53.03147269,53.03147269,53.03147269,53.03147269,53.03147269,53.03147269,53.03147269,53.03147269,53.03147269,53.03147269,53.03147269,53.03147269,53.03147269,53.03147269,53.03147269,53.03147269,53.03147269,53.03147269,53.03147269,53.03147269
T2,1/1/2025,106.08,11.31,52.54026347,52.54026347,52.54026347,52.54026347,52.54026347,52.54026347,52.54026347,52.54026347,52.54026347,52.54026347,52.54026347,52.54026347,52.54026347,52.54026347,52.54026347,52.54026347,52.54026347,52.54026347,52.54026347,52.54026347,52.54026347,52.54026347,52.54026347,52.54026347
T2,2/1/2025,106.08,11.31,51.95480787,51.95480787,51.95480787,51.95480787,51.95480787,51.95480787,51.95480787,51.95480787,51.95480787,51.95480787,51.95480787,51.95480787,51.95480787,51.95480787,51.95480787,51.95480787,51.95480787,51.95480787,51.95480787,51.95480787,51.95480787,51.95480787,51.95480787,51.95480787
T2,3/1/2025,106.08,11.31,53.73003906,53.73003906,53.73003906,53.73003906,53.73003906,53.73003906,53.73003906,53.73003906,53.73003906,53.73003906,53.73003906,53.73003906,53.73003906,53.73003906,53.73003906,53.73003906,53.73003906,53.73003906,53.73003906,53.73003906,53.73003906,53.73003906,53.73003906,53.73003906
T2,4/1/2025,106.08,11.31,35.11833821,35.11833821,35.11833821,35.11833821,35.11833821,35.11833821,35.11833821,35.11833821,35.11833821,35.11833821,35.11833821,35.11833821,35.11833821,35.11833821,35.11833821,35.11833821,35.11833821,35.11833821,35.11833821,35.11833821,35.11833821,35.11833821,35.11833821,35.11833821
T2,5/1/2025,106.08,11.31,35.08365452,35.08365452,35.08365452,35.08365452,35.08365452,35.08365452,35.08365452,35.08365452,35.08365452,35.08365452,35.08365452,35.08365452,35.08365452,35.08365452,35.08365452,35.08365452,35.08365452,35.08365452,35.08365452,35.08365452,35.08365452,35.08365452,35.08365452,35.08365452
T2,6/1/2025,106.08,11.31,31.16852514,31.16852514,31.16852514,31.16852514,31.16852514,31.16852514,31.16852514,31.16852514,31.16852514,31.16852514,31.16852514,31.16852514,31.16852514,31.16852514,31.16852514,31.16852514,31.16852514,31.16852514,31.16852514,31.16852514,31.16852514,31.16852514,31.16852514,31.16852514
T2,7/1/2025,106.08,11.31,35.92228304,35.92228304,35.92228304,35.92228304,35.92228304,35.92228304,35.92228304,35.92228304,35.92228304,35.92228304,35.92228304,35.92228304,35.92228304,35.92228304,35.92228304,35.92228304,35.92228304,35.92228304,35.92228304,35.92228304,35.92228304,35.92228304,35.92228304,35.92228304
T3,12/1/2024,106.09,11.24,51.16385271,51.16385271,51.16385271,51.16385271,51.16385271,51.16385271,51.16385271,51.16385271,51.16385271,51.16385271,51.16385271,51.16385271,51.16385271,51.16385271,51.16385271,51.16385271,51.16385271,51.16385271,51.16385271,51.16385271,51.16385271,51.16385271,51.16385271,51.16385271
T3,1/1/2025,106.09,11.24,52.70631726,52.70631726,52.70631726,52.70631726,52.70631726,52.70631726,52.70631726,52.70631726,52.70631726,52.70631726,52.70631726,52.70631726,52.70631726,52.70631726,52.70631726,52.70631726,52.70631726,52.70631726,52.70631726,52.70631726,52.70631726,52.70631726,52.70631726,52.70631726
T3,2/1/2025,106.09,11.24,50.92822101,50.92822101,50.92822101,50.92822101,50.92822101,50.92822101,50.92822101,50.92822101,50.92822101,50.92822101,50.92822101,50.92822101,50.92822101,50.92822101,50.92822101,50.92822101,50.92822101,50.92822101,50.92822101,50.92822101,50.92822101,50.92822101,50.92822101,50.92822101
T3,3/1/2025,106.09,11.24,52.12069639,52.12069639,52.12069639,52.12069639,52.12069639,52.12069639,52.12069639,52.12069639,52.12069639,52.12069639,52.12069639,52.12069639,52.12069639,52.12069639,52.12069639,52.12069639,52.12069639,52.12069639,52.12069639,52.12069639,52.12069639,52.12069639,52.12069639,52.12069639
T3,4/1/2025,106.09,11.24,52.89321799,52.89321799,52.89321799,52.89321799,52.89321799,52.89321799,52.89321799,52.89321799,52.89321799,52.89321799,52.89321799,52.89321799,52.89321799,52.89321799,52.89321799,52.89321799,52.89321799,52.89321799,52.89321799,52.89321799,52.89321799,52.89321799,52.89321799,52.89321799
T3,5/1/2025,106.09,11.24,52.62637201,52.62637201,52.62637201,52.62637201,52.62637201,52.62637201,52.62637201,52.62637201,52.62637201,52.62637201,52.62637201,52.62637201,52.62637201,52.62637201,52.62637201,52.62637201,52.62637201,52.62637201,52.62637201,52.62637201,52.62637201,52.62637201,52.62637201,52.62637201
T3,6/1/2025,106.09,11.24,20.15153607,20.15153607,20.15153607,20.15153607,20.15153607,20.15153607,20.15153607,20.15153607,20.15153607,20.15153607,20.15153607,20.15153607,20.15153607,20.15153607,20.15153607,20.15153607,20.15153607,20.15153607,20.15153607,20.15153607,20.15153607,20.15153607,20.15153607,20.15153607
T3,7/1/2025,106.09,11.24,50.70301622,50.70301622,50.70301622,50.70301622,50.70301622,50.70301622,50.70301622,50.70301622,50.70301622,50.70301622,50.70301622,50.70301622,50.70301622,50.70301622,50.70301622,50.70301622,50.70301622,50.70301622,50.70301622,50.70301622,50.70301622,50.70301622,50.70301622,50.70301622
TGLX1,2/1/2021,105.057211,10.438308,5.993059969,5.993059969,5.993059969,5.993059969,5.993059969,5.993059969,5.993059969,5.993059969,5.993059969,5.993059969,5.993059969,5.993059969,5.993059969,5.993059969,5.993059969,5.993059969,5.993059969,5.993059969,5.993059969,5.993059969,5.993059969,5.993059969,5.993059969,5.993059969
TGLX1,3/1/2021,105.057211,10.438308,35.38649381,35.38649381,35.38649381,35.38649381,35.38649381,35.38649381,35.38649381,35.38649381,35.38649381,35.38649381,35.38649381,35.38649381,35.38649381,35.38649381,35.38649381,35.38649381,35.38649381,35.38649381,35.38649381,35.38649381,35.38649381,35.38649381,35.38649381,35.38649381
TGLX1,4/1/2021,105.057211,10.438308,64.59283264,64.59283264,64.59283264,64.59283264,64.59283264,64.59283264,64.59283264,64.59283264,64.59283264,64.59283264,64.59283264,64.59283264,64.59283264,64.59283264,64.59283264,64.59283264,64.59283264,64.59283264,64.59283264,64.59283264,64.59283264,64.59283264,64.59283264,64.59283264
TGLX1,5/1/2021,105.057211,10.438308,36.36615791,36.36615791,36.36615791,36.36615791,36.36615791,36.36615791,36.36615791,36.36615791,36.36615791,36.36615791,36.36615791,36.36615791,36.36615791,36.36615791,36.36615791,36.36615791,36.36615791,36.36615791,36.36615791,36.36615791,36.36615791,36.36615791,36.36615791,36.36615791
TGLX1,6/1/2021,105.057211,10.438308,34.80297346,34.80297346,34.80297346,34.80297346,34.80297346,34.80297346,34.80297346,34.80297346,34.80297346,34.80297346,34.80297346,34.80297346,34.80297346,34.80297346,34.80297346,34.80297346,34.80297346,34.80297346,34.80297346,34.80297346,34.80297346,34.80297346,34.80297346,34.80297346
TGLX1,7/1/2021,105.057211,10.438308,52.78491352,52.78491352,52.78491352,52.78491352,52.78491352,52.78491352,52.78491352,52.78491352,52.78491352,52.78491352,52.78491352,52.78491352,52.78491352,52.78491352,52.78491352,52.78491352,52.78491352,52.78491352,52.78491352,52.78491352,52.78491352,52.78491352,52.78491352,52.78491352
TGLX1,8/1/2021,105.057211,10.438308,43.93242338,43.93242338,43.93242338,43.93242338,43.93242338,43.93242338,43.93242338,43.93242338,43.93242338,43.93242338,43.93242338,43.93242338,43.93242338,43.93242338,43.93242338,43.93242338,43.93242338,43.93242338,43.93242338,43.93242338,43.93242338,43.93242338,43.93242338,43.93242338
TGLX1,9/1/2021,105.057211,10.438308,33.6643396,33.6643396,33.6643396,33.6643396,33.6643396,33.6643396,33.6643396,33.6643396,33.6643396,33.6643396,33.6643396,33.6643396,33.6643396,33.6643396,33.6643396,33.6643396,33.6643396,33.6643396,33.6643396,33.6643396,33.6643396,33.6643396,33.6643396,33.6643396
TGLX1,10/1/2021,105.057211,10.438308,62.4976546,62.4976546,62.4976546,62.4976546,62.4976546,62.4976546,62.4976546,62.4976546,62.4976546,62.4976546,62.4976546,62.4976546,62.4976546,62.4976546,62.4976546,62.4976546,62.4976546,62.4976546,62.4976546,62.4976546,62.4976546,62.4976546,62.4976546,62.4976546
TGLX1,11/1/2021,105.057211,10.438308,49.63238804,49.63238804,49.63238804,49.63238804,49.63238804,49.63238804,49.63238804,49.63238804,49.63238804,49.63238804,49.63238804,49.63238804,49.63238804,49.63238804,49.63238804,49.63238804,49.63238804,49.63238804,49.63238804,49.63238804,49.63238804,49.63238804,49.63238804,49.63238804
TGLX1,12/1/2021,105.057211,10.438308,49.69799016,49.69799016,49.69799016,49.69799016,49.69799016,49.69799016,49.69799016,49.69799016,49.69799016,49.69799016,49.69799016,49.69799016,49.69799016,49.69799016,49.69799016,49.69799016,49.69799016,49.69799016,49.69799016,49.69799016,49.69799016,49.69799016,49.69799016,49.69799016
TGLX1,1/1/2022,105.057211,10.438308,38.11471067,38.11471067,38.11471067,38.11471067,38.11471067,38.11471067,38.11471067,38.11471067,38.11471067,38.11471067,38.11471067,38.11471067,38.11471067,38.11471067,38.11471067,38.11471067,38.11471067,38.11471067,38.11471067,38.11471067,38.11471067,38.11471067,38.11471067,38.11471067
TGLX1,2/1/2022,105.057211,10.438308,63.06210087,63.06210087,63.06210087,63.06210087,63.06210087,63.06210087,63.06210087,63.06210087,63.06210087,63.06210087,63.06210087,63.06210087,63.06210087,63.06210087,63.06210087,63.06210087,63.06210087,63.06210087,63.06210087,63.06210087,63.06210087,63.06210087,63.06210087,63.06210087
TGLX1,3/1/2022,105.057211,10.438308,52.71327457,52.71327457,52.71327457,52.71327457,52.71327457,52.71327457,52.71327457,52.71327457,52.71327457,52.71327457,52.71327457,52.71327457,52.71327457,52.71327457,52.71327457,52.71327457,52.71327457,52.71327457,52.71327457,52.71327457,52.71327457,52.71327457,52.71327457,52.71327457
TGLX1,4/1/2022,105.057211,10.438308,52.33008808,52.33008808,52.33008808,52.33008808,52.33008808,52.33008808,52.33008808,52.33008808,52.33008808,52.33008808,52.33008808,52.33008808,52.33008808,52.33008808,52.33008808,52.33008808,52.33008808,52.33008808,52.33008808,52.33008808,52.33008808,52.33008808,52.33008808,52.33008808
TGLX1,5/1/2022,105.057211,10.438308,51.16044937,51.16044937,51.16044937,51.16044937,51.16044937,51.16044937,51.16044937,51.16044937,51.16044937,51.16044937,51.16044937,51.16044937,51.16044937,51.16044937,51.16044937,51.16044937,51.16044937,51.16044937,51.16044937,51.16044937,51.16044937,51.16044937,51.16044937,51.16044937
TGLX1,6/1/2022,105.057211,10.438308,30.63212282,30.63212282,30.63212282,30.63212282,30.63212282,30.63212282,30.63212282,30.63212282,30.63212282,30.63212282,30.63212282,30.63212282,30.63212282,30.63212282,30.63212282,30.63212282,30.63212282,30.63212282,30.63212282,30.63212282,30.63212282,30.63212282,30.63212282,30.63212282
TGLX1,7/1/2022,105.057211,10.438308,36.90746666,36.90746666,36.90746666,36.90746666,36.90746666,36.90746666,36.90746666,36.90746666,36.90746666,36.90746666,36.90746666,36.90746666,36.90746666,36.90746666,36.90746666,36.90746666,36.90746666,36.90746666,36.90746666,36.90746666,36.90746666,36.90746666,36.90746666,36.90746666
TGLX1,8/1/2022,105.057211,10.438308,50.96231441,50.96231441,50.96231441,50.96231441,50.96231441,50.96231441,50.96231441,50.96231441,50.96231441,50.96231441,50.96231441,50.96231441,50.96231441,50.96231441,50.96231441,50.96231441,50.96231441,50.96231441,50.96231441,50.96231441,50.96231441,50.96231441,50.96231441,50.96231441
TGLX1,9/1/2022,105.057211,10.438308,52.71071748,52.71071748,52.71071748,52.71071748,52.71071748,52.71071748,52.71071748,52.71071748,52.71071748,52.71071748,52.71071748,52.71071748,52.71071748,52.71071748,52.71071748,52.71071748,52.71071748,52.71071748,52.71071748,52.71071748,52.71071748,52.71071748,52.71071748,52.71071748
TGLX1,10/1/2022,105.057211,10.438308,36.88656365,36.88656365,36.88656365,36.88656365,36.88656365,36.88656365,36.88656365,36.88656365,36.88656365,36.88656365,36.88656365,36.88656365,36.88656365,36.88656365,36.88656365,36.88656365,36.88656365,36.88656365,36.88656365,36.88656365,36.88656365,36.88656365,36.88656365,36.88656365
TGLX1,11/1/2022,105.057211,10.438308,50.20338657,50.20338657,50.20338657,50.20338657,50.20338657,50.20338657,50.20338657,50.20338657,50.20338657,50.20338657,50.20338657,50.20338657,50.20338657,50.20338657,50.20338657,50.20338657,50.20338657,50.20338657,50.20338657,50.20338657,50.20338657,50.20338657,50.20338657,50.20338657
TGLX1,12/1/2022,105.057211,10.438308,63.33037198,63.33037198,63.33037198,63.33037198,63.33037198,63.33037198,63.33037198,63.33037198,63.33037198,63.33037198,63.33037198,63.33037198,63.33037198,63.33037198,63.33037198,63.33037198,63.33037198,63.33037198,63.33037198,63.33037198,63.33037198,63.33037198,63.33037198,63.33037198
TGLX1,1/1/2023,105.057211,10.438308,64.90550039,64.90550039,64.90550039,64.90550039,64.90550039,64.90550039,64.90550039,64.90550039,64.90550039,64.90550039,64.90550039,64.90550039,64.90550039,64.90550039,64.90550039,64.90550039,64.90550039,64.90550039,64.90550039,64.90550039,64.90550039,64.90550039,64.90550039,64.90550039
TGLX1,2/1/2023,105.057211,10.438308,51.87489918,51.87489918,51.87489918,51.87489918,51.87489918,51.87489918,51.87489918,51.87489918,51.87489918,51.87489918,51.87489918,51.87489918,51.87489918,51.87489918,51.87489918,51.87489918,51.87489918,51.87489918,51.87489918,51.87489918,51.87489918,51.87489918,51.87489918,51.87489918
TGLX1,3/1/2023,105.057211,10.438308,51.74247822,51.74247822,51.74247822,51.74247822,51.74247822,51.74247822,51.74247822,51.74247822,51.74247822,51.74247822,51.74247822,51.74247822,51.74247822,51.74247822,51.74247822,51.74247822,51.74247822,51.74247822,51.74247822,51.74247822,51.74247822,51.74247822,51.74247822,51.74247822
TGLX1,4/1/2023,105.057211,10.438308,51.86682719,51.86682719,51.86682719,51.86682719,51.86682719,51.86682719,51.86682719,51.86682719,51.86682719,51.86682719,51.86682719,51.86682719,51.86682719,51.86682719,51.86682719,51.86682719,51.86682719,51.86682719,51.86682719,51.86682719,51.86682719,51.86682719,51.86682719,51.86682719
TGLX1,5/1/2023,105.057211,10.438308,63.92134923,63.92134923,63.92134923,63.92134923,63.92134923,63.92134923,63.92134923,63.92134923,63.92134923,63.92134923,63.92134923,63.92134923,63.92134923,63.92134923,63.92134923,63.92134923,63.92134923,63.92134923,63.92134923,63.92134923,63.92134923,63.92134923,63.92134923,63.92134923
TGLX1,6/1/2023,105.057211,10.438308,42.94930621,42.94930621,42.94930621,42.94930621,42.94930621,42.94930621,42.94930621,42.94930621,42.94930621,42.94930621,42.94930621,42.94930621,42.94930621,42.94930621,42.94930621,42.94930621,42.94930621,42.94930621,42.94930621,42.94930621,42.94930621,42.94930621,42.94930621,42.94930621
TGLX1,7/1/2023,105.057211,10.438308,51.97037902,51.97037902,51.97037902,51.97037902,51.97037902,51.97037902,51.97037902,51.97037902,51.97037902,51.97037902,51.97037902,51.97037902,51.97037902,51.97037902,51.97037902,51.97037902,51.97037902,51.97037902,51.97037902,51.97037902,51.97037902,51.97037902,51.97037902,51.97037902
TGLX1,8/1/2023,105.057211,10.438308,57.26858212,57.26858212,57.26858212,57.26858212,57.26858212,57.26858212,57.26858212,57.26858212,57.26858212,57.26858212,57.26858212,57.26858212,57.26858212,57.26858212,57.26858212,57.26858212,57.26858212,57.26858212,57.26858212,57.26858212,57.26858212,57.26858212,57.26858212,57.26858212
TGLX1,9/1/2023,105.057211,10.438308,65.54751457,65.54751457,65.54751457,65.54751457,65.54751457,65.54751457,65.54751457,65.54751457,65.54751457,65.54751457,65.54751457,65.54751457,65.54751457,65.54751457,65.54751457,65.54751457,65.54751457,65.54751457,65.54751457,65.54751457,65.54751457,65.54751457,65.54751457,65.54751457
TGLX1,10/1/2023,105.057211,10.438308,51.63866215,51.63866215,51.63866215,51.63866215,51.63866215,51.63866215,51.63866215,51.63866215,51.63866215,51.63866215,51.63866215,51.63866215,51.63866215,51.63866215,51.63866215,51.63866215,51.63866215,51.63866215,51.63866215,51.63866215,51.63866215,51.63866215,51.63866215,51.63866215
TGLX1,11/1/2023,105.057211,10.438308,51.48351355,51.48351355,51.48351355,51.48351355,51.48351355,51.48351355,51.48351355,51.48351355,51.48351355,51.48351355,51.48351355,51.48351355,51.48351355,51.48351355,51.48351355,51.48351355,51.48351355,51.48351355,51.48351355,51.48351355,51.48351355,51.48351355,51.48351355,51.48351355
TGLX1,12/1/2023,105.057211,10.438308,35.36842512,35.36842512,35.36842512,35.36842512,35.36842512,35.36842512,35.36842512,35.36842512,35.36842512,35.36842512,35.36842512,35.36842512,35.36842512,35.36842512,35.36842512,35.36842512,35.36842512,35.36842512,35.36842512,35.36842512,35.36842512,35.36842512,35.36842512,35.36842512
TGLX1,1/1/2024,105.057211,10.438308,35.44194543,35.44194543,35.44194543,35.44194543,35.44194543,35.44194543,35.44194543,35.44194543,35.44194543,35.44194543,35.44194543,35.44194543,35.44194543,35.44194543,35.44194543,35.44194543,35.44194543,35.44194543,35.44194543,35.44194543,35.44194543,35.44194543,35.44194543,35.44194543
TGLX1,2/1/2024,105.057211,10.438308,61.60775714,61.60775714,61.60775714,61.60775714,61.60775714,61.60775714,61.60775714,61.60775714,61.60775714,61.60775714,61.60775714,61.60775714,61.60775714,61.60775714,61.60775714,61.60775714,61.60775714,61.60775714,61.60775714,61.60775714,61.60775714,61.60775714,61.60775714,61.60775714
TGLX1,3/1/2024,105.057211,10.438308,62.7269821,62.7269821,62.7269821,62.7269821,62.7269821,62.7269821,62.7269821,62.7269821,62.7269821,62.7269821,62.7269821,62.7269821,62.7269821,62.7269821,62.7269821,62.7269821,62.7269821,62.7269821,62.7269821,62.7269821,62.7269821,62.7269821,62.7269821,62.7269821
TGLX1,4/1/2024,105.057211,10.438308,55.02580313,55.02580313,55.02580313,55.02580313,55.02580313,55.02580313,55.02580313,55.02580313,55.02580313,55.02580313,55.02580313,55.02580313,55.02580313,55.02580313,55.02580313,55.02580313,55.02580313,55.02580313,55.02580313,55.02580313,55.02580313,55.02580313,55.02580313,55.02580313
TGLX1,5/1/2024,105.057211,10.438308,35.25427794,35.25427794,35.25427794,35.25427794,35.25427794,35.25427794,35.25427794,35.25427794,35.25427794,35.25427794,35.25427794,35.25427794,35.25427794,35.25427794,35.25427794,35.25427794,35.25427794,35.25427794,35.25427794,35.25427794,35.25427794,35.25427794,35.25427794,35.25427794
TGLX1,6/1/2024,105.057211,10.438308,63.99336394,63.99336394,63.99336394,63.99336394,63.99336394,63.99336394,63.99336394,63.99336394,63.99336394,63.99336394,63.99336394,63.99336394,63.99336394,63.99336394,63.99336394,63.99336394,63.99336394,63.99336394,63.99336394,63.99336394,63.99336394,63.99336394,63.99336394,63.99336394
TGLX1,7/1/2024,105.057211,10.438308,55.4769554,55.4769554,55.4769554,55.4769554,55.4769554,55.4769554,55.4769554,55.4769554,55.4769554,55.4769554,55.4769554,55.4769554,55.4769554,55.4769554,55.4769554,55.4769554,55.4769554,55.4769554,55.4769554,55.4769554,55.4769554,55.4769554,55.4769554,55.4769554
TGLX1,8/1/2024,105.057211,10.438308,54.30909239,54.30909239,54.30909239,54.30909239,54.30909239,54.30909239,54.30909239,54.30909239,54.30909239,54.30909239,54.30909239,54.30909239,54.30909239,54.30909239,54.30909239,54.30909239,54.30909239,54.30909239,54.30909239,54.30909239,54.30909239,54.30909239,54.30909239,54.30909239
TGLX1,9/1/2024,105.057211,10.438308,57.25928706,57.25928706,57.25928706,57.25928706,57.25928706,57.25928706,57.25928706,57.25928706,57.25928706,57.25928706,57.25928706,57.25928706,57.25928706,57.25928706,57.25928706,57.25928706,57.25928706,57.25928706,57.25928706,57.25928706,57.25928706,57.25928706,57.25928706,57.25928706
TGLX1,10/1/2024,105.057211,10.438308,35.54513117,35.54513117,35.54513117,35.54513117,35.54513117,35.54513117,35.54513117,35.54513117,35.54513117,35.54513117,35.54513117,35.54513117,35.54513117,35.54513117,35.54513117,35.54513117,35.54513117,35.54513117,35.54513117,35.54513117,35.54513117,35.54513117,35.54513117,35.54513117
TGLX1,11/1/2024,105.057211,10.438308,49.568734,49.568734,49.568734,49.568734,49.568734,49.568734,49.568734,49.568734,49.568734,49.568734,49.568734,49.568734,49.568734,49.568734,49.568734,49.568734,49.568734,49.568734,49.568734,49.568734,49.568734,49.568734,49.568734,49.568734
TGLX1,12/1/2024,105.057211,10.438308,51.11693398,51.11693398,51.11693398,51.11693398,51.11693398,51.11693398,51.11693398,51.11693398,51.11693398,51.11693398,51.11693398,51.11693398,51.11693398,51.11693398,51.11693398,51.11693398,51.11693398,51.11693398,51.11693398,51.11693398,51.11693398,51.11693398,51.11693398,51.11693398
TGLX1,1/1/2025,105.057211,10.438308,63.39478105,63.39478105,63.39478105,63.39478105,63.39478105,63.39478105,63.39478105,63.39478105,63.39478105,63.39478105,63.39478105,63.39478105,63.39478105,63.39478105,63.39478105,63.39478105,63.39478105,63.39478105,63.39478105,63.39478105,63.39478105,63.39478105,63.39478105,63.39478105
TGLX1,2/1/2025,105.057211,10.438308,69.74679858,69.74679858,69.74679858,69.74679858,69.74679858,69.74679858,69.74679858,69.74679858,69.74679858,69.74679858,69.74679858,69.74679858,69.74679858,69.74679858,69.74679858,69.74679858,69.74679858,69.74679858,69.74679858,69.74679858,69.74679858,69.74679858,69.74679858,69.74679858
TGLX1,3/1/2025,105.057211,10.438308,52.99742296,52.99742296,52.99742296,52.99742296,52.99742296,52.99742296,52.99742296,52.99742296,52.99742296,52.99742296,52.99742296,52.99742296,52.99742296,52.99742296,52.99742296,52.99742296,52.99742296,52.99742296,52.99742296,52.99742296,52.99742296,52.99742296,52.99742296,52.99742296
TGLX1,4/1/2025,105.057211,10.438308,50.06294482,50.06294482,50.06294482,50.06294482,50.06294482,50.06294482,50.06294482,50.06294482,50.06294482,50.06294482,50.06294482,50.06294482,50.06294482,50.06294482,50.06294482,50.06294482,50.06294482,50.06294482,50.06294482,50.06294482,50.06294482,50.06294482,50.06294482,50.06294482
TGLX1,5/1/2025,105.057211,10.438308,69.77279529,69.77279529,69.77279529,69.77279529,69.77279529,69.77279529,69.77279529,69.77279529,69.77279529,69.77279529,69.77279529,69.77279529,69.77279529,69.77279529,69.77279529,69.77279529,69.77279529,69.77279529,69.77279529,69.77279529,69.77279529,69.77279529,69.77279529,69.77279529
TGLX1,6/1/2025,105.057211,10.438308,51.6399012,51.6399012,51.6399012,51.6399012,51.6399012,51.6399012,51.6399012,51.6399012,51.6399012,51.6399012,51.6399012,51.6399012,51.6399012,51.6399012,51.6399012,51.6399012,51.6399012,51.6399012,51.6399012,51.6399012,51.6399012,51.6399012,51.6399012,51.6399012
TGLX1,7/1/2025,105.057211,10.438308,65.05598277,65.05598277,65.05598277,65.05598277,65.05598277,65.05598277,65.05598277,65.05598277,65.05598277,65.05598277,65.05598277,65.05598277,65.05598277,65.05598277,65.05598277,65.05598277,65.05598277,65.05598277,65.05598277,65.05598277,65.05598277,65.05598277,65.05598277,65.05598277
TGLX10,2/1/2021,105.114928,10.437028,4.409824497,4.409824497,4.409824497,4.409824497,4.409824497,4.409824497,4.409824497,4.409824497,4.409824497,4.409824497,4.409824497,4.409824497,4.409824497,4.409824497,4.409824497,4.409824497,4.409824497,4.409824497,4.409824497,4.409824497,4.409824497,4.409824497,4.409824497,4.409824497
TGLX10,3/1/2021,105.114928,10.437028,36.04569984,36.04569984,36.04569984,36.04569984,36.04569984,36.04569984,36.04569984,36.04569984,36.04569984,36.04569984,36.04569984,36.04569984,36.04569984,36.04569984,36.04569984,36.04569984,36.04569984,36.04569984,36.04569984,36.04569984,36.04569984,36.04569984,36.04569984,36.04569984
TGLX10,4/1/2021,105.114928,10.437028,44.32300658,44.32300658,44.32300658,44.32300658,44.32300658,44.32300658,44.32300658,44.32300658,44.32300658,44.32300658,44.32300658,44.32300658,44.32300658,44.32300658,44.32300658,44.32300658,44.32300658,44.32300658,44.32300658,44.32300658,44.32300658,44.32300658,44.32300658,44.32300658
TGLX10,5/1/2021,105.114928,10.437028,66.68570319,66.68570319,66.68570319,66.68570319,66.68570319,66.68570319,66.68570319,66.68570319,66.68570319,66.68570319,66.68570319,66.68570319,66.68570319,66.68570319,66.68570319,66.68570319,66.68570319,66.68570319,66.68570319,66.68570319,66.68570319,66.68570319,66.68570319,66.68570319
TGLX10,6/1/2021,105.114928,10.437028,35.27071817,35.27071817,35.27071817,35.27071817,35.27071817,35.27071817,35.27071817,35.27071817,35.27071817,35.27071817,35.27071817,35.27071817,35.27071817,35.27071817,35.27071817,35.27071817,35.27071817,35.27071817,35.27071817,35.27071817,35.27071817,35.27071817,35.27071817,35.27071817
TGLX10,7/1/2021,105.114928,10.437028,43.6623895,43.6623895,43.6623895,43.6623895,43.6623895,43.6623895,43.6623895,43.6623895,43.6623895,43.6623895,43.6623895,43.6623895,43.6623895,43.6623895,43.6623895,43.6623895,43.6623895,43.6623895,43.6623895,43.6623895,43.6623895,43.6623895,43.6623895,43.6623895
TGLX10,8/1/2021,105.114928,10.437028,44.16410691,44.16410691,44.16410691,44.16410691,44.16410691,44.16410691,44.16410691,44.16410691,44.16410691,44.16410691,44.16410691,44.16410691,44.16410691,44.16410691,44.16410691,44.16410691,44.16410691,44.16410691,44.16410691,44.16410691,44.16410691,44.16410691,44.16410691,44.16410691
TGLX10,9/1/2021,105.114928,10.437028,4.368050296,4.368050296,4.368050296,4.368050296,4.368050296,4.368050296,4.368050296,4.368050296,4.368050296,4.368050296,4.368050296,4.368050296,4.368050296,4.368050296,4.368050296,4.368050296,4.368050296,4.368050296,4.368050296,4.368050296,4.368050296,4.368050296,4.368050296,4.368050296
TGLX10,10/1/2021,105.114928,10.437028,53.37409007,53.37409007,53.37409007,53.37409007,53.37409007,53.37409007,53.37409007,53.37409007,53.37409007,53.37409007,53.37409007,53.37409007,53.37409007,53.37409007,53.37409007,53.37409007,53.37409007,53.37409007,53.37409007,53.37409007,53.37409007,53.37409007,53.37409007,53.37409007
TGLX10,11/1/2021,105.114928,10.437028,50.90929491,50.90929491,50.90929491,50.90929491,50.90929491,50.90929491,50.90929491,50.90929491,50.90929491,50.90929491,50.90929491,50.90929491,50.90929491,50.90929491,50.90929491,50.90929491,50.90929491,50.90929491,50.90929491,50.90929491,50.90929491,50.90929491,50.90929491,50.90929491
TGLX10,12/1/2021,105.114928,10.437028,5.037505333,5.037505333,5.037505333,5.037505333,5.037505333,5.037505333,5.037505333,5.037505333,5.037505333,5.037505333,5.037505333,5.037505333,5.037505333,5.037505333,5.037505333,5.037505333,5.037505333,5.037505333,5.037505333,5.037505333,5.037505333,5.037505333,5.037505333,5.037505333
TGLX10,1/1/2022,105.114928,10.437028,39.15966158,39.15966158,39.15966158,39.15966158,39.15966158,39.15966158,39.15966158,39.15966158,39.15966158,39.15966158,39.15966158,39.15966158,39.15966158,39.15966158,39.15966158,39.15966158,39.15966158,39.15966158,39.15966158,39.15966158,39.15966158,39.15966158,39.15966158,39.15966158
TGLX10,2/1/2022,105.114928,10.437028,5.042552828,5.042552828,5.042552828,5.042552828,5.042552828,5.042552828,5.042552828,5.042552828,5.042552828,5.042552828,5.042552828,5.042552828,5.042552828,5.042552828,5.042552828,5.042552828,5.042552828,5.042552828,5.042552828,5.042552828,5.042552828,5.042552828,5.042552828,5.042552828
TGLX10,3/1/2022,105.114928,10.437028,63.78815488,63.78815488,63.78815488,63.78815488,63.78815488,63.78815488,63.78815488,63.78815488,63.78815488,63.78815488,63.78815488,63.78815488,63.78815488,63.78815488,63.78815488,63.78815488,63.78815488,63.78815488,63.78815488,63.78815488,63.78815488,63.78815488,63.78815488,63.78815488
TGLX10,4/1/2022,105.114928,10.437028,5.081600986,5.081600986,5.081600986,5.081600986,5.081600986,5.081600986,5.081600986,5.081600986,5.081600986,5.081600986,5.081600986,5.081600986,5.081600986,5.081600986,5.081600986,5.081600986,5.081600986,5.081600986,5.081600986,5.081600986,5.081600986,5.081600986,5.081600986,5.081600986
TGLX10,5/1/2022,105.114928,10.437028,5.011098219,5.011098219,5.011098219,5.011098219,5.011098219,5.011098219,5.011098219,5.011098219,5.011098219,5.011098219,5.011098219,5.011098219,5.011098219,5.011098219,5.011098219,5.011098219,5.011098219,5.011098219,5.011098219,5.011098219,5.011098219,5.011098219,5.011098219,5.011098219
TGLX10,6/1/2022,105.114928,10.437028,64.61384114,64.61384114,64.61384114,64.61384114,64.61384114,64.61384114,64.61384114,64.61384114,64.61384114,64.61384114,64.61384114,64.61384114,64.61384114,64.61384114,64.61384114,64.61384114,64.61384114,64.61384114,64.61384114,64.61384114,64.61384114,64.61384114,64.61384114,64.61384114
TGLX10,7/1/2022,105.114928,10.437028,63.23043118,63.23043118,63.23043118,63.23043118,63.23043118,63.23043118,63.23043118,63.23043118,63.23043118,63.23043118,63.23043118,63.23043118,63.23043118,63.23043118,63.23043118,63.23043118,63.23043118,63.23043118,63.23043118,63.23043118,63.23043118,63.23043118,63.23043118,63.23043118
TGLX10,8/1/2022,105.114928,10.437028,54.16872362,54.16872362,54.16872362,54.16872362,54.16872362,54.16872362,54.16872362,54.16872362,54.16872362,54.16872362,54.16872362,54.16872362,54.16872362,54.16872362,54.16872362,54.16872362,54.16872362,54.16872362,54.16872362,54.16872362,54.16872362,54.16872362,54.16872362,54.16872362
TGLX10,9/1/2022,105.114928,10.437028,64.15013965,64.15013965,64.15013965,64.15013965,64.15013965,64.15013965,64.15013965,64.15013965,64.15013965,64.15013965,64.15013965,64.15013965,64.15013965,64.15013965,64.15013965,64.15013965,64.15013965,64.15013965,64.15013965,64.15013965,64.15013965,64.15013965,64.15013965,64.15013965
TGLX10,10/1/2022,105.114928,10.437028,54.82837485,54.82837485,54.82837485,54.82837485,54.82837485,54.82837485,54.82837485,54.82837485,54.82837485,54.82837485,54.82837485,54.82837485,54.82837485,54.82837485,54.82837485,54.82837485,54.82837485,54.82837485,54.82837485,54.82837485,54.82837485,54.82837485,54.82837485,54.82837485
TGLX10,11/1/2022,105.114928,10.437028,54.13709225,54.13709225,54.13709225,54.13709225,54.13709225,54.13709225,54.13709225,54.13709225,54.13709225,54.13709225,54.13709225,54.13709225,54.13709225,54.13709225,54.13709225,54.13709225,54.13709225,54.13709225,54.13709225,54.13709225,54.13709225,54.13709225,54.13709225,54.13709225
TGLX10,12/1/2022,105.114928,10.437028,52.17489853,52.17489853,52.17489853,52.17489853,52.17489853,52.17489853,52.17489853,52.17489853,52.17489853,52.17489853,52.17489853,52.17489853,52.17489853,52.17489853,52.17489853,52.17489853,52.17489853,52.17489853,52.17489853,52.17489853,52.17489853,52.17489853,52.17489853,52.17489853
TGLX10,1/1/2023,105.114928,10.437028,64.5341315,64.5341315,64.5341315,64.5341315,64.5341315,64.5341315,64.5341315,64.5341315,64.5341315,64.5341315,64.5341315,64.5341315,64.5341315,64.5341315,64.5341315,64.5341315,64.5341315,64.5341315,64.5341315,64.5341315,64.5341315,64.5341315,64.5341315,64.5341315
TGLX10,2/1/2023,105.114928,10.437028,52.11775925,52.11775925,52.11775925,52.11775925,52.11775925,52.11775925,52.11775925,52.11775925,52.11775925,52.11775925,52.11775925,52.11775925,52.11775925,52.11775925,52.11775925,52.11775925,52.11775925,52.11775925,52.11775925,52.11775925,52.11775925,52.11775925,52.11775925,52.11775925
TGLX10,3/1/2023,105.114928,10.437028,52.09255187,52.09255187,52.09255187,52.09255187,52.09255187,52.09255187,52.09255187,52.09255187,52.09255187,52.09255187,52.09255187,52.09255187,52.09255187,52.09255187,52.09255187,52.09255187,52.09255187,52.09255187,52.09255187,52.09255187,52.09255187,52.09255187,52.09255187,52.09255187
TGLX10,4/1/2023,105.114928,10.437028,63.43347812,63.43347812,63.43347812,63.43347812,63.43347812,63.43347812,63.43347812,63.43347812,63.43347812,63.43347812,63.43347812,63.43347812,63.43347812,63.43347812,63.43347812,63.43347812,63.43347812,63.43347812,63.43347812,63.43347812,63.43347812,63.43347812,63.43347812,63.43347812
TGLX10,5/1/2023,105.114928,10.437028,44.23912161,44.23912161,44.23912161,44.23912161,44.23912161,44.23912161,44.23912161,44.23912161,44.23912161,44.23912161,44.23912161,44.23912161,44.23912161,44.23912161,44.23912161,44.23912161,44.23912161,44.23912161,44.23912161,44.23912161,44.23912161,44.23912161,44.23912161,44.23912161
TGLX10,6/1/2023,105.114928,10.437028,42.36140804,42.36140804,42.36140804,42.36140804,42.36140804,42.36140804,42.36140804,42.36140804,42.36140804,42.36140804,42.36140804,42.36140804,42.36140804,42.36140804,42.36140804,42.36140804,42.36140804,42.36140804,42.36140804,42.36140804,42.36140804,42.36140804,42.36140804,42.36140804
TGLX10,7/1/2023,105.114928,10.437028,63.48262241,63.48262241,63.48262241,63.48262241,63.48262241,63.48262241,63.48262241,63.48262241,63.48262241,63.48262241,63.48262241,63.48262241,63.48262241,63.48262241,63.48262241,63.48262241,63.48262241,63.48262241,63.48262241,63.48262241,63.48262241,63.48262241,63.48262241,63.48262241
TGLX10,8/1/2023,105.114928,10.437028,32.37913766,32.37913766,32.37913766,32.37913766,32.37913766,32.37913766,32.37913766,32.37913766,32.37913766,32.37913766,32.37913766,32.37913766,32.37913766,32.37913766,32.37913766,32.37913766,32.37913766,32.37913766,32.37913766,32.37913766,32.37913766,32.37913766,32.37913766,32.37913766
TGLX10,9/1/2023,105.114928,10.437028,59.25569003,59.25569003,59.25569003,59.25569003,59.25569003,59.25569003,59.25569003,59.25569003,59.25569003,59.25569003,59.25569003,59.25569003,59.25569003,59.25569003,59.25569003,59.25569003,59.25569003,59.25569003,59.25569003,59.25569003,59.25569003,59.25569003,59.25569003,59.25569003
TGLX10,10/1/2023,105.114928,10.437028,34.81008835,34.81008835,34.81008835,34.81008835,34.81008835,34.81008835,34.81008835,34.81008835,34.81008835,34.81008835,34.81008835,34.81008835,34.81008835,34.81008835,34.81008835,34.81008835,34.81008835,34.81008835,34.81008835,34.81008835,34.81008835,34.81008835,34.81008835,34.81008835
TGLX10,11/1/2023,105.114928,10.437028,61.76123328,61.76123328,61.76123328,61.76123328,61.76123328,61.76123328,61.76123328,61.76123328,61.76123328,61.76123328,61.76123328,61.76123328,61.76123328,61.76123328,61.76123328,61.76123328,61.76123328,61.76123328,61.76123328,61.76123328,61.76123328,61.76123328,61.76123328,61.76123328
TGLX10,12/1/2023,105.114928,10.437028,16.67855019,16.67855019,16.67855019,16.67855019,16.67855019,16.67855019,16.67855019,16.67855019,16.67855019,16.67855019,16.67855019,16.67855019,16.67855019,16.67855019,16.67855019,16.67855019,16.67855019,16.67855019,16.67855019,16.67855019,16.67855019,16.67855019,16.67855019,16.67855019
TGLX10,1/1/2024,105.114928,10.437028,42.70892131,42.70892131,42.70892131,42.70892131,42.70892131,42.70892131,42.70892131,42.70892131,42.70892131,42.70892131,42.70892131,42.70892131,42.70892131,42.70892131,42.70892131,42.70892131,42.70892131,42.70892131,42.70892131,42.70892131,42.70892131,42.70892131,42.70892131,42.70892131
TGLX10,2/1/2024,105.114928,10.437028,55.2371058,55.2371058,55.2371058,55.2371058,55.2371058,55.2371058,55.2371058,55.2371058,55.2371058,55.2371058,55.2371058,55.2371058,55.2371058,55.2371058,55.2371058,55.2371058,55.2371058,55.2371058,55.2371058,55.2371058,55.2371058,55.2371058,55.2371058,55.2371058
TGLX10,3/1/2024,105.114928,10.437028,51.37083081,51.37083081,51.37083081,51.37083081,51.37083081,51.37083081,51.37083081,51.37083081,51.37083081,51.37083081,51.37083081,51.37083081,51.37083081,51.37083081,51.37083081,51.37083081,51.37083081,51.37083081,51.37083081,51.37083081,51.37083081,51.37083081,51.37083081,51.37083081
TGLX10,4/1/2024,105.114928,10.437028,16.47485709,16.47485709,16.47485709,16.47485709,16.47485709,16.47485709,16.47485709,16.47485709,16.47485709,16.47485709,16.47485709,16.47485709,16.47485709,16.47485709,16.47485709,16.47485709,16.47485709,16.47485709,16.47485709,16.47485709,16.47485709,16.47485709,16.47485709,16.47485709
TGLX10,5/1/2024,105.114928,10.437028,62.97556448,62.97556448,62.97556448,62.97556448,62.97556448,62.97556448,62.97556448,62.97556448,62.97556448,62.97556448,62.97556448,62.97556448,62.97556448,62.97556448,62.97556448,62.97556448,62.97556448,62.97556448,62.97556448,62.97556448,62.97556448,62.97556448,62.97556448,62.97556448
TGLX10,6/1/2024,105.114928,10.437028,49.08439945,49.08439945,49.08439945,49.08439945,49.08439945,49.08439945,49.08439945,49.08439945,49.08439945,49.08439945,49.08439945,49.08439945,49.08439945,49.08439945,49.08439945,49.08439945,49.08439945,49.08439945,49.08439945,49.08439945,49.08439945,49.08439945,49.08439945,49.08439945
TGLX10,7/1/2024,105.114928,10.437028,52.3267255,52.3267255,52.3267255,52.3267255,52.3267255,52.3267255,52.3267255,52.3267255,52.3267255,52.3267255,52.3267255,52.3267255,52.3267255,52.3267255,52.3267255,52.3267255,52.3267255,52.3267255,52.3267255,52.3267255,52.3267255,52.3267255,52.3267255,52.3267255
TGLX10,8/1/2024,105.114928,10.437028,35.89264679,35.89264679,35.89264679,35.89264679,35.89264679,35.89264679,35.89264679,35.89264679,35.89264679,35.89264679,35.89264679,35.89264679,35.89264679,35.89264679,35.89264679,35.89264679,35.89264679,35.89264679,35.89264679,35.89264679,35.89264679,35.89264679,35.89264679,35.89264679
TGLX10,9/1/2024,105.114928,10.437028,58.57034034,58.57034034,58.57034034,58.57034034,58.57034034,58.57034034,58.57034034,58.57034034,58.57034034,58.57034034,58.57034034,58.57034034,58.57034034,58.57034034,58.57034034,58.57034034,58.57034034,58.57034034,58.57034034,58.57034034,58.57034034,58.57034034,58.57034034,58.57034034
TGLX10,10/1/2024,105.114928,10.437028,35.68330635,35.68330635,35.68330635,35.68330635,35.68330635,35.68330635,35.68330635,35.68330635,35.68330635,35.68330635,35.68330635,35.68330635,35.68330635,35.68330635,35.68330635,35.68330635,35.68330635,35.68330635,35.68330635,35.68330635,35.68330635,35.68330635,35.68330635,35.68330635
TGLX10,11/1/2024,105.114928,10.437028,52.43685116,52.43685116,52.43685116,52.43685116,52.43685116,52.43685116,52.43685116,52.43685116,52.43685116,52.43685116,52.43685116,52.43685116,52.43685116,52.43685116,52.43685116,52.43685116,52.43685116,52.43685116,52.43685116,52.43685116,52.43685116,52.43685116,52.43685116,52.43685116
TGLX10,12/1/2024,105.114928,10.437028,51.92164031,51.92164031,51.92164031,51.92164031,51.92164031,51.92164031,51.92164031,51.92164031,51.92164031,51.92164031,51.92164031,51.92164031,51.92164031,51.92164031,51.92164031,51.92164031,51.92164031,51.92164031,51.92164031,51.92164031,51.92164031,51.92164031,51.92164031,51.92164031
TGLX10,1/1/2025,105.114928,10.437028,44.81984525,44.81984525,44.81984525,44.81984525,44.81984525,44.81984525,44.81984525,44.81984525,44.81984525,44.81984525,44.81984525,44.81984525,44.81984525,44.81984525,44.81984525,44.81984525,44.81984525,44.81984525,44.81984525,44.81984525,44.81984525,44.81984525,44.81984525,44.81984525
TGLX10,2/1/2025,105.114928,10.437028,69.83467679,69.83467679,69.83467679,69.83467679,69.83467679,69.83467679,69.83467679,69.83467679,69.83467679,69.83467679,69.83467679,69.83467679,69.83467679,69.83467679,69.83467679,69.83467679,69.83467679,69.83467679,69.83467679,69.83467679,69.83467679,69.83467679,69.83467679,69.83467679
TGLX10,3/1/2025,105.114928,10.437028,67.72704441,67.72704441,67.72704441,67.72704441,67.72704441,67.72704441,67.72704441,67.72704441,67.72704441,67.72704441,67.72704441,67.72704441,67.72704441,67.72704441,67.72704441,67.72704441,67.72704441,67.72704441,67.72704441,67.72704441,67.72704441,67.72704441,67.72704441,67.72704441
TGLX10,4/1/2025,105.114928,10.437028,35.61352808,35.61352808,35.61352808,35.61352808,35.61352808,35.61352808,35.61352808,35.61352808,35.61352808,35.61352808,35.61352808,35.61352808,35.61352808,35.61352808,35.61352808,35.61352808,35.61352808,35.61352808,35.61352808,35.61352808,35.61352808,35.61352808,35.61352808,35.61352808
TGLX10,5/1/2025,105.114928,10.437028,35.48572801,35.48572801,35.48572801,35.48572801,35.48572801,35.48572801,35.48572801,35.48572801,35.48572801,35.48572801,35.48572801,35.48572801,35.48572801,35.48572801,35.48572801,35.48572801,35.48572801,35.48572801,35.48572801,35.48572801,35.48572801,35.48572801,35.48572801,35.48572801
TGLX10,6/1/2025,105.114928,10.437028,34.50719652,34.50719652,34.50719652,34.50719652,34.50719652,34.50719652,34.50719652,34.50719652,34.50719652,34.50719652,34.50719652,34.50719652,34.50719652,34.50719652,34.50719652,34.50719652,34.50719652,34.50719652,34.50719652,34.50719652,34.50719652,34.50719652,34.50719652,34.50719652
TGLX10,7/1/2025,105.114928,10.437028,65.87558362,65.87558362,65.87558362,65.87558362,65.87558362,65.87558362,65.87558362,65.87558362,65.87558362,65.87558362,65.87558362,65.87558362,65.87558362,65.87558362,65.87558362,65.87558362,65.87558362,65.87558362,65.87558362,65.87558362,65.87558362,65.87558362,65.87558362,65.87558362
TGLX11,2/1/2021,105.017189,10.3161,25.87935309,25.87935309,25.87935309,25.87935309,25.87935309,25.87935309,25.87935309,25.87935309,25.87935309,25.87935309,25.87935309,25.87935309,25.87935309,25.87935309,25.87935309,25.87935309,25.87935309,25.87935309,25.87935309,25.87935309,25.87935309,25.87935309,25.87935309,25.87935309
TGLX11,3/1/2021,105.017189,10.3161,34.34890301,34.34890301,34.34890301,34.34890301,34.34890301,34.34890301,34.34890301,34.34890301,34.34890301,34.34890301,34.34890301,34.34890301,34.34890301,34.34890301,34.34890301,34.34890301,34.34890301,34.34890301,34.34890301,34.34890301,34.34890301,34.34890301,34.34890301,34.34890301
TGLX11,4/1/2021,105.017189,10.3161,66.49391872,66.49391872,66.49391872,66.49391872,66.49391872,66.49391872,66.49391872,66.49391872,66.49391872,66.49391872,66.49391872,66.49391872,66.49391872,66.49391872,66.49391872,66.49391872,66.49391872,66.49391872,66.49391872,66.49391872,66.49391872,66.49391872,66.49391872,66.49391872
TGLX11,5/1/2021,105.017189,10.3161,53.58310728,53.58310728,53.58310728,53.58310728,53.58310728,53.58310728,53.58310728,53.58310728,53.58310728,53.58310728,53.58310728,53.58310728,53.58310728,53.58310728,53.58310728,53.58310728,53.58310728,53.58310728,53.58310728,53.58310728,53.58310728,53.58310728,53.58310728,53.58310728
TGLX11,6/1/2021,105.017189,10.3161,35.1413234,35.1413234,35.1413234,35.1413234,35.1413234,35.1413234,35.1413234,35.1413234,35.1413234,35.1413234,35.1413234,35.1413234,35.1413234,35.1413234,35.1413234,35.1413234,35.1413234,35.1413234,35.1413234,35.1413234,35.1413234,35.1413234,35.1413234,35.1413234
TGLX11,7/1/2021,105.017189,10.3161,44.23188952,44.23188952,44.23188952,44.23188952,44.23188952,44.23188952,44.23188952,44.23188952,44.23188952,44.23188952,44.23188952,44.23188952,44.23188952,44.23188952,44.23188952,44.23188952,44.23188952,44.23188952,44.23188952,44.23188952,44.23188952,44.23188952,44.23188952,44.23188952
TGLX11,8/1/2021,105.017189,10.3161,43.03739507,43.03739507,43.03739507,43.03739507,43.03739507,43.03739507,43.03739507,43.03739507,43.03739507,43.03739507,43.03739507,43.03739507,43.03739507,43.03739507,43.03739507,43.03739507,43.03739507,43.03739507,43.03739507,43.03739507,43.03739507,43.03739507,43.03739507,43.03739507
TGLX11,9/1/2021,105.017189,10.3161,23.86954653,23.86954653,23.86954653,23.86954653,23.86954653,23.86954653,23.86954653,23.86954653,23.86954653,23.86954653,23.86954653,23.86954653,23.86954653,23.86954653,23.86954653,23.86954653,23.86954653,23.86954653,23.86954653,23.86954653,23.86954653,23.86954653,23.86954653,23.86954653
TGLX11,10/1/2021,105.017189,10.3161,63.19447385,63.19447385,63.19447385,63.19447385,63.19447385,63.19447385,63.19447385,63.19447385,63.19447385,63.19447385,63.19447385,63.19447385,63.19447385,63.19447385,63.19447385,63.19447385,63.19447385,63.19447385,63.19447385,63.19447385,63.19447385,63.19447385,63.19447385,63.19447385
TGLX11,11/1/2021,105.017189,10.3161,50.75448663,50.75448663,50.75448663,50.75448663,50.75448663,50.75448663,50.75448663,50.75448663,50.75448663,50.75448663,50.75448663,50.75448663,50.75448663,50.75448663,50.75448663,50.75448663,50.75448663,50.75448663,50.75448663,50.75448663,50.75448663,50.75448663,50.75448663,50.75448663
TGLX11,12/1/2021,105.017189,10.3161,29.08606592,29.08606592,29.08606592,29.08606592,29.08606592,29.08606592,29.08606592,29.08606592,29.08606592,29.08606592,29.08606592,29.08606592,29.08606592,29.08606592,29.08606592,29.08606592,29.08606592,29.08606592,29.08606592,29.08606592,29.08606592,29.08606592,29.08606592,29.08606592
TGLX11,1/1/2022,105.017189,10.3161,38.74509438,38.74509438,38.74509438,38.74509438,38.74509438,38.74509438,38.74509438,38.74509438,38.74509438,38.74509438,38.74509438,38.74509438,38.74509438,38.74509438,38.74509438,38.74509438,38.74509438,38.74509438,38.74509438,38.74509438,38.74509438,38.74509438,38.74509438,38.74509438
TGLX11,2/1/2022,105.017189,10.3161,51.83392039,51.83392039,51.83392039,51.83392039,51.83392039,51.83392039,51.83392039,51.83392039,51.83392039,51.83392039,51.83392039,51.83392039,51.83392039,51.83392039,51.83392039,51.83392039,51.83392039,51.83392039,51.83392039,51.83392039,51.83392039,51.83392039,51.83392039,51.83392039
TGLX11,3/1/2022,105.017189,10.3161,51.58309808,51.58309808,51.58309808,51.58309808,51.58309808,51.58309808,51.58309808,51.58309808,51.58309808,51.58309808,51.58309808,51.58309808,51.58309808,51.58309808,51.58309808,51.58309808,51.58309808,51.58309808,51.58309808,51.58309808,51.58309808,51.58309808,51.58309808,51.58309808
TGLX11,4/1/2022,105.017189,10.3161,33.7791134,33.7791134,33.7791134,33.7791134,33.7791134,33.7791134,33.7791134,33.7791134,33.7791134,33.7791134,33.7791134,33.7791134,33.7791134,33.7791134,33.7791134,33.7791134,33.7791134,33.7791134,33.7791134,33.7791134,33.7791134,33.7791134,33.7791134,33.7791134
TGLX11,5/1/2022,105.017189,10.3161,52.77176943,52.77176943,52.77176943,52.77176943,52.77176943,52.77176943,52.77176943,52.77176943,52.77176943,52.77176943,52.77176943,52.77176943,52.77176943,52.77176943,52.77176943,52.77176943,52.77176943,52.77176943,52.77176943,52.77176943,52.77176943,52.77176943,52.77176943,52.77176943
TGLX11,6/1/2022,105.017189,10.3161,64.44488281,64.44488281,64.44488281,64.44488281,64.44488281,64.44488281,64.44488281,64.44488281,64.44488281,64.44488281,64.44488281,64.44488281,64.44488281,64.44488281,64.44488281,64.44488281,64.44488281,64.44488281,64.44488281,64.44488281,64.44488281,64.44488281,64.44488281,64.44488281
TGLX11,7/1/2022,105.017189,10.3161,51.06432035,51.06432035,51.06432035,51.06432035,51.06432035,51.06432035,51.06432035,51.06432035,51.06432035,51.06432035,51.06432035,51.06432035,51.06432035,51.06432035,51.06432035,51.06432035,51.06432035,51.06432035,51.06432035,51.06432035,51.06432035,51.06432035,51.06432035,51.06432035
TGLX11,8/1/2022,105.017189,10.3161,37.05235168,37.05235168,37.05235168,37.05235168,37.05235168,37.05235168,37.05235168,37.05235168,37.05235168,37.05235168,37.05235168,37.05235168,37.05235168,37.05235168,37.05235168,37.05235168,37.05235168,37.05235168,37.05235168,37.05235168,37.05235168,37.05235168,37.05235168,37.05235168
TGLX11,9/1/2022,105.017189,10.3161,51.81937791,51.81937791,51.81937791,51.81937791,51.81937791,51.81937791,51.81937791,51.81937791,51.81937791,51.81937791,51.81937791,51.81937791,51.81937791,51.81937791,51.81937791,51.81937791,51.81937791,51.81937791,51.81937791,51.81937791,51.81937791,51.81937791,51.81937791,51.81937791
TGLX11,10/1/2022,105.017189,10.3161,52.07357222,52.07357222,52.07357222,52.07357222,52.07357222,52.07357222,52.07357222,52.07357222,52.07357222,52.07357222,52.07357222,52.07357222,52.07357222,52.07357222,52.07357222,52.07357222,52.07357222,52.07357222,52.07357222,52.07357222,52.07357222,52.07357222,52.07357222,52.07357222
TGLX11,11/1/2022,105.017189,10.3161,54.61162406,54.61162406,54.61162406,54.61162406,54.61162406,54.61162406,54.61162406,54.61162406,54.61162406,54.61162406,54.61162406,54.61162406,54.61162406,54.61162406,54.61162406,54.61162406,54.61162406,54.61162406,54.61162406,54.61162406,54.61162406,54.61162406,54.61162406,54.61162406
TGLX11,12/1/2022,105.017189,10.3161,52.15376,52.15376,52.15376,52.15376,52.15376,52.15376,52.15376,52.15376,52.15376,52.15376,52.15376,52.15376,52.15376,52.15376,52.15376,52.15376,52.15376,52.15376,52.15376,52.15376,52.15376,52.15376,52.15376,52.15376
TGLX11,1/1/2023,105.017189,10.3161,64.29205747,64.29205747,64.29205747,64.29205747,64.29205747,64.29205747,64.29205747,64.29205747,64.29205747,64.29205747,64.29205747,64.29205747,64.29205747,64.29205747,64.29205747,64.29205747,64.29205747,64.29205747,64.29205747,64.29205747,64.29205747,64.29205747,64.29205747,64.29205747
TGLX11,2/1/2023,105.017189,10.3161,51.02447012,51.02447012,51.02447012,51.02447012,51.02447012,51.02447012,51.02447012,51.02447012,51.02447012,51.02447012,51.02447012,51.02447012,51.02447012,51.02447012,51.02447012,51.02447012,51.02447012,51.02447012,51.02447012,51.02447012,51.02447012,51.02447012,51.02447012,51.02447012
TGLX11,3/1/2023,105.017189,10.3161,51.98132714,51.98132714,51.98132714,51.98132714,51.98132714,51.98132714,51.98132714,51.98132714,51.98132714,51.98132714,51.98132714,51.98132714,51.98132714,51.98132714,51.98132714,51.98132714,51.98132714,51.98132714,51.98132714,51.98132714,51.98132714,51.98132714,51.98132714,51.98132714
TGLX11,4/1/2023,105.017189,10.3161,51.56034255,51.56034255,51.56034255,51.56034255,51.56034255,51.56034255,51.56034255,51.56034255,51.56034255,51.56034255,51.56034255,51.56034255,51.56034255,51.56034255,51.56034255,51.56034255,51.56034255,51.56034255,51.56034255,51.56034255,51.56034255,51.56034255,51.56034255,51.56034255
TGLX11,5/1/2023,105.017189,10.3161,52.20041772,52.20041772,52.20041772,52.20041772,52.20041772,52.20041772,52.20041772,52.20041772,52.20041772,52.20041772,52.20041772,52.20041772,52.20041772,52.20041772,52.20041772,52.20041772,52.20041772,52.20041772,52.20041772,52.20041772,52.20041772,52.20041772,52.20041772,52.20041772
TGLX11,6/1/2023,105.017189,10.3161,29.52225161,29.52225161,29.52225161,29.52225161,29.52225161,29.52225161,29.52225161,29.52225161,29.52225161,29.52225161,29.52225161,29.52225161,29.52225161,29.52225161,29.52225161,29.52225161,29.52225161,29.52225161,29.52225161,29.52225161,29.52225161,29.52225161,29.52225161,29.52225161
TGLX11,7/1/2023,105.017189,10.3161,50.52531222,50.52531222,50.52531222,50.52531222,50.52531222,50.52531222,50.52531222,50.52531222,50.52531222,50.52531222,50.52531222,50.52531222,50.52531222,50.52531222,50.52531222,50.52531222,50.52531222,50.52531222,50.52531222,50.52531222,50.52531222,50.52531222,50.52531222,50.52531222
TGLX11,8/1/2023,105.017189,10.3161,33.34429496,33.34429496,33.34429496,33.34429496,33.34429496,33.34429496,33.34429496,33.34429496,33.34429496,33.34429496,33.34429496,33.34429496,33.34429496,33.34429496,33.34429496,33.34429496,33.34429496,33.34429496,33.34429496,33.34429496,33.34429496,33.34429496,33.34429496,33.34429496
TGLX11,9/1/2023,105.017189,10.3161,55.97563559,55.97563559,55.97563559,55.97563559,55.97563559,55.97563559,55.97563559,55.97563559,55.97563559,55.97563559,55.97563559,55.97563559,55.97563559,55.97563559,55.97563559,55.97563559,55.97563559,55.97563559,55.97563559,55.97563559,55.97563559,55.97563559,55.97563559,55.97563559
TGLX11,10/1/2023,105.017189,10.3161,50.03116567,50.03116567,50.03116567,50.03116567,50.03116567,50.03116567,50.03116567,50.03116567,50.03116567,50.03116567,50.03116567,50.03116567,50.03116567,50.03116567,50.03116567,50.03116567,50.03116567,50.03116567,50.03116567,50.03116567,50.03116567,50.03116567,50.03116567,50.03116567
TGLX11,11/1/2023,105.017189,10.3161,48.09294804,48.09294804,48.09294804,48.09294804,48.09294804,48.09294804,48.09294804,48.09294804,48.09294804,48.09294804,48.09294804,48.09294804,48.09294804,48.09294804,48.09294804,48.09294804,48.09294804,48.09294804,48.09294804,48.09294804,48.09294804,48.09294804,48.09294804,48.09294804
TGLX11,12/1/2023,105.017189,10.3161,36.56901769,36.56901769,36.56901769,36.56901769,36.56901769,36.56901769,36.56901769,36.56901769,36.56901769,36.56901769,36.56901769,36.56901769,36.56901769,36.56901769,36.56901769,36.56901769,36.56901769,36.56901769,36.56901769,36.56901769,36.56901769,36.56901769,36.56901769,36.56901769
TGLX11,1/1/2024,105.017189,10.3161,32.69623162,32.69623162,32.69623162,32.69623162,32.69623162,32.69623162,32.69623162,32.69623162,32.69623162,32.69623162,32.69623162,32.69623162,32.69623162,32.69623162,32.69623162,32.69623162,32.69623162,32.69623162,32.69623162,32.69623162,32.69623162,32.69623162,32.69623162,32.69623162
TGLX11,2/1/2024,105.017189,10.3161,53.17881183,53.17881183,53.17881183,53.17881183,53.17881183,53.17881183,53.17881183,53.17881183,53.17881183,53.17881183,53.17881183,53.17881183,53.17881183,53.17881183,53.17881183,53.17881183,53.17881183,53.17881183,53.17881183,53.17881183,53.17881183,53.17881183,53.17881183,53.17881183
TGLX11,3/1/2024,105.017189,10.3161,51.60183425,51.60183425,51.60183425,51.60183425,51.60183425,51.60183425,51.60183425,51.60183425,51.60183425,51.60183425,51.60183425,51.60183425,51.60183425,51.60183425,51.60183425,51.60183425,51.60183425,51.60183425,51.60183425,51.60183425,51.60183425,51.60183425,51.60183425,51.60183425
TGLX11,4/1/2024,105.017189,10.3161,17.14327745,17.14327745,17.14327745,17.14327745,17.14327745,17.14327745,17.14327745,17.14327745,17.14327745,17.14327745,17.14327745,17.14327745,17.14327745,17.14327745,17.14327745,17.14327745,17.14327745,17.14327745,17.14327745,17.14327745,17.14327745,17.14327745,17.14327745,17.14327745
TGLX11,5/1/2024,105.017189,10.3161,62.47332357,62.47332357,62.47332357,62.47332357,62.47332357,62.47332357,62.47332357,62.47332357,62.47332357,62.47332357,62.47332357,62.47332357,62.47332357,62.47332357,62.47332357,62.47332357,62.47332357,62.47332357,62.47332357,62.47332357,62.47332357,62.47332357,62.47332357,62.47332357
TGLX11,6/1/2024,105.017189,10.3161,32.66397337,32.66397337,32.66397337,32.66397337,32.66397337,32.66397337,32.66397337,32.66397337,32.66397337,32.66397337,32.66397337,32.66397337,32.66397337,32.66397337,32.66397337,32.66397337,32.66397337,32.66397337,32.66397337,32.66397337,32.66397337,32.66397337,32.66397337,32.66397337
TGLX11,7/1/2024,105.017189,10.3161,66.84500332,66.84500332,66.84500332,66.84500332,66.84500332,66.84500332,66.84500332,66.84500332,66.84500332,66.84500332,66.84500332,66.84500332,66.84500332,66.84500332,66.84500332,66.84500332,66.84500332,66.84500332,66.84500332,66.84500332,66.84500332,66.84500332,66.84500332,66.84500332
TGLX11,8/1/2024,105.017189,10.3161,37.26393758,37.26393758,37.26393758,37.26393758,37.26393758,37.26393758,37.26393758,37.26393758,37.26393758,37.26393758,37.26393758,37.26393758,37.26393758,37.26393758,37.26393758,37.26393758,37.26393758,37.26393758,37.26393758,37.26393758,37.26393758,37.26393758,37.26393758,37.26393758
TGLX11,9/1/2024,105.017189,10.3161,35.20590527,35.20590527,35.20590527,35.20590527,35.20590527,35.20590527,35.20590527,35.20590527,35.20590527,35.20590527,35.20590527,35.20590527,35.20590527,35.20590527,35.20590527,35.20590527,35.20590527,35.20590527,35.20590527,35.20590527,35.20590527,35.20590527,35.20590527,35.20590527
TGLX11,10/1/2024,105.017189,10.3161,33.96912364,33.96912364,33.96912364,33.96912364,33.96912364,33.96912364,33.96912364,33.96912364,33.96912364,33.96912364,33.96912364,33.96912364,33.96912364,33.96912364,33.96912364,33.96912364,33.96912364,33.96912364,33.96912364,33.96912364,33.96912364,33.96912364,33.96912364,33.96912364
TGLX11,11/1/2024,105.017189,10.3161,53.09696165,53.09696165,53.09696165,53.09696165,53.09696165,53.09696165,53.09696165,53.09696165,53.09696165,53.09696165,53.09696165,53.09696165,53.09696165,53.09696165,53.09696165,53.09696165,53.09696165,53.09696165,53.09696165,53.09696165,53.09696165,53.09696165,53.09696165,53.09696165
TGLX11,12/1/2024,105.017189,10.3161,51.56129386,51.56129386,51.56129386,51.56129386,51.56129386,51.56129386,51.56129386,51.56129386,51.56129386,51.56129386,51.56129386,51.56129386,51.56129386,51.56129386,51.56129386,51.56129386,51.56129386,51.56129386,51.56129386,51.56129386,51.56129386,51.56129386,51.56129386,51.56129386
TGLX11,1/1/2025,105.017189,10.3161,45.81622572,45.81622572,45.81622572,45.81622572,45.81622572,45.81622572,45.81622572,45.81622572,45.81622572,45.81622572,45.81622572,45.81622572,45.81622572,45.81622572,45.81622572,45.81622572,45.81622572,45.81622572,45.81622572,45.81622572,45.81622572,45.81622572,45.81622572,45.81622572
TGLX11,2/1/2025,105.017189,10.3161,51.5349507,51.5349507,51.5349507,51.5349507,51.5349507,51.5349507,51.5349507,51.5349507,51.5349507,51.5349507,51.5349507,51.5349507,51.5349507,51.5349507,51.5349507,51.5349507,51.5349507,51.5349507,51.5349507,51.5349507,51.5349507,51.5349507,51.5349507,51.5349507
TGLX11,3/1/2025,105.017189,10.3161,48.67640493,48.67640493,48.67640493,48.67640493,48.67640493,48.67640493,48.67640493,48.67640493,48.67640493,48.67640493,48.67640493,48.67640493,48.67640493,48.67640493,48.67640493,48.67640493,48.67640493,48.67640493,48.67640493,48.67640493,48.67640493,48.67640493,48.67640493,48.67640493
TGLX11,4/1/2025,105.017189,10.3161,68.96100966,68.96100966,68.96100966,68.96100966,68.96100966,68.96100966,68.96100966,68.96100966,68.96100966,68.96100966,68.96100966,68.96100966,68.96100966,68.96100966,68.96100966,68.96100966,68.96100966,68.96100966,68.96100966,68.96100966,68.96100966,68.96100966,68.96100966,68.96100966
TGLX11,5/1/2025,105.017189,10.3161,54.96603262,54.96603262,54.96603262,54.96603262,54.96603262,54.96603262,54.96603262,54.96603262,54.96603262,54.96603262,54.96603262,54.96603262,54.96603262,54.96603262,54.96603262,54.96603262,54.96603262,54.96603262,54.96603262,54.96603262,54.96603262,54.96603262,54.96603262,54.96603262
TGLX11,6/1/2025,105.017189,10.3161,53.35757792,53.35757792,53.35757792,53.35757792,53.35757792,53.35757792,53.35757792,53.35757792,53.35757792,53.35757792,53.35757792,53.35757792,53.35757792,53.35757792,53.35757792,53.35757792,53.35757792,53.35757792,53.35757792,53.35757792,53.35757792,53.35757792,53.35757792,53.35757792
TGLX11,7/1/2025,105.017189,10.3161,61.80420617,61.80420617,61.80420617,61.80420617,61.80420617,61.80420617,61.80420617,61.80420617,61.80420617,61.80420617,61.80420617,61.80420617,61.80420617,61.80420617,61.80420617,61.80420617,61.80420617,61.80420617,61.80420617,61.80420617,61.80420617,61.80420617,61.80420617,61.80420617
TGLX12,10/1/2021,104.864517,10.355711,64.39893281,64.39893281,64.39893281,64.39893281,64.39893281,64.39893281,64.39893281,64.39893281,64.39893281,64.39893281,64.39893281,64.39893281,64.39893281,64.39893281,64.39893281,64.39893281,64.39893281,64.39893281,64.39893281,64.39893281,64.39893281,64.39893281,64.39893281,64.39893281
TGLX12,11/1/2021,104.864517,10.355711,52.08854276,52.08854276,52.08854276,52.08854276,52.08854276,52.08854276,52.08854276,52.08854276,52.08854276,52.08854276,52.08854276,52.08854276,52.08854276,52.08854276,52.08854276,52.08854276,52.08854276,52.08854276,52.08854276,52.08854276,52.08854276,52.08854276,52.08854276,52.08854276
TGLX12,12/1/2021,104.864517,10.355711,48.2741243,48.2741243,48.2741243,48.2741243,48.2741243,48.2741243,48.2741243,48.2741243,48.2741243,48.2741243,48.2741243,48.2741243,48.2741243,48.2741243,48.2741243,48.2741243,48.2741243,48.2741243,48.2741243,48.2741243,48.2741243,48.2741243,48.2741243,48.2741243
TGLX12,1/1/2022,104.864517,10.355711,38.43595729,38.43595729,38.43595729,38.43595729,38.43595729,38.43595729,38.43595729,38.43595729,38.43595729,38.43595729,38.43595729,38.43595729,38.43595729,38.43595729,38.43595729,38.43595729,38.43595729,38.43595729,38.43595729,38.43595729,38.43595729,38.43595729,38.43595729,38.43595729
TGLX12,2/1/2022,104.864517,10.355711,51.74445355,51.74445355,51.74445355,51.74445355,51.74445355,51.74445355,51.74445355,51.74445355,51.74445355,51.74445355,51.74445355,51.74445355,51.74445355,51.74445355,51.74445355,51.74445355,51.74445355,51.74445355,51.74445355,51.74445355,51.74445355,51.74445355,51.74445355,51.74445355
TGLX12,3/1/2022,104.864517,10.355711,51.7674581,51.7674581,51.7674581,51.7674581,51.7674581,51.7674581,51.7674581,51.7674581,51.7674581,51.7674581,51.7674581,51.7674581,51.7674581,51.7674581,51.7674581,51.7674581,51.7674581,51.7674581,51.7674581,51.7674581,51.7674581,51.7674581,51.7674581,51.7674581
TGLX12,4/1/2022,104.864517,10.355711,48.73112583,48.73112583,48.73112583,48.73112583,48.73112583,48.73112583,48.73112583,48.73112583,48.73112583,48.73112583,48.73112583,48.73112583,48.73112583,48.73112583,48.73112583,48.73112583,48.73112583,48.73112583,48.73112583,48.73112583,48.73112583,48.73112583,48.73112583,48.73112583
TGLX12,5/1/2022,104.864517,10.355711,48.98496099,48.98496099,48.98496099,48.98496099,48.98496099,48.98496099,48.98496099,48.98496099,48.98496099,48.98496099,48.98496099,48.98496099,48.98496099,48.98496099,48.98496099,48.98496099,48.98496099,48.98496099,48.98496099,48.98496099,48.98496099,48.98496099,48.98496099,48.98496099
TGLX12,6/1/2022,104.864517,10.355711,50.88589827,50.88589827,50.88589827,50.88589827,50.88589827,50.88589827,50.88589827,50.88589827,50.88589827,50.88589827,50.88589827,50.88589827,50.88589827,50.88589827,50.88589827,50.88589827,50.88589827,50.88589827,50.88589827,50.88589827,50.88589827,50.88589827,50.88589827,50.88589827
TGLX12,7/1/2022,104.864517,10.355711,34.96030667,34.96030667,34.96030667,34.96030667,34.96030667,34.96030667,34.96030667,34.96030667,34.96030667,34.96030667,34.96030667,34.96030667,34.96030667,34.96030667,34.96030667,34.96030667,34.96030667,34.96030667,34.96030667,34.96030667,34.96030667,34.96030667,34.96030667,34.96030667
TGLX12,8/1/2022,104.864517,10.355711,34.25276671,34.25276671,34.25276671,34.25276671,34.25276671,34.25276671,34.25276671,34.25276671,34.25276671,34.25276671,34.25276671,34.25276671,34.25276671,34.25276671,34.25276671,34.25276671,34.25276671,34.25276671,34.25276671,34.25276671,34.25276671,34.25276671,34.25276671,34.25276671
TGLX12,9/1/2022,104.864517,10.355711,50.12846727,50.12846727,50.12846727,50.12846727,50.12846727,50.12846727,50.12846727,50.12846727,50.12846727,50.12846727,50.12846727,50.12846727,50.12846727,50.12846727,50.12846727,50.12846727,50.12846727,50.12846727,50.12846727,50.12846727,50.12846727,50.12846727,50.12846727,50.12846727
TGLX12,10/1/2022,104.864517,10.355711,51.79292947,51.79292947,51.79292947,51.79292947,51.79292947,51.79292947,51.79292947,51.79292947,51.79292947,51.79292947,51.79292947,51.79292947,51.79292947,51.79292947,51.79292947,51.79292947,51.79292947,51.79292947,51.79292947,51.79292947,51.79292947,51.79292947,51.79292947,51.79292947
TGLX12,11/1/2022,104.864517,10.355711,64.32297765,64.32297765,64.32297765,64.32297765,64.32297765,64.32297765,64.32297765,64.32297765,64.32297765,64.32297765,64.32297765,64.32297765,64.32297765,64.32297765,64.32297765,64.32297765,64.32297765,64.32297765,64.32297765,64.32297765,64.32297765,64.32297765,64.32297765,64.32297765
TGLX12,12/1/2022,104.864517,10.355711,64.05050994,64.05050994,64.05050994,64.05050994,64.05050994,64.05050994,64.05050994,64.05050994,64.05050994,64.05050994,64.05050994,64.05050994,64.05050994,64.05050994,64.05050994,64.05050994,64.05050994,64.05050994,64.05050994,64.05050994,64.05050994,64.05050994,64.05050994,64.05050994
TGLX12,1/1/2023,104.864517,10.355711,63.57073376,63.57073376,63.57073376,63.57073376,63.57073376,63.57073376,63.57073376,63.57073376,63.57073376,63.57073376,63.57073376,63.57073376,63.57073376,63.57073376,63.57073376,63.57073376,63.57073376,63.57073376,63.57073376,63.57073376,63.57073376,63.57073376,63.57073376,63.57073376
TGLX12,2/1/2023,104.864517,10.355711,36.30502423,36.30502423,36.30502423,36.30502423,36.30502423,36.30502423,36.30502423,36.30502423,36.30502423,36.30502423,36.30502423,36.30502423,36.30502423,36.30502423,36.30502423,36.30502423,36.30502423,36.30502423,36.30502423,36.30502423,36.30502423,36.30502423,36.30502423,36.30502423
TGLX12,3/1/2023,104.864517,10.355711,50.72517641,50.72517641,50.72517641,50.72517641,50.72517641,50.72517641,50.72517641,50.72517641,50.72517641,50.72517641,50.72517641,50.72517641,50.72517641,50.72517641,50.72517641,50.72517641,50.72517641,50.72517641,50.72517641,50.72517641,50.72517641,50.72517641,50.72517641,50.72517641
TGLX12,4/1/2023,104.864517,10.355711,54.14581997,54.14581997,54.14581997,54.14581997,54.14581997,54.14581997,54.14581997,54.14581997,54.14581997,54.14581997,54.14581997,54.14581997,54.14581997,54.14581997,54.14581997,54.14581997,54.14581997,54.14581997,54.14581997,54.14581997,54.14581997,54.14581997,54.14581997,54.14581997
TGLX12,5/1/2023,104.864517,10.355711,52.99713044,52.99713044,52.99713044,52.99713044,52.99713044,52.99713044,52.99713044,52.99713044,52.99713044,52.99713044,52.99713044,52.99713044,52.99713044,52.99713044,52.99713044,52.99713044,52.99713044,52.99713044,52.99713044,52.99713044,52.99713044,52.99713044,52.99713044,52.99713044
TGLX12,6/1/2023,104.864517,10.355711,34.99720516,34.99720516,34.99720516,34.99720516,34.99720516,34.99720516,34.99720516,34.99720516,34.99720516,34.99720516,34.99720516,34.99720516,34.99720516,34.99720516,34.99720516,34.99720516,34.99720516,34.99720516,34.99720516,34.99720516,34.99720516,34.99720516,34.99720516,34.99720516
TGLX12,7/1/2023,104.864517,10.355711,44.18702013,44.18702013,44.18702013,44.18702013,44.18702013,44.18702013,44.18702013,44.18702013,44.18702013,44.18702013,44.18702013,44.18702013,44.18702013,44.18702013,44.18702013,44.18702013,44.18702013,44.18702013,44.18702013,44.18702013,44.18702013,44.18702013,44.18702013,44.18702013
TGLX12,8/1/2023,104.864517,10.355711,34.41748327,34.41748327,34.41748327,34.41748327,34.41748327,34.41748327,34.41748327,34.41748327,34.41748327,34.41748327,34.41748327,34.41748327,34.41748327,34.41748327,34.41748327,34.41748327,34.41748327,34.41748327,34.41748327,34.41748327,34.41748327,34.41748327,34.41748327,34.41748327
TGLX12,9/1/2023,104.864517,10.355711,56.98969769,56.98969769,56.98969769,56.98969769,56.98969769,56.98969769,56.98969769,56.98969769,56.98969769,56.98969769,56.98969769,56.98969769,56.98969769,56.98969769,56.98969769,56.98969769,56.98969769,56.98969769,56.98969769,56.98969769,56.98969769,56.98969769,56.98969769,56.98969769
TGLX12,10/1/2023,104.864517,10.355711,37.27870256,37.27870256,37.27870256,37.27870256,37.27870256,37.27870256,37.27870256,37.27870256,37.27870256,37.27870256,37.27870256,37.27870256,37.27870256,37.27870256,37.27870256,37.27870256,37.27870256,37.27870256,37.27870256,37.27870256,37.27870256,37.27870256,37.27870256,37.27870256
TGLX12,11/1/2023,104.864517,10.355711,52.25664092,52.25664092,52.25664092,52.25664092,52.25664092,52.25664092,52.25664092,52.25664092,52.25664092,52.25664092,52.25664092,52.25664092,52.25664092,52.25664092,52.25664092,52.25664092,52.25664092,52.25664092,52.25664092,52.25664092,52.25664092,52.25664092,52.25664092,52.25664092
TGLX12,12/1/2023,104.864517,10.355711,36.05518883,36.05518883,36.05518883,36.05518883,36.05518883,36.05518883,36.05518883,36.05518883,36.05518883,36.05518883,36.05518883,36.05518883,36.05518883,36.05518883,36.05518883,36.05518883,36.05518883,36.05518883,36.05518883,36.05518883,36.05518883,36.05518883,36.05518883,36.05518883
TGLX12,1/1/2024,104.864517,10.355711,42.95699847,42.95699847,42.95699847,42.95699847,42.95699847,42.95699847,42.95699847,42.95699847,42.95699847,42.95699847,42.95699847,42.95699847,42.95699847,42.95699847,42.95699847,42.95699847,42.95699847,42.95699847,42.95699847,42.95699847,42.95699847,42.95699847,42.95699847,42.95699847
TGLX12,2/1/2024,104.864517,10.355711,48.74342534,48.74342534,48.74342534,48.74342534,48.74342534,48.74342534,48.74342534,48.74342534,48.74342534,48.74342534,48.74342534,48.74342534,48.74342534,48.74342534,48.74342534,48.74342534,48.74342534,48.74342534,48.74342534,48.74342534,48.74342534,48.74342534,48.74342534,48.74342534
TGLX12,3/1/2024,104.864517,10.355711,50.37609146,50.37609146,50.37609146,50.37609146,50.37609146,50.37609146,50.37609146,50.37609146,50.37609146,50.37609146,50.37609146,50.37609146,50.37609146,50.37609146,50.37609146,50.37609146,50.37609146,50.37609146,50.37609146,50.37609146,50.37609146,50.37609146,50.37609146,50.37609146
TGLX12,4/1/2024,104.864517,10.355711,64.10055559,64.10055559,64.10055559,64.10055559,64.10055559,64.10055559,64.10055559,64.10055559,64.10055559,64.10055559,64.10055559,64.10055559,64.10055559,64.10055559,64.10055559,64.10055559,64.10055559,64.10055559,64.10055559,64.10055559,64.10055559,64.10055559,64.10055559,64.10055559
TGLX12,5/1/2024,104.864517,10.355711,60.81592625,60.81592625,60.81592625,60.81592625,60.81592625,60.81592625,60.81592625,60.81592625,60.81592625,60.81592625,60.81592625,60.81592625,60.81592625,60.81592625,60.81592625,60.81592625,60.81592625,60.81592625,60.81592625,60.81592625,60.81592625,60.81592625,60.81592625,60.81592625
TGLX12,6/1/2024,104.864517,10.355711,62.57466106,62.57466106,62.57466106,62.57466106,62.57466106,62.57466106,62.57466106,62.57466106,62.57466106,62.57466106,62.57466106,62.57466106,62.57466106,62.57466106,62.57466106,62.57466106,62.57466106,62.57466106,62.57466106,62.57466106,62.57466106,62.57466106,62.57466106,62.57466106
TGLX12,7/1/2024,104.864517,10.355711,53.98323162,53.98323162,53.98323162,53.98323162,53.98323162,53.98323162,53.98323162,53.98323162,53.98323162,53.98323162,53.98323162,53.98323162,53.98323162,53.98323162,53.98323162,53.98323162,53.98323162,53.98323162,53.98323162,53.98323162,53.98323162,53.98323162,53.98323162,53.98323162
TGLX12,8/1/2024,104.864517,10.355711,35.64346831,35.64346831,35.64346831,35.64346831,35.64346831,35.64346831,35.64346831,35.64346831,35.64346831,35.64346831,35.64346831,35.64346831,35.64346831,35.64346831,35.64346831,35.64346831,35.64346831,35.64346831,35.64346831,35.64346831,35.64346831,35.64346831,35.64346831,35.64346831
TGLX12,9/1/2024,104.864517,10.355711,34.79074751,34.79074751,34.79074751,34.79074751,34.79074751,34.79074751,34.79074751,34.79074751,34.79074751,34.79074751,34.79074751,34.79074751,34.79074751,34.79074751,34.79074751,34.79074751,34.79074751,34.79074751,34.79074751,34.79074751,34.79074751,34.79074751,34.79074751,34.79074751
TGLX12,10/1/2024,104.864517,10.355711,3.50803381,3.50803381,3.50803381,3.50803381,3.50803381,3.50803381,3.50803381,3.50803381,3.50803381,3.50803381,3.50803381,3.50803381,3.50803381,3.50803381,3.50803381,3.50803381,3.50803381,3.50803381,3.50803381,3.50803381,3.50803381,3.50803381,3.50803381,3.50803381
TGLX12,11/1/2024,104.864517,10.355711,51.59551498,51.59551498,51.59551498,51.59551498,51.59551498,51.59551498,51.59551498,51.59551498,51.59551498,51.59551498,51.59551498,51.59551498,51.59551498,51.59551498,51.59551498,51.59551498,51.59551498,51.59551498,51.59551498,51.59551498,51.59551498,51.59551498,51.59551498,51.59551498
TGLX12,12/1/2024,104.864517,10.355711,35.33142506,35.33142506,35.33142506,35.33142506,35.33142506,35.33142506,35.33142506,35.33142506,35.33142506,35.33142506,35.33142506,35.33142506,35.33142506,35.33142506,35.33142506,35.33142506,35.33142506,35.33142506,35.33142506,35.33142506,35.33142506,35.33142506,35.33142506,35.33142506
TGLX12,1/1/2025,104.864517,10.355711,65.67633215,65.67633215,65.67633215,65.67633215,65.67633215,65.67633215,65.67633215,65.67633215,65.67633215,65.67633215,65.67633215,65.67633215,65.67633215,65.67633215,65.67633215,65.67633215,65.67633215,65.67633215,65.67633215,65.67633215,65.67633215,65.67633215,65.67633215,65.67633215
TGLX12,2/1/2025,104.864517,10.355711,53.66256326,53.66256326,53.66256326,53.66256326,53.66256326,53.66256326,53.66256326,53.66256326,53.66256326,53.66256326,53.66256326,53.66256326,53.66256326,53.66256326,53.66256326,53.66256326,53.66256326,53.66256326,53.66256326,53.66256326,53.66256326,53.66256326,53.66256326,53.66256326
TGLX12,3/1/2025,104.864517,10.355711,34.95768216,34.95768216,34.95768216,34.95768216,34.95768216,34.95768216,34.95768216,34.95768216,34.95768216,34.95768216,34.95768216,34.95768216,34.95768216,34.95768216,34.95768216,34.95768216,34.95768216,34.95768216,34.95768216,34.95768216,34.95768216,34.95768216,34.95768216,34.95768216
TGLX12,4/1/2025,104.864517,10.355711,53.48451244,53.48451244,53.48451244,53.48451244,53.48451244,53.48451244,53.48451244,53.48451244,53.48451244,53.48451244,53.48451244,53.48451244,53.48451244,53.48451244,53.48451244,53.48451244,53.48451244,53.48451244,53.48451244,53.48451244,53.48451244,53.48451244,53.48451244,53.48451244
TGLX12,5/1/2025,104.864517,10.355711,53.25025394,53.25025394,53.25025394,53.25025394,53.25025394,53.25025394,53.25025394,53.25025394,53.25025394,53.25025394,53.25025394,53.25025394,53.25025394,53.25025394,53.25025394,53.25025394,53.25025394,53.25025394,53.25025394,53.25025394,53.25025394,53.25025394,53.25025394,53.25025394
TGLX12,6/1/2025,104.864517,10.355711,5.237969105,5.237969105,5.237969105,5.237969105,5.237969105,5.237969105,5.237969105,5.237969105,5.237969105,5.237969105,5.237969105,5.237969105,5.237969105,5.237969105,5.237969105,5.237969105,5.237969105,5.237969105,5.237969105,5.237969105,5.237969105,5.237969105,5.237969105,5.237969105
TGLX12,7/1/2025,104.864517,10.355711,51.18405945,51.18405945,51.18405945,51.18405945,51.18405945,51.18405945,51.18405945,51.18405945,51.18405945,51.18405945,51.18405945,51.18405945,51.18405945,51.18405945,51.18405945,51.18405945,51.18405945,51.18405945,51.18405945,51.18405945,51.18405945,51.18405945,51.18405945,51.18405945
TGLX13,3/1/2023,104.791192,10.473281,42.06330312,42.06330312,42.06330312,42.06330312,42.06330312,42.06330312,42.06330312,42.06330312,42.06330312,42.06330312,42.06330312,42.06330312,42.06330312,42.06330312,42.06330312,42.06330312,42.06330312,42.06330312,42.06330312,42.06330312,42.06330312,42.06330312,42.06330312,42.06330312
TGLX13,4/1/2023,104.791192,10.473281,5.07539073,5.07539073,5.07539073,5.07539073,5.07539073,5.07539073,5.07539073,5.07539073,5.07539073,5.07539073,5.07539073,5.07539073,5.07539073,5.07539073,5.07539073,5.07539073,5.07539073,5.07539073,5.07539073,5.07539073,5.07539073,5.07539073,5.07539073,5.07539073
TGLX13,5/1/2023,104.791192,10.473281,5.042037189,5.042037189,5.042037189,5.042037189,5.042037189,5.042037189,5.042037189,5.042037189,5.042037189,5.042037189,5.042037189,5.042037189,5.042037189,5.042037189,5.042037189,5.042037189,5.042037189,5.042037189,5.042037189,5.042037189,5.042037189,5.042037189,5.042037189,5.042037189
TGLX13,6/1/2023,104.791192,10.473281,5.178163284,5.178163284,5.178163284,5.178163284,5.178163284,5.178163284,5.178163284,5.178163284,5.178163284,5.178163284,5.178163284,5.178163284,5.178163284,5.178163284,5.178163284,5.178163284,5.178163284,5.178163284,5.178163284,5.178163284,5.178163284,5.178163284,5.178163284,5.178163284
TGLX13,7/1/2023,104.791192,10.473281,53.2957753,53.2957753,53.2957753,53.2957753,53.2957753,53.2957753,53.2957753,53.2957753,53.2957753,53.2957753,53.2957753,53.2957753,53.2957753,53.2957753,53.2957753,53.2957753,53.2957753,53.2957753,53.2957753,53.2957753,53.2957753,53.2957753,53.2957753,53.2957753
TGLX13,8/1/2023,104.791192,10.473281,50.72904596,50.72904596,50.72904596,50.72904596,50.72904596,50.72904596,50.72904596,50.72904596,50.72904596,50.72904596,50.72904596,50.72904596,50.72904596,50.72904596,50.72904596,50.72904596,50.72904596,50.72904596,50.72904596,50.72904596,50.72904596,50.72904596,50.72904596,50.72904596
TGLX13,9/1/2023,104.791192,10.473281,5.114191946,5.114191946,5.114191946,5.114191946,5.114191946,5.114191946,5.114191946,5.114191946,5.114191946,5.114191946,5.114191946,5.114191946,5.114191946,5.114191946,5.114191946,5.114191946,5.114191946,5.114191946,5.114191946,5.114191946,5.114191946,5.114191946,5.114191946,5.114191946
TGLX13,10/1/2023,104.791192,10.473281,4.998740604,4.998740604,4.998740604,4.998740604,4.998740604,4.998740604,4.998740604,4.998740604,4.998740604,4.998740604,4.998740604,4.998740604,4.998740604,4.998740604,4.998740604,4.998740604,4.998740604,4.998740604,4.998740604,4.998740604,4.998740604,4.998740604,4.998740604,4.998740604
TGLX13,11/1/2023,104.791192,10.473281,35.11861805,35.11861805,35.11861805,35.11861805,35.11861805,35.11861805,35.11861805,35.11861805,35.11861805,35.11861805,35.11861805,35.11861805,35.11861805,35.11861805,35.11861805,35.11861805,35.11861805,35.11861805,35.11861805,35.11861805,35.11861805,35.11861805,35.11861805,35.11861805
TGLX13,12/1/2023,104.791192,10.473281,50.93480437,50.93480437,50.93480437,50.93480437,50.93480437,50.93480437,50.93480437,50.93480437,50.93480437,50.93480437,50.93480437,50.93480437,50.93480437,50.93480437,50.93480437,50.93480437,50.93480437,50.93480437,50.93480437,50.93480437,50.93480437,50.93480437,50.93480437,50.93480437
TGLX13,1/1/2024,104.791192,10.473281,55.42460793,55.42460793,55.42460793,55.42460793,55.42460793,55.42460793,55.42460793,55.42460793,55.42460793,55.42460793,55.42460793,55.42460793,55.42460793,55.42460793,55.42460793,55.42460793,55.42460793,55.42460793,55.42460793,55.42460793,55.42460793,55.42460793,55.42460793,55.42460793
TGLX13,2/1/2024,104.791192,10.473281,53.68205691,53.68205691,53.68205691,53.68205691,53.68205691,53.68205691,53.68205691,53.68205691,53.68205691,53.68205691,53.68205691,53.68205691,53.68205691,53.68205691,53.68205691,53.68205691,53.68205691,53.68205691,53.68205691,53.68205691,53.68205691,53.68205691,53.68205691,53.68205691
TGLX13,3/1/2024,104.791192,10.473281,52.24154251,52.24154251,52.24154251,52.24154251,52.24154251,52.24154251,52.24154251,52.24154251,52.24154251,52.24154251,52.24154251,52.24154251,52.24154251,52.24154251,52.24154251,52.24154251,52.24154251,52.24154251,52.24154251,52.24154251,52.24154251,52.24154251,52.24154251,52.24154251
TGLX13,4/1/2024,104.791192,10.473281,48.70923303,48.70923303,48.70923303,48.70923303,48.70923303,48.70923303,48.70923303,48.70923303,48.70923303,48.70923303,48.70923303,48.70923303,48.70923303,48.70923303,48.70923303,48.70923303,48.70923303,48.70923303,48.70923303,48.70923303,48.70923303,48.70923303,48.70923303,48.70923303
TGLX13,5/1/2024,104.791192,10.473281,44.00235041,44.00235041,44.00235041,44.00235041,44.00235041,44.00235041,44.00235041,44.00235041,44.00235041,44.00235041,44.00235041,44.00235041,44.00235041,44.00235041,44.00235041,44.00235041,44.00235041,44.00235041,44.00235041,44.00235041,44.00235041,44.00235041,44.00235041,44.00235041
TGLX13,6/1/2024,104.791192,10.473281,52.88790123,52.88790123,52.88790123,52.88790123,52.88790123,52.88790123,52.88790123,52.88790123,52.88790123,52.88790123,52.88790123,52.88790123,52.88790123,52.88790123,52.88790123,52.88790123,52.88790123,52.88790123,52.88790123,52.88790123,52.88790123,52.88790123,52.88790123,52.88790123
TGLX13,7/1/2024,104.791192,10.473281,54.54698957,54.54698957,54.54698957,54.54698957,54.54698957,54.54698957,54.54698957,54.54698957,54.54698957,54.54698957,54.54698957,54.54698957,54.54698957,54.54698957,54.54698957,54.54698957,54.54698957,54.54698957,54.54698957,54.54698957,54.54698957,54.54698957,54.54698957,54.54698957
TGLX13,8/1/2024,104.791192,10.473281,6.61424487,6.61424487,6.61424487,6.61424487,6.61424487,6.61424487,6.61424487,6.61424487,6.61424487,6.61424487,6.61424487,6.61424487,6.61424487,6.61424487,6.61424487,6.61424487,6.61424487,6.61424487,6.61424487,6.61424487,6.61424487,6.61424487,6.61424487,6.61424487
TGLX13,9/1/2024,104.791192,10.473281,36.66672771,36.66672771,36.66672771,36.66672771,36.66672771,36.66672771,36.66672771,36.66672771,36.66672771,36.66672771,36.66672771,36.66672771,36.66672771,36.66672771,36.66672771,36.66672771,36.66672771,36.66672771,36.66672771,36.66672771,36.66672771,36.66672771,36.66672771,36.66672771
TGLX13,10/1/2024,104.791192,10.473281,5.142949293,5.142949293,5.142949293,5.142949293,5.142949293,5.142949293,5.142949293,5.142949293,5.142949293,5.142949293,5.142949293,5.142949293,5.142949293,5.142949293,5.142949293,5.142949293,5.142949293,5.142949293,5.142949293,5.142949293,5.142949293,5.142949293,5.142949293,5.142949293
TGLX13,11/1/2024,104.791192,10.473281,52.59636785,52.59636785,52.59636785,52.59636785,52.59636785,52.59636785,52.59636785,52.59636785,52.59636785,52.59636785,52.59636785,52.59636785,52.59636785,52.59636785,52.59636785,52.59636785,52.59636785,52.59636785,52.59636785,52.59636785,52.59636785,52.59636785,52.59636785,52.59636785
TGLX13,12/1/2024,104.791192,10.473281,35.32323649,35.32323649,35.32323649,35.32323649,35.32323649,35.32323649,35.32323649,35.32323649,35.32323649,35.32323649,35.32323649,35.32323649,35.32323649,35.32323649,35.32323649,35.32323649,35.32323649,35.32323649,35.32323649,35.32323649,35.32323649,35.32323649,35.32323649,35.32323649
TGLX13,1/1/2025,104.791192,10.473281,65.98305967,65.98305967,65.98305967,65.98305967,65.98305967,65.98305967,65.98305967,65.98305967,65.98305967,65.98305967,65.98305967,65.98305967,65.98305967,65.98305967,65.98305967,65.98305967,65.98305967,65.98305967,65.98305967,65.98305967,65.98305967,65.98305967,65.98305967,65.98305967
TGLX13,2/1/2025,104.791192,10.473281,50.17815285,50.17815285,50.17815285,50.17815285,50.17815285,50.17815285,50.17815285,50.17815285,50.17815285,50.17815285,50.17815285,50.17815285,50.17815285,50.17815285,50.17815285,50.17815285,50.17815285,50.17815285,50.17815285,50.17815285,50.17815285,50.17815285,50.17815285,50.17815285
TGLX13,3/1/2025,104.791192,10.473281,51.03014738,51.03014738,51.03014738,51.03014738,51.03014738,51.03014738,51.03014738,51.03014738,51.03014738,51.03014738,51.03014738,51.03014738,51.03014738,51.03014738,51.03014738,51.03014738,51.03014738,51.03014738,51.03014738,51.03014738,51.03014738,51.03014738,51.03014738,51.03014738
TGLX13,4/1/2025,104.791192,10.473281,54.01933911,54.01933911,54.01933911,54.01933911,54.01933911,54.01933911,54.01933911,54.01933911,54.01933911,54.01933911,54.01933911,54.01933911,54.01933911,54.01933911,54.01933911,54.01933911,54.01933911,54.01933911,54.01933911,54.01933911,54.01933911,54.01933911,54.01933911,54.01933911
TGLX13,5/1/2025,104.791192,10.473281,50.95048596,50.95048596,50.95048596,50.95048596,50.95048596,50.95048596,50.95048596,50.95048596,50.95048596,50.95048596,50.95048596,50.95048596,50.95048596,50.95048596,50.95048596,50.95048596,50.95048596,50.95048596,50.95048596,50.95048596,50.95048596,50.95048596,50.95048596,50.95048596
TGLX13,6/1/2025,104.791192,10.473281,49.99211335,49.99211335,49.99211335,49.99211335,49.99211335,49.99211335,49.99211335,49.99211335,49.99211335,49.99211335,49.99211335,49.99211335,49.99211335,49.99211335,49.99211335,49.99211335,49.99211335,49.99211335,49.99211335,49.99211335,49.99211335,49.99211335,49.99211335,49.99211335
TGLX13,7/1/2025,104.791192,10.473281,65.80817141,65.80817141,65.80817141,65.80817141,65.80817141,65.80817141,65.80817141,65.80817141,65.80817141,65.80817141,65.80817141,65.80817141,65.80817141,65.80817141,65.80817141,65.80817141,65.80817141,65.80817141,65.80817141,65.80817141,65.80817141,65.80817141,65.80817141,65.80817141
TGLX14,3/1/2023,105.478094,10.311481,59.23536744,59.23536744,59.23536744,59.23536744,59.23536744,59.23536744,59.23536744,59.23536744,59.23536744,59.23536744,59.23536744,59.23536744,59.23536744,59.23536744,59.23536744,59.23536744,59.23536744,59.23536744,59.23536744,59.23536744,59.23536744,59.23536744,59.23536744,59.23536744
TGLX14,4/1/2023,105.478094,10.311481,48.0655381,48.0655381,48.0655381,48.0655381,48.0655381,48.0655381,48.0655381,48.0655381,48.0655381,48.0655381,48.0655381,48.0655381,48.0655381,48.0655381,48.0655381,48.0655381,48.0655381,48.0655381,48.0655381,48.0655381,48.0655381,48.0655381,48.0655381,48.0655381
TGLX14,5/1/2023,105.478094,10.311481,30.46793389,30.46793389,30.46793389,30.46793389,30.46793389,30.46793389,30.46793389,30.46793389,30.46793389,30.46793389,30.46793389,30.46793389,30.46793389,30.46793389,30.46793389,30.46793389,30.46793389,30.46793389,30.46793389,30.46793389,30.46793389,30.46793389,30.46793389,30.46793389
TGLX14,6/1/2023,105.478094,10.311481,35.55084561,35.55084561,35.55084561,35.55084561,35.55084561,35.55084561,35.55084561,35.55084561,35.55084561,35.55084561,35.55084561,35.55084561,35.55084561,35.55084561,35.55084561,35.55084561,35.55084561,35.55084561,35.55084561,35.55084561,35.55084561,35.55084561,35.55084561,35.55084561
TGLX14,7/1/2023,105.478094,10.311481,48.38744761,48.38744761,48.38744761,48.38744761,48.38744761,48.38744761,48.38744761,48.38744761,48.38744761,48.38744761,48.38744761,48.38744761,48.38744761,48.38744761,48.38744761,48.38744761,48.38744761,48.38744761,48.38744761,48.38744761,48.38744761,48.38744761,48.38744761,48.38744761
TGLX14,8/1/2023,105.478094,10.311481,49.95090684,49.95090684,49.95090684,49.95090684,49.95090684,49.95090684,49.95090684,49.95090684,49.95090684,49.95090684,49.95090684,49.95090684,49.95090684,49.95090684,49.95090684,49.95090684,49.95090684,49.95090684,49.95090684,49.95090684,49.95090684,49.95090684,49.95090684,49.95090684
TGLX14,9/1/2023,105.478094,10.311481,5.115084841,5.115084841,5.115084841,5.115084841,5.115084841,5.115084841,5.115084841,5.115084841,5.115084841,5.115084841,5.115084841,5.115084841,5.115084841,5.115084841,5.115084841,5.115084841,5.115084841,5.115084841,5.115084841,5.115084841,5.115084841,5.115084841,5.115084841,5.115084841
TGLX14,10/1/2023,105.478094,10.311481,48.97211949,48.97211949,48.97211949,48.97211949,48.97211949,48.97211949,48.97211949,48.97211949,48.97211949,48.97211949,48.97211949,48.97211949,48.97211949,48.97211949,48.97211949,48.97211949,48.97211949,48.97211949,48.97211949,48.97211949,48.97211949,48.97211949,48.97211949,48.97211949
TGLX14,11/1/2023,105.478094,10.311481,34.54520859,34.54520859,34.54520859,34.54520859,34.54520859,34.54520859,34.54520859,34.54520859,34.54520859,34.54520859,34.54520859,34.54520859,34.54520859,34.54520859,34.54520859,34.54520859,34.54520859,34.54520859,34.54520859,34.54520859,34.54520859,34.54520859,34.54520859,34.54520859
TGLX14,12/1/2023,105.478094,10.311481,63.45595652,63.45595652,63.45595652,63.45595652,63.45595652,63.45595652,63.45595652,63.45595652,63.45595652,63.45595652,63.45595652,63.45595652,63.45595652,63.45595652,63.45595652,63.45595652,63.45595652,63.45595652,63.45595652,63.45595652,63.45595652,63.45595652,63.45595652,63.45595652
TGLX14,1/1/2024,105.478094,10.311481,51.56333628,51.56333628,51.56333628,51.56333628,51.56333628,51.56333628,51.56333628,51.56333628,51.56333628,51.56333628,51.56333628,51.56333628,51.56333628,51.56333628,51.56333628,51.56333628,51.56333628,51.56333628,51.56333628,51.56333628,51.56333628,51.56333628,51.56333628,51.56333628
TGLX14,2/1/2024,105.478094,10.311481,54.89842009,54.89842009,54.89842009,54.89842009,54.89842009,54.89842009,54.89842009,54.89842009,54.89842009,54.89842009,54.89842009,54.89842009,54.89842009,54.89842009,54.89842009,54.89842009,54.89842009,54.89842009,54.89842009,54.89842009,54.89842009,54.89842009,54.89842009,54.89842009
TGLX14,3/1/2024,105.478094,10.311481,55.15976564,55.15976564,55.15976564,55.15976564,55.15976564,55.15976564,55.15976564,55.15976564,55.15976564,55.15976564,55.15976564,55.15976564,55.15976564,55.15976564,55.15976564,55.15976564,55.15976564,55.15976564,55.15976564,55.15976564,55.15976564,55.15976564,55.15976564,55.15976564
TGLX14,4/1/2024,105.478094,10.311481,63.26096881,63.26096881,63.26096881,63.26096881,63.26096881,63.26096881,63.26096881,63.26096881,63.26096881,63.26096881,63.26096881,63.26096881,63.26096881,63.26096881,63.26096881,63.26096881,63.26096881,63.26096881,63.26096881,63.26096881,63.26096881,63.26096881,63.26096881,63.26096881
TGLX14,5/1/2024,105.478094,10.311481,63.2201879,63.2201879,63.2201879,63.2201879,63.2201879,63.2201879,63.2201879,63.2201879,63.2201879,63.2201879,63.2201879,63.2201879,63.2201879,63.2201879,63.2201879,63.2201879,63.2201879,63.2201879,63.2201879,63.2201879,63.2201879,63.2201879,63.2201879,63.2201879
TGLX14,6/1/2024,105.478094,10.311481,54.06172657,54.06172657,54.06172657,54.06172657,54.06172657,54.06172657,54.06172657,54.06172657,54.06172657,54.06172657,54.06172657,54.06172657,54.06172657,54.06172657,54.06172657,54.06172657,54.06172657,54.06172657,54.06172657,54.06172657,54.06172657,54.06172657,54.06172657,54.06172657
TGLX14,7/1/2024,105.478094,10.311481,43.24893609,43.24893609,43.24893609,43.24893609,43.24893609,43.24893609,43.24893609,43.24893609,43.24893609,43.24893609,43.24893609,43.24893609,43.24893609,43.24893609,43.24893609,43.24893609,43.24893609,43.24893609,43.24893609,43.24893609,43.24893609,43.24893609,43.24893609,43.24893609
TGLX14,8/1/2024,105.478094,10.311481,6.565873493,6.565873493,6.565873493,6.565873493,6.565873493,6.565873493,6.565873493,6.565873493,6.565873493,6.565873493,6.565873493,6.565873493,6.565873493,6.565873493,6.565873493,6.565873493,6.565873493,6.565873493,6.565873493,6.565873493,6.565873493,6.565873493,6.565873493,6.565873493
TGLX14,9/1/2024,105.478094,10.311481,43.72098355,43.72098355,43.72098355,43.72098355,43.72098355,43.72098355,43.72098355,43.72098355,43.72098355,43.72098355,43.72098355,43.72098355,43.72098355,43.72098355,43.72098355,43.72098355,43.72098355,43.72098355,43.72098355,43.72098355,43.72098355,43.72098355,43.72098355,43.72098355
TGLX14,10/1/2024,105.478094,10.311481,5.227128972,5.227128972,5.227128972,5.227128972,5.227128972,5.227128972,5.227128972,5.227128972,5.227128972,5.227128972,5.227128972,5.227128972,5.227128972,5.227128972,5.227128972,5.227128972,5.227128972,5.227128972,5.227128972,5.227128972,5.227128972,5.227128972,5.227128972,5.227128972
TGLX14,11/1/2024,105.478094,10.311481,53.65165547,53.65165547,53.65165547,53.65165547,53.65165547,53.65165547,53.65165547,53.65165547,53.65165547,53.65165547,53.65165547,53.65165547,53.65165547,53.65165547,53.65165547,53.65165547,53.65165547,53.65165547,53.65165547,53.65165547,53.65165547,53.65165547,53.65165547,53.65165547
TGLX14,12/1/2024,105.478094,10.311481,53.70684368,53.70684368,53.70684368,53.70684368,53.70684368,53.70684368,53.70684368,53.70684368,53.70684368,53.70684368,53.70684368,53.70684368,53.70684368,53.70684368,53.70684368,53.70684368,53.70684368,53.70684368,53.70684368,53.70684368,53.70684368,53.70684368,53.70684368,53.70684368
TGLX14,1/1/2025,105.478094,10.311481,53.95768531,53.95768531,53.95768531,53.95768531,53.95768531,53.95768531,53.95768531,53.95768531,53.95768531,53.95768531,53.95768531,53.95768531,53.95768531,53.95768531,53.95768531,53.95768531,53.95768531,53.95768531,53.95768531,53.95768531,53.95768531,53.95768531,53.95768531,53.95768531
TGLX14,2/1/2025,105.478094,10.311481,55.0592412,55.0592412,55.0592412,55.0592412,55.0592412,55.0592412,55.0592412,55.0592412,55.0592412,55.0592412,55.0592412,55.0592412,55.0592412,55.0592412,55.0592412,55.0592412,55.0592412,55.0592412,55.0592412,55.0592412,55.0592412,55.0592412,55.0592412,55.0592412
TGLX14,3/1/2025,105.478094,10.311481,51.68168283,51.68168283,51.68168283,51.68168283,51.68168283,51.68168283,51.68168283,51.68168283,51.68168283,51.68168283,51.68168283,51.68168283,51.68168283,51.68168283,51.68168283,51.68168283,51.68168283,51.68168283,51.68168283,51.68168283,51.68168283,51.68168283,51.68168283,51.68168283
TGLX14,4/1/2025,105.478094,10.311481,34.0653554,34.0653554,34.0653554,34.0653554,34.0653554,34.0653554,34.0653554,34.0653554,34.0653554,34.0653554,34.0653554,34.0653554,34.0653554,34.0653554,34.0653554,34.0653554,34.0653554,34.0653554,34.0653554,34.0653554,34.0653554,34.0653554,34.0653554,34.0653554
TGLX14,5/1/2025,105.478094,10.311481,57.36495672,57.36495672,57.36495672,57.36495672,57.36495672,57.36495672,57.36495672,57.36495672,57.36495672,57.36495672,57.36495672,57.36495672,57.36495672,57.36495672,57.36495672,57.36495672,57.36495672,57.36495672,57.36495672,57.36495672,57.36495672,57.36495672,57.36495672,57.36495672
TGLX14,6/1/2025,105.478094,10.311481,56.38420261,56.38420261,56.38420261,56.38420261,56.38420261,56.38420261,56.38420261,56.38420261,56.38420261,56.38420261,56.38420261,56.38420261,56.38420261,56.38420261,56.38420261,56.38420261,56.38420261,56.38420261,56.38420261,56.38420261,56.38420261,56.38420261,56.38420261,56.38420261
TGLX14,7/1/2025,105.478094,10.311481,64.34916154,64.34916154,64.34916154,64.34916154,64.34916154,64.34916154,64.34916154,64.34916154,64.34916154,64.34916154,64.34916154,64.34916154,64.34916154,64.34916154,64.34916154,64.34916154,64.34916154,64.34916154,64.34916154,64.34916154,64.34916154,64.34916154,64.34916154,64.34916154
TGLX15,12/1/2023,105.1751,10.07,64.0881997,64.0881997,64.0881997,64.0881997,64.0881997,64.0881997,64.0881997,64.0881997,64.0881997,64.0881997,64.0881997,64.0881997,64.0881997,64.0881997,64.0881997,64.0881997,64.0881997,64.0881997,64.0881997,64.0881997,64.0881997,64.0881997,64.0881997,64.0881997
TGLX15,1/1/2024,105.1751,10.07,50.83697506,50.83697506,50.83697506,50.83697506,50.83697506,50.83697506,50.83697506,50.83697506,50.83697506,50.83697506,50.83697506,50.83697506,50.83697506,50.83697506,50.83697506,50.83697506,50.83697506,50.83697506,50.83697506,50.83697506,50.83697506,50.83697506,50.83697506,50.83697506
TGLX15,2/1/2024,105.1751,10.07,50.63834693,50.63834693,50.63834693,50.63834693,50.63834693,50.63834693,50.63834693,50.63834693,50.63834693,50.63834693,50.63834693,50.63834693,50.63834693,50.63834693,50.63834693,50.63834693,50.63834693,50.63834693,50.63834693,50.63834693,50.63834693,50.63834693,50.63834693,50.63834693
TGLX15,3/1/2024,105.1751,10.07,40.34255971,40.34255971,40.34255971,40.34255971,40.34255971,40.34255971,40.34255971,40.34255971,40.34255971,40.34255971,40.34255971,40.34255971,40.34255971,40.34255971,40.34255971,40.34255971,40.34255971,40.34255971,40.34255971,40.34255971,40.34255971,40.34255971,40.34255971,40.34255971
TGLX15,4/1/2024,105.1751,10.07,48.20018514,48.20018514,48.20018514,48.20018514,48.20018514,48.20018514,48.20018514,48.20018514,48.20018514,48.20018514,48.20018514,48.20018514,48.20018514,48.20018514,48.20018514,48.20018514,48.20018514,48.20018514,48.20018514,48.20018514,48.20018514,48.20018514,48.20018514,48.20018514
TGLX15,5/1/2024,105.1751,10.07,63.1543165,63.1543165,63.1543165,63.1543165,63.1543165,63.1543165,63.1543165,63.1543165,63.1543165,63.1543165,63.1543165,63.1543165,63.1543165,63.1543165,63.1543165,63.1543165,63.1543165,63.1543165,63.1543165,63.1543165,63.1543165,63.1543165,63.1543165,63.1543165
TGLX15,6/1/2024,105.1751,10.07,48.46754123,48.46754123,48.46754123,48.46754123,48.46754123,48.46754123,48.46754123,48.46754123,48.46754123,48.46754123,48.46754123,48.46754123,48.46754123,48.46754123,48.46754123,48.46754123,48.46754123,48.46754123,48.46754123,48.46754123,48.46754123,48.46754123,48.46754123,48.46754123
TGLX15,7/1/2024,105.1751,10.07,51.29109494,51.29109494,51.29109494,51.29109494,51.29109494,51.29109494,51.29109494,51.29109494,51.29109494,51.29109494,51.29109494,51.29109494,51.29109494,51.29109494,51.29109494,51.29109494,51.29109494,51.29109494,51.29109494,51.29109494,51.29109494,51.29109494,51.29109494,51.29109494
TGLX15,8/1/2024,105.1751,10.07,54.42185922,54.42185922,54.42185922,54.42185922,54.42185922,54.42185922,54.42185922,54.42185922,54.42185922,54.42185922,54.42185922,54.42185922,54.42185922,54.42185922,54.42185922,54.42185922,54.42185922,54.42185922,54.42185922,54.42185922,54.42185922,54.42185922,54.42185922,54.42185922
TGLX15,9/1/2024,105.1751,10.07,54.49560473,54.49560473,54.49560473,54.49560473,54.49560473,54.49560473,54.49560473,54.49560473,54.49560473,54.49560473,54.49560473,54.49560473,54.49560473,54.49560473,54.49560473,54.49560473,54.49560473,54.49560473,54.49560473,54.49560473,54.49560473,54.49560473,54.49560473,54.49560473
TGLX15,10/1/2024,105.1751,10.07,63.56491158,63.56491158,63.56491158,63.56491158,63.56491158,63.56491158,63.56491158,63.56491158,63.56491158,63.56491158,63.56491158,63.56491158,63.56491158,63.56491158,63.56491158,63.56491158,63.56491158,63.56491158,63.56491158,63.56491158,63.56491158,63.56491158,63.56491158,63.56491158
TGLX15,11/1/2024,105.1751,10.07,54.15357335,54.15357335,54.15357335,54.15357335,54.15357335,54.15357335,54.15357335,54.15357335,54.15357335,54.15357335,54.15357335,54.15357335,54.15357335,54.15357335,54.15357335,54.15357335,54.15357335,54.15357335,54.15357335,54.15357335,54.15357335,54.15357335,54.15357335,54.15357335
TGLX15,12/1/2024,105.1751,10.07,51.60017598,51.60017598,51.60017598,51.60017598,51.60017598,51.60017598,51.60017598,51.60017598,51.60017598,51.60017598,51.60017598,51.60017598,51.60017598,51.60017598,51.60017598,51.60017598,51.60017598,51.60017598,51.60017598,51.60017598,51.60017598,51.60017598,51.60017598,51.60017598
TGLX15,1/1/2025,105.1751,10.07,51.92106866,51.92106866,51.92106866,51.92106866,51.92106866,51.92106866,51.92106866,51.92106866,51.92106866,51.92106866,51.92106866,51.92106866,51.92106866,51.92106866,51.92106866,51.92106866,51.92106866,51.92106866,51.92106866,51.92106866,51.92106866,51.92106866,51.92106866,51.92106866
TGLX15,2/1/2025,105.1751,10.07,51.51898654,51.51898654,51.51898654,51.51898654,51.51898654,51.51898654,51.51898654,51.51898654,51.51898654,51.51898654,51.51898654,51.51898654,51.51898654,51.51898654,51.51898654,51.51898654,51.51898654,51.51898654,51.51898654,51.51898654,51.51898654,51.51898654,51.51898654,51.51898654
TGLX15,3/1/2025,105.1751,10.07,36.58710933,36.58710933,36.58710933,36.58710933,36.58710933,36.58710933,36.58710933,36.58710933,36.58710933,36.58710933,36.58710933,36.58710933,36.58710933,36.58710933,36.58710933,36.58710933,36.58710933,36.58710933,36.58710933,36.58710933,36.58710933,36.58710933,36.58710933,36.58710933
TGLX15,4/1/2025,105.1751,10.07,63.61593188,63.61593188,63.61593188,63.61593188,63.61593188,63.61593188,63.61593188,63.61593188,63.61593188,63.61593188,63.61593188,63.61593188,63.61593188,63.61593188,63.61593188,63.61593188,63.61593188,63.61593188,63.61593188,63.61593188,63.61593188,63.61593188,63.61593188,63.61593188
TGLX15,5/1/2025,105.1751,10.07,35.20739883,35.20739883,35.20739883,35.20739883,35.20739883,35.20739883,35.20739883,35.20739883,35.20739883,35.20739883,35.20739883,35.20739883,35.20739883,35.20739883,35.20739883,35.20739883,35.20739883,35.20739883,35.20739883,35.20739883,35.20739883,35.20739883,35.20739883,35.20739883
TGLX15,6/1/2025,105.1751,10.07,53.69175573,53.69175573,53.69175573,53.69175573,53.69175573,53.69175573,53.69175573,53.69175573,53.69175573,53.69175573,53.69175573,53.69175573,53.69175573,53.69175573,53.69175573,53.69175573,53.69175573,53.69175573,53.69175573,53.69175573,53.69175573,53.69175573,53.69175573,53.69175573
TGLX15,7/1/2025,105.1751,10.07,50.44467359,50.44467359,50.44467359,50.44467359,50.44467359,50.44467359,50.44467359,50.44467359,50.44467359,50.44467359,50.44467359,50.44467359,50.44467359,50.44467359,50.44467359,50.44467359,50.44467359,50.44467359,50.44467359,50.44467359,50.44467359,50.44467359,50.44467359,50.44467359
TGLX2,2/1/2021,105.101042,10.710792,42.31376505,42.31376505,42.31376505,42.31376505,42.31376505,42.31376505,42.31376505,42.31376505,42.31376505,42.31376505,42.31376505,42.31376505,42.31376505,42.31376505,42.31376505,42.31376505,42.31376505,42.31376505,42.31376505,42.31376505,42.31376505,42.31376505,42.31376505,42.31376505
TGLX2,3/1/2021,105.101042,10.710792,35.50085937,35.50085937,35.50085937,35.50085937,35.50085937,35.50085937,35.50085937,35.50085937,35.50085937,35.50085937,35.50085937,35.50085937,35.50085937,35.50085937,35.50085937,35.50085937,35.50085937,35.50085937,35.50085937,35.50085937,35.50085937,35.50085937,35.50085937,35.50085937
TGLX2,4/1/2021,105.101042,10.710792,44.81788497,44.81788497,44.81788497,44.81788497,44.81788497,44.81788497,44.81788497,44.81788497,44.81788497,44.81788497,44.81788497,44.81788497,44.81788497,44.81788497,44.81788497,44.81788497,44.81788497,44.81788497,44.81788497,44.81788497,44.81788497,44.81788497,44.81788497,44.81788497
TGLX2,5/1/2021,105.101042,10.710792,37.08621956,37.08621956,37.08621956,37.08621956,37.08621956,37.08621956,37.08621956,37.08621956,37.08621956,37.08621956,37.08621956,37.08621956,37.08621956,37.08621956,37.08621956,37.08621956,37.08621956,37.08621956,37.08621956,37.08621956,37.08621956,37.08621956,37.08621956,37.08621956
TGLX2,6/1/2021,105.101042,10.710792,35.53062352,35.53062352,35.53062352,35.53062352,35.53062352,35.53062352,35.53062352,35.53062352,35.53062352,35.53062352,35.53062352,35.53062352,35.53062352,35.53062352,35.53062352,35.53062352,35.53062352,35.53062352,35.53062352,35.53062352,35.53062352,35.53062352,35.53062352,35.53062352
TGLX2,7/1/2021,105.101042,10.710792,37.22263907,37.22263907,37.22263907,37.22263907,37.22263907,37.22263907,37.22263907,37.22263907,37.22263907,37.22263907,37.22263907,37.22263907,37.22263907,37.22263907,37.22263907,37.22263907,37.22263907,37.22263907,37.22263907,37.22263907,37.22263907,37.22263907,37.22263907,37.22263907
TGLX2,8/1/2021,105.101042,10.710792,36.81983447,36.81983447,36.81983447,36.81983447,36.81983447,36.81983447,36.81983447,36.81983447,36.81983447,36.81983447,36.81983447,36.81983447,36.81983447,36.81983447,36.81983447,36.81983447,36.81983447,36.81983447,36.81983447,36.81983447,36.81983447,36.81983447,36.81983447,36.81983447
TGLX2,9/1/2021,105.101042,10.710792,33.76188381,33.76188381,33.76188381,33.76188381,33.76188381,33.76188381,33.76188381,33.76188381,33.76188381,33.76188381,33.76188381,33.76188381,33.76188381,33.76188381,33.76188381,33.76188381,33.76188381,33.76188381,33.76188381,33.76188381,33.76188381,33.76188381,33.76188381,33.76188381
TGLX2,10/1/2021,105.101042,10.710792,65.59059372,65.59059372,65.59059372,65.59059372,65.59059372,65.59059372,65.59059372,65.59059372,65.59059372,65.59059372,65.59059372,65.59059372,65.59059372,65.59059372,65.59059372,65.59059372,65.59059372,65.59059372,65.59059372,65.59059372,65.59059372,65.59059372,65.59059372,65.59059372
TGLX2,11/1/2021,105.101042,10.710792,50.05196603,50.05196603,50.05196603,50.05196603,50.05196603,50.05196603,50.05196603,50.05196603,50.05196603,50.05196603,50.05196603,50.05196603,50.05196603,50.05196603,50.05196603,50.05196603,50.05196603,50.05196603,50.05196603,50.05196603,50.05196603,50.05196603,50.05196603,50.05196603
TGLX2,12/1/2021,105.101042,10.710792,49.90598893,49.90598893,49.90598893,49.90598893,49.90598893,49.90598893,49.90598893,49.90598893,49.90598893,49.90598893,49.90598893,49.90598893,49.90598893,49.90598893,49.90598893,49.90598893,49.90598893,49.90598893,49.90598893,49.90598893,49.90598893,49.90598893,49.90598893,49.90598893
TGLX2,1/1/2022,105.101042,10.710792,40.18801058,40.18801058,40.18801058,40.18801058,40.18801058,40.18801058,40.18801058,40.18801058,40.18801058,40.18801058,40.18801058,40.18801058,40.18801058,40.18801058,40.18801058,40.18801058,40.18801058,40.18801058,40.18801058,40.18801058,40.18801058,40.18801058,40.18801058,40.18801058
TGLX2,2/1/2022,105.101042,10.710792,63.37831003,63.37831003,63.37831003,63.37831003,63.37831003,63.37831003,63.37831003,63.37831003,63.37831003,63.37831003,63.37831003,63.37831003,63.37831003,63.37831003,63.37831003,63.37831003,63.37831003,63.37831003,63.37831003,63.37831003,63.37831003,63.37831003,63.37831003,63.37831003
TGLX2,3/1/2022,105.101042,10.710792,51.71498916,51.71498916,51.71498916,51.71498916,51.71498916,51.71498916,51.71498916,51.71498916,51.71498916,51.71498916,51.71498916,51.71498916,51.71498916,51.71498916,51.71498916,51.71498916,51.71498916,51.71498916,51.71498916,51.71498916,51.71498916,51.71498916,51.71498916,51.71498916
TGLX2,4/1/2022,105.101042,10.710792,52.4656565,52.4656565,52.4656565,52.4656565,52.4656565,52.4656565,52.4656565,52.4656565,52.4656565,52.4656565,52.4656565,52.4656565,52.4656565,52.4656565,52.4656565,52.4656565,52.4656565,52.4656565,52.4656565,52.4656565,52.4656565,52.4656565,52.4656565,52.4656565
TGLX2,5/1/2022,105.101042,10.710792,51.07632804,51.07632804,51.07632804,51.07632804,51.07632804,51.07632804,51.07632804,51.07632804,51.07632804,51.07632804,51.07632804,51.07632804,51.07632804,51.07632804,51.07632804,51.07632804,51.07632804,51.07632804,51.07632804,51.07632804,51.07632804,51.07632804,51.07632804,51.07632804
TGLX2,6/1/2022,105.101042,10.710792,57.65082356,57.65082356,57.65082356,57.65082356,57.65082356,57.65082356,57.65082356,57.65082356,57.65082356,57.65082356,57.65082356,57.65082356,57.65082356,57.65082356,57.65082356,57.65082356,57.65082356,57.65082356,57.65082356,57.65082356,57.65082356,57.65082356,57.65082356,57.65082356
TGLX2,7/1/2022,105.101042,10.710792,52.26331453,52.26331453,52.26331453,52.26331453,52.26331453,52.26331453,52.26331453,52.26331453,52.26331453,52.26331453,52.26331453,52.26331453,52.26331453,52.26331453,52.26331453,52.26331453,52.26331453,52.26331453,52.26331453,52.26331453,52.26331453,52.26331453,52.26331453,52.26331453
TGLX2,8/1/2022,105.101042,10.710792,43.24662956,43.24662956,43.24662956,43.24662956,43.24662956,43.24662956,43.24662956,43.24662956,43.24662956,43.24662956,43.24662956,43.24662956,43.24662956,43.24662956,43.24662956,43.24662956,43.24662956,43.24662956,43.24662956,43.24662956,43.24662956,43.24662956,43.24662956,43.24662956
TGLX2,9/1/2022,105.101042,10.710792,63.99189335,63.99189335,63.99189335,63.99189335,63.99189335,63.99189335,63.99189335,63.99189335,63.99189335,63.99189335,63.99189335,63.99189335,63.99189335,63.99189335,63.99189335,63.99189335,63.99189335,63.99189335,63.99189335,63.99189335,63.99189335,63.99189335,63.99189335,63.99189335
TGLX2,10/1/2022,105.101042,10.710792,64.32903685,64.32903685,64.32903685,64.32903685,64.32903685,64.32903685,64.32903685,64.32903685,64.32903685,64.32903685,64.32903685,64.32903685,64.32903685,64.32903685,64.32903685,64.32903685,64.32903685,64.32903685,64.32903685,64.32903685,64.32903685,64.32903685,64.32903685,64.32903685
TGLX2,11/1/2022,105.101042,10.710792,62.76842548,62.76842548,62.76842548,62.76842548,62.76842548,62.76842548,62.76842548,62.76842548,62.76842548,62.76842548,62.76842548,62.76842548,62.76842548,62.76842548,62.76842548,62.76842548,62.76842548,62.76842548,62.76842548,62.76842548,62.76842548,62.76842548,62.76842548,62.76842548
TGLX2,12/1/2022,105.101042,10.710792,64.17677161,64.17677161,64.17677161,64.17677161,64.17677161,64.17677161,64.17677161,64.17677161,64.17677161,64.17677161,64.17677161,64.17677161,64.17677161,64.17677161,64.17677161,64.17677161,64.17677161,64.17677161,64.17677161,64.17677161,64.17677161,64.17677161,64.17677161,64.17677161
TGLX2,1/1/2023,105.101042,10.710792,54.8314662,54.8314662,54.8314662,54.8314662,54.8314662,54.8314662,54.8314662,54.8314662,54.8314662,54.8314662,54.8314662,54.8314662,54.8314662,54.8314662,54.8314662,54.8314662,54.8314662,54.8314662,54.8314662,54.8314662,54.8314662,54.8314662,54.8314662,54.8314662
TGLX2,2/1/2023,105.101042,10.710792,63.72508444,63.72508444,63.72508444,63.72508444,63.72508444,63.72508444,63.72508444,63.72508444,63.72508444,63.72508444,63.72508444,63.72508444,63.72508444,63.72508444,63.72508444,63.72508444,63.72508444,63.72508444,63.72508444,63.72508444,63.72508444,63.72508444,63.72508444,63.72508444
TGLX2,3/1/2023,105.101042,10.710792,44.19468401,44.19468401,44.19468401,44.19468401,44.19468401,44.19468401,44.19468401,44.19468401,44.19468401,44.19468401,44.19468401,44.19468401,44.19468401,44.19468401,44.19468401,44.19468401,44.19468401,44.19468401,44.19468401,44.19468401,44.19468401,44.19468401,44.19468401,44.19468401
TGLX2,4/1/2023,105.101042,10.710792,63.82314004,63.82314004,63.82314004,63.82314004,63.82314004,63.82314004,63.82314004,63.82314004,63.82314004,63.82314004,63.82314004,63.82314004,63.82314004,63.82314004,63.82314004,63.82314004,63.82314004,63.82314004,63.82314004,63.82314004,63.82314004,63.82314004,63.82314004,63.82314004
TGLX2,5/1/2023,105.101042,10.710792,64.22654175,64.22654175,64.22654175,64.22654175,64.22654175,64.22654175,64.22654175,64.22654175,64.22654175,64.22654175,64.22654175,64.22654175,64.22654175,64.22654175,64.22654175,64.22654175,64.22654175,64.22654175,64.22654175,64.22654175,64.22654175,64.22654175,64.22654175,64.22654175
TGLX2,6/1/2023,105.101042,10.710792,62.81801293,62.81801293,62.81801293,62.81801293,62.81801293,62.81801293,62.81801293,62.81801293,62.81801293,62.81801293,62.81801293,62.81801293,62.81801293,62.81801293,62.81801293,62.81801293,62.81801293,62.81801293,62.81801293,62.81801293,62.81801293,62.81801293,62.81801293,62.81801293
TGLX2,7/1/2023,105.101042,10.710792,35.88705219,35.88705219,35.88705219,35.88705219,35.88705219,35.88705219,35.88705219,35.88705219,35.88705219,35.88705219,35.88705219,35.88705219,35.88705219,35.88705219,35.88705219,35.88705219,35.88705219,35.88705219,35.88705219,35.88705219,35.88705219,35.88705219,35.88705219,35.88705219
TGLX2,8/1/2023,105.101042,10.710792,34.31041001,34.31041001,34.31041001,34.31041001,34.31041001,34.31041001,34.31041001,34.31041001,34.31041001,34.31041001,34.31041001,34.31041001,34.31041001,34.31041001,34.31041001,34.31041001,34.31041001,34.31041001,34.31041001,34.31041001,34.31041001,34.31041001,34.31041001,34.31041001
TGLX2,9/1/2023,105.101042,10.710792,56.59178703,56.59178703,56.59178703,56.59178703,56.59178703,56.59178703,56.59178703,56.59178703,56.59178703,56.59178703,56.59178703,56.59178703,56.59178703,56.59178703,56.59178703,56.59178703,56.59178703,56.59178703,56.59178703,56.59178703,56.59178703,56.59178703,56.59178703,56.59178703
TGLX2,10/1/2023,105.101042,10.710792,56.08456516,56.08456516,56.08456516,56.08456516,56.08456516,56.08456516,56.08456516,56.08456516,56.08456516,56.08456516,56.08456516,56.08456516,56.08456516,56.08456516,56.08456516,56.08456516,56.08456516,56.08456516,56.08456516,56.08456516,56.08456516,56.08456516,56.08456516,56.08456516
TGLX2,11/1/2023,105.101042,10.710792,64.19242477,64.19242477,64.19242477,64.19242477,64.19242477,64.19242477,64.19242477,64.19242477,64.19242477,64.19242477,64.19242477,64.19242477,64.19242477,64.19242477,64.19242477,64.19242477,64.19242477,64.19242477,64.19242477,64.19242477,64.19242477,64.19242477,64.19242477,64.19242477
TGLX2,12/1/2023,105.101042,10.710792,34.5673737,34.5673737,34.5673737,34.5673737,34.5673737,34.5673737,34.5673737,34.5673737,34.5673737,34.5673737,34.5673737,34.5673737,34.5673737,34.5673737,34.5673737,34.5673737,34.5673737,34.5673737,34.5673737,34.5673737,34.5673737,34.5673737,34.5673737,34.5673737
TGLX2,1/1/2024,105.101042,10.710792,38.24714685,38.24714685,38.24714685,38.24714685,38.24714685,38.24714685,38.24714685,38.24714685,38.24714685,38.24714685,38.24714685,38.24714685,38.24714685,38.24714685,38.24714685,38.24714685,38.24714685,38.24714685,38.24714685,38.24714685,38.24714685,38.24714685,38.24714685,38.24714685
TGLX2,2/1/2024,105.101042,10.710792,49.35188537,49.35188537,49.35188537,49.35188537,49.35188537,49.35188537,49.35188537,49.35188537,49.35188537,49.35188537,49.35188537,49.35188537,49.35188537,49.35188537,49.35188537,49.35188537,49.35188537,49.35188537,49.35188537,49.35188537,49.35188537,49.35188537,49.35188537,49.35188537
TGLX2,3/1/2024,105.101042,10.710792,64.91486274,64.91486274,64.91486274,64.91486274,64.91486274,64.91486274,64.91486274,64.91486274,64.91486274,64.91486274,64.91486274,64.91486274,64.91486274,64.91486274,64.91486274,64.91486274,64.91486274,64.91486274,64.91486274,64.91486274,64.91486274,64.91486274,64.91486274,64.91486274
TGLX2,4/1/2024,105.101042,10.710792,66.02782547,66.02782547,66.02782547,66.02782547,66.02782547,66.02782547,66.02782547,66.02782547,66.02782547,66.02782547,66.02782547,66.02782547,66.02782547,66.02782547,66.02782547,66.02782547,66.02782547,66.02782547,66.02782547,66.02782547,66.02782547,66.02782547,66.02782547,66.02782547
TGLX2,5/1/2024,105.101042,10.710792,63.16725258,63.16725258,63.16725258,63.16725258,63.16725258,63.16725258,63.16725258,63.16725258,63.16725258,63.16725258,63.16725258,63.16725258,63.16725258,63.16725258,63.16725258,63.16725258,63.16725258,63.16725258,63.16725258,63.16725258,63.16725258,63.16725258,63.16725258,63.16725258
TGLX2,6/1/2024,105.101042,10.710792,44.22529172,44.22529172,44.22529172,44.22529172,44.22529172,44.22529172,44.22529172,44.22529172,44.22529172,44.22529172,44.22529172,44.22529172,44.22529172,44.22529172,44.22529172,44.22529172,44.22529172,44.22529172,44.22529172,44.22529172,44.22529172,44.22529172,44.22529172,44.22529172
TGLX2,7/1/2024,105.101042,10.710792,66.62467825,66.62467825,66.62467825,66.62467825,66.62467825,66.62467825,66.62467825,66.62467825,66.62467825,66.62467825,66.62467825,66.62467825,66.62467825,66.62467825,66.62467825,66.62467825,66.62467825,66.62467825,66.62467825,66.62467825,66.62467825,66.62467825,66.62467825,66.62467825
TGLX2,8/1/2024,105.101042,10.710792,66.10353373,66.10353373,66.10353373,66.10353373,66.10353373,66.10353373,66.10353373,66.10353373,66.10353373,66.10353373,66.10353373,66.10353373,66.10353373,66.10353373,66.10353373,66.10353373,66.10353373,66.10353373,66.10353373,66.10353373,66.10353373,66.10353373,66.10353373,66.10353373
TGLX2,9/1/2024,105.101042,10.710792,52.49617268,52.49617268,52.49617268,52.49617268,52.49617268,52.49617268,52.49617268,52.49617268,52.49617268,52.49617268,52.49617268,52.49617268,52.49617268,52.49617268,52.49617268,52.49617268,52.49617268,52.49617268,52.49617268,52.49617268,52.49617268,52.49617268,52.49617268,52.49617268
TGLX2,10/1/2024,105.101042,10.710792,34.39245049,34.39245049,34.39245049,34.39245049,34.39245049,34.39245049,34.39245049,34.39245049,34.39245049,34.39245049,34.39245049,34.39245049,34.39245049,34.39245049,34.39245049,34.39245049,34.39245049,34.39245049,34.39245049,34.39245049,34.39245049,34.39245049,34.39245049,34.39245049
TGLX2,11/1/2024,105.101042,10.710792,52.45332201,52.45332201,52.45332201,52.45332201,52.45332201,52.45332201,52.45332201,52.45332201,52.45332201,52.45332201,52.45332201,52.45332201,52.45332201,52.45332201,52.45332201,52.45332201,52.45332201,52.45332201,52.45332201,52.45332201,52.45332201,52.45332201,52.45332201,52.45332201
TGLX2,12/1/2024,105.101042,10.710792,52.45221123,52.45221123,52.45221123,52.45221123,52.45221123,52.45221123,52.45221123,52.45221123,52.45221123,52.45221123,52.45221123,52.45221123,52.45221123,52.45221123,52.45221123,52.45221123,52.45221123,52.45221123,52.45221123,52.45221123,52.45221123,52.45221123,52.45221123,52.45221123
TGLX2,1/1/2025,105.101042,10.710792,65.66718329,65.66718329,65.66718329,65.66718329,65.66718329,65.66718329,65.66718329,65.66718329,65.66718329,65.66718329,65.66718329,65.66718329,65.66718329,65.66718329,65.66718329,65.66718329,65.66718329,65.66718329,65.66718329,65.66718329,65.66718329,65.66718329,65.66718329,65.66718329
TGLX2,2/1/2025,105.101042,10.710792,66.97473926,66.97473926,66.97473926,66.97473926,66.97473926,66.97473926,66.97473926,66.97473926,66.97473926,66.97473926,66.97473926,66.97473926,66.97473926,66.97473926,66.97473926,66.97473926,66.97473926,66.97473926,66.97473926,66.97473926,66.97473926,66.97473926,66.97473926,66.97473926
TGLX2,3/1/2025,105.101042,10.710792,52.79588744,52.79588744,52.79588744,52.79588744,52.79588744,52.79588744,52.79588744,52.79588744,52.79588744,52.79588744,52.79588744,52.79588744,52.79588744,52.79588744,52.79588744,52.79588744,52.79588744,52.79588744,52.79588744,52.79588744,52.79588744,52.79588744,52.79588744,52.79588744
TGLX2,4/1/2025,105.101042,10.710792,52.67862772,52.67862772,52.67862772,52.67862772,52.67862772,52.67862772,52.67862772,52.67862772,52.67862772,52.67862772,52.67862772,52.67862772,52.67862772,52.67862772,52.67862772,52.67862772,52.67862772,52.67862772,52.67862772,52.67862772,52.67862772,52.67862772,52.67862772,52.67862772
TGLX2,5/1/2025,105.101042,10.710792,43.46243203,43.46243203,43.46243203,43.46243203,43.46243203,43.46243203,43.46243203,43.46243203,43.46243203,43.46243203,43.46243203,43.46243203,43.46243203,43.46243203,43.46243203,43.46243203,43.46243203,43.46243203,43.46243203,43.46243203,43.46243203,43.46243203,43.46243203,43.46243203
TGLX2,6/1/2025,105.101042,10.710792,52.30469113,52.30469113,52.30469113,52.30469113,52.30469113,52.30469113,52.30469113,52.30469113,52.30469113,52.30469113,52.30469113,52.30469113,52.30469113,52.30469113,52.30469113,52.30469113,52.30469113,52.30469113,52.30469113,52.30469113,52.30469113,52.30469113,52.30469113,52.30469113
TGLX2,7/1/2025,105.101042,10.710792,60.85021851,60.85021851,60.85021851,60.85021851,60.85021851,60.85021851,60.85021851,60.85021851,60.85021851,60.85021851,60.85021851,60.85021851,60.85021851,60.85021851,60.85021851,60.85021851,60.85021851,60.85021851,60.85021851,60.85021851,60.85021851,60.85021851,60.85021851,60.85021851
TGLX3,2/1/2021,105.133692,10.265919,40.89711785,40.89711785,40.89711785,40.89711785,40.89711785,40.89711785,40.89711785,40.89711785,40.89711785,40.89711785,40.89711785,40.89711785,40.89711785,40.89711785,40.89711785,40.89711785,40.89711785,40.89711785,40.89711785,40.89711785,40.89711785,40.89711785,40.89711785,40.89711785
TGLX3,3/1/2021,105.133692,10.265919,41.98328585,41.98328585,41.98328585,41.98328585,41.98328585,41.98328585,41.98328585,41.98328585,41.98328585,41.98328585,41.98328585,41.98328585,41.98328585,41.98328585,41.98328585,41.98328585,41.98328585,41.98328585,41.98328585,41.98328585,41.98328585,41.98328585,41.98328585,41.98328585
TGLX3,4/1/2021,105.133692,10.265919,34.57075494,34.57075494,34.57075494,34.57075494,34.57075494,34.57075494,34.57075494,34.57075494,34.57075494,34.57075494,34.57075494,34.57075494,34.57075494,34.57075494,34.57075494,34.57075494,34.57075494,34.57075494,34.57075494,34.57075494,34.57075494,34.57075494,34.57075494,34.57075494
TGLX3,5/1/2021,105.133692,10.265919,60.76101146,60.76101146,60.76101146,60.76101146,60.76101146,60.76101146,60.76101146,60.76101146,60.76101146,60.76101146,60.76101146,60.76101146,60.76101146,60.76101146,60.76101146,60.76101146,60.76101146,60.76101146,60.76101146,60.76101146,60.76101146,60.76101146,60.76101146,60.76101146
TGLX3,6/1/2021,105.133692,10.265919,34.31194862,34.31194862,34.31194862,34.31194862,34.31194862,34.31194862,34.31194862,34.31194862,34.31194862,34.31194862,34.31194862,34.31194862,34.31194862,34.31194862,34.31194862,34.31194862,34.31194862,34.31194862,34.31194862,34.31194862,34.31194862,34.31194862,34.31194862,34.31194862
TGLX3,7/1/2021,105.133692,10.265919,34.80335743,34.80335743,34.80335743,34.80335743,34.80335743,34.80335743,34.80335743,34.80335743,34.80335743,34.80335743,34.80335743,34.80335743,34.80335743,34.80335743,34.80335743,34.80335743,34.80335743,34.80335743,34.80335743,34.80335743,34.80335743,34.80335743,34.80335743,34.80335743
TGLX3,8/1/2021,105.133692,10.265919,36.16712587,36.16712587,36.16712587,36.16712587,36.16712587,36.16712587,36.16712587,36.16712587,36.16712587,36.16712587,36.16712587,36.16712587,36.16712587,36.16712587,36.16712587,36.16712587,36.16712587,36.16712587,36.16712587,36.16712587,36.16712587,36.16712587,36.16712587,36.16712587
TGLX3,9/1/2021,105.133692,10.265919,35.32514875,35.32514875,35.32514875,35.32514875,35.32514875,35.32514875,35.32514875,35.32514875,35.32514875,35.32514875,35.32514875,35.32514875,35.32514875,35.32514875,35.32514875,35.32514875,35.32514875,35.32514875,35.32514875,35.32514875,35.32514875,35.32514875,35.32514875,35.32514875
TGLX3,10/1/2021,105.133692,10.265919,59.27258778,59.27258778,59.27258778,59.27258778,59.27258778,59.27258778,59.27258778,59.27258778,59.27258778,59.27258778,59.27258778,59.27258778,59.27258778,59.27258778,59.27258778,59.27258778,59.27258778,59.27258778,59.27258778,59.27258778,59.27258778,59.27258778,59.27258778,59.27258778
TGLX3,11/1/2021,105.133692,10.265919,49.80988776,49.80988776,49.80988776,49.80988776,49.80988776,49.80988776,49.80988776,49.80988776,49.80988776,49.80988776,49.80988776,49.80988776,49.80988776,49.80988776,49.80988776,49.80988776,49.80988776,49.80988776,49.80988776,49.80988776,49.80988776,49.80988776,49.80988776,49.80988776
TGLX3,12/1/2021,105.133692,10.265919,49.33430636,49.33430636,49.33430636,49.33430636,49.33430636,49.33430636,49.33430636,49.33430636,49.33430636,49.33430636,49.33430636,49.33430636,49.33430636,49.33430636,49.33430636,49.33430636,49.33430636,49.33430636,49.33430636,49.33430636,49.33430636,49.33430636,49.33430636,49.33430636
TGLX3,1/1/2022,105.133692,10.265919,34.12004688,34.12004688,34.12004688,34.12004688,34.12004688,34.12004688,34.12004688,34.12004688,34.12004688,34.12004688,34.12004688,34.12004688,34.12004688,34.12004688,34.12004688,34.12004688,34.12004688,34.12004688,34.12004688,34.12004688,34.12004688,34.12004688,34.12004688,34.12004688
TGLX3,2/1/2022,105.133692,10.265919,50.84474432,50.84474432,50.84474432,50.84474432,50.84474432,50.84474432,50.84474432,50.84474432,50.84474432,50.84474432,50.84474432,50.84474432,50.84474432,50.84474432,50.84474432,50.84474432,50.84474432,50.84474432,50.84474432,50.84474432,50.84474432,50.84474432,50.84474432,50.84474432
TGLX3,3/1/2022,105.133692,10.265919,51.83373423,51.83373423,51.83373423,51.83373423,51.83373423,51.83373423,51.83373423,51.83373423,51.83373423,51.83373423,51.83373423,51.83373423,51.83373423,51.83373423,51.83373423,51.83373423,51.83373423,51.83373423,51.83373423,51.83373423,51.83373423,51.83373423,51.83373423,51.83373423
TGLX3,4/1/2022,105.133692,10.265919,50.38006669,50.38006669,50.38006669,50.38006669,50.38006669,50.38006669,50.38006669,50.38006669,50.38006669,50.38006669,50.38006669,50.38006669,50.38006669,50.38006669,50.38006669,50.38006669,50.38006669,50.38006669,50.38006669,50.38006669,50.38006669,50.38006669,50.38006669,50.38006669
TGLX3,5/1/2022,105.133692,10.265919,50.97541161,50.97541161,50.97541161,50.97541161,50.97541161,50.97541161,50.97541161,50.97541161,50.97541161,50.97541161,50.97541161,50.97541161,50.97541161,50.97541161,50.97541161,50.97541161,50.97541161,50.97541161,50.97541161,50.97541161,50.97541161,50.97541161,50.97541161,50.97541161
TGLX3,6/1/2022,105.133692,10.265919,49.80671329,49.80671329,49.80671329,49.80671329,49.80671329,49.80671329,49.80671329,49.80671329,49.80671329,49.80671329,49.80671329,49.80671329,49.80671329,49.80671329,49.80671329,49.80671329,49.80671329,49.80671329,49.80671329,49.80671329,49.80671329,49.80671329,49.80671329,49.80671329
TGLX3,7/1/2022,105.133692,10.265919,54.47197078,54.47197078,54.47197078,54.47197078,54.47197078,54.47197078,54.47197078,54.47197078,54.47197078,54.47197078,54.47197078,54.47197078,54.47197078,54.47197078,54.47197078,54.47197078,54.47197078,54.47197078,54.47197078,54.47197078,54.47197078,54.47197078,54.47197078,54.47197078
TGLX3,8/1/2022,105.133692,10.265919,42.81803288,42.81803288,42.81803288,42.81803288,42.81803288,42.81803288,42.81803288,42.81803288,42.81803288,42.81803288,42.81803288,42.81803288,42.81803288,42.81803288,42.81803288,42.81803288,42.81803288,42.81803288,42.81803288,42.81803288,42.81803288,42.81803288,42.81803288,42.81803288
TGLX3,9/1/2022,105.133692,10.265919,42.32204085,42.32204085,42.32204085,42.32204085,42.32204085,42.32204085,42.32204085,42.32204085,42.32204085,42.32204085,42.32204085,42.32204085,42.32204085,42.32204085,42.32204085,42.32204085,42.32204085,42.32204085,42.32204085,42.32204085,42.32204085,42.32204085,42.32204085,42.32204085
TGLX3,10/1/2022,105.133692,10.265919,54.67333847,54.67333847,54.67333847,54.67333847,54.67333847,54.67333847,54.67333847,54.67333847,54.67333847,54.67333847,54.67333847,54.67333847,54.67333847,54.67333847,54.67333847,54.67333847,54.67333847,54.67333847,54.67333847,54.67333847,54.67333847,54.67333847,54.67333847,54.67333847
TGLX3,11/1/2022,105.133692,10.265919,52.89948487,52.89948487,52.89948487,52.89948487,52.89948487,52.89948487,52.89948487,52.89948487,52.89948487,52.89948487,52.89948487,52.89948487,52.89948487,52.89948487,52.89948487,52.89948487,52.89948487,52.89948487,52.89948487,52.89948487,52.89948487,52.89948487,52.89948487,52.89948487
TGLX3,12/1/2022,105.133692,10.265919,50.12333467,50.12333467,50.12333467,50.12333467,50.12333467,50.12333467,50.12333467,50.12333467,50.12333467,50.12333467,50.12333467,50.12333467,50.12333467,50.12333467,50.12333467,50.12333467,50.12333467,50.12333467,50.12333467,50.12333467,50.12333467,50.12333467,50.12333467,50.12333467
TGLX3,1/1/2023,105.133692,10.265919,51.37644294,51.37644294,51.37644294,51.37644294,51.37644294,51.37644294,51.37644294,51.37644294,51.37644294,51.37644294,51.37644294,51.37644294,51.37644294,51.37644294,51.37644294,51.37644294,51.37644294,51.37644294,51.37644294,51.37644294,51.37644294,51.37644294,51.37644294,51.37644294
TGLX3,2/1/2023,105.133692,10.265919,50.83425665,50.83425665,50.83425665,50.83425665,50.83425665,50.83425665,50.83425665,50.83425665,50.83425665,50.83425665,50.83425665,50.83425665,50.83425665,50.83425665,50.83425665,50.83425665,50.83425665,50.83425665,50.83425665,50.83425665,50.83425665,50.83425665,50.83425665,50.83425665
TGLX3,3/1/2023,105.133692,10.265919,50.79667885,50.79667885,50.79667885,50.79667885,50.79667885,50.79667885,50.79667885,50.79667885,50.79667885,50.79667885,50.79667885,50.79667885,50.79667885,50.79667885,50.79667885,50.79667885,50.79667885,50.79667885,50.79667885,50.79667885,50.79667885,50.79667885,50.79667885,50.79667885
TGLX3,4/1/2023,105.133692,10.265919,51.77672476,51.77672476,51.77672476,51.77672476,51.77672476,51.77672476,51.77672476,51.77672476,51.77672476,51.77672476,51.77672476,51.77672476,51.77672476,51.77672476,51.77672476,51.77672476,51.77672476,51.77672476,51.77672476,51.77672476,51.77672476,51.77672476,51.77672476,51.77672476
TGLX3,5/1/2023,105.133692,10.265919,49.82903047,49.82903047,49.82903047,49.82903047,49.82903047,49.82903047,49.82903047,49.82903047,49.82903047,49.82903047,49.82903047,49.82903047,49.82903047,49.82903047,49.82903047,49.82903047,49.82903047,49.82903047,49.82903047,49.82903047,49.82903047,49.82903047,49.82903047,49.82903047
TGLX3,6/1/2023,105.133692,10.265919,34.34850474,34.34850474,34.34850474,34.34850474,34.34850474,34.34850474,34.34850474,34.34850474,34.34850474,34.34850474,34.34850474,34.34850474,34.34850474,34.34850474,34.34850474,34.34850474,34.34850474,34.34850474,34.34850474,34.34850474,34.34850474,34.34850474,34.34850474,34.34850474
TGLX3,7/1/2023,105.133692,10.265919,65.42616728,65.42616728,65.42616728,65.42616728,65.42616728,65.42616728,65.42616728,65.42616728,65.42616728,65.42616728,65.42616728,65.42616728,65.42616728,65.42616728,65.42616728,65.42616728,65.42616728,65.42616728,65.42616728,65.42616728,65.42616728,65.42616728,65.42616728,65.42616728
TGLX3,8/1/2023,105.133692,10.265919,37.11405024,37.11405024,37.11405024,37.11405024,37.11405024,37.11405024,37.11405024,37.11405024,37.11405024,37.11405024,37.11405024,37.11405024,37.11405024,37.11405024,37.11405024,37.11405024,37.11405024,37.11405024,37.11405024,37.11405024,37.11405024,37.11405024,37.11405024,37.11405024
TGLX3,9/1/2023,105.133692,10.265919,36.30713926,36.30713926,36.30713926,36.30713926,36.30713926,36.30713926,36.30713926,36.30713926,36.30713926,36.30713926,36.30713926,36.30713926,36.30713926,36.30713926,36.30713926,36.30713926,36.30713926,36.30713926,36.30713926,36.30713926,36.30713926,36.30713926,36.30713926,36.30713926
TGLX3,10/1/2023,105.133692,10.265919,34.33045889,34.33045889,34.33045889,34.33045889,34.33045889,34.33045889,34.33045889,34.33045889,34.33045889,34.33045889,34.33045889,34.33045889,34.33045889,34.33045889,34.33045889,34.33045889,34.33045889,34.33045889,34.33045889,34.33045889,34.33045889,34.33045889,34.33045889,34.33045889
TGLX3,11/1/2023,105.133692,10.265919,50.46662451,50.46662451,50.46662451,50.46662451,50.46662451,50.46662451,50.46662451,50.46662451,50.46662451,50.46662451,50.46662451,50.46662451,50.46662451,50.46662451,50.46662451,50.46662451,50.46662451,50.46662451,50.46662451,50.46662451,50.46662451,50.46662451,50.46662451,50.46662451
TGLX3,12/1/2023,105.133692,10.265919,16.12043638,16.12043638,16.12043638,16.12043638,16.12043638,16.12043638,16.12043638,16.12043638,16.12043638,16.12043638,16.12043638,16.12043638,16.12043638,16.12043638,16.12043638,16.12043638,16.12043638,16.12043638,16.12043638,16.12043638,16.12043638,16.12043638,16.12043638,16.12043638
TGLX3,1/1/2024,105.133692,10.265919,34.06779951,34.06779951,34.06779951,34.06779951,34.06779951,34.06779951,34.06779951,34.06779951,34.06779951,34.06779951,34.06779951,34.06779951,34.06779951,34.06779951,34.06779951,34.06779951,34.06779951,34.06779951,34.06779951,34.06779951,34.06779951,34.06779951,34.06779951,34.06779951
TGLX3,2/1/2024,105.133692,10.265919,32.71396531,32.71396531,32.71396531,32.71396531,32.71396531,32.71396531,32.71396531,32.71396531,32.71396531,32.71396531,32.71396531,32.71396531,32.71396531,32.71396531,32.71396531,32.71396531,32.71396531,32.71396531,32.71396531,32.71396531,32.71396531,32.71396531,32.71396531,32.71396531
TGLX3,3/1/2024,105.133692,10.265919,51.9721266,51.9721266,51.9721266,51.9721266,51.9721266,51.9721266,51.9721266,51.9721266,51.9721266,51.9721266,51.9721266,51.9721266,51.9721266,51.9721266,51.9721266,51.9721266,51.9721266,51.9721266,51.9721266,51.9721266,51.9721266,51.9721266,51.9721266,51.9721266
TGLX3,4/1/2024,105.133692,10.265919,31.5282395,31.5282395,31.5282395,31.5282395,31.5282395,31.5282395,31.5282395,31.5282395,31.5282395,31.5282395,31.5282395,31.5282395,31.5282395,31.5282395,31.5282395,31.5282395,31.5282395,31.5282395,31.5282395,31.5282395,31.5282395,31.5282395,31.5282395,31.5282395
TGLX3,5/1/2024,105.133692,10.265919,34.80918913,34.80918913,34.80918913,34.80918913,34.80918913,34.80918913,34.80918913,34.80918913,34.80918913,34.80918913,34.80918913,34.80918913,34.80918913,34.80918913,34.80918913,34.80918913,34.80918913,34.80918913,34.80918913,34.80918913,34.80918913,34.80918913,34.80918913,34.80918913
TGLX3,6/1/2024,105.133692,10.265919,50.72931809,50.72931809,50.72931809,50.72931809,50.72931809,50.72931809,50.72931809,50.72931809,50.72931809,50.72931809,50.72931809,50.72931809,50.72931809,50.72931809,50.72931809,50.72931809,50.72931809,50.72931809,50.72931809,50.72931809,50.72931809,50.72931809,50.72931809,50.72931809
TGLX3,7/1/2024,105.133692,10.265919,37.16908523,37.16908523,37.16908523,37.16908523,37.16908523,37.16908523,37.16908523,37.16908523,37.16908523,37.16908523,37.16908523,37.16908523,37.16908523,37.16908523,37.16908523,37.16908523,37.16908523,37.16908523,37.16908523,37.16908523,37.16908523,37.16908523,37.16908523,37.16908523
TGLX3,8/1/2024,105.133692,10.265919,36.14944531,36.14944531,36.14944531,36.14944531,36.14944531,36.14944531,36.14944531,36.14944531,36.14944531,36.14944531,36.14944531,36.14944531,36.14944531,36.14944531,36.14944531,36.14944531,36.14944531,36.14944531,36.14944531,36.14944531,36.14944531,36.14944531,36.14944531,36.14944531
TGLX3,9/1/2024,105.133692,10.265919,34.68685027,34.68685027,34.68685027,34.68685027,34.68685027,34.68685027,34.68685027,34.68685027,34.68685027,34.68685027,34.68685027,34.68685027,34.68685027,34.68685027,34.68685027,34.68685027,34.68685027,34.68685027,34.68685027,34.68685027,34.68685027,34.68685027,34.68685027,34.68685027
TGLX3,10/1/2024,105.133692,10.265919,44.14681884,44.14681884,44.14681884,44.14681884,44.14681884,44.14681884,44.14681884,44.14681884,44.14681884,44.14681884,44.14681884,44.14681884,44.14681884,44.14681884,44.14681884,44.14681884,44.14681884,44.14681884,44.14681884,44.14681884,44.14681884,44.14681884,44.14681884,44.14681884
TGLX3,11/1/2024,105.133692,10.265919,33.83022098,33.83022098,33.83022098,33.83022098,33.83022098,33.83022098,33.83022098,33.83022098,33.83022098,33.83022098,33.83022098,33.83022098,33.83022098,33.83022098,33.83022098,33.83022098,33.83022098,33.83022098,33.83022098,33.83022098,33.83022098,33.83022098,33.83022098,33.83022098
TGLX3,12/1/2024,105.133692,10.265919,47.86935759,47.86935759,47.86935759,47.86935759,47.86935759,47.86935759,47.86935759,47.86935759,47.86935759,47.86935759,47.86935759,47.86935759,47.86935759,47.86935759,47.86935759,47.86935759,47.86935759,47.86935759,47.86935759,47.86935759,47.86935759,47.86935759,47.86935759,47.86935759
TGLX3,1/1/2025,105.133692,10.265919,64.56388425,64.56388425,64.56388425,64.56388425,64.56388425,64.56388425,64.56388425,64.56388425,64.56388425,64.56388425,64.56388425,64.56388425,64.56388425,64.56388425,64.56388425,64.56388425,64.56388425,64.56388425,64.56388425,64.56388425,64.56388425,64.56388425,64.56388425,64.56388425
TGLX3,2/1/2025,105.133692,10.265919,50.85106334,50.85106334,50.85106334,50.85106334,50.85106334,50.85106334,50.85106334,50.85106334,50.85106334,50.85106334,50.85106334,50.85106334,50.85106334,50.85106334,50.85106334,50.85106334,50.85106334,50.85106334,50.85106334,50.85106334,50.85106334,50.85106334,50.85106334,50.85106334
TGLX3,3/1/2025,105.133692,10.265919,52.49382432,52.49382432,52.49382432,52.49382432,52.49382432,52.49382432,52.49382432,52.49382432,52.49382432,52.49382432,52.49382432,52.49382432,52.49382432,52.49382432,52.49382432,52.49382432,52.49382432,52.49382432,52.49382432,52.49382432,52.49382432,52.49382432,52.49382432,52.49382432
TGLX3,4/1/2025,105.133692,10.265919,35.02280075,35.02280075,35.02280075,35.02280075,35.02280075,35.02280075,35.02280075,35.02280075,35.02280075,35.02280075,35.02280075,35.02280075,35.02280075,35.02280075,35.02280075,35.02280075,35.02280075,35.02280075,35.02280075,35.02280075,35.02280075,35.02280075,35.02280075,35.02280075
TGLX3,5/1/2025,105.133692,10.265919,55.54673005,55.54673005,55.54673005,55.54673005,55.54673005,55.54673005,55.54673005,55.54673005,55.54673005,55.54673005,55.54673005,55.54673005,55.54673005,55.54673005,55.54673005,55.54673005,55.54673005,55.54673005,55.54673005,55.54673005,55.54673005,55.54673005,55.54673005,55.54673005
TGLX3,6/1/2025,105.133692,10.265919,69.70897724,69.70897724,69.70897724,69.70897724,69.70897724,69.70897724,69.70897724,69.70897724,69.70897724,69.70897724,69.70897724,69.70897724,69.70897724,69.70897724,69.70897724,69.70897724,69.70897724,69.70897724,69.70897724,69.70897724,69.70897724,69.70897724,69.70897724,69.70897724
TGLX3,7/1/2025,105.133692,10.265919,42.94738054,42.94738054,42.94738054,42.94738054,42.94738054,42.94738054,42.94738054,42.94738054,42.94738054,42.94738054,42.94738054,42.94738054,42.94738054,42.94738054,42.94738054,42.94738054,42.94738054,42.94738054,42.94738054,42.94738054,42.94738054,42.94738054,42.94738054,42.94738054
TGLX4,2/1/2021,104.871111,10.508672,33.19705679,33.19705679,33.19705679,33.19705679,33.19705679,33.19705679,33.19705679,33.19705679,33.19705679,33.19705679,33.19705679,33.19705679,33.19705679,33.19705679,33.19705679,33.19705679,33.19705679,33.19705679,33.19705679,33.19705679,33.19705679,33.19705679,33.19705679,33.19705679
TGLX4,3/1/2021,104.871111,10.508672,44.13096742,44.13096742,44.13096742,44.13096742,44.13096742,44.13096742,44.13096742,44.13096742,44.13096742,44.13096742,44.13096742,44.13096742,44.13096742,44.13096742,44.13096742,44.13096742,44.13096742,44.13096742,44.13096742,44.13096742,44.13096742,44.13096742,44.13096742,44.13096742
TGLX4,4/1/2021,104.871111,10.508672,43.15136888,43.15136888,43.15136888,43.15136888,43.15136888,43.15136888,43.15136888,43.15136888,43.15136888,43.15136888,43.15136888,43.15136888,43.15136888,43.15136888,43.15136888,43.15136888,43.15136888,43.15136888,43.15136888,43.15136888,43.15136888,43.15136888,43.15136888,43.15136888
TGLX4,5/1/2021,104.871111,10.508672,54.74084939,54.74084939,54.74084939,54.74084939,54.74084939,54.74084939,54.74084939,54.74084939,54.74084939,54.74084939,54.74084939,54.74084939,54.74084939,54.74084939,54.74084939,54.74084939,54.74084939,54.74084939,54.74084939,54.74084939,54.74084939,54.74084939,54.74084939,54.74084939
TGLX4,6/1/2021,104.871111,10.508672,35.69400455,35.69400455,35.69400455,35.69400455,35.69400455,35.69400455,35.69400455,35.69400455,35.69400455,35.69400455,35.69400455,35.69400455,35.69400455,35.69400455,35.69400455,35.69400455,35.69400455,35.69400455,35.69400455,35.69400455,35.69400455,35.69400455,35.69400455,35.69400455
TGLX4,7/1/2021,104.871111,10.508672,51.29479476,51.29479476,51.29479476,51.29479476,51.29479476,51.29479476,51.29479476,51.29479476,51.29479476,51.29479476,51.29479476,51.29479476,51.29479476,51.29479476,51.29479476,51.29479476,51.29479476,51.29479476,51.29479476,51.29479476,51.29479476,51.29479476,51.29479476,51.29479476
TGLX4,8/1/2021,104.871111,10.508672,35.30730681,35.30730681,35.30730681,35.30730681,35.30730681,35.30730681,35.30730681,35.30730681,35.30730681,35.30730681,35.30730681,35.30730681,35.30730681,35.30730681,35.30730681,35.30730681,35.30730681,35.30730681,35.30730681,35.30730681,35.30730681,35.30730681,35.30730681,35.30730681
TGLX4,9/1/2021,104.871111,10.508672,33.89775937,33.89775937,33.89775937,33.89775937,33.89775937,33.89775937,33.89775937,33.89775937,33.89775937,33.89775937,33.89775937,33.89775937,33.89775937,33.89775937,33.89775937,33.89775937,33.89775937,33.89775937,33.89775937,33.89775937,33.89775937,33.89775937,33.89775937,33.89775937
TGLX4,10/1/2021,104.871111,10.508672,63.54407513,63.54407513,63.54407513,63.54407513,63.54407513,63.54407513,63.54407513,63.54407513,63.54407513,63.54407513,63.54407513,63.54407513,63.54407513,63.54407513,63.54407513,63.54407513,63.54407513,63.54407513,63.54407513,63.54407513,63.54407513,63.54407513,63.54407513,63.54407513
TGLX4,11/1/2021,104.871111,10.508672,51.49653264,51.49653264,51.49653264,51.49653264,51.49653264,51.49653264,51.49653264,51.49653264,51.49653264,51.49653264,51.49653264,51.49653264,51.49653264,51.49653264,51.49653264,51.49653264,51.49653264,51.49653264,51.49653264,51.49653264,51.49653264,51.49653264,51.49653264,51.49653264
TGLX4,12/1/2021,104.871111,10.508672,49.72702334,49.72702334,49.72702334,49.72702334,49.72702334,49.72702334,49.72702334,49.72702334,49.72702334,49.72702334,49.72702334,49.72702334,49.72702334,49.72702334,49.72702334,49.72702334,49.72702334,49.72702334,49.72702334,49.72702334,49.72702334,49.72702334,49.72702334,49.72702334
TGLX4,1/1/2022,104.871111,10.508672,38.53130113,38.53130113,38.53130113,38.53130113,38.53130113,38.53130113,38.53130113,38.53130113,38.53130113,38.53130113,38.53130113,38.53130113,38.53130113,38.53130113,38.53130113,38.53130113,38.53130113,38.53130113,38.53130113,38.53130113,38.53130113,38.53130113,38.53130113,38.53130113
TGLX4,2/1/2022,104.871111,10.508672,51.27004594,51.27004594,51.27004594,51.27004594,51.27004594,51.27004594,51.27004594,51.27004594,51.27004594,51.27004594,51.27004594,51.27004594,51.27004594,51.27004594,51.27004594,51.27004594,51.27004594,51.27004594,51.27004594,51.27004594,51.27004594,51.27004594,51.27004594,51.27004594
TGLX4,3/1/2022,104.871111,10.508672,51.62138217,51.62138217,51.62138217,51.62138217,51.62138217,51.62138217,51.62138217,51.62138217,51.62138217,51.62138217,51.62138217,51.62138217,51.62138217,51.62138217,51.62138217,51.62138217,51.62138217,51.62138217,51.62138217,51.62138217,51.62138217,51.62138217,51.62138217,51.62138217
TGLX4,4/1/2022,104.871111,10.508672,50.33144832,50.33144832,50.33144832,50.33144832,50.33144832,50.33144832,50.33144832,50.33144832,50.33144832,50.33144832,50.33144832,50.33144832,50.33144832,50.33144832,50.33144832,50.33144832,50.33144832,50.33144832,50.33144832,50.33144832,50.33144832,50.33144832,50.33144832,50.33144832
TGLX4,5/1/2022,104.871111,10.508672,50.51127146,50.51127146,50.51127146,50.51127146,50.51127146,50.51127146,50.51127146,50.51127146,50.51127146,50.51127146,50.51127146,50.51127146,50.51127146,50.51127146,50.51127146,50.51127146,50.51127146,50.51127146,50.51127146,50.51127146,50.51127146,50.51127146,50.51127146,50.51127146
TGLX4,6/1/2022,104.871111,10.508672,53.85670266,53.85670266,53.85670266,53.85670266,53.85670266,53.85670266,53.85670266,53.85670266,53.85670266,53.85670266,53.85670266,53.85670266,53.85670266,53.85670266,53.85670266,53.85670266,53.85670266,53.85670266,53.85670266,53.85670266,53.85670266,53.85670266,53.85670266,53.85670266
TGLX4,7/1/2022,104.871111,10.508672,51.42713728,51.42713728,51.42713728,51.42713728,51.42713728,51.42713728,51.42713728,51.42713728,51.42713728,51.42713728,51.42713728,51.42713728,51.42713728,51.42713728,51.42713728,51.42713728,51.42713728,51.42713728,51.42713728,51.42713728,51.42713728,51.42713728,51.42713728,51.42713728
TGLX4,8/1/2022,104.871111,10.508672,34.26659586,34.26659586,34.26659586,34.26659586,34.26659586,34.26659586,34.26659586,34.26659586,34.26659586,34.26659586,34.26659586,34.26659586,34.26659586,34.26659586,34.26659586,34.26659586,34.26659586,34.26659586,34.26659586,34.26659586,34.26659586,34.26659586,34.26659586,34.26659586
TGLX4,9/1/2022,104.871111,10.508672,50.90459919,50.90459919,50.90459919,50.90459919,50.90459919,50.90459919,50.90459919,50.90459919,50.90459919,50.90459919,50.90459919,50.90459919,50.90459919,50.90459919,50.90459919,50.90459919,50.90459919,50.90459919,50.90459919,50.90459919,50.90459919,50.90459919,50.90459919,50.90459919
TGLX4,10/1/2022,104.871111,10.508672,55.1388093,55.1388093,55.1388093,55.1388093,55.1388093,55.1388093,55.1388093,55.1388093,55.1388093,55.1388093,55.1388093,55.1388093,55.1388093,55.1388093,55.1388093,55.1388093,55.1388093,55.1388093,55.1388093,55.1388093,55.1388093,55.1388093,55.1388093,55.1388093
TGLX4,11/1/2022,104.871111,10.508672,62.5911061,62.5911061,62.5911061,62.5911061,62.5911061,62.5911061,62.5911061,62.5911061,62.5911061,62.5911061,62.5911061,62.5911061,62.5911061,62.5911061,62.5911061,62.5911061,62.5911061,62.5911061,62.5911061,62.5911061,62.5911061,62.5911061,62.5911061,62.5911061
TGLX4,12/1/2022,104.871111,10.508672,54.22270822,54.22270822,54.22270822,54.22270822,54.22270822,54.22270822,54.22270822,54.22270822,54.22270822,54.22270822,54.22270822,54.22270822,54.22270822,54.22270822,54.22270822,54.22270822,54.22270822,54.22270822,54.22270822,54.22270822,54.22270822,54.22270822,54.22270822,54.22270822
TGLX4,1/1/2023,104.871111,10.508672,63.82901851,63.82901851,63.82901851,63.82901851,63.82901851,63.82901851,63.82901851,63.82901851,63.82901851,63.82901851,63.82901851,63.82901851,63.82901851,63.82901851,63.82901851,63.82901851,63.82901851,63.82901851,63.82901851,63.82901851,63.82901851,63.82901851,63.82901851,63.82901851
TGLX4,2/1/2023,104.871111,10.508672,54.85576062,54.85576062,54.85576062,54.85576062,54.85576062,54.85576062,54.85576062,54.85576062,54.85576062,54.85576062,54.85576062,54.85576062,54.85576062,54.85576062,54.85576062,54.85576062,54.85576062,54.85576062,54.85576062,54.85576062,54.85576062,54.85576062,54.85576062,54.85576062
TGLX4,3/1/2023,104.871111,10.508672,51.67533699,51.67533699,51.67533699,51.67533699,51.67533699,51.67533699,51.67533699,51.67533699,51.67533699,51.67533699,51.67533699,51.67533699,51.67533699,51.67533699,51.67533699,51.67533699,51.67533699,51.67533699,51.67533699,51.67533699,51.67533699,51.67533699,51.67533699,51.67533699
TGLX4,4/1/2023,104.871111,10.508672,52.51893364,52.51893364,52.51893364,52.51893364,52.51893364,52.51893364,52.51893364,52.51893364,52.51893364,52.51893364,52.51893364,52.51893364,52.51893364,52.51893364,52.51893364,52.51893364,52.51893364,52.51893364,52.51893364,52.51893364,52.51893364,52.51893364,52.51893364,52.51893364
TGLX4,5/1/2023,104.871111,10.508672,36.74265831,36.74265831,36.74265831,36.74265831,36.74265831,36.74265831,36.74265831,36.74265831,36.74265831,36.74265831,36.74265831,36.74265831,36.74265831,36.74265831,36.74265831,36.74265831,36.74265831,36.74265831,36.74265831,36.74265831,36.74265831,36.74265831,36.74265831,36.74265831
TGLX4,6/1/2023,104.871111,10.508672,34.82878393,34.82878393,34.82878393,34.82878393,34.82878393,34.82878393,34.82878393,34.82878393,34.82878393,34.82878393,34.82878393,34.82878393,34.82878393,34.82878393,34.82878393,34.82878393,34.82878393,34.82878393,34.82878393,34.82878393,34.82878393,34.82878393,34.82878393,34.82878393
TGLX4,7/1/2023,104.871111,10.508672,50.50924652,50.50924652,50.50924652,50.50924652,50.50924652,50.50924652,50.50924652,50.50924652,50.50924652,50.50924652,50.50924652,50.50924652,50.50924652,50.50924652,50.50924652,50.50924652,50.50924652,50.50924652,50.50924652,50.50924652,50.50924652,50.50924652,50.50924652,50.50924652
TGLX4,8/1/2023,104.871111,10.508672,62.43392129,62.43392129,62.43392129,62.43392129,62.43392129,62.43392129,62.43392129,62.43392129,62.43392129,62.43392129,62.43392129,62.43392129,62.43392129,62.43392129,62.43392129,62.43392129,62.43392129,62.43392129,62.43392129,62.43392129,62.43392129,62.43392129,62.43392129,62.43392129
TGLX4,9/1/2023,104.871111,10.508672,64.07792432,64.07792432,64.07792432,64.07792432,64.07792432,64.07792432,64.07792432,64.07792432,64.07792432,64.07792432,64.07792432,64.07792432,64.07792432,64.07792432,64.07792432,64.07792432,64.07792432,64.07792432,64.07792432,64.07792432,64.07792432,64.07792432,64.07792432,64.07792432
TGLX4,10/1/2023,104.871111,10.508672,49.7855372,49.7855372,49.7855372,49.7855372,49.7855372,49.7855372,49.7855372,49.7855372,49.7855372,49.7855372,49.7855372,49.7855372,49.7855372,49.7855372,49.7855372,49.7855372,49.7855372,49.7855372,49.7855372,49.7855372,49.7855372,49.7855372,49.7855372,49.7855372
TGLX4,11/1/2023,104.871111,10.508672,63.07611618,63.07611618,63.07611618,63.07611618,63.07611618,63.07611618,63.07611618,63.07611618,63.07611618,63.07611618,63.07611618,63.07611618,63.07611618,63.07611618,63.07611618,63.07611618,63.07611618,63.07611618,63.07611618,63.07611618,63.07611618,63.07611618,63.07611618,63.07611618
TGLX4,12/1/2023,104.871111,10.508672,20.24524544,20.24524544,20.24524544,20.24524544,20.24524544,20.24524544,20.24524544,20.24524544,20.24524544,20.24524544,20.24524544,20.24524544,20.24524544,20.24524544,20.24524544,20.24524544,20.24524544,20.24524544,20.24524544,20.24524544,20.24524544,20.24524544,20.24524544,20.24524544
TGLX4,1/1/2024,104.871111,10.508672,31.57356381,31.57356381,31.57356381,31.57356381,31.57356381,31.57356381,31.57356381,31.57356381,31.57356381,31.57356381,31.57356381,31.57356381,31.57356381,31.57356381,31.57356381,31.57356381,31.57356381,31.57356381,31.57356381,31.57356381,31.57356381,31.57356381,31.57356381,31.57356381
TGLX4,2/1/2024,104.871111,10.508672,61.40152758,61.40152758,61.40152758,61.40152758,61.40152758,61.40152758,61.40152758,61.40152758,61.40152758,61.40152758,61.40152758,61.40152758,61.40152758,61.40152758,61.40152758,61.40152758,61.40152758,61.40152758,61.40152758,61.40152758,61.40152758,61.40152758,61.40152758,61.40152758
TGLX4,3/1/2024,104.871111,10.508672,35.54112514,35.54112514,35.54112514,35.54112514,35.54112514,35.54112514,35.54112514,35.54112514,35.54112514,35.54112514,35.54112514,35.54112514,35.54112514,35.54112514,35.54112514,35.54112514,35.54112514,35.54112514,35.54112514,35.54112514,35.54112514,35.54112514,35.54112514,35.54112514
TGLX4,4/1/2024,104.871111,10.508672,33.78981409,33.78981409,33.78981409,33.78981409,33.78981409,33.78981409,33.78981409,33.78981409,33.78981409,33.78981409,33.78981409,33.78981409,33.78981409,33.78981409,33.78981409,33.78981409,33.78981409,33.78981409,33.78981409,33.78981409,33.78981409,33.78981409,33.78981409,33.78981409
TGLX4,5/1/2024,104.871111,10.508672,35.61515046,35.61515046,35.61515046,35.61515046,35.61515046,35.61515046,35.61515046,35.61515046,35.61515046,35.61515046,35.61515046,35.61515046,35.61515046,35.61515046,35.61515046,35.61515046,35.61515046,35.61515046,35.61515046,35.61515046,35.61515046,35.61515046,35.61515046,35.61515046
TGLX4,6/1/2024,104.871111,10.508672,33.1485865,33.1485865,33.1485865,33.1485865,33.1485865,33.1485865,33.1485865,33.1485865,33.1485865,33.1485865,33.1485865,33.1485865,33.1485865,33.1485865,33.1485865,33.1485865,33.1485865,33.1485865,33.1485865,33.1485865,33.1485865,33.1485865,33.1485865,33.1485865
TGLX4,7/1/2024,104.871111,10.508672,37.07263626,37.07263626,37.07263626,37.07263626,37.07263626,37.07263626,37.07263626,37.07263626,37.07263626,37.07263626,37.07263626,37.07263626,37.07263626,37.07263626,37.07263626,37.07263626,37.07263626,37.07263626,37.07263626,37.07263626,37.07263626,37.07263626,37.07263626,37.07263626
TGLX4,8/1/2024,104.871111,10.508672,37.20299738,37.20299738,37.20299738,37.20299738,37.20299738,37.20299738,37.20299738,37.20299738,37.20299738,37.20299738,37.20299738,37.20299738,37.20299738,37.20299738,37.20299738,37.20299738,37.20299738,37.20299738,37.20299738,37.20299738,37.20299738,37.20299738,37.20299738,37.20299738
TGLX4,9/1/2024,104.871111,10.508672,47.22418194,47.22418194,47.22418194,47.22418194,47.22418194,47.22418194,47.22418194,47.22418194,47.22418194,47.22418194,47.22418194,47.22418194,47.22418194,47.22418194,47.22418194,47.22418194,47.22418194,47.22418194,47.22418194,47.22418194,47.22418194,47.22418194,47.22418194,47.22418194
TGLX4,10/1/2024,104.871111,10.508672,25.84514534,25.84514534,25.84514534,25.84514534,25.84514534,25.84514534,25.84514534,25.84514534,25.84514534,25.84514534,25.84514534,25.84514534,25.84514534,25.84514534,25.84514534,25.84514534,25.84514534,25.84514534,25.84514534,25.84514534,25.84514534,25.84514534,25.84514534,25.84514534
TGLX4,11/1/2024,104.871111,10.508672,30.9437541,30.9437541,30.9437541,30.9437541,30.9437541,30.9437541,30.9437541,30.9437541,30.9437541,30.9437541,30.9437541,30.9437541,30.9437541,30.9437541,30.9437541,30.9437541,30.9437541,30.9437541,30.9437541,30.9437541,30.9437541,30.9437541,30.9437541,30.9437541
TGLX4,12/1/2024,104.871111,10.508672,35.28105859,35.28105859,35.28105859,35.28105859,35.28105859,35.28105859,35.28105859,35.28105859,35.28105859,35.28105859,35.28105859,35.28105859,35.28105859,35.28105859,35.28105859,35.28105859,35.28105859,35.28105859,35.28105859,35.28105859,35.28105859,35.28105859,35.28105859,35.28105859
TGLX4,1/1/2025,104.871111,10.508672,56.08133316,56.08133316,56.08133316,56.08133316,56.08133316,56.08133316,56.08133316,56.08133316,56.08133316,56.08133316,56.08133316,56.08133316,56.08133316,56.08133316,56.08133316,56.08133316,56.08133316,56.08133316,56.08133316,56.08133316,56.08133316,56.08133316,56.08133316,56.08133316
TGLX4,2/1/2025,104.871111,10.508672,35.39751912,35.39751912,35.39751912,35.39751912,35.39751912,35.39751912,35.39751912,35.39751912,35.39751912,35.39751912,35.39751912,35.39751912,35.39751912,35.39751912,35.39751912,35.39751912,35.39751912,35.39751912,35.39751912,35.39751912,35.39751912,35.39751912,35.39751912,35.39751912
TGLX4,3/1/2025,104.871111,10.508672,35.82017718,35.82017718,35.82017718,35.82017718,35.82017718,35.82017718,35.82017718,35.82017718,35.82017718,35.82017718,35.82017718,35.82017718,35.82017718,35.82017718,35.82017718,35.82017718,35.82017718,35.82017718,35.82017718,35.82017718,35.82017718,35.82017718,35.82017718,35.82017718
TGLX4,4/1/2025,104.871111,10.508672,52.55311167,52.55311167,52.55311167,52.55311167,52.55311167,52.55311167,52.55311167,52.55311167,52.55311167,52.55311167,52.55311167,52.55311167,52.55311167,52.55311167,52.55311167,52.55311167,52.55311167,52.55311167,52.55311167,52.55311167,52.55311167,52.55311167,52.55311167,52.55311167
TGLX4,5/1/2025,104.871111,10.508672,53.65439427,53.65439427,53.65439427,53.65439427,53.65439427,53.65439427,53.65439427,53.65439427,53.65439427,53.65439427,53.65439427,53.65439427,53.65439427,53.65439427,53.65439427,53.65439427,53.65439427,53.65439427,53.65439427,53.65439427,53.65439427,53.65439427,53.65439427,53.65439427
TGLX4,6/1/2025,104.871111,10.508672,53.57944197,53.57944197,53.57944197,53.57944197,53.57944197,53.57944197,53.57944197,53.57944197,53.57944197,53.57944197,53.57944197,53.57944197,53.57944197,53.57944197,53.57944197,53.57944197,53.57944197,53.57944197,53.57944197,53.57944197,53.57944197,53.57944197,53.57944197,53.57944197
TGLX4,7/1/2025,104.871111,10.508672,33.42922693,33.42922693,33.42922693,33.42922693,33.42922693,33.42922693,33.42922693,33.42922693,33.42922693,33.42922693,33.42922693,33.42922693,33.42922693,33.42922693,33.42922693,33.42922693,33.42922693,33.42922693,33.42922693,33.42922693,33.42922693,33.42922693,33.42922693,33.42922693
TGLX5,2/1/2021,104.644658,10.525283,44.11018006,44.11018006,44.11018006,44.11018006,44.11018006,44.11018006,44.11018006,44.11018006,44.11018006,44.11018006,44.11018006,44.11018006,44.11018006,44.11018006,44.11018006,44.11018006,44.11018006,44.11018006,44.11018006,44.11018006,44.11018006,44.11018006,44.11018006,44.11018006
TGLX5,3/1/2021,104.644658,10.525283,35.46123572,35.46123572,35.46123572,35.46123572,35.46123572,35.46123572,35.46123572,35.46123572,35.46123572,35.46123572,35.46123572,35.46123572,35.46123572,35.46123572,35.46123572,35.46123572,35.46123572,35.46123572,35.46123572,35.46123572,35.46123572,35.46123572,35.46123572,35.46123572
TGLX5,4/1/2021,104.644658,10.525283,35.35511191,35.35511191,35.35511191,35.35511191,35.35511191,35.35511191,35.35511191,35.35511191,35.35511191,35.35511191,35.35511191,35.35511191,35.35511191,35.35511191,35.35511191,35.35511191,35.35511191,35.35511191,35.35511191,35.35511191,35.35511191,35.35511191,35.35511191,35.35511191
TGLX5,5/1/2021,104.644658,10.525283,44.06612814,44.06612814,44.06612814,44.06612814,44.06612814,44.06612814,44.06612814,44.06612814,44.06612814,44.06612814,44.06612814,44.06612814,44.06612814,44.06612814,44.06612814,44.06612814,44.06612814,44.06612814,44.06612814,44.06612814,44.06612814,44.06612814,44.06612814,44.06612814
TGLX5,6/1/2021,104.644658,10.525283,36.54532286,36.54532286,36.54532286,36.54532286,36.54532286,36.54532286,36.54532286,36.54532286,36.54532286,36.54532286,36.54532286,36.54532286,36.54532286,36.54532286,36.54532286,36.54532286,36.54532286,36.54532286,36.54532286,36.54532286,36.54532286,36.54532286,36.54532286,36.54532286
TGLX5,7/1/2021,104.644658,10.525283,64.22183863,64.22183863,64.22183863,64.22183863,64.22183863,64.22183863,64.22183863,64.22183863,64.22183863,64.22183863,64.22183863,64.22183863,64.22183863,64.22183863,64.22183863,64.22183863,64.22183863,64.22183863,64.22183863,64.22183863,64.22183863,64.22183863,64.22183863,64.22183863
TGLX5,8/1/2021,104.644658,10.525283,38.25534087,38.25534087,38.25534087,38.25534087,38.25534087,38.25534087,38.25534087,38.25534087,38.25534087,38.25534087,38.25534087,38.25534087,38.25534087,38.25534087,38.25534087,38.25534087,38.25534087,38.25534087,38.25534087,38.25534087,38.25534087,38.25534087,38.25534087,38.25534087
TGLX5,9/1/2021,104.644658,10.525283,35.27767271,35.27767271,35.27767271,35.27767271,35.27767271,35.27767271,35.27767271,35.27767271,35.27767271,35.27767271,35.27767271,35.27767271,35.27767271,35.27767271,35.27767271,35.27767271,35.27767271,35.27767271,35.27767271,35.27767271,35.27767271,35.27767271,35.27767271,35.27767271
TGLX5,10/1/2021,104.644658,10.525283,60.57932038,60.57932038,60.57932038,60.57932038,60.57932038,60.57932038,60.57932038,60.57932038,60.57932038,60.57932038,60.57932038,60.57932038,60.57932038,60.57932038,60.57932038,60.57932038,60.57932038,60.57932038,60.57932038,60.57932038,60.57932038,60.57932038,60.57932038,60.57932038
TGLX5,11/1/2021,104.644658,10.525283,51.05733727,51.05733727,51.05733727,51.05733727,51.05733727,51.05733727,51.05733727,51.05733727,51.05733727,51.05733727,51.05733727,51.05733727,51.05733727,51.05733727,51.05733727,51.05733727,51.05733727,51.05733727,51.05733727,51.05733727,51.05733727,51.05733727,51.05733727,51.05733727
TGLX5,12/1/2021,104.644658,10.525283,50.9965345,50.9965345,50.9965345,50.9965345,50.9965345,50.9965345,50.9965345,50.9965345,50.9965345,50.9965345,50.9965345,50.9965345,50.9965345,50.9965345,50.9965345,50.9965345,50.9965345,50.9965345,50.9965345,50.9965345,50.9965345,50.9965345,50.9965345,50.9965345
TGLX5,1/1/2022,104.644658,10.525283,50.35949087,50.35949087,50.35949087,50.35949087,50.35949087,50.35949087,50.35949087,50.35949087,50.35949087,50.35949087,50.35949087,50.35949087,50.35949087,50.35949087,50.35949087,50.35949087,50.35949087,50.35949087,50.35949087,50.35949087,50.35949087,50.35949087,50.35949087,50.35949087
TGLX5,2/1/2022,104.644658,10.525283,62.90977907,62.90977907,62.90977907,62.90977907,62.90977907,62.90977907,62.90977907,62.90977907,62.90977907,62.90977907,62.90977907,62.90977907,62.90977907,62.90977907,62.90977907,62.90977907,62.90977907,62.90977907,62.90977907,62.90977907,62.90977907,62.90977907,62.90977907,62.90977907
TGLX5,3/1/2022,104.644658,10.525283,51.3324442,51.3324442,51.3324442,51.3324442,51.3324442,51.3324442,51.3324442,51.3324442,51.3324442,51.3324442,51.3324442,51.3324442,51.3324442,51.3324442,51.3324442,51.3324442,51.3324442,51.3324442,51.3324442,51.3324442,51.3324442,51.3324442,51.3324442,51.3324442
TGLX5,4/1/2022,104.644658,10.525283,54.49501401,54.49501401,54.49501401,54.49501401,54.49501401,54.49501401,54.49501401,54.49501401,54.49501401,54.49501401,54.49501401,54.49501401,54.49501401,54.49501401,54.49501401,54.49501401,54.49501401,54.49501401,54.49501401,54.49501401,54.49501401,54.49501401,54.49501401,54.49501401
TGLX5,5/1/2022,104.644658,10.525283,49.14729017,49.14729017,49.14729017,49.14729017,49.14729017,49.14729017,49.14729017,49.14729017,49.14729017,49.14729017,49.14729017,49.14729017,49.14729017,49.14729017,49.14729017,49.14729017,49.14729017,49.14729017,49.14729017,49.14729017,49.14729017,49.14729017,49.14729017,49.14729017
TGLX5,6/1/2022,104.644658,10.525283,64.42789782,64.42789782,64.42789782,64.42789782,64.42789782,64.42789782,64.42789782,64.42789782,64.42789782,64.42789782,64.42789782,64.42789782,64.42789782,64.42789782,64.42789782,64.42789782,64.42789782,64.42789782,64.42789782,64.42789782,64.42789782,64.42789782,64.42789782,64.42789782
TGLX5,7/1/2022,104.644658,10.525283,64.94030105,64.94030105,64.94030105,64.94030105,64.94030105,64.94030105,64.94030105,64.94030105,64.94030105,64.94030105,64.94030105,64.94030105,64.94030105,64.94030105,64.94030105,64.94030105,64.94030105,64.94030105,64.94030105,64.94030105,64.94030105,64.94030105,64.94030105,64.94030105
TGLX5,8/1/2022,104.644658,10.525283,63.83292858,63.83292858,63.83292858,63.83292858,63.83292858,63.83292858,63.83292858,63.83292858,63.83292858,63.83292858,63.83292858,63.83292858,63.83292858,63.83292858,63.83292858,63.83292858,63.83292858,63.83292858,63.83292858,63.83292858,63.83292858,63.83292858,63.83292858,63.83292858
TGLX5,9/1/2022,104.644658,10.525283,52.59328899,52.59328899,52.59328899,52.59328899,52.59328899,52.59328899,52.59328899,52.59328899,52.59328899,52.59328899,52.59328899,52.59328899,52.59328899,52.59328899,52.59328899,52.59328899,52.59328899,52.59328899,52.59328899,52.59328899,52.59328899,52.59328899,52.59328899,52.59328899
TGLX5,10/1/2022,104.644658,10.525283,64.24293311,64.24293311,64.24293311,64.24293311,64.24293311,64.24293311,64.24293311,64.24293311,64.24293311,64.24293311,64.24293311,64.24293311,64.24293311,64.24293311,64.24293311,64.24293311,64.24293311,64.24293311,64.24293311,64.24293311,64.24293311,64.24293311,64.24293311,64.24293311
TGLX5,11/1/2022,104.644658,10.525283,62.64186962,62.64186962,62.64186962,62.64186962,62.64186962,62.64186962,62.64186962,62.64186962,62.64186962,62.64186962,62.64186962,62.64186962,62.64186962,62.64186962,62.64186962,62.64186962,62.64186962,62.64186962,62.64186962,62.64186962,62.64186962,62.64186962,62.64186962,62.64186962
TGLX5,12/1/2022,104.644658,10.525283,63.96947943,63.96947943,63.96947943,63.96947943,63.96947943,63.96947943,63.96947943,63.96947943,63.96947943,63.96947943,63.96947943,63.96947943,63.96947943,63.96947943,63.96947943,63.96947943,63.96947943,63.96947943,63.96947943,63.96947943,63.96947943,63.96947943,63.96947943,63.96947943
TGLX5,1/1/2023,104.644658,10.525283,64.26455504,64.26455504,64.26455504,64.26455504,64.26455504,64.26455504,64.26455504,64.26455504,64.26455504,64.26455504,64.26455504,64.26455504,64.26455504,64.26455504,64.26455504,64.26455504,64.26455504,64.26455504,64.26455504,64.26455504,64.26455504,64.26455504,64.26455504,64.26455504
TGLX5,2/1/2023,104.644658,10.525283,52.14072398,52.14072398,52.14072398,52.14072398,52.14072398,52.14072398,52.14072398,52.14072398,52.14072398,52.14072398,52.14072398,52.14072398,52.14072398,52.14072398,52.14072398,52.14072398,52.14072398,52.14072398,52.14072398,52.14072398,52.14072398,52.14072398,52.14072398,52.14072398
TGLX5,3/1/2023,104.644658,10.525283,64.24579918,64.24579918,64.24579918,64.24579918,64.24579918,64.24579918,64.24579918,64.24579918,64.24579918,64.24579918,64.24579918,64.24579918,64.24579918,64.24579918,64.24579918,64.24579918,64.24579918,64.24579918,64.24579918,64.24579918,64.24579918,64.24579918,64.24579918,64.24579918
TGLX5,4/1/2023,104.644658,10.525283,51.57144887,51.57144887,51.57144887,51.57144887,51.57144887,51.57144887,51.57144887,51.57144887,51.57144887,51.57144887,51.57144887,51.57144887,51.57144887,51.57144887,51.57144887,51.57144887,51.57144887,51.57144887,51.57144887,51.57144887,51.57144887,51.57144887,51.57144887,51.57144887
TGLX5,5/1/2023,104.644658,10.525283,51.07290276,51.07290276,51.07290276,51.07290276,51.07290276,51.07290276,51.07290276,51.07290276,51.07290276,51.07290276,51.07290276,51.07290276,51.07290276,51.07290276,51.07290276,51.07290276,51.07290276,51.07290276,51.07290276,51.07290276,51.07290276,51.07290276,51.07290276,51.07290276
TGLX5,6/1/2023,104.644658,10.525283,53.18558308,53.18558308,53.18558308,53.18558308,53.18558308,53.18558308,53.18558308,53.18558308,53.18558308,53.18558308,53.18558308,53.18558308,53.18558308,53.18558308,53.18558308,53.18558308,53.18558308,53.18558308,53.18558308,53.18558308,53.18558308,53.18558308,53.18558308,53.18558308
TGLX5,7/1/2023,104.644658,10.525283,51.99694641,51.99694641,51.99694641,51.99694641,51.99694641,51.99694641,51.99694641,51.99694641,51.99694641,51.99694641,51.99694641,51.99694641,51.99694641,51.99694641,51.99694641,51.99694641,51.99694641,51.99694641,51.99694641,51.99694641,51.99694641,51.99694641,51.99694641,51.99694641
TGLX5,8/1/2023,104.644658,10.525283,62.11633489,62.11633489,62.11633489,62.11633489,62.11633489,62.11633489,62.11633489,62.11633489,62.11633489,62.11633489,62.11633489,62.11633489,62.11633489,62.11633489,62.11633489,62.11633489,62.11633489,62.11633489,62.11633489,62.11633489,62.11633489,62.11633489,62.11633489,62.11633489
TGLX5,9/1/2023,104.644658,10.525283,64.93765192,64.93765192,64.93765192,64.93765192,64.93765192,64.93765192,64.93765192,64.93765192,64.93765192,64.93765192,64.93765192,64.93765192,64.93765192,64.93765192,64.93765192,64.93765192,64.93765192,64.93765192,64.93765192,64.93765192,64.93765192,64.93765192,64.93765192,64.93765192
TGLX5,10/1/2023,104.644658,10.525283,32.63975801,32.63975801,32.63975801,32.63975801,32.63975801,32.63975801,32.63975801,32.63975801,32.63975801,32.63975801,32.63975801,32.63975801,32.63975801,32.63975801,32.63975801,32.63975801,32.63975801,32.63975801,32.63975801,32.63975801,32.63975801,32.63975801,32.63975801,32.63975801
TGLX5,11/1/2023,104.644658,10.525283,65.33509583,65.33509583,65.33509583,65.33509583,65.33509583,65.33509583,65.33509583,65.33509583,65.33509583,65.33509583,65.33509583,65.33509583,65.33509583,65.33509583,65.33509583,65.33509583,65.33509583,65.33509583,65.33509583,65.33509583,65.33509583,65.33509583,65.33509583,65.33509583
TGLX5,12/1/2023,104.644658,10.525283,43.80811106,43.80811106,43.80811106,43.80811106,43.80811106,43.80811106,43.80811106,43.80811106,43.80811106,43.80811106,43.80811106,43.80811106,43.80811106,43.80811106,43.80811106,43.80811106,43.80811106,43.80811106,43.80811106,43.80811106,43.80811106,43.80811106,43.80811106,43.80811106
TGLX5,1/1/2024,104.644658,10.525283,44.61464458,44.61464458,44.61464458,44.61464458,44.61464458,44.61464458,44.61464458,44.61464458,44.61464458,44.61464458,44.61464458,44.61464458,44.61464458,44.61464458,44.61464458,44.61464458,44.61464458,44.61464458,44.61464458,44.61464458,44.61464458,44.61464458,44.61464458,44.61464458
TGLX5,2/1/2024,104.644658,10.525283,50.61732199,50.61732199,50.61732199,50.61732199,50.61732199,50.61732199,50.61732199,50.61732199,50.61732199,50.61732199,50.61732199,50.61732199,50.61732199,50.61732199,50.61732199,50.61732199,50.61732199,50.61732199,50.61732199,50.61732199,50.61732199,50.61732199,50.61732199,50.61732199
TGLX5,3/1/2024,104.644658,10.525283,64.10963974,64.10963974,64.10963974,64.10963974,64.10963974,64.10963974,64.10963974,64.10963974,64.10963974,64.10963974,64.10963974,64.10963974,64.10963974,64.10963974,64.10963974,64.10963974,64.10963974,64.10963974,64.10963974,64.10963974,64.10963974,64.10963974,64.10963974,64.10963974
TGLX5,4/1/2024,104.644658,10.525283,54.27609732,54.27609732,54.27609732,54.27609732,54.27609732,54.27609732,54.27609732,54.27609732,54.27609732,54.27609732,54.27609732,54.27609732,54.27609732,54.27609732,54.27609732,54.27609732,54.27609732,54.27609732,54.27609732,54.27609732,54.27609732,54.27609732,54.27609732,54.27609732
TGLX5,5/1/2024,104.644658,10.525283,49.76803656,49.76803656,49.76803656,49.76803656,49.76803656,49.76803656,49.76803656,49.76803656,49.76803656,49.76803656,49.76803656,49.76803656,49.76803656,49.76803656,49.76803656,49.76803656,49.76803656,49.76803656,49.76803656,49.76803656,49.76803656,49.76803656,49.76803656,49.76803656
TGLX5,6/1/2024,104.644658,10.525283,63.5468102,63.5468102,63.5468102,63.5468102,63.5468102,63.5468102,63.5468102,63.5468102,63.5468102,63.5468102,63.5468102,63.5468102,63.5468102,63.5468102,63.5468102,63.5468102,63.5468102,63.5468102,63.5468102,63.5468102,63.5468102,63.5468102,63.5468102,63.5468102
TGLX5,7/1/2024,104.644658,10.525283,39.7225121,39.7225121,39.7225121,39.7225121,39.7225121,39.7225121,39.7225121,39.7225121,39.7225121,39.7225121,39.7225121,39.7225121,39.7225121,39.7225121,39.7225121,39.7225121,39.7225121,39.7225121,39.7225121,39.7225121,39.7225121,39.7225121,39.7225121,39.7225121
TGLX5,8/1/2024,104.644658,10.525283,38.36684881,38.36684881,38.36684881,38.36684881,38.36684881,38.36684881,38.36684881,38.36684881,38.36684881,38.36684881,38.36684881,38.36684881,38.36684881,38.36684881,38.36684881,38.36684881,38.36684881,38.36684881,38.36684881,38.36684881,38.36684881,38.36684881,38.36684881,38.36684881
TGLX5,9/1/2024,104.644658,10.525283,36.41019838,36.41019838,36.41019838,36.41019838,36.41019838,36.41019838,36.41019838,36.41019838,36.41019838,36.41019838,36.41019838,36.41019838,36.41019838,36.41019838,36.41019838,36.41019838,36.41019838,36.41019838,36.41019838,36.41019838,36.41019838,36.41019838,36.41019838,36.41019838
TGLX5,10/1/2024,104.644658,10.525283,36.08718189,36.08718189,36.08718189,36.08718189,36.08718189,36.08718189,36.08718189,36.08718189,36.08718189,36.08718189,36.08718189,36.08718189,36.08718189,36.08718189,36.08718189,36.08718189,36.08718189,36.08718189,36.08718189,36.08718189,36.08718189,36.08718189,36.08718189,36.08718189
TGLX5,11/1/2024,104.644658,10.525283,34.64342239,34.64342239,34.64342239,34.64342239,34.64342239,34.64342239,34.64342239,34.64342239,34.64342239,34.64342239,34.64342239,34.64342239,34.64342239,34.64342239,34.64342239,34.64342239,34.64342239,34.64342239,34.64342239,34.64342239,34.64342239,34.64342239,34.64342239,34.64342239
TGLX5,12/1/2024,104.644658,10.525283,52.52963624,52.52963624,52.52963624,52.52963624,52.52963624,52.52963624,52.52963624,52.52963624,52.52963624,52.52963624,52.52963624,52.52963624,52.52963624,52.52963624,52.52963624,52.52963624,52.52963624,52.52963624,52.52963624,52.52963624,52.52963624,52.52963624,52.52963624,52.52963624
TGLX5,1/1/2025,104.644658,10.525283,65.4293238,65.4293238,65.4293238,65.4293238,65.4293238,65.4293238,65.4293238,65.4293238,65.4293238,65.4293238,65.4293238,65.4293238,65.4293238,65.4293238,65.4293238,65.4293238,65.4293238,65.4293238,65.4293238,65.4293238,65.4293238,65.4293238,65.4293238,65.4293238
TGLX5,2/1/2025,104.644658,10.525283,54.44438436,54.44438436,54.44438436,54.44438436,54.44438436,54.44438436,54.44438436,54.44438436,54.44438436,54.44438436,54.44438436,54.44438436,54.44438436,54.44438436,54.44438436,54.44438436,54.44438436,54.44438436,54.44438436,54.44438436,54.44438436,54.44438436,54.44438436,54.44438436
TGLX5,3/1/2025,104.644658,10.525283,69.21269935,69.21269935,69.21269935,69.21269935,69.21269935,69.21269935,69.21269935,69.21269935,69.21269935,69.21269935,69.21269935,69.21269935,69.21269935,69.21269935,69.21269935,69.21269935,69.21269935,69.21269935,69.21269935,69.21269935,69.21269935,69.21269935,69.21269935,69.21269935
TGLX5,4/1/2025,104.644658,10.525283,50.05266811,50.05266811,50.05266811,50.05266811,50.05266811,50.05266811,50.05266811,50.05266811,50.05266811,50.05266811,50.05266811,50.05266811,50.05266811,50.05266811,50.05266811,50.05266811,50.05266811,50.05266811,50.05266811,50.05266811,50.05266811,50.05266811,50.05266811,50.05266811
TGLX5,5/1/2025,104.644658,10.525283,65.58231786,65.58231786,65.58231786,65.58231786,65.58231786,65.58231786,65.58231786,65.58231786,65.58231786,65.58231786,65.58231786,65.58231786,65.58231786,65.58231786,65.58231786,65.58231786,65.58231786,65.58231786,65.58231786,65.58231786,65.58231786,65.58231786,65.58231786,65.58231786
TGLX5,6/1/2025,104.644658,10.525283,34.91365569,34.91365569,34.91365569,34.91365569,34.91365569,34.91365569,34.91365569,34.91365569,34.91365569,34.91365569,34.91365569,34.91365569,34.91365569,34.91365569,34.91365569,34.91365569,34.91365569,34.91365569,34.91365569,34.91365569,34.91365569,34.91365569,34.91365569,34.91365569
TGLX5,7/1/2025,104.644658,10.525283,65.04288157,65.04288157,65.04288157,65.04288157,65.04288157,65.04288157,65.04288157,65.04288157,65.04288157,65.04288157,65.04288157,65.04288157,65.04288157,65.04288157,65.04288157,65.04288157,65.04288157,65.04288157,65.04288157,65.04288157,65.04288157,65.04288157,65.04288157,65.04288157
TGLX6,2/1/2021,105.092314,10.018097,4.329488784,4.329488784,4.329488784,4.329488784,4.329488784,4.329488784,4.329488784,4.329488784,4.329488784,4.329488784,4.329488784,4.329488784,4.329488784,4.329488784,4.329488784,4.329488784,4.329488784,4.329488784,4.329488784,4.329488784,4.329488784,4.329488784,4.329488784,4.329488784
TGLX6,3/1/2021,105.092314,10.018097,51.55884937,51.55884937,51.55884937,51.55884937,51.55884937,51.55884937,51.55884937,51.55884937,51.55884937,51.55884937,51.55884937,51.55884937,51.55884937,51.55884937,51.55884937,51.55884937,51.55884937,51.55884937,51.55884937,51.55884937,51.55884937,51.55884937,51.55884937,51.55884937
TGLX6,4/1/2021,105.092314,10.018097,45.86300783,45.86300783,45.86300783,45.86300783,45.86300783,45.86300783,45.86300783,45.86300783,45.86300783,45.86300783,45.86300783,45.86300783,45.86300783,45.86300783,45.86300783,45.86300783,45.86300783,45.86300783,45.86300783,45.86300783,45.86300783,45.86300783,45.86300783,45.86300783
TGLX6,5/1/2021,105.092314,10.018097,45.73591371,45.73591371,45.73591371,45.73591371,45.73591371,45.73591371,45.73591371,45.73591371,45.73591371,45.73591371,45.73591371,45.73591371,45.73591371,45.73591371,45.73591371,45.73591371,45.73591371,45.73591371,45.73591371,45.73591371,45.73591371,45.73591371,45.73591371,45.73591371
TGLX6,6/1/2021,105.092314,10.018097,35.58731689,35.58731689,35.58731689,35.58731689,35.58731689,35.58731689,35.58731689,35.58731689,35.58731689,35.58731689,35.58731689,35.58731689,35.58731689,35.58731689,35.58731689,35.58731689,35.58731689,35.58731689,35.58731689,35.58731689,35.58731689,35.58731689,35.58731689,35.58731689
TGLX6,7/1/2021,105.092314,10.018097,36.44604022,36.44604022,36.44604022,36.44604022,36.44604022,36.44604022,36.44604022,36.44604022,36.44604022,36.44604022,36.44604022,36.44604022,36.44604022,36.44604022,36.44604022,36.44604022,36.44604022,36.44604022,36.44604022,36.44604022,36.44604022,36.44604022,36.44604022,36.44604022
TGLX6,8/1/2021,105.092314,10.018097,44.25443966,44.25443966,44.25443966,44.25443966,44.25443966,44.25443966,44.25443966,44.25443966,44.25443966,44.25443966,44.25443966,44.25443966,44.25443966,44.25443966,44.25443966,44.25443966,44.25443966,44.25443966,44.25443966,44.25443966,44.25443966,44.25443966,44.25443966,44.25443966
TGLX6,9/1/2021,105.092314,10.018097,42.63262169,42.63262169,42.63262169,42.63262169,42.63262169,42.63262169,42.63262169,42.63262169,42.63262169,42.63262169,42.63262169,42.63262169,42.63262169,42.63262169,42.63262169,42.63262169,42.63262169,42.63262169,42.63262169,42.63262169,42.63262169,42.63262169,42.63262169,42.63262169
TGLX6,10/1/2021,105.092314,10.018097,64.62426872,64.62426872,64.62426872,64.62426872,64.62426872,64.62426872,64.62426872,64.62426872,64.62426872,64.62426872,64.62426872,64.62426872,64.62426872,64.62426872,64.62426872,64.62426872,64.62426872,64.62426872,64.62426872,64.62426872,64.62426872,64.62426872,64.62426872,64.62426872
TGLX6,11/1/2021,105.092314,10.018097,51.0793701,51.0793701,51.0793701,51.0793701,51.0793701,51.0793701,51.0793701,51.0793701,51.0793701,51.0793701,51.0793701,51.0793701,51.0793701,51.0793701,51.0793701,51.0793701,51.0793701,51.0793701,51.0793701,51.0793701,51.0793701,51.0793701,51.0793701,51.0793701
TGLX6,12/1/2021,105.092314,10.018097,50.39930442,50.39930442,50.39930442,50.39930442,50.39930442,50.39930442,50.39930442,50.39930442,50.39930442,50.39930442,50.39930442,50.39930442,50.39930442,50.39930442,50.39930442,50.39930442,50.39930442,50.39930442,50.39930442,50.39930442,50.39930442,50.39930442,50.39930442,50.39930442
TGLX6,1/1/2022,105.092314,10.018097,40.62925954,40.62925954,40.62925954,40.62925954,40.62925954,40.62925954,40.62925954,40.62925954,40.62925954,40.62925954,40.62925954,40.62925954,40.62925954,40.62925954,40.62925954,40.62925954,40.62925954,40.62925954,40.62925954,40.62925954,40.62925954,40.62925954,40.62925954,40.62925954
TGLX6,2/1/2022,105.092314,10.018097,50.18850374,50.18850374,50.18850374,50.18850374,50.18850374,50.18850374,50.18850374,50.18850374,50.18850374,50.18850374,50.18850374,50.18850374,50.18850374,50.18850374,50.18850374,50.18850374,50.18850374,50.18850374,50.18850374,50.18850374,50.18850374,50.18850374,50.18850374,50.18850374
TGLX6,3/1/2022,105.092314,10.018097,51.27673596,51.27673596,51.27673596,51.27673596,51.27673596,51.27673596,51.27673596,51.27673596,51.27673596,51.27673596,51.27673596,51.27673596,51.27673596,51.27673596,51.27673596,51.27673596,51.27673596,51.27673596,51.27673596,51.27673596,51.27673596,51.27673596,51.27673596,51.27673596
TGLX6,4/1/2022,105.092314,10.018097,55.43090378,55.43090378,55.43090378,55.43090378,55.43090378,55.43090378,55.43090378,55.43090378,55.43090378,55.43090378,55.43090378,55.43090378,55.43090378,55.43090378,55.43090378,55.43090378,55.43090378,55.43090378,55.43090378,55.43090378,55.43090378,55.43090378,55.43090378,55.43090378
TGLX6,5/1/2022,105.092314,10.018097,50.07521931,50.07521931,50.07521931,50.07521931,50.07521931,50.07521931,50.07521931,50.07521931,50.07521931,50.07521931,50.07521931,50.07521931,50.07521931,50.07521931,50.07521931,50.07521931,50.07521931,50.07521931,50.07521931,50.07521931,50.07521931,50.07521931,50.07521931,50.07521931
TGLX6,6/1/2022,105.092314,10.018097,62.68390498,62.68390498,62.68390498,62.68390498,62.68390498,62.68390498,62.68390498,62.68390498,62.68390498,62.68390498,62.68390498,62.68390498,62.68390498,62.68390498,62.68390498,62.68390498,62.68390498,62.68390498,62.68390498,62.68390498,62.68390498,62.68390498,62.68390498,62.68390498
TGLX6,7/1/2022,105.092314,10.018097,64.4128138,64.4128138,64.4128138,64.4128138,64.4128138,64.4128138,64.4128138,64.4128138,64.4128138,64.4128138,64.4128138,64.4128138,64.4128138,64.4128138,64.4128138,64.4128138,64.4128138,64.4128138,64.4128138,64.4128138,64.4128138,64.4128138,64.4128138,64.4128138
TGLX6,8/1/2022,105.092314,10.018097,64.59054446,64.59054446,64.59054446,64.59054446,64.59054446,64.59054446,64.59054446,64.59054446,64.59054446,64.59054446,64.59054446,64.59054446,64.59054446,64.59054446,64.59054446,64.59054446,64.59054446,64.59054446,64.59054446,64.59054446,64.59054446,64.59054446,64.59054446,64.59054446
TGLX6,9/1/2022,105.092314,10.018097,64.38135908,64.38135908,64.38135908,64.38135908,64.38135908,64.38135908,64.38135908,64.38135908,64.38135908,64.38135908,64.38135908,64.38135908,64.38135908,64.38135908,64.38135908,64.38135908,64.38135908,64.38135908,64.38135908,64.38135908,64.38135908,64.38135908,64.38135908,64.38135908
TGLX6,10/1/2022,105.092314,10.018097,63.39215882,63.39215882,63.39215882,63.39215882,63.39215882,63.39215882,63.39215882,63.39215882,63.39215882,63.39215882,63.39215882,63.39215882,63.39215882,63.39215882,63.39215882,63.39215882,63.39215882,63.39215882,63.39215882,63.39215882,63.39215882,63.39215882,63.39215882,63.39215882
TGLX6,11/1/2022,105.092314,10.018097,62.70585941,62.70585941,62.70585941,62.70585941,62.70585941,62.70585941,62.70585941,62.70585941,62.70585941,62.70585941,62.70585941,62.70585941,62.70585941,62.70585941,62.70585941,62.70585941,62.70585941,62.70585941,62.70585941,62.70585941,62.70585941,62.70585941,62.70585941,62.70585941
TGLX6,12/1/2022,105.092314,10.018097,49.26613518,49.26613518,49.26613518,49.26613518,49.26613518,49.26613518,49.26613518,49.26613518,49.26613518,49.26613518,49.26613518,49.26613518,49.26613518,49.26613518,49.26613518,49.26613518,49.26613518,49.26613518,49.26613518,49.26613518,49.26613518,49.26613518,49.26613518,49.26613518
TGLX6,1/1/2023,105.092314,10.018097,63.32930073,63.32930073,63.32930073,63.32930073,63.32930073,63.32930073,63.32930073,63.32930073,63.32930073,63.32930073,63.32930073,63.32930073,63.32930073,63.32930073,63.32930073,63.32930073,63.32930073,63.32930073,63.32930073,63.32930073,63.32930073,63.32930073,63.32930073,63.32930073
TGLX6,2/1/2023,105.092314,10.018097,51.83347227,51.83347227,51.83347227,51.83347227,51.83347227,51.83347227,51.83347227,51.83347227,51.83347227,51.83347227,51.83347227,51.83347227,51.83347227,51.83347227,51.83347227,51.83347227,51.83347227,51.83347227,51.83347227,51.83347227,51.83347227,51.83347227,51.83347227,51.83347227
TGLX6,3/1/2023,105.092314,10.018097,51.99152439,51.99152439,51.99152439,51.99152439,51.99152439,51.99152439,51.99152439,51.99152439,51.99152439,51.99152439,51.99152439,51.99152439,51.99152439,51.99152439,51.99152439,51.99152439,51.99152439,51.99152439,51.99152439,51.99152439,51.99152439,51.99152439,51.99152439,51.99152439
TGLX6,4/1/2023,105.092314,10.018097,50.77796537,50.77796537,50.77796537,50.77796537,50.77796537,50.77796537,50.77796537,50.77796537,50.77796537,50.77796537,50.77796537,50.77796537,50.77796537,50.77796537,50.77796537,50.77796537,50.77796537,50.77796537,50.77796537,50.77796537,50.77796537,50.77796537,50.77796537,50.77796537
TGLX6,5/1/2023,105.092314,10.018097,51.33517392,51.33517392,51.33517392,51.33517392,51.33517392,51.33517392,51.33517392,51.33517392,51.33517392,51.33517392,51.33517392,51.33517392,51.33517392,51.33517392,51.33517392,51.33517392,51.33517392,51.33517392,51.33517392,51.33517392,51.33517392,51.33517392,51.33517392,51.33517392
TGLX6,6/1/2023,105.092314,10.018097,51.8361744,51.8361744,51.8361744,51.8361744,51.8361744,51.8361744,51.8361744,51.8361744,51.8361744,51.8361744,51.8361744,51.8361744,51.8361744,51.8361744,51.8361744,51.8361744,51.8361744,51.8361744,51.8361744,51.8361744,51.8361744,51.8361744,51.8361744,51.8361744
TGLX6,7/1/2023,105.092314,10.018097,53.35031595,53.35031595,53.35031595,53.35031595,53.35031595,53.35031595,53.35031595,53.35031595,53.35031595,53.35031595,53.35031595,53.35031595,53.35031595,53.35031595,53.35031595,53.35031595,53.35031595,53.35031595,53.35031595,53.35031595,53.35031595,53.35031595,53.35031595,53.35031595
TGLX6,8/1/2023,105.092314,10.018097,32.66551422,32.66551422,32.66551422,32.66551422,32.66551422,32.66551422,32.66551422,32.66551422,32.66551422,32.66551422,32.66551422,32.66551422,32.66551422,32.66551422,32.66551422,32.66551422,32.66551422,32.66551422,32.66551422,32.66551422,32.66551422,32.66551422,32.66551422,32.66551422
TGLX6,9/1/2023,105.092314,10.018097,3.793221839,3.793221839,3.793221839,3.793221839,3.793221839,3.793221839,3.793221839,3.793221839,3.793221839,3.793221839,3.793221839,3.793221839,3.793221839,3.793221839,3.793221839,3.793221839,3.793221839,3.793221839,3.793221839,3.793221839,3.793221839,3.793221839,3.793221839,3.793221839
TGLX6,10/1/2023,105.092314,10.018097,3.192915526,3.192915526,3.192915526,3.192915526,3.192915526,3.192915526,3.192915526,3.192915526,3.192915526,3.192915526,3.192915526,3.192915526,3.192915526,3.192915526,3.192915526,3.192915526,3.192915526,3.192915526,3.192915526,3.192915526,3.192915526,3.192915526,3.192915526,3.192915526
TGLX6,11/1/2023,105.092314,10.018097,29.62377953,29.62377953,29.62377953,29.62377953,29.62377953,29.62377953,29.62377953,29.62377953,29.62377953,29.62377953,29.62377953,29.62377953,29.62377953,29.62377953,29.62377953,29.62377953,29.62377953,29.62377953,29.62377953,29.62377953,29.62377953,29.62377953,29.62377953,29.62377953
TGLX6,12/1/2023,105.092314,10.018097,34.62171754,34.62171754,34.62171754,34.62171754,34.62171754,34.62171754,34.62171754,34.62171754,34.62171754,34.62171754,34.62171754,34.62171754,34.62171754,34.62171754,34.62171754,34.62171754,34.62171754,34.62171754,34.62171754,34.62171754,34.62171754,34.62171754,34.62171754,34.62171754
TGLX6,1/1/2024,105.092314,10.018097,34.10489756,34.10489756,34.10489756,34.10489756,34.10489756,34.10489756,34.10489756,34.10489756,34.10489756,34.10489756,34.10489756,34.10489756,34.10489756,34.10489756,34.10489756,34.10489756,34.10489756,34.10489756,34.10489756,34.10489756,34.10489756,34.10489756,34.10489756,34.10489756
TGLX6,2/1/2024,105.092314,10.018097,51.19707622,51.19707622,51.19707622,51.19707622,51.19707622,51.19707622,51.19707622,51.19707622,51.19707622,51.19707622,51.19707622,51.19707622,51.19707622,51.19707622,51.19707622,51.19707622,51.19707622,51.19707622,51.19707622,51.19707622,51.19707622,51.19707622,51.19707622,51.19707622
TGLX6,3/1/2024,105.092314,10.018097,50.31593198,50.31593198,50.31593198,50.31593198,50.31593198,50.31593198,50.31593198,50.31593198,50.31593198,50.31593198,50.31593198,50.31593198,50.31593198,50.31593198,50.31593198,50.31593198,50.31593198,50.31593198,50.31593198,50.31593198,50.31593198,50.31593198,50.31593198,50.31593198
TGLX6,4/1/2024,105.092314,10.018097,52.68090135,52.68090135,52.68090135,52.68090135,52.68090135,52.68090135,52.68090135,52.68090135,52.68090135,52.68090135,52.68090135,52.68090135,52.68090135,52.68090135,52.68090135,52.68090135,52.68090135,52.68090135,52.68090135,52.68090135,52.68090135,52.68090135,52.68090135,52.68090135
TGLX6,5/1/2024,105.092314,10.018097,35.02958568,35.02958568,35.02958568,35.02958568,35.02958568,35.02958568,35.02958568,35.02958568,35.02958568,35.02958568,35.02958568,35.02958568,35.02958568,35.02958568,35.02958568,35.02958568,35.02958568,35.02958568,35.02958568,35.02958568,35.02958568,35.02958568,35.02958568,35.02958568
TGLX6,6/1/2024,105.092314,10.018097,37.34880802,37.34880802,37.34880802,37.34880802,37.34880802,37.34880802,37.34880802,37.34880802,37.34880802,37.34880802,37.34880802,37.34880802,37.34880802,37.34880802,37.34880802,37.34880802,37.34880802,37.34880802,37.34880802,37.34880802,37.34880802,37.34880802,37.34880802,37.34880802
TGLX6,7/1/2024,105.092314,10.018097,67.03315561,67.03315561,67.03315561,67.03315561,67.03315561,67.03315561,67.03315561,67.03315561,67.03315561,67.03315561,67.03315561,67.03315561,67.03315561,67.03315561,67.03315561,67.03315561,67.03315561,67.03315561,67.03315561,67.03315561,67.03315561,67.03315561,67.03315561,67.03315561
TGLX6,8/1/2024,105.092314,10.018097,34.85435641,34.85435641,34.85435641,34.85435641,34.85435641,34.85435641,34.85435641,34.85435641,34.85435641,34.85435641,34.85435641,34.85435641,34.85435641,34.85435641,34.85435641,34.85435641,34.85435641,34.85435641,34.85435641,34.85435641,34.85435641,34.85435641,34.85435641,34.85435641
TGLX6,9/1/2024,105.092314,10.018097,36.22247661,36.22247661,36.22247661,36.22247661,36.22247661,36.22247661,36.22247661,36.22247661,36.22247661,36.22247661,36.22247661,36.22247661,36.22247661,36.22247661,36.22247661,36.22247661,36.22247661,36.22247661,36.22247661,36.22247661,36.22247661,36.22247661,36.22247661,36.22247661
TGLX6,10/1/2024,105.092314,10.018097,34.17726511,34.17726511,34.17726511,34.17726511,34.17726511,34.17726511,34.17726511,34.17726511,34.17726511,34.17726511,34.17726511,34.17726511,34.17726511,34.17726511,34.17726511,34.17726511,34.17726511,34.17726511,34.17726511,34.17726511,34.17726511,34.17726511,34.17726511,34.17726511
TGLX6,11/1/2024,105.092314,10.018097,24.90763336,24.90763336,24.90763336,24.90763336,24.90763336,24.90763336,24.90763336,24.90763336,24.90763336,24.90763336,24.90763336,24.90763336,24.90763336,24.90763336,24.90763336,24.90763336,24.90763336,24.90763336,24.90763336,24.90763336,24.90763336,24.90763336,24.90763336,24.90763336
TGLX6,12/1/2024,105.092314,10.018097,62.93023599,62.93023599,62.93023599,62.93023599,62.93023599,62.93023599,62.93023599,62.93023599,62.93023599,62.93023599,62.93023599,62.93023599,62.93023599,62.93023599,62.93023599,62.93023599,62.93023599,62.93023599,62.93023599,62.93023599,62.93023599,62.93023599,62.93023599,62.93023599
TGLX6,1/1/2025,105.092314,10.018097,67.15601946,67.15601946,67.15601946,67.15601946,67.15601946,67.15601946,67.15601946,67.15601946,67.15601946,67.15601946,67.15601946,67.15601946,67.15601946,67.15601946,67.15601946,67.15601946,67.15601946,67.15601946,67.15601946,67.15601946,67.15601946,67.15601946,67.15601946,67.15601946
TGLX6,2/1/2025,105.092314,10.018097,53.70010258,53.70010258,53.70010258,53.70010258,53.70010258,53.70010258,53.70010258,53.70010258,53.70010258,53.70010258,53.70010258,53.70010258,53.70010258,53.70010258,53.70010258,53.70010258,53.70010258,53.70010258,53.70010258,53.70010258,53.70010258,53.70010258,53.70010258,53.70010258
TGLX6,3/1/2025,105.092314,10.018097,34.32168805,34.32168805,34.32168805,34.32168805,34.32168805,34.32168805,34.32168805,34.32168805,34.32168805,34.32168805,34.32168805,34.32168805,34.32168805,34.32168805,34.32168805,34.32168805,34.32168805,34.32168805,34.32168805,34.32168805,34.32168805,34.32168805,34.32168805,34.32168805
TGLX6,4/1/2025,105.092314,10.018097,50.07551748,50.07551748,50.07551748,50.07551748,50.07551748,50.07551748,50.07551748,50.07551748,50.07551748,50.07551748,50.07551748,50.07551748,50.07551748,50.07551748,50.07551748,50.07551748,50.07551748,50.07551748,50.07551748,50.07551748,50.07551748,50.07551748,50.07551748,50.07551748
TGLX6,5/1/2025,105.092314,10.018097,50.8617974,50.8617974,50.8617974,50.8617974,50.8617974,50.8617974,50.8617974,50.8617974,50.8617974,50.8617974,50.8617974,50.8617974,50.8617974,50.8617974,50.8617974,50.8617974,50.8617974,50.8617974,50.8617974,50.8617974,50.8617974,50.8617974,50.8617974,50.8617974
TGLX6,6/1/2025,105.092314,10.018097,52.33435276,52.33435276,52.33435276,52.33435276,52.33435276,52.33435276,52.33435276,52.33435276,52.33435276,52.33435276,52.33435276,52.33435276,52.33435276,52.33435276,52.33435276,52.33435276,52.33435276,52.33435276,52.33435276,52.33435276,52.33435276,52.33435276,52.33435276,52.33435276
TGLX6,7/1/2025,105.092314,10.018097,49.5234349,49.5234349,49.5234349,49.5234349,49.5234349,49.5234349,49.5234349,49.5234349,49.5234349,49.5234349,49.5234349,49.5234349,49.5234349,49.5234349,49.5234349,49.5234349,49.5234349,49.5234349,49.5234349,49.5234349,49.5234349,49.5234349,49.5234349,49.5234349
TGLX7,2/1/2021,104.925547,10.189381,4.367221142,4.367221142,4.367221142,4.367221142,4.367221142,4.367221142,4.367221142,4.367221142,4.367221142,4.367221142,4.367221142,4.367221142,4.367221142,4.367221142,4.367221142,4.367221142,4.367221142,4.367221142,4.367221142,4.367221142,4.367221142,4.367221142,4.367221142,4.367221142
TGLX7,3/1/2021,104.925547,10.189381,37.21763783,37.21763783,37.21763783,37.21763783,37.21763783,37.21763783,37.21763783,37.21763783,37.21763783,37.21763783,37.21763783,37.21763783,37.21763783,37.21763783,37.21763783,37.21763783,37.21763783,37.21763783,37.21763783,37.21763783,37.21763783,37.21763783,37.21763783,37.21763783
TGLX7,4/1/2021,104.925547,10.189381,43.20914823,43.20914823,43.20914823,43.20914823,43.20914823,43.20914823,43.20914823,43.20914823,43.20914823,43.20914823,43.20914823,43.20914823,43.20914823,43.20914823,43.20914823,43.20914823,43.20914823,43.20914823,43.20914823,43.20914823,43.20914823,43.20914823,43.20914823,43.20914823
TGLX7,5/1/2021,104.925547,10.189381,45.13980649,45.13980649,45.13980649,45.13980649,45.13980649,45.13980649,45.13980649,45.13980649,45.13980649,45.13980649,45.13980649,45.13980649,45.13980649,45.13980649,45.13980649,45.13980649,45.13980649,45.13980649,45.13980649,45.13980649,45.13980649,45.13980649,45.13980649,45.13980649
TGLX7,6/1/2021,104.925547,10.189381,35.09099858,35.09099858,35.09099858,35.09099858,35.09099858,35.09099858,35.09099858,35.09099858,35.09099858,35.09099858,35.09099858,35.09099858,35.09099858,35.09099858,35.09099858,35.09099858,35.09099858,35.09099858,35.09099858,35.09099858,35.09099858,35.09099858,35.09099858,35.09099858
TGLX7,7/1/2021,104.925547,10.189381,43.93808296,43.93808296,43.93808296,43.93808296,43.93808296,43.93808296,43.93808296,43.93808296,43.93808296,43.93808296,43.93808296,43.93808296,43.93808296,43.93808296,43.93808296,43.93808296,43.93808296,43.93808296,43.93808296,43.93808296,43.93808296,43.93808296,43.93808296,43.93808296
TGLX7,8/1/2021,104.925547,10.189381,38.22327291,38.22327291,38.22327291,38.22327291,38.22327291,38.22327291,38.22327291,38.22327291,38.22327291,38.22327291,38.22327291,38.22327291,38.22327291,38.22327291,38.22327291,38.22327291,38.22327291,38.22327291,38.22327291,38.22327291,38.22327291,38.22327291,38.22327291,38.22327291
TGLX7,9/1/2021,104.925547,10.189381,4.146931136,4.146931136,4.146931136,4.146931136,4.146931136,4.146931136,4.146931136,4.146931136,4.146931136,4.146931136,4.146931136,4.146931136,4.146931136,4.146931136,4.146931136,4.146931136,4.146931136,4.146931136,4.146931136,4.146931136,4.146931136,4.146931136,4.146931136,4.146931136
TGLX7,10/1/2021,104.925547,10.189381,62.87733901,62.87733901,62.87733901,62.87733901,62.87733901,62.87733901,62.87733901,62.87733901,62.87733901,62.87733901,62.87733901,62.87733901,62.87733901,62.87733901,62.87733901,62.87733901,62.87733901,62.87733901,62.87733901,62.87733901,62.87733901,62.87733901,62.87733901,62.87733901
TGLX7,11/1/2021,104.925547,10.189381,52.69904059,52.69904059,52.69904059,52.69904059,52.69904059,52.69904059,52.69904059,52.69904059,52.69904059,52.69904059,52.69904059,52.69904059,52.69904059,52.69904059,52.69904059,52.69904059,52.69904059,52.69904059,52.69904059,52.69904059,52.69904059,52.69904059,52.69904059,52.69904059
TGLX7,12/1/2021,104.925547,10.189381,52.16960111,52.16960111,52.16960111,52.16960111,52.16960111,52.16960111,52.16960111,52.16960111,52.16960111,52.16960111,52.16960111,52.16960111,52.16960111,52.16960111,52.16960111,52.16960111,52.16960111,52.16960111,52.16960111,52.16960111,52.16960111,52.16960111,52.16960111,52.16960111
TGLX7,1/1/2022,104.925547,10.189381,40.12333209,40.12333209,40.12333209,40.12333209,40.12333209,40.12333209,40.12333209,40.12333209,40.12333209,40.12333209,40.12333209,40.12333209,40.12333209,40.12333209,40.12333209,40.12333209,40.12333209,40.12333209,40.12333209,40.12333209,40.12333209,40.12333209,40.12333209,40.12333209
TGLX7,2/1/2022,104.925547,10.189381,51.32974918,51.32974918,51.32974918,51.32974918,51.32974918,51.32974918,51.32974918,51.32974918,51.32974918,51.32974918,51.32974918,51.32974918,51.32974918,51.32974918,51.32974918,51.32974918,51.32974918,51.32974918,51.32974918,51.32974918,51.32974918,51.32974918,51.32974918,51.32974918
TGLX7,3/1/2022,104.925547,10.189381,54.54132612,54.54132612,54.54132612,54.54132612,54.54132612,54.54132612,54.54132612,54.54132612,54.54132612,54.54132612,54.54132612,54.54132612,54.54132612,54.54132612,54.54132612,54.54132612,54.54132612,54.54132612,54.54132612,54.54132612,54.54132612,54.54132612,54.54132612,54.54132612
TGLX7,4/1/2022,104.925547,10.189381,53.58443088,53.58443088,53.58443088,53.58443088,53.58443088,53.58443088,53.58443088,53.58443088,53.58443088,53.58443088,53.58443088,53.58443088,53.58443088,53.58443088,53.58443088,53.58443088,53.58443088,53.58443088,53.58443088,53.58443088,53.58443088,53.58443088,53.58443088,53.58443088
TGLX7,5/1/2022,104.925547,10.189381,51.46908397,51.46908397,51.46908397,51.46908397,51.46908397,51.46908397,51.46908397,51.46908397,51.46908397,51.46908397,51.46908397,51.46908397,51.46908397,51.46908397,51.46908397,51.46908397,51.46908397,51.46908397,51.46908397,51.46908397,51.46908397,51.46908397,51.46908397,51.46908397
TGLX7,6/1/2022,104.925547,10.189381,47.61922131,47.61922131,47.61922131,47.61922131,47.61922131,47.61922131,47.61922131,47.61922131,47.61922131,47.61922131,47.61922131,47.61922131,47.61922131,47.61922131,47.61922131,47.61922131,47.61922131,47.61922131,47.61922131,47.61922131,47.61922131,47.61922131,47.61922131,47.61922131
TGLX7,7/1/2022,104.925547,10.189381,53.81790489,53.81790489,53.81790489,53.81790489,53.81790489,53.81790489,53.81790489,53.81790489,53.81790489,53.81790489,53.81790489,53.81790489,53.81790489,53.81790489,53.81790489,53.81790489,53.81790489,53.81790489,53.81790489,53.81790489,53.81790489,53.81790489,53.81790489,53.81790489
TGLX7,8/1/2022,104.925547,10.189381,34.80284159,34.80284159,34.80284159,34.80284159,34.80284159,34.80284159,34.80284159,34.80284159,34.80284159,34.80284159,34.80284159,34.80284159,34.80284159,34.80284159,34.80284159,34.80284159,34.80284159,34.80284159,34.80284159,34.80284159,34.80284159,34.80284159,34.80284159,34.80284159
TGLX7,9/1/2022,104.925547,10.189381,54.01403767,54.01403767,54.01403767,54.01403767,54.01403767,54.01403767,54.01403767,54.01403767,54.01403767,54.01403767,54.01403767,54.01403767,54.01403767,54.01403767,54.01403767,54.01403767,54.01403767,54.01403767,54.01403767,54.01403767,54.01403767,54.01403767,54.01403767,54.01403767
TGLX7,10/1/2022,104.925547,10.189381,54.37614503,54.37614503,54.37614503,54.37614503,54.37614503,54.37614503,54.37614503,54.37614503,54.37614503,54.37614503,54.37614503,54.37614503,54.37614503,54.37614503,54.37614503,54.37614503,54.37614503,54.37614503,54.37614503,54.37614503,54.37614503,54.37614503,54.37614503,54.37614503
TGLX7,11/1/2022,104.925547,10.189381,55.35362965,55.35362965,55.35362965,55.35362965,55.35362965,55.35362965,55.35362965,55.35362965,55.35362965,55.35362965,55.35362965,55.35362965,55.35362965,55.35362965,55.35362965,55.35362965,55.35362965,55.35362965,55.35362965,55.35362965,55.35362965,55.35362965,55.35362965,55.35362965
TGLX7,12/1/2022,104.925547,10.189381,63.49119483,63.49119483,63.49119483,63.49119483,63.49119483,63.49119483,63.49119483,63.49119483,63.49119483,63.49119483,63.49119483,63.49119483,63.49119483,63.49119483,63.49119483,63.49119483,63.49119483,63.49119483,63.49119483,63.49119483,63.49119483,63.49119483,63.49119483,63.49119483
TGLX7,1/1/2023,104.925547,10.189381,50.20948011,50.20948011,50.20948011,50.20948011,50.20948011,50.20948011,50.20948011,50.20948011,50.20948011,50.20948011,50.20948011,50.20948011,50.20948011,50.20948011,50.20948011,50.20948011,50.20948011,50.20948011,50.20948011,50.20948011,50.20948011,50.20948011,50.20948011,50.20948011
TGLX7,2/1/2023,104.925547,10.189381,51.0478354,51.0478354,51.0478354,51.0478354,51.0478354,51.0478354,51.0478354,51.0478354,51.0478354,51.0478354,51.0478354,51.0478354,51.0478354,51.0478354,51.0478354,51.0478354,51.0478354,51.0478354,51.0478354,51.0478354,51.0478354,51.0478354,51.0478354,51.0478354
TGLX7,3/1/2023,104.925547,10.189381,36.07910242,36.07910242,36.07910242,36.07910242,36.07910242,36.07910242,36.07910242,36.07910242,36.07910242,36.07910242,36.07910242,36.07910242,36.07910242,36.07910242,36.07910242,36.07910242,36.07910242,36.07910242,36.07910242,36.07910242,36.07910242,36.07910242,36.07910242,36.07910242
TGLX7,4/1/2023,104.925547,10.189381,51.41741849,51.41741849,51.41741849,51.41741849,51.41741849,51.41741849,51.41741849,51.41741849,51.41741849,51.41741849,51.41741849,51.41741849,51.41741849,51.41741849,51.41741849,51.41741849,51.41741849,51.41741849,51.41741849,51.41741849,51.41741849,51.41741849,51.41741849,51.41741849
TGLX7,5/1/2023,104.925547,10.189381,63.71159441,63.71159441,63.71159441,63.71159441,63.71159441,63.71159441,63.71159441,63.71159441,63.71159441,63.71159441,63.71159441,63.71159441,63.71159441,63.71159441,63.71159441,63.71159441,63.71159441,63.71159441,63.71159441,63.71159441,63.71159441,63.71159441,63.71159441,63.71159441
TGLX7,6/1/2023,104.925547,10.189381,24.42523748,24.42523748,24.42523748,24.42523748,24.42523748,24.42523748,24.42523748,24.42523748,24.42523748,24.42523748,24.42523748,24.42523748,24.42523748,24.42523748,24.42523748,24.42523748,24.42523748,24.42523748,24.42523748,24.42523748,24.42523748,24.42523748,24.42523748,24.42523748
TGLX7,7/1/2023,104.925547,10.189381,35.17565511,35.17565511,35.17565511,35.17565511,35.17565511,35.17565511,35.17565511,35.17565511,35.17565511,35.17565511,35.17565511,35.17565511,35.17565511,35.17565511,35.17565511,35.17565511,35.17565511,35.17565511,35.17565511,35.17565511,35.17565511,35.17565511,35.17565511,35.17565511
TGLX7,8/1/2023,104.925547,10.189381,34.06960773,34.06960773,34.06960773,34.06960773,34.06960773,34.06960773,34.06960773,34.06960773,34.06960773,34.06960773,34.06960773,34.06960773,34.06960773,34.06960773,34.06960773,34.06960773,34.06960773,34.06960773,34.06960773,34.06960773,34.06960773,34.06960773,34.06960773,34.06960773
TGLX7,9/1/2023,104.925547,10.189381,58.66885368,58.66885368,58.66885368,58.66885368,58.66885368,58.66885368,58.66885368,58.66885368,58.66885368,58.66885368,58.66885368,58.66885368,58.66885368,58.66885368,58.66885368,58.66885368,58.66885368,58.66885368,58.66885368,58.66885368,58.66885368,58.66885368,58.66885368,58.66885368
TGLX7,10/1/2023,104.925547,10.189381,46.04718194,46.04718194,46.04718194,46.04718194,46.04718194,46.04718194,46.04718194,46.04718194,46.04718194,46.04718194,46.04718194,46.04718194,46.04718194,46.04718194,46.04718194,46.04718194,46.04718194,46.04718194,46.04718194,46.04718194,46.04718194,46.04718194,46.04718194,46.04718194
TGLX7,11/1/2023,104.925547,10.189381,37.16446281,37.16446281,37.16446281,37.16446281,37.16446281,37.16446281,37.16446281,37.16446281,37.16446281,37.16446281,37.16446281,37.16446281,37.16446281,37.16446281,37.16446281,37.16446281,37.16446281,37.16446281,37.16446281,37.16446281,37.16446281,37.16446281,37.16446281,37.16446281
TGLX7,12/1/2023,104.925547,10.189381,37.17110014,37.17110014,37.17110014,37.17110014,37.17110014,37.17110014,37.17110014,37.17110014,37.17110014,37.17110014,37.17110014,37.17110014,37.17110014,37.17110014,37.17110014,37.17110014,37.17110014,37.17110014,37.17110014,37.17110014,37.17110014,37.17110014,37.17110014,37.17110014
TGLX7,1/1/2024,104.925547,10.189381,33.58700533,33.58700533,33.58700533,33.58700533,33.58700533,33.58700533,33.58700533,33.58700533,33.58700533,33.58700533,33.58700533,33.58700533,33.58700533,33.58700533,33.58700533,33.58700533,33.58700533,33.58700533,33.58700533,33.58700533,33.58700533,33.58700533,33.58700533,33.58700533
TGLX7,2/1/2024,104.925547,10.189381,67.37570722,67.37570722,67.37570722,67.37570722,67.37570722,67.37570722,67.37570722,67.37570722,67.37570722,67.37570722,67.37570722,67.37570722,67.37570722,67.37570722,67.37570722,67.37570722,67.37570722,67.37570722,67.37570722,67.37570722,67.37570722,67.37570722,67.37570722,67.37570722
TGLX7,3/1/2024,104.925547,10.189381,53.57413869,53.57413869,53.57413869,53.57413869,53.57413869,53.57413869,53.57413869,53.57413869,53.57413869,53.57413869,53.57413869,53.57413869,53.57413869,53.57413869,53.57413869,53.57413869,53.57413869,53.57413869,53.57413869,53.57413869,53.57413869,53.57413869,53.57413869,53.57413869
TGLX7,4/1/2024,104.925547,10.189381,77.41159005,77.41159005,77.41159005,77.41159005,77.41159005,77.41159005,77.41159005,77.41159005,77.41159005,77.41159005,77.41159005,77.41159005,77.41159005,77.41159005,77.41159005,77.41159005,77.41159005,77.41159005,77.41159005,77.41159005,77.41159005,77.41159005,77.41159005,77.41159005
TGLX7,5/1/2024,104.925547,10.189381,48.62763431,48.62763431,48.62763431,48.62763431,48.62763431,48.62763431,48.62763431,48.62763431,48.62763431,48.62763431,48.62763431,48.62763431,48.62763431,48.62763431,48.62763431,48.62763431,48.62763431,48.62763431,48.62763431,48.62763431,48.62763431,48.62763431,48.62763431,48.62763431
TGLX7,6/1/2024,104.925547,10.189381,49.90305446,49.90305446,49.90305446,49.90305446,49.90305446,49.90305446,49.90305446,49.90305446,49.90305446,49.90305446,49.90305446,49.90305446,49.90305446,49.90305446,49.90305446,49.90305446,49.90305446,49.90305446,49.90305446,49.90305446,49.90305446,49.90305446,49.90305446,49.90305446
TGLX7,7/1/2024,104.925547,10.189381,70.29931577,70.29931577,70.29931577,70.29931577,70.29931577,70.29931577,70.29931577,70.29931577,70.29931577,70.29931577,70.29931577,70.29931577,70.29931577,70.29931577,70.29931577,70.29931577,70.29931577,70.29931577,70.29931577,70.29931577,70.29931577,70.29931577,70.29931577,70.29931577
TGLX7,8/1/2024,104.925547,10.189381,37.01900351,37.01900351,37.01900351,37.01900351,37.01900351,37.01900351,37.01900351,37.01900351,37.01900351,37.01900351,37.01900351,37.01900351,37.01900351,37.01900351,37.01900351,37.01900351,37.01900351,37.01900351,37.01900351,37.01900351,37.01900351,37.01900351,37.01900351,37.01900351
TGLX7,9/1/2024,104.925547,10.189381,38.33108845,38.33108845,38.33108845,38.33108845,38.33108845,38.33108845,38.33108845,38.33108845,38.33108845,38.33108845,38.33108845,38.33108845,38.33108845,38.33108845,38.33108845,38.33108845,38.33108845,38.33108845,38.33108845,38.33108845,38.33108845,38.33108845,38.33108845,38.33108845
TGLX7,10/1/2024,104.925547,10.189381,17.11860229,17.11860229,17.11860229,17.11860229,17.11860229,17.11860229,17.11860229,17.11860229,17.11860229,17.11860229,17.11860229,17.11860229,17.11860229,17.11860229,17.11860229,17.11860229,17.11860229,17.11860229,17.11860229,17.11860229,17.11860229,17.11860229,17.11860229,17.11860229
TGLX7,11/1/2024,104.925547,10.189381,59.08518379,59.08518379,59.08518379,59.08518379,59.08518379,59.08518379,59.08518379,59.08518379,59.08518379,59.08518379,59.08518379,59.08518379,59.08518379,59.08518379,59.08518379,59.08518379,59.08518379,59.08518379,59.08518379,59.08518379,59.08518379,59.08518379,59.08518379,59.08518379
TGLX7,12/1/2024,104.925547,10.189381,51.81175172,51.81175172,51.81175172,51.81175172,51.81175172,51.81175172,51.81175172,51.81175172,51.81175172,51.81175172,51.81175172,51.81175172,51.81175172,51.81175172,51.81175172,51.81175172,51.81175172,51.81175172,51.81175172,51.81175172,51.81175172,51.81175172,51.81175172,51.81175172
TGLX7,1/1/2025,104.925547,10.189381,77.0961449,77.0961449,77.0961449,77.0961449,77.0961449,77.0961449,77.0961449,77.0961449,77.0961449,77.0961449,77.0961449,77.0961449,77.0961449,77.0961449,77.0961449,77.0961449,77.0961449,77.0961449,77.0961449,77.0961449,77.0961449,77.0961449,77.0961449,77.0961449
TGLX7,2/1/2025,104.925547,10.189381,53.65782413,53.65782413,53.65782413,53.65782413,53.65782413,53.65782413,53.65782413,53.65782413,53.65782413,53.65782413,53.65782413,53.65782413,53.65782413,53.65782413,53.65782413,53.65782413,53.65782413,53.65782413,53.65782413,53.65782413,53.65782413,53.65782413,53.65782413,53.65782413
TGLX7,3/1/2025,104.925547,10.189381,53.72143935,53.72143935,53.72143935,53.72143935,53.72143935,53.72143935,53.72143935,53.72143935,53.72143935,53.72143935,53.72143935,53.72143935,53.72143935,53.72143935,53.72143935,53.72143935,53.72143935,53.72143935,53.72143935,53.72143935,53.72143935,53.72143935,53.72143935,53.72143935
TGLX7,4/1/2025,104.925547,10.189381,35.29151572,35.29151572,35.29151572,35.29151572,35.29151572,35.29151572,35.29151572,35.29151572,35.29151572,35.29151572,35.29151572,35.29151572,35.29151572,35.29151572,35.29151572,35.29151572,35.29151572,35.29151572,35.29151572,35.29151572,35.29151572,35.29151572,35.29151572,35.29151572
TGLX7,5/1/2025,104.925547,10.189381,57.1794135,57.1794135,57.1794135,57.1794135,57.1794135,57.1794135,57.1794135,57.1794135,57.1794135,57.1794135,57.1794135,57.1794135,57.1794135,57.1794135,57.1794135,57.1794135,57.1794135,57.1794135,57.1794135,57.1794135,57.1794135,57.1794135,57.1794135,57.1794135
TGLX7,6/1/2025,104.925547,10.189381,52.64901281,52.64901281,52.64901281,52.64901281,52.64901281,52.64901281,52.64901281,52.64901281,52.64901281,52.64901281,52.64901281,52.64901281,52.64901281,52.64901281,52.64901281,52.64901281,52.64901281,52.64901281,52.64901281,52.64901281,52.64901281,52.64901281,52.64901281,52.64901281
TGLX7,7/1/2025,104.925547,10.189381,34.90530595,34.90530595,34.90530595,34.90530595,34.90530595,34.90530595,34.90530595,34.90530595,34.90530595,34.90530595,34.90530595,34.90530595,34.90530595,34.90530595,34.90530595,34.90530595,34.90530595,34.90530595,34.90530595,34.90530595,34.90530595,34.90530595,34.90530595,34.90530595
TGLX8,2/1/2021,104.741611,10.284789,43.94037054,43.94037054,43.94037054,43.94037054,43.94037054,43.94037054,43.94037054,43.94037054,43.94037054,43.94037054,43.94037054,43.94037054,43.94037054,43.94037054,43.94037054,43.94037054,43.94037054,43.94037054,43.94037054,43.94037054,43.94037054,43.94037054,43.94037054,43.94037054
TGLX8,3/1/2021,104.741611,10.284789,31.17502143,31.17502143,31.17502143,31.17502143,31.17502143,31.17502143,31.17502143,31.17502143,31.17502143,31.17502143,31.17502143,31.17502143,31.17502143,31.17502143,31.17502143,31.17502143,31.17502143,31.17502143,31.17502143,31.17502143,31.17502143,31.17502143,31.17502143,31.17502143
TGLX8,4/1/2021,104.741611,10.284789,43.97264158,43.97264158,43.97264158,43.97264158,43.97264158,43.97264158,43.97264158,43.97264158,43.97264158,43.97264158,43.97264158,43.97264158,43.97264158,43.97264158,43.97264158,43.97264158,43.97264158,43.97264158,43.97264158,43.97264158,43.97264158,43.97264158,43.97264158,43.97264158
TGLX8,5/1/2021,104.741611,10.284789,36.70001617,36.70001617,36.70001617,36.70001617,36.70001617,36.70001617,36.70001617,36.70001617,36.70001617,36.70001617,36.70001617,36.70001617,36.70001617,36.70001617,36.70001617,36.70001617,36.70001617,36.70001617,36.70001617,36.70001617,36.70001617,36.70001617,36.70001617,36.70001617
TGLX8,6/1/2021,104.741611,10.284789,41.00725577,41.00725577,41.00725577,41.00725577,41.00725577,41.00725577,41.00725577,41.00725577,41.00725577,41.00725577,41.00725577,41.00725577,41.00725577,41.00725577,41.00725577,41.00725577,41.00725577,41.00725577,41.00725577,41.00725577,41.00725577,41.00725577,41.00725577,41.00725577
TGLX8,7/1/2021,104.741611,10.284789,34.54129454,34.54129454,34.54129454,34.54129454,34.54129454,34.54129454,34.54129454,34.54129454,34.54129454,34.54129454,34.54129454,34.54129454,34.54129454,34.54129454,34.54129454,34.54129454,34.54129454,34.54129454,34.54129454,34.54129454,34.54129454,34.54129454,34.54129454,34.54129454
TGLX8,8/1/2021,104.741611,10.284789,64.47468292,64.47468292,64.47468292,64.47468292,64.47468292,64.47468292,64.47468292,64.47468292,64.47468292,64.47468292,64.47468292,64.47468292,64.47468292,64.47468292,64.47468292,64.47468292,64.47468292,64.47468292,64.47468292,64.47468292,64.47468292,64.47468292,64.47468292,64.47468292
TGLX8,9/1/2021,104.741611,10.284789,43.66279867,43.66279867,43.66279867,43.66279867,43.66279867,43.66279867,43.66279867,43.66279867,43.66279867,43.66279867,43.66279867,43.66279867,43.66279867,43.66279867,43.66279867,43.66279867,43.66279867,43.66279867,43.66279867,43.66279867,43.66279867,43.66279867,43.66279867,43.66279867
TGLX8,10/1/2021,104.741611,10.284789,60.42432046,60.42432046,60.42432046,60.42432046,60.42432046,60.42432046,60.42432046,60.42432046,60.42432046,60.42432046,60.42432046,60.42432046,60.42432046,60.42432046,60.42432046,60.42432046,60.42432046,60.42432046,60.42432046,60.42432046,60.42432046,60.42432046,60.42432046,60.42432046
TGLX8,11/1/2021,104.741611,10.284789,49.57642694,49.57642694,49.57642694,49.57642694,49.57642694,49.57642694,49.57642694,49.57642694,49.57642694,49.57642694,49.57642694,49.57642694,49.57642694,49.57642694,49.57642694,49.57642694,49.57642694,49.57642694,49.57642694,49.57642694,49.57642694,49.57642694,49.57642694,49.57642694
TGLX8,12/1/2021,104.741611,10.284789,60.65482148,60.65482148,60.65482148,60.65482148,60.65482148,60.65482148,60.65482148,60.65482148,60.65482148,60.65482148,60.65482148,60.65482148,60.65482148,60.65482148,60.65482148,60.65482148,60.65482148,60.65482148,60.65482148,60.65482148,60.65482148,60.65482148,60.65482148,60.65482148
TGLX8,1/1/2022,104.741611,10.284789,36.6710698,36.6710698,36.6710698,36.6710698,36.6710698,36.6710698,36.6710698,36.6710698,36.6710698,36.6710698,36.6710698,36.6710698,36.6710698,36.6710698,36.6710698,36.6710698,36.6710698,36.6710698,36.6710698,36.6710698,36.6710698,36.6710698,36.6710698,36.6710698
TGLX8,2/1/2022,104.741611,10.284789,48.93979242,48.93979242,48.93979242,48.93979242,48.93979242,48.93979242,48.93979242,48.93979242,48.93979242,48.93979242,48.93979242,48.93979242,48.93979242,48.93979242,48.93979242,48.93979242,48.93979242,48.93979242,48.93979242,48.93979242,48.93979242,48.93979242,48.93979242,48.93979242
TGLX8,3/1/2022,104.741611,10.284789,63.293812,63.293812,63.293812,63.293812,63.293812,63.293812,63.293812,63.293812,63.293812,63.293812,63.293812,63.293812,63.293812,63.293812,63.293812,63.293812,63.293812,63.293812,63.293812,63.293812,63.293812,63.293812,63.293812,63.293812
TGLX8,4/1/2022,104.741611,10.284789,53.61929963,53.61929963,53.61929963,53.61929963,53.61929963,53.61929963,53.61929963,53.61929963,53.61929963,53.61929963,53.61929963,53.61929963,53.61929963,53.61929963,53.61929963,53.61929963,53.61929963,53.61929963,53.61929963,53.61929963,53.61929963,53.61929963,53.61929963,53.61929963
TGLX8,5/1/2022,104.741611,10.284789,50.30625941,50.30625941,50.30625941,50.30625941,50.30625941,50.30625941,50.30625941,50.30625941,50.30625941,50.30625941,50.30625941,50.30625941,50.30625941,50.30625941,50.30625941,50.30625941,50.30625941,50.30625941,50.30625941,50.30625941,50.30625941,50.30625941,50.30625941,50.30625941
TGLX8,6/1/2022,104.741611,10.284789,51.38398533,51.38398533,51.38398533,51.38398533,51.38398533,51.38398533,51.38398533,51.38398533,51.38398533,51.38398533,51.38398533,51.38398533,51.38398533,51.38398533,51.38398533,51.38398533,51.38398533,51.38398533,51.38398533,51.38398533,51.38398533,51.38398533,51.38398533,51.38398533
TGLX8,7/1/2022,104.741611,10.284789,54.08218135,54.08218135,54.08218135,54.08218135,54.08218135,54.08218135,54.08218135,54.08218135,54.08218135,54.08218135,54.08218135,54.08218135,54.08218135,54.08218135,54.08218135,54.08218135,54.08218135,54.08218135,54.08218135,54.08218135,54.08218135,54.08218135,54.08218135,54.08218135
TGLX8,8/1/2022,104.741611,10.284789,37.0043606,37.0043606,37.0043606,37.0043606,37.0043606,37.0043606,37.0043606,37.0043606,37.0043606,37.0043606,37.0043606,37.0043606,37.0043606,37.0043606,37.0043606,37.0043606,37.0043606,37.0043606,37.0043606,37.0043606,37.0043606,37.0043606,37.0043606,37.0043606
TGLX8,9/1/2022,104.741611,10.284789,52.92171975,52.92171975,52.92171975,52.92171975,52.92171975,52.92171975,52.92171975,52.92171975,52.92171975,52.92171975,52.92171975,52.92171975,52.92171975,52.92171975,52.92171975,52.92171975,52.92171975,52.92171975,52.92171975,52.92171975,52.92171975,52.92171975,52.92171975,52.92171975
TGLX8,10/1/2022,104.741611,10.284789,54.70572077,54.70572077,54.70572077,54.70572077,54.70572077,54.70572077,54.70572077,54.70572077,54.70572077,54.70572077,54.70572077,54.70572077,54.70572077,54.70572077,54.70572077,54.70572077,54.70572077,54.70572077,54.70572077,54.70572077,54.70572077,54.70572077,54.70572077,54.70572077
TGLX8,11/1/2022,104.741611,10.284789,33.74328409,33.74328409,33.74328409,33.74328409,33.74328409,33.74328409,33.74328409,33.74328409,33.74328409,33.74328409,33.74328409,33.74328409,33.74328409,33.74328409,33.74328409,33.74328409,33.74328409,33.74328409,33.74328409,33.74328409,33.74328409,33.74328409,33.74328409,33.74328409
TGLX8,12/1/2022,104.741611,10.284789,53.31987342,53.31987342,53.31987342,53.31987342,53.31987342,53.31987342,53.31987342,53.31987342,53.31987342,53.31987342,53.31987342,53.31987342,53.31987342,53.31987342,53.31987342,53.31987342,53.31987342,53.31987342,53.31987342,53.31987342,53.31987342,53.31987342,53.31987342,53.31987342
TGLX8,1/1/2023,104.741611,10.284789,51.49944693,51.49944693,51.49944693,51.49944693,51.49944693,51.49944693,51.49944693,51.49944693,51.49944693,51.49944693,51.49944693,51.49944693,51.49944693,51.49944693,51.49944693,51.49944693,51.49944693,51.49944693,51.49944693,51.49944693,51.49944693,51.49944693,51.49944693,51.49944693
TGLX8,2/1/2023,104.741611,10.284789,66.07365191,66.07365191,66.07365191,66.07365191,66.07365191,66.07365191,66.07365191,66.07365191,66.07365191,66.07365191,66.07365191,66.07365191,66.07365191,66.07365191,66.07365191,66.07365191,66.07365191,66.07365191,66.07365191,66.07365191,66.07365191,66.07365191,66.07365191,66.07365191
TGLX8,3/1/2023,104.741611,10.284789,63.93298789,63.93298789,63.93298789,63.93298789,63.93298789,63.93298789,63.93298789,63.93298789,63.93298789,63.93298789,63.93298789,63.93298789,63.93298789,63.93298789,63.93298789,63.93298789,63.93298789,63.93298789,63.93298789,63.93298789,63.93298789,63.93298789,63.93298789,63.93298789
TGLX8,4/1/2023,104.741611,10.284789,55.07049945,55.07049945,55.07049945,55.07049945,55.07049945,55.07049945,55.07049945,55.07049945,55.07049945,55.07049945,55.07049945,55.07049945,55.07049945,55.07049945,55.07049945,55.07049945,55.07049945,55.07049945,55.07049945,55.07049945,55.07049945,55.07049945,55.07049945,55.07049945
TGLX8,5/1/2023,104.741611,10.284789,53.60494218,53.60494218,53.60494218,53.60494218,53.60494218,53.60494218,53.60494218,53.60494218,53.60494218,53.60494218,53.60494218,53.60494218,53.60494218,53.60494218,53.60494218,53.60494218,53.60494218,53.60494218,53.60494218,53.60494218,53.60494218,53.60494218,53.60494218,53.60494218
TGLX8,6/1/2023,104.741611,10.284789,35.14990352,35.14990352,35.14990352,35.14990352,35.14990352,35.14990352,35.14990352,35.14990352,35.14990352,35.14990352,35.14990352,35.14990352,35.14990352,35.14990352,35.14990352,35.14990352,35.14990352,35.14990352,35.14990352,35.14990352,35.14990352,35.14990352,35.14990352,35.14990352
TGLX8,7/1/2023,104.741611,10.284789,35.06657391,35.06657391,35.06657391,35.06657391,35.06657391,35.06657391,35.06657391,35.06657391,35.06657391,35.06657391,35.06657391,35.06657391,35.06657391,35.06657391,35.06657391,35.06657391,35.06657391,35.06657391,35.06657391,35.06657391,35.06657391,35.06657391,35.06657391,35.06657391
TGLX8,8/1/2023,104.741611,10.284789,63.27083224,63.27083224,63.27083224,63.27083224,63.27083224,63.27083224,63.27083224,63.27083224,63.27083224,63.27083224,63.27083224,63.27083224,63.27083224,63.27083224,63.27083224,63.27083224,63.27083224,63.27083224,63.27083224,63.27083224,63.27083224,63.27083224,63.27083224,63.27083224
TGLX8,9/1/2023,104.741611,10.284789,32.7535543,32.7535543,32.7535543,32.7535543,32.7535543,32.7535543,32.7535543,32.7535543,32.7535543,32.7535543,32.7535543,32.7535543,32.7535543,32.7535543,32.7535543,32.7535543,32.7535543,32.7535543,32.7535543,32.7535543,32.7535543,32.7535543,32.7535543,32.7535543
TGLX8,10/1/2023,104.741611,10.284789,3.174642587,3.174642587,3.174642587,3.174642587,3.174642587,3.174642587,3.174642587,3.174642587,3.174642587,3.174642587,3.174642587,3.174642587,3.174642587,3.174642587,3.174642587,3.174642587,3.174642587,3.174642587,3.174642587,3.174642587,3.174642587,3.174642587,3.174642587,3.174642587
TGLX8,11/1/2023,104.741611,10.284789,50.53663177,50.53663177,50.53663177,50.53663177,50.53663177,50.53663177,50.53663177,50.53663177,50.53663177,50.53663177,50.53663177,50.53663177,50.53663177,50.53663177,50.53663177,50.53663177,50.53663177,50.53663177,50.53663177,50.53663177,50.53663177,50.53663177,50.53663177,50.53663177
TGLX8,12/1/2023,104.741611,10.284789,36.13161765,36.13161765,36.13161765,36.13161765,36.13161765,36.13161765,36.13161765,36.13161765,36.13161765,36.13161765,36.13161765,36.13161765,36.13161765,36.13161765,36.13161765,36.13161765,36.13161765,36.13161765,36.13161765,36.13161765,36.13161765,36.13161765,36.13161765,36.13161765
TGLX8,1/1/2024,104.741611,10.284789,35.76196754,35.76196754,35.76196754,35.76196754,35.76196754,35.76196754,35.76196754,35.76196754,35.76196754,35.76196754,35.76196754,35.76196754,35.76196754,35.76196754,35.76196754,35.76196754,35.76196754,35.76196754,35.76196754,35.76196754,35.76196754,35.76196754,35.76196754,35.76196754
TGLX8,2/1/2024,104.741611,10.284789,50.67586374,50.67586374,50.67586374,50.67586374,50.67586374,50.67586374,50.67586374,50.67586374,50.67586374,50.67586374,50.67586374,50.67586374,50.67586374,50.67586374,50.67586374,50.67586374,50.67586374,50.67586374,50.67586374,50.67586374,50.67586374,50.67586374,50.67586374,50.67586374
TGLX8,3/1/2024,104.741611,10.284789,48.78094641,48.78094641,48.78094641,48.78094641,48.78094641,48.78094641,48.78094641,48.78094641,48.78094641,48.78094641,48.78094641,48.78094641,48.78094641,48.78094641,48.78094641,48.78094641,48.78094641,48.78094641,48.78094641,48.78094641,48.78094641,48.78094641,48.78094641,48.78094641
TGLX8,4/1/2024,104.741611,10.284789,34.81341485,34.81341485,34.81341485,34.81341485,34.81341485,34.81341485,34.81341485,34.81341485,34.81341485,34.81341485,34.81341485,34.81341485,34.81341485,34.81341485,34.81341485,34.81341485,34.81341485,34.81341485,34.81341485,34.81341485,34.81341485,34.81341485,34.81341485,34.81341485
TGLX8,5/1/2024,104.741611,10.284789,62.72100215,62.72100215,62.72100215,62.72100215,62.72100215,62.72100215,62.72100215,62.72100215,62.72100215,62.72100215,62.72100215,62.72100215,62.72100215,62.72100215,62.72100215,62.72100215,62.72100215,62.72100215,62.72100215,62.72100215,62.72100215,62.72100215,62.72100215,62.72100215
TGLX8,6/1/2024,104.741611,10.284789,49.6945609,49.6945609,49.6945609,49.6945609,49.6945609,49.6945609,49.6945609,49.6945609,49.6945609,49.6945609,49.6945609,49.6945609,49.6945609,49.6945609,49.6945609,49.6945609,49.6945609,49.6945609,49.6945609,49.6945609,49.6945609,49.6945609,49.6945609,49.6945609
TGLX8,7/1/2024,104.741611,10.284789,35.17772129,35.17772129,35.17772129,35.17772129,35.17772129,35.17772129,35.17772129,35.17772129,35.17772129,35.17772129,35.17772129,35.17772129,35.17772129,35.17772129,35.17772129,35.17772129,35.17772129,35.17772129,35.17772129,35.17772129,35.17772129,35.17772129,35.17772129,35.17772129
TGLX8,8/1/2024,104.741611,10.284789,37.54128544,37.54128544,37.54128544,37.54128544,37.54128544,37.54128544,37.54128544,37.54128544,37.54128544,37.54128544,37.54128544,37.54128544,37.54128544,37.54128544,37.54128544,37.54128544,37.54128544,37.54128544,37.54128544,37.54128544,37.54128544,37.54128544,37.54128544,37.54128544
TGLX8,9/1/2024,104.741611,10.284789,3.23151187,3.23151187,3.23151187,3.23151187,3.23151187,3.23151187,3.23151187,3.23151187,3.23151187,3.23151187,3.23151187,3.23151187,3.23151187,3.23151187,3.23151187,3.23151187,3.23151187,3.23151187,3.23151187,3.23151187,3.23151187,3.23151187,3.23151187,3.23151187
TGLX8,10/1/2024,104.741611,10.284789,43.72406929,43.72406929,43.72406929,43.72406929,43.72406929,43.72406929,43.72406929,43.72406929,43.72406929,43.72406929,43.72406929,43.72406929,43.72406929,43.72406929,43.72406929,43.72406929,43.72406929,43.72406929,43.72406929,43.72406929,43.72406929,43.72406929,43.72406929,43.72406929
TGLX8,11/1/2024,104.741611,10.284789,33.40294449,33.40294449,33.40294449,33.40294449,33.40294449,33.40294449,33.40294449,33.40294449,33.40294449,33.40294449,33.40294449,33.40294449,33.40294449,33.40294449,33.40294449,33.40294449,33.40294449,33.40294449,33.40294449,33.40294449,33.40294449,33.40294449,33.40294449,33.40294449
TGLX8,12/1/2024,104.741611,10.284789,52.0826745,52.0826745,52.0826745,52.0826745,52.0826745,52.0826745,52.0826745,52.0826745,52.0826745,52.0826745,52.0826745,52.0826745,52.0826745,52.0826745,52.0826745,52.0826745,52.0826745,52.0826745,52.0826745,52.0826745,52.0826745,52.0826745,52.0826745,52.0826745
TGLX8,1/1/2025,104.741611,10.284789,62.63960025,62.63960025,62.63960025,62.63960025,62.63960025,62.63960025,62.63960025,62.63960025,62.63960025,62.63960025,62.63960025,62.63960025,62.63960025,62.63960025,62.63960025,62.63960025,62.63960025,62.63960025,62.63960025,62.63960025,62.63960025,62.63960025,62.63960025,62.63960025
TGLX8,2/1/2025,104.741611,10.284789,68.59615397,68.59615397,68.59615397,68.59615397,68.59615397,68.59615397,68.59615397,68.59615397,68.59615397,68.59615397,68.59615397,68.59615397,68.59615397,68.59615397,68.59615397,68.59615397,68.59615397,68.59615397,68.59615397,68.59615397,68.59615397,68.59615397,68.59615397,68.59615397
TGLX8,3/1/2025,104.741611,10.284789,51.28834679,51.28834679,51.28834679,51.28834679,51.28834679,51.28834679,51.28834679,51.28834679,51.28834679,51.28834679,51.28834679,51.28834679,51.28834679,51.28834679,51.28834679,51.28834679,51.28834679,51.28834679,51.28834679,51.28834679,51.28834679,51.28834679,51.28834679,51.28834679
TGLX8,4/1/2025,104.741611,10.284789,35.73532198,35.73532198,35.73532198,35.73532198,35.73532198,35.73532198,35.73532198,35.73532198,35.73532198,35.73532198,35.73532198,35.73532198,35.73532198,35.73532198,35.73532198,35.73532198,35.73532198,35.73532198,35.73532198,35.73532198,35.73532198,35.73532198,35.73532198,35.73532198
TGLX8,5/1/2025,104.741611,10.284789,36.75480658,36.75480658,36.75480658,36.75480658,36.75480658,36.75480658,36.75480658,36.75480658,36.75480658,36.75480658,36.75480658,36.75480658,36.75480658,36.75480658,36.75480658,36.75480658,36.75480658,36.75480658,36.75480658,36.75480658,36.75480658,36.75480658,36.75480658,36.75480658
TGLX8,6/1/2025,104.741611,10.284789,56.01146808,56.01146808,56.01146808,56.01146808,56.01146808,56.01146808,56.01146808,56.01146808,56.01146808,56.01146808,56.01146808,56.01146808,56.01146808,56.01146808,56.01146808,56.01146808,56.01146808,56.01146808,56.01146808,56.01146808,56.01146808,56.01146808,56.01146808,56.01146808
TGLX8,7/1/2025,104.741611,10.284789,34.5077388,34.5077388,34.5077388,34.5077388,34.5077388,34.5077388,34.5077388,34.5077388,34.5077388,34.5077388,34.5077388,34.5077388,34.5077388,34.5077388,34.5077388,34.5077388,34.5077388,34.5077388,34.5077388,34.5077388,34.5077388,34.5077388,34.5077388,34.5077388
TGLX9,2/1/2021,104.522072,10.368436,4.326544833,4.326544833,4.326544833,4.326544833,4.326544833,4.326544833,4.326544833,4.326544833,4.326544833,4.326544833,4.326544833,4.326544833,4.326544833,4.326544833,4.326544833,4.326544833,4.326544833,4.326544833,4.326544833,4.326544833,4.326544833,4.326544833,4.326544833,4.326544833
TGLX9,3/1/2021,104.522072,10.368436,35.8798723,35.8798723,35.8798723,35.8798723,35.8798723,35.8798723,35.8798723,35.8798723,35.8798723,35.8798723,35.8798723,35.8798723,35.8798723,35.8798723,35.8798723,35.8798723,35.8798723,35.8798723,35.8798723,35.8798723,35.8798723,35.8798723,35.8798723,35.8798723
TGLX9,4/1/2021,104.522072,10.368436,45.65826965,45.65826965,45.65826965,45.65826965,45.65826965,45.65826965,45.65826965,45.65826965,45.65826965,45.65826965,45.65826965,45.65826965,45.65826965,45.65826965,45.65826965,45.65826965,45.65826965,45.65826965,45.65826965,45.65826965,45.65826965,45.65826965,45.65826965,45.65826965
TGLX9,5/1/2021,104.522072,10.368436,46.58893425,46.58893425,46.58893425,46.58893425,46.58893425,46.58893425,46.58893425,46.58893425,46.58893425,46.58893425,46.58893425,46.58893425,46.58893425,46.58893425,46.58893425,46.58893425,46.58893425,46.58893425,46.58893425,46.58893425,46.58893425,46.58893425,46.58893425,46.58893425
TGLX9,6/1/2021,104.522072,10.368436,34.84593979,34.84593979,34.84593979,34.84593979,34.84593979,34.84593979,34.84593979,34.84593979,34.84593979,34.84593979,34.84593979,34.84593979,34.84593979,34.84593979,34.84593979,34.84593979,34.84593979,34.84593979,34.84593979,34.84593979,34.84593979,34.84593979,34.84593979,34.84593979
TGLX9,7/1/2021,104.522072,10.368436,52.17091963,52.17091963,52.17091963,52.17091963,52.17091963,52.17091963,52.17091963,52.17091963,52.17091963,52.17091963,52.17091963,52.17091963,52.17091963,52.17091963,52.17091963,52.17091963,52.17091963,52.17091963,52.17091963,52.17091963,52.17091963,52.17091963,52.17091963,52.17091963
TGLX9,8/1/2021,104.522072,10.368436,44.13730711,44.13730711,44.13730711,44.13730711,44.13730711,44.13730711,44.13730711,44.13730711,44.13730711,44.13730711,44.13730711,44.13730711,44.13730711,44.13730711,44.13730711,44.13730711,44.13730711,44.13730711,44.13730711,44.13730711,44.13730711,44.13730711,44.13730711,44.13730711
TGLX9,9/1/2021,104.522072,10.368436,36.3371929,36.3371929,36.3371929,36.3371929,36.3371929,36.3371929,36.3371929,36.3371929,36.3371929,36.3371929,36.3371929,36.3371929,36.3371929,36.3371929,36.3371929,36.3371929,36.3371929,36.3371929,36.3371929,36.3371929,36.3371929,36.3371929,36.3371929,36.3371929
TGLX9,10/1/2021,104.522072,10.368436,61.92928203,61.92928203,61.92928203,61.92928203,61.92928203,61.92928203,61.92928203,61.92928203,61.92928203,61.92928203,61.92928203,61.92928203,61.92928203,61.92928203,61.92928203,61.92928203,61.92928203,61.92928203,61.92928203,61.92928203,61.92928203,61.92928203,61.92928203,61.92928203
TGLX9,11/1/2021,104.522072,10.368436,49.49922856,49.49922856,49.49922856,49.49922856,49.49922856,49.49922856,49.49922856,49.49922856,49.49922856,49.49922856,49.49922856,49.49922856,49.49922856,49.49922856,49.49922856,49.49922856,49.49922856,49.49922856,49.49922856,49.49922856,49.49922856,49.49922856,49.49922856,49.49922856
TGLX9,12/1/2021,104.522072,10.368436,51.14119868,51.14119868,51.14119868,51.14119868,51.14119868,51.14119868,51.14119868,51.14119868,51.14119868,51.14119868,51.14119868,51.14119868,51.14119868,51.14119868,51.14119868,51.14119868,51.14119868,51.14119868,51.14119868,51.14119868,51.14119868,51.14119868,51.14119868,51.14119868
TGLX9,1/1/2022,104.522072,10.368436,50.8124756,50.8124756,50.8124756,50.8124756,50.8124756,50.8124756,50.8124756,50.8124756,50.8124756,50.8124756,50.8124756,50.8124756,50.8124756,50.8124756,50.8124756,50.8124756,50.8124756,50.8124756,50.8124756,50.8124756,50.8124756,50.8124756,50.8124756,50.8124756
TGLX9,2/1/2022,104.522072,10.368436,48.3714831,48.3714831,48.3714831,48.3714831,48.3714831,48.3714831,48.3714831,48.3714831,48.3714831,48.3714831,48.3714831,48.3714831,48.3714831,48.3714831,48.3714831,48.3714831,48.3714831,48.3714831,48.3714831,48.3714831,48.3714831,48.3714831,48.3714831,48.3714831
TGLX9,3/1/2022,104.522072,10.368436,4.984227174,4.984227174,4.984227174,4.984227174,4.984227174,4.984227174,4.984227174,4.984227174,4.984227174,4.984227174,4.984227174,4.984227174,4.984227174,4.984227174,4.984227174,4.984227174,4.984227174,4.984227174,4.984227174,4.984227174,4.984227174,4.984227174,4.984227174,4.984227174
TGLX9,4/1/2022,104.522072,10.368436,5.223390953,5.223390953,5.223390953,5.223390953,5.223390953,5.223390953,5.223390953,5.223390953,5.223390953,5.223390953,5.223390953,5.223390953,5.223390953,5.223390953,5.223390953,5.223390953,5.223390953,5.223390953,5.223390953,5.223390953,5.223390953,5.223390953,5.223390953,5.223390953
TGLX9,5/1/2022,104.522072,10.368436,50.33283806,50.33283806,50.33283806,50.33283806,50.33283806,50.33283806,50.33283806,50.33283806,50.33283806,50.33283806,50.33283806,50.33283806,50.33283806,50.33283806,50.33283806,50.33283806,50.33283806,50.33283806,50.33283806,50.33283806,50.33283806,50.33283806,50.33283806,50.33283806
TGLX9,6/1/2022,104.522072,10.368436,63.35625475,63.35625475,63.35625475,63.35625475,63.35625475,63.35625475,63.35625475,63.35625475,63.35625475,63.35625475,63.35625475,63.35625475,63.35625475,63.35625475,63.35625475,63.35625475,63.35625475,63.35625475,63.35625475,63.35625475,63.35625475,63.35625475,63.35625475,63.35625475
TGLX9,7/1/2022,104.522072,10.368436,62.95183263,62.95183263,62.95183263,62.95183263,62.95183263,62.95183263,62.95183263,62.95183263,62.95183263,62.95183263,62.95183263,62.95183263,62.95183263,62.95183263,62.95183263,62.95183263,62.95183263,62.95183263,62.95183263,62.95183263,62.95183263,62.95183263,62.95183263,62.95183263
TGLX9,8/1/2022,104.522072,10.368436,35.16348519,35.16348519,35.16348519,35.16348519,35.16348519,35.16348519,35.16348519,35.16348519,35.16348519,35.16348519,35.16348519,35.16348519,35.16348519,35.16348519,35.16348519,35.16348519,35.16348519,35.16348519,35.16348519,35.16348519,35.16348519,35.16348519,35.16348519,35.16348519
TGLX9,9/1/2022,104.522072,10.368436,36.95569434,36.95569434,36.95569434,36.95569434,36.95569434,36.95569434,36.95569434,36.95569434,36.95569434,36.95569434,36.95569434,36.95569434,36.95569434,36.95569434,36.95569434,36.95569434,36.95569434,36.95569434,36.95569434,36.95569434,36.95569434,36.95569434,36.95569434,36.95569434
TGLX9,10/1/2022,104.522072,10.368436,63.34095845,63.34095845,63.34095845,63.34095845,63.34095845,63.34095845,63.34095845,63.34095845,63.34095845,63.34095845,63.34095845,63.34095845,63.34095845,63.34095845,63.34095845,63.34095845,63.34095845,63.34095845,63.34095845,63.34095845,63.34095845,63.34095845,63.34095845,63.34095845
TGLX9,11/1/2022,104.522072,10.368436,52.10785037,52.10785037,52.10785037,52.10785037,52.10785037,52.10785037,52.10785037,52.10785037,52.10785037,52.10785037,52.10785037,52.10785037,52.10785037,52.10785037,52.10785037,52.10785037,52.10785037,52.10785037,52.10785037,52.10785037,52.10785037,52.10785037,52.10785037,52.10785037
TGLX9,12/1/2022,104.522072,10.368436,63.38818954,63.38818954,63.38818954,63.38818954,63.38818954,63.38818954,63.38818954,63.38818954,63.38818954,63.38818954,63.38818954,63.38818954,63.38818954,63.38818954,63.38818954,63.38818954,63.38818954,63.38818954,63.38818954,63.38818954,63.38818954,63.38818954,63.38818954,63.38818954
TGLX9,1/1/2023,104.522072,10.368436,51.21910161,51.21910161,51.21910161,51.21910161,51.21910161,51.21910161,51.21910161,51.21910161,51.21910161,51.21910161,51.21910161,51.21910161,51.21910161,51.21910161,51.21910161,51.21910161,51.21910161,51.21910161,51.21910161,51.21910161,51.21910161,51.21910161,51.21910161,51.21910161
TGLX9,2/1/2023,104.522072,10.368436,49.83093239,49.83093239,49.83093239,49.83093239,49.83093239,49.83093239,49.83093239,49.83093239,49.83093239,49.83093239,49.83093239,49.83093239,49.83093239,49.83093239,49.83093239,49.83093239,49.83093239,49.83093239,49.83093239,49.83093239,49.83093239,49.83093239,49.83093239,49.83093239
TGLX9,3/1/2023,104.522072,10.368436,64.32946709,64.32946709,64.32946709,64.32946709,64.32946709,64.32946709,64.32946709,64.32946709,64.32946709,64.32946709,64.32946709,64.32946709,64.32946709,64.32946709,64.32946709,64.32946709,64.32946709,64.32946709,64.32946709,64.32946709,64.32946709,64.32946709,64.32946709,64.32946709
TGLX9,4/1/2023,104.522072,10.368436,51.67265191,51.67265191,51.67265191,51.67265191,51.67265191,51.67265191,51.67265191,51.67265191,51.67265191,51.67265191,51.67265191,51.67265191,51.67265191,51.67265191,51.67265191,51.67265191,51.67265191,51.67265191,51.67265191,51.67265191,51.67265191,51.67265191,51.67265191,51.67265191
TGLX9,5/1/2023,104.522072,10.368436,51.20320032,51.20320032,51.20320032,51.20320032,51.20320032,51.20320032,51.20320032,51.20320032,51.20320032,51.20320032,51.20320032,51.20320032,51.20320032,51.20320032,51.20320032,51.20320032,51.20320032,51.20320032,51.20320032,51.20320032,51.20320032,51.20320032,51.20320032,51.20320032
TGLX9,6/1/2023,104.522072,10.368436,50.90197616,50.90197616,50.90197616,50.90197616,50.90197616,50.90197616,50.90197616,50.90197616,50.90197616,50.90197616,50.90197616,50.90197616,50.90197616,50.90197616,50.90197616,50.90197616,50.90197616,50.90197616,50.90197616,50.90197616,50.90197616,50.90197616,50.90197616,50.90197616
TGLX9,7/1/2023,104.522072,10.368436,63.02194946,63.02194946,63.02194946,63.02194946,63.02194946,63.02194946,63.02194946,63.02194946,63.02194946,63.02194946,63.02194946,63.02194946,63.02194946,63.02194946,63.02194946,63.02194946,63.02194946,63.02194946,63.02194946,63.02194946,63.02194946,63.02194946,63.02194946,63.02194946
TGLX9,8/1/2023,104.522072,10.368436,34.90395187,34.90395187,34.90395187,34.90395187,34.90395187,34.90395187,34.90395187,34.90395187,34.90395187,34.90395187,34.90395187,34.90395187,34.90395187,34.90395187,34.90395187,34.90395187,34.90395187,34.90395187,34.90395187,34.90395187,34.90395187,34.90395187,34.90395187,34.90395187
TGLX9,9/1/2023,104.522072,10.368436,5.747454124,5.747454124,5.747454124,5.747454124,5.747454124,5.747454124,5.747454124,5.747454124,5.747454124,5.747454124,5.747454124,5.747454124,5.747454124,5.747454124,5.747454124,5.747454124,5.747454124,5.747454124,5.747454124,5.747454124,5.747454124,5.747454124,5.747454124,5.747454124
TGLX9,10/1/2023,104.522072,10.368436,3.301841725,3.301841725,3.301841725,3.301841725,3.301841725,3.301841725,3.301841725,3.301841725,3.301841725,3.301841725,3.301841725,3.301841725,3.301841725,3.301841725,3.301841725,3.301841725,3.301841725,3.301841725,3.301841725,3.301841725,3.301841725,3.301841725,3.301841725,3.301841725
TGLX9,11/1/2023,104.522072,10.368436,34.89338674,34.89338674,34.89338674,34.89338674,34.89338674,34.89338674,34.89338674,34.89338674,34.89338674,34.89338674,34.89338674,34.89338674,34.89338674,34.89338674,34.89338674,34.89338674,34.89338674,34.89338674,34.89338674,34.89338674,34.89338674,34.89338674,34.89338674,34.89338674
TGLX9,12/1/2023,104.522072,10.368436,42.7010528,42.7010528,42.7010528,42.7010528,42.7010528,42.7010528,42.7010528,42.7010528,42.7010528,42.7010528,42.7010528,42.7010528,42.7010528,42.7010528,42.7010528,42.7010528,42.7010528,42.7010528,42.7010528,42.7010528,42.7010528,42.7010528,42.7010528,42.7010528
TGLX9,1/1/2024,104.522072,10.368436,34.39220247,34.39220247,34.39220247,34.39220247,34.39220247,34.39220247,34.39220247,34.39220247,34.39220247,34.39220247,34.39220247,34.39220247,34.39220247,34.39220247,34.39220247,34.39220247,34.39220247,34.39220247,34.39220247,34.39220247,34.39220247,34.39220247,34.39220247,34.39220247
TGLX9,2/1/2024,104.522072,10.368436,55.12027025,55.12027025,55.12027025,55.12027025,55.12027025,55.12027025,55.12027025,55.12027025,55.12027025,55.12027025,55.12027025,55.12027025,55.12027025,55.12027025,55.12027025,55.12027025,55.12027025,55.12027025,55.12027025,55.12027025,55.12027025,55.12027025,55.12027025,55.12027025
TGLX9,3/1/2024,104.522072,10.368436,49.91122495,49.91122495,49.91122495,49.91122495,49.91122495,49.91122495,49.91122495,49.91122495,49.91122495,49.91122495,49.91122495,49.91122495,49.91122495,49.91122495,49.91122495,49.91122495,49.91122495,49.91122495,49.91122495,49.91122495,49.91122495,49.91122495,49.91122495,49.91122495
TGLX9,4/1/2024,104.522072,10.368436,61.14028446,61.14028446,61.14028446,61.14028446,61.14028446,61.14028446,61.14028446,61.14028446,61.14028446,61.14028446,61.14028446,61.14028446,61.14028446,61.14028446,61.14028446,61.14028446,61.14028446,61.14028446,61.14028446,61.14028446,61.14028446,61.14028446,61.14028446,61.14028446
TGLX9,5/1/2024,104.522072,10.368436,62.2819179,62.2819179,62.2819179,62.2819179,62.2819179,62.2819179,62.2819179,62.2819179,62.2819179,62.2819179,62.2819179,62.2819179,62.2819179,62.2819179,62.2819179,62.2819179,62.2819179,62.2819179,62.2819179,62.2819179,62.2819179,62.2819179,62.2819179,62.2819179
TGLX9,6/1/2024,104.522072,10.368436,51.82616011,51.82616011,51.82616011,51.82616011,51.82616011,51.82616011,51.82616011,51.82616011,51.82616011,51.82616011,51.82616011,51.82616011,51.82616011,51.82616011,51.82616011,51.82616011,51.82616011,51.82616011,51.82616011,51.82616011,51.82616011,51.82616011,51.82616011,51.82616011
TGLX9,7/1/2024,104.522072,10.368436,67.11691137,67.11691137,67.11691137,67.11691137,67.11691137,67.11691137,67.11691137,67.11691137,67.11691137,67.11691137,67.11691137,67.11691137,67.11691137,67.11691137,67.11691137,67.11691137,67.11691137,67.11691137,67.11691137,67.11691137,67.11691137,67.11691137,67.11691137,67.11691137
TGLX9,8/1/2024,104.522072,10.368436,34.43560537,34.43560537,34.43560537,34.43560537,34.43560537,34.43560537,34.43560537,34.43560537,34.43560537,34.43560537,34.43560537,34.43560537,34.43560537,34.43560537,34.43560537,34.43560537,34.43560537,34.43560537,34.43560537,34.43560537,34.43560537,34.43560537,34.43560537,34.43560537
TGLX9,9/1/2024,104.522072,10.368436,3.373560167,3.373560167,3.373560167,3.373560167,3.373560167,3.373560167,3.373560167,3.373560167,3.373560167,3.373560167,3.373560167,3.373560167,3.373560167,3.373560167,3.373560167,3.373560167,3.373560167,3.373560167,3.373560167,3.373560167,3.373560167,3.373560167,3.373560167,3.373560167
TGLX9,10/1/2024,104.522072,10.368436,50.73221398,50.73221398,50.73221398,50.73221398,50.73221398,50.73221398,50.73221398,50.73221398,50.73221398,50.73221398,50.73221398,50.73221398,50.73221398,50.73221398,50.73221398,50.73221398,50.73221398,50.73221398,50.73221398,50.73221398,50.73221398,50.73221398,50.73221398,50.73221398
TGLX9,11/1/2024,104.522072,10.368436,3.390403617,3.390403617,3.390403617,3.390403617,3.390403617,3.390403617,3.390403617,3.390403617,3.390403617,3.390403617,3.390403617,3.390403617,3.390403617,3.390403617,3.390403617,3.390403617,3.390403617,3.390403617,3.390403617,3.390403617,3.390403617,3.390403617,3.390403617,3.390403617
TGLX9,12/1/2024,104.522072,10.368436,32.39725574,32.39725574,32.39725574,32.39725574,32.39725574,32.39725574,32.39725574,32.39725574,32.39725574,32.39725574,32.39725574,32.39725574,32.39725574,32.39725574,32.39725574,32.39725574,32.39725574,32.39725574,32.39725574,32.39725574,32.39725574,32.39725574,32.39725574,32.39725574
TGLX9,1/1/2025,104.522072,10.368436,64.01856547,64.01856547,64.01856547,64.01856547,64.01856547,64.01856547,64.01856547,64.01856547,64.01856547,64.01856547,64.01856547,64.01856547,64.01856547,64.01856547,64.01856547,64.01856547,64.01856547,64.01856547,64.01856547,64.01856547,64.01856547,64.01856547,64.01856547,64.01856547
TGLX9,2/1/2025,104.522072,10.368436,33.85960029,33.85960029,33.85960029,33.85960029,33.85960029,33.85960029,33.85960029,33.85960029,33.85960029,33.85960029,33.85960029,33.85960029,33.85960029,33.85960029,33.85960029,33.85960029,33.85960029,33.85960029,33.85960029,33.85960029,33.85960029,33.85960029,33.85960029,33.85960029
TGLX9,3/1/2025,104.522072,10.368436,48.17781513,48.17781513,48.17781513,48.17781513,48.17781513,48.17781513,48.17781513,48.17781513,48.17781513,48.17781513,48.17781513,48.17781513,48.17781513,48.17781513,48.17781513,48.17781513,48.17781513,48.17781513,48.17781513,48.17781513,48.17781513,48.17781513,48.17781513,48.17781513
TGLX9,4/1/2025,104.522072,10.368436,20.63730217,20.63730217,20.63730217,20.63730217,20.63730217,20.63730217,20.63730217,20.63730217,20.63730217,20.63730217,20.63730217,20.63730217,20.63730217,20.63730217,20.63730217,20.63730217,20.63730217,20.63730217,20.63730217,20.63730217,20.63730217,20.63730217,20.63730217,20.63730217
TGLX9,5/1/2025,104.522072,10.368436,5.352154827,5.352154827,5.352154827,5.352154827,5.352154827,5.352154827,5.352154827,5.352154827,5.352154827,5.352154827,5.352154827,5.352154827,5.352154827,5.352154827,5.352154827,5.352154827,5.352154827,5.352154827,5.352154827,5.352154827,5.352154827,5.352154827,5.352154827,5.352154827
TGLX9,6/1/2025,104.522072,10.368436,5.224535544,5.224535544,5.224535544,5.224535544,5.224535544,5.224535544,5.224535544,5.224535544,5.224535544,5.224535544,5.224535544,5.224535544,5.224535544,5.224535544,5.224535544,5.224535544,5.224535544,5.224535544,5.224535544,5.224535544,5.224535544,5.224535544,5.224535544,5.224535544
TGLX9,7/1/2025,104.522072,10.368436,34.91311269,34.91311269,34.91311269,34.91311269,34.91311269,34.91311269,34.91311269,34.91311269,34.91311269,34.91311269,34.91311269,34.91311269,34.91311269,34.91311269,34.91311269,34.91311269,34.91311269,34.91311269,34.91311269,34.91311269,34.91311269,34.91311269,34.91311269,34.91311269
VC02,8/1/2024,106.411339,10.543592,41.19609817,41.19609817,41.19609817,41.19609817,41.19609817,41.19609817,41.19609817,41.19609817,41.19609817,41.19609817,41.19609817,41.19609817,41.19609817,41.19609817,41.19609817,41.19609817,41.19609817,41.19609817,41.19609817,41.19609817,41.19609817,41.19609817,41.19609817,41.19609817
VC02,9/1/2024,106.411339,10.543592,40.77667103,40.77667103,40.77667103,40.77667103,40.77667103,40.77667103,40.77667103,40.77667103,40.77667103,40.77667103,40.77667103,40.77667103,40.77667103,40.77667103,40.77667103,40.77667103,40.77667103,40.77667103,40.77667103,40.77667103,40.77667103,40.77667103,40.77667103,40.77667103
VC02,10/1/2024,106.411339,10.543592,41.40633739,41.40633739,41.40633739,41.40633739,41.40633739,41.40633739,41.40633739,41.40633739,41.40633739,41.40633739,41.40633739,41.40633739,41.40633739,41.40633739,41.40633739,41.40633739,41.40633739,41.40633739,41.40633739,41.40633739,41.40633739,41.40633739,41.40633739,41.40633739
VC02,11/1/2024,106.411339,10.543592,60.44593334,60.44593334,60.44593334,60.44593334,60.44593334,60.44593334,60.44593334,60.44593334,60.44593334,60.44593334,60.44593334,60.44593334,60.44593334,60.44593334,60.44593334,60.44593334,60.44593334,60.44593334,60.44593334,60.44593334,60.44593334,60.44593334,60.44593334,60.44593334
VC02,12/1/2024,106.411339,10.543592,32.55906172,32.55906172,32.55906172,32.55906172,32.55906172,32.55906172,32.55906172,32.55906172,32.55906172,32.55906172,32.55906172,32.55906172,32.55906172,32.55906172,32.55906172,32.55906172,32.55906172,32.55906172,32.55906172,32.55906172,32.55906172,32.55906172,32.55906172,32.55906172
VC02,1/1/2025,106.411339,10.543592,48.15137679,48.15137679,48.15137679,48.15137679,48.15137679,48.15137679,48.15137679,48.15137679,48.15137679,48.15137679,48.15137679,48.15137679,48.15137679,48.15137679,48.15137679,48.15137679,48.15137679,48.15137679,48.15137679,48.15137679,48.15137679,48.15137679,48.15137679,48.15137679
VC02,2/1/2025,106.411339,10.543592,31.96202664,31.96202664,31.96202664,31.96202664,31.96202664,31.96202664,31.96202664,31.96202664,31.96202664,31.96202664,31.96202664,31.96202664,31.96202664,31.96202664,31.96202664,31.96202664,31.96202664,31.96202664,31.96202664,31.96202664,31.96202664,31.96202664,31.96202664,31.96202664
VC02,3/1/2025,106.411339,10.543592,32.90562566,32.90562566,32.90562566,32.90562566,32.90562566,32.90562566,32.90562566,32.90562566,32.90562566,32.90562566,32.90562566,32.90562566,32.90562566,32.90562566,32.90562566,32.90562566,32.90562566,32.90562566,32.90562566,32.90562566,32.90562566,32.90562566,32.90562566,32.90562566
VC02,4/1/2025,106.411339,10.543592,36.20563224,36.20563224,36.20563224,36.20563224,36.20563224,36.20563224,36.20563224,36.20563224,36.20563224,36.20563224,36.20563224,36.20563224,36.20563224,36.20563224,36.20563224,36.20563224,36.20563224,36.20563224,36.20563224,36.20563224,36.20563224,36.20563224,36.20563224,36.20563224
VC02,5/1/2025,106.411339,10.543592,33.75781973,33.75781973,33.75781973,33.75781973,33.75781973,33.75781973,33.75781973,33.75781973,33.75781973,33.75781973,33.75781973,33.75781973,33.75781973,33.75781973,33.75781973,33.75781973,33.75781973,33.75781973,33.75781973,33.75781973,33.75781973,33.75781973,33.75781973,33.75781973
VC02,6/1/2025,106.411339,10.543592,27.93806787,27.93806787,27.93806787,27.93806787,27.93806787,27.93806787,27.93806787,27.93806787,27.93806787,27.93806787,27.93806787,27.93806787,27.93806787,27.93806787,27.93806787,27.93806787,27.93806787,27.93806787,27.93806787,27.93806787,27.93806787,27.93806787,27.93806787,27.93806787
VC02,7/1/2025,106.411339,10.543592,32.58079885,32.58079885,32.58079885,32.58079885,32.58079885,32.58079885,32.58079885,32.58079885,32.58079885,32.58079885,32.58079885,32.58079885,32.58079885,32.58079885,32.58079885,32.58079885,32.58079885,32.58079885,32.58079885,32.58079885,32.58079885,32.58079885,32.58079885,32.58079885
VC03,8/1/2024,106.381544,10.644422,33.63306956,33.63306956,33.63306956,33.63306956,33.63306956,33.63306956,33.63306956,33.63306956,33.63306956,33.63306956,33.63306956,33.63306956,33.63306956,33.63306956,33.63306956,33.63306956,33.63306956,33.63306956,33.63306956,33.63306956,33.63306956,33.63306956,33.63306956,33.63306956
VC03,9/1/2024,106.381544,10.644422,23.18924894,23.18924894,23.18924894,23.18924894,23.18924894,23.18924894,23.18924894,23.18924894,23.18924894,23.18924894,23.18924894,23.18924894,23.18924894,23.18924894,23.18924894,23.18924894,23.18924894,23.18924894,23.18924894,23.18924894,23.18924894,23.18924894,23.18924894,23.18924894
VC03,10/1/2024,106.381544,10.644422,20.92801016,20.92801016,20.92801016,20.92801016,20.92801016,20.92801016,20.92801016,20.92801016,20.92801016,20.92801016,20.92801016,20.92801016,20.92801016,20.92801016,20.92801016,20.92801016,20.92801016,20.92801016,20.92801016,20.92801016,20.92801016,20.92801016,20.92801016,20.92801016
VC03,11/1/2024,106.381544,10.644422,33.13921877,33.13921877,33.13921877,33.13921877,33.13921877,33.13921877,33.13921877,33.13921877,33.13921877,33.13921877,33.13921877,33.13921877,33.13921877,33.13921877,33.13921877,33.13921877,33.13921877,33.13921877,33.13921877,33.13921877,33.13921877,33.13921877,33.13921877,33.13921877
VC03,12/1/2024,106.381544,10.644422,42.16952014,42.16952014,42.16952014,42.16952014,42.16952014,42.16952014,42.16952014,42.16952014,42.16952014,42.16952014,42.16952014,42.16952014,42.16952014,42.16952014,42.16952014,42.16952014,42.16952014,42.16952014,42.16952014,42.16952014,42.16952014,42.16952014,42.16952014,42.16952014
VC03,1/1/2025,106.381544,10.644422,33.15702423,33.15702423,33.15702423,33.15702423,33.15702423,33.15702423,33.15702423,33.15702423,33.15702423,33.15702423,33.15702423,33.15702423,33.15702423,33.15702423,33.15702423,33.15702423,33.15702423,33.15702423,33.15702423,33.15702423,33.15702423,33.15702423,33.15702423,33.15702423
VC03,2/1/2025,106.381544,10.644422,42.28344204,42.28344204,42.28344204,42.28344204,42.28344204,42.28344204,42.28344204,42.28344204,42.28344204,42.28344204,42.28344204,42.28344204,42.28344204,42.28344204,42.28344204,42.28344204,42.28344204,42.28344204,42.28344204,42.28344204,42.28344204,42.28344204,42.28344204,42.28344204
VC03,3/1/2025,106.381544,10.644422,27.74394183,27.74394183,27.74394183,27.74394183,27.74394183,27.74394183,27.74394183,27.74394183,27.74394183,27.74394183,27.74394183,27.74394183,27.74394183,27.74394183,27.74394183,27.74394183,27.74394183,27.74394183,27.74394183,27.74394183,27.74394183,27.74394183,27.74394183,27.74394183
VC03,4/1/2025,106.381544,10.644422,4.167808464,4.167808464,4.167808464,4.167808464,4.167808464,4.167808464,4.167808464,4.167808464,4.167808464,4.167808464,4.167808464,4.167808464,4.167808464,4.167808464,4.167808464,4.167808464,4.167808464,4.167808464,4.167808464,4.167808464,4.167808464,4.167808464,4.167808464,4.167808464
VC03,5/1/2025,106.381544,10.644422,26.65932292,26.65932292,26.65932292,26.65932292,26.65932292,26.65932292,26.65932292,26.65932292,26.65932292,26.65932292,26.65932292,26.65932292,26.65932292,26.65932292,26.65932292,26.65932292,26.65932292,26.65932292,26.65932292,26.65932292,26.65932292,26.65932292,26.65932292,26.65932292
VC03,6/1/2025,106.381544,10.644422,17.28987033,17.28987033,17.28987033,17.28987033,17.28987033,17.28987033,17.28987033,17.28987033,17.28987033,17.28987033,17.28987033,17.28987033,17.28987033,17.28987033,17.28987033,17.28987033,17.28987033,17.28987033,17.28987033,17.28987033,17.28987033,17.28987033,17.28987033,17.28987033
VC03,7/1/2025,106.381544,10.644422,38.65416684,38.65416684,38.65416684,38.65416684,38.65416684,38.65416684,38.65416684,38.65416684,38.65416684,38.65416684,38.65416684,38.65416684,38.65416684,38.65416684,38.65416684,38.65416684,38.65416684,38.65416684,38.65416684,38.65416684,38.65416684,38.65416684,38.65416684,38.65416684
VC04,8/1/2024,106.270225,10.663131,42.66807441,42.66807441,42.66807441,42.66807441,42.66807441,42.66807441,42.66807441,42.66807441,42.66807441,42.66807441,42.66807441,42.66807441,42.66807441,42.66807441,42.66807441,42.66807441,42.66807441,42.66807441,42.66807441,42.66807441,42.66807441,42.66807441,42.66807441,42.66807441
VC04,9/1/2024,106.270225,10.663131,42.05963921,42.05963921,42.05963921,42.05963921,42.05963921,42.05963921,42.05963921,42.05963921,42.05963921,42.05963921,42.05963921,42.05963921,42.05963921,42.05963921,42.05963921,42.05963921,42.05963921,42.05963921,42.05963921,42.05963921,42.05963921,42.05963921,42.05963921,42.05963921
VC04,10/1/2024,106.270225,10.663131,42.1191284,42.1191284,42.1191284,42.1191284,42.1191284,42.1191284,42.1191284,42.1191284,42.1191284,42.1191284,42.1191284,42.1191284,42.1191284,42.1191284,42.1191284,42.1191284,42.1191284,42.1191284,42.1191284,42.1191284,42.1191284,42.1191284,42.1191284,42.1191284
VC04,11/1/2024,106.270225,10.663131,42.22319702,42.22319702,42.22319702,42.22319702,42.22319702,42.22319702,42.22319702,42.22319702,42.22319702,42.22319702,42.22319702,42.22319702,42.22319702,42.22319702,42.22319702,42.22319702,42.22319702,42.22319702,42.22319702,42.22319702,42.22319702,42.22319702,42.22319702,42.22319702
VC04,12/1/2024,106.270225,10.663131,42.87118271,42.87118271,42.87118271,42.87118271,42.87118271,42.87118271,42.87118271,42.87118271,42.87118271,42.87118271,42.87118271,42.87118271,42.87118271,42.87118271,42.87118271,42.87118271,42.87118271,42.87118271,42.87118271,42.87118271,42.87118271,42.87118271,42.87118271,42.87118271
VC04,1/1/2025,106.270225,10.663131,41.36945235,41.36945235,41.36945235,41.36945235,41.36945235,41.36945235,41.36945235,41.36945235,41.36945235,41.36945235,41.36945235,41.36945235,41.36945235,41.36945235,41.36945235,41.36945235,41.36945235,41.36945235,41.36945235,41.36945235,41.36945235,41.36945235,41.36945235,41.36945235
VC04,2/1/2025,106.270225,10.663131,42.20962109,42.20962109,42.20962109,42.20962109,42.20962109,42.20962109,42.20962109,42.20962109,42.20962109,42.20962109,42.20962109,42.20962109,42.20962109,42.20962109,42.20962109,42.20962109,42.20962109,42.20962109,42.20962109,42.20962109,42.20962109,42.20962109,42.20962109,42.20962109
VC04,3/1/2025,106.270225,10.663131,42.32345203,42.32345203,42.32345203,42.32345203,42.32345203,42.32345203,42.32345203,42.32345203,42.32345203,42.32345203,42.32345203,42.32345203,42.32345203,42.32345203,42.32345203,42.32345203,42.32345203,42.32345203,42.32345203,42.32345203,42.32345203,42.32345203,42.32345203,42.32345203
VC04,4/1/2025,106.270225,10.663131,41.69163122,41.69163122,41.69163122,41.69163122,41.69163122,41.69163122,41.69163122,41.69163122,41.69163122,41.69163122,41.69163122,41.69163122,41.69163122,41.69163122,41.69163122,41.69163122,41.69163122,41.69163122,41.69163122,41.69163122,41.69163122,41.69163122,41.69163122,41.69163122
VC04,5/1/2025,106.270225,10.663131,33.16088173,33.16088173,33.16088173,33.16088173,33.16088173,33.16088173,33.16088173,33.16088173,33.16088173,33.16088173,33.16088173,33.16088173,33.16088173,33.16088173,33.16088173,33.16088173,33.16088173,33.16088173,33.16088173,33.16088173,33.16088173,33.16088173,33.16088173,33.16088173
VC04,6/1/2025,106.270225,10.663131,32.52874293,32.52874293,32.52874293,32.52874293,32.52874293,32.52874293,32.52874293,32.52874293,32.52874293,32.52874293,32.52874293,32.52874293,32.52874293,32.52874293,32.52874293,32.52874293,32.52874293,32.52874293,32.52874293,32.52874293,32.52874293,32.52874293,32.52874293,32.52874293
VC04,7/1/2025,106.270225,10.663131,32.45431797,32.45431797,32.45431797,32.45431797,32.45431797,32.45431797,32.45431797,32.45431797,32.45431797,32.45431797,32.45431797,32.45431797,32.45431797,32.45431797,32.45431797,32.45431797,32.45431797,32.45431797,32.45431797,32.45431797,32.45431797,32.45431797,32.45431797,32.45431797
VC05,8/1/2024,105.929153,10.783108,42.32568327,42.32568327,42.32568327,42.32568327,42.32568327,42.32568327,42.32568327,42.32568327,42.32568327,42.32568327,42.32568327,42.32568327,42.32568327,42.32568327,42.32568327,42.32568327,42.32568327,42.32568327,42.32568327,42.32568327,42.32568327,42.32568327,42.32568327,42.32568327
VC05,9/1/2024,105.929153,10.783108,33.32887058,33.32887058,33.32887058,33.32887058,33.32887058,33.32887058,33.32887058,33.32887058,33.32887058,33.32887058,33.32887058,33.32887058,33.32887058,33.32887058,33.32887058,33.32887058,33.32887058,33.32887058,33.32887058,33.32887058,33.32887058,33.32887058,33.32887058,33.32887058
VC05,10/1/2024,105.929153,10.783108,41.51636005,41.51636005,41.51636005,41.51636005,41.51636005,41.51636005,41.51636005,41.51636005,41.51636005,41.51636005,41.51636005,41.51636005,41.51636005,41.51636005,41.51636005,41.51636005,41.51636005,41.51636005,41.51636005,41.51636005,41.51636005,41.51636005,41.51636005,41.51636005
VC05,11/1/2024,105.929153,10.783108,42.09254568,42.09254568,42.09254568,42.09254568,42.09254568,42.09254568,42.09254568,42.09254568,42.09254568,42.09254568,42.09254568,42.09254568,42.09254568,42.09254568,42.09254568,42.09254568,42.09254568,42.09254568,42.09254568,42.09254568,42.09254568,42.09254568,42.09254568,42.09254568
VC05,12/1/2024,105.929153,10.783108,32.26766454,32.26766454,32.26766454,32.26766454,32.26766454,32.26766454,32.26766454,32.26766454,32.26766454,32.26766454,32.26766454,32.26766454,32.26766454,32.26766454,32.26766454,32.26766454,32.26766454,32.26766454,32.26766454,32.26766454,32.26766454,32.26766454,32.26766454,32.26766454
VC05,1/1/2025,105.929153,10.783108,42.13179655,42.13179655,42.13179655,42.13179655,42.13179655,42.13179655,42.13179655,42.13179655,42.13179655,42.13179655,42.13179655,42.13179655,42.13179655,42.13179655,42.13179655,42.13179655,42.13179655,42.13179655,42.13179655,42.13179655,42.13179655,42.13179655,42.13179655,42.13179655
VC05,2/1/2025,105.929153,10.783108,62.33164582,62.33164582,62.33164582,62.33164582,62.33164582,62.33164582,62.33164582,62.33164582,62.33164582,62.33164582,62.33164582,62.33164582,62.33164582,62.33164582,62.33164582,62.33164582,62.33164582,62.33164582,62.33164582,62.33164582,62.33164582,62.33164582,62.33164582,62.33164582
VC05,3/1/2025,105.929153,10.783108,41.82243424,41.82243424,41.82243424,41.82243424,41.82243424,41.82243424,41.82243424,41.82243424,41.82243424,41.82243424,41.82243424,41.82243424,41.82243424,41.82243424,41.82243424,41.82243424,41.82243424,41.82243424,41.82243424,41.82243424,41.82243424,41.82243424,41.82243424,41.82243424
VC05,4/1/2025,105.929153,10.783108,32.89556691,32.89556691,32.89556691,32.89556691,32.89556691,32.89556691,32.89556691,32.89556691,32.89556691,32.89556691,32.89556691,32.89556691,32.89556691,32.89556691,32.89556691,32.89556691,32.89556691,32.89556691,32.89556691,32.89556691,32.89556691,32.89556691,32.89556691,32.89556691
VC05,5/1/2025,105.929153,10.783108,16.43132533,16.43132533,16.43132533,16.43132533,16.43132533,16.43132533,16.43132533,16.43132533,16.43132533,16.43132533,16.43132533,16.43132533,16.43132533,16.43132533,16.43132533,16.43132533,16.43132533,16.43132533,16.43132533,16.43132533,16.43132533,16.43132533,16.43132533,16.43132533
VC05,6/1/2025,105.929153,10.783108,32.58559736,32.58559736,32.58559736,32.58559736,32.58559736,32.58559736,32.58559736,32.58559736,32.58559736,32.58559736,32.58559736,32.58559736,32.58559736,32.58559736,32.58559736,32.58559736,32.58559736,32.58559736,32.58559736,32.58559736,32.58559736,32.58559736,32.58559736,32.58559736
VC05,7/1/2025,105.929153,10.783108,32.77487008,32.77487008,32.77487008,32.77487008,32.77487008,32.77487008,32.77487008,32.77487008,32.77487008,32.77487008,32.77487008,32.77487008,32.77487008,32.77487008,32.77487008,32.77487008,32.77487008,32.77487008,32.77487008,32.77487008,32.77487008,32.77487008,32.77487008,32.77487008
VC06,8/1/2024,106.266158,10.777772,3.498564837,3.498564837,3.498564837,3.498564837,3.498564837,3.498564837,3.498564837,3.498564837,3.498564837,3.498564837,3.498564837,3.498564837,3.498564837,3.498564837,3.498564837,3.498564837,3.498564837,3.498564837,3.498564837,3.498564837,3.498564837,3.498564837,3.498564837,3.498564837
VC06,9/1/2024,106.266158,10.777772,5.139342,5.139342,5.139342,5.139342,5.139342,5.139342,5.139342,5.139342,5.139342,5.139342,5.139342,5.139342,5.139342,5.139342,5.139342,5.139342,5.139342,5.139342,5.139342,5.139342,5.139342,5.139342,5.139342,5.139342
VC06,10/1/2024,106.266158,10.777772,5.228562914,5.228562914,5.228562914,5.228562914,5.228562914,5.228562914,5.228562914,5.228562914,5.228562914,5.228562914,5.228562914,5.228562914,5.228562914,5.228562914,5.228562914,5.228562914,5.228562914,5.228562914,5.228562914,5.228562914,5.228562914,5.228562914,5.228562914,5.228562914
VC06,11/1/2024,106.266158,10.777772,3.505000857,3.505000857,3.505000857,3.505000857,3.505000857,3.505000857,3.505000857,3.505000857,3.505000857,3.505000857,3.505000857,3.505000857,3.505000857,3.505000857,3.505000857,3.505000857,3.505000857,3.505000857,3.505000857,3.505000857,3.505000857,3.505000857,3.505000857,3.505000857
VC06,12/1/2024,106.266158,10.777772,5.09928004,5.09928004,5.09928004,5.09928004,5.09928004,5.09928004,5.09928004,5.09928004,5.09928004,5.09928004,5.09928004,5.09928004,5.09928004,5.09928004,5.09928004,5.09928004,5.09928004,5.09928004,5.09928004,5.09928004,5.09928004,5.09928004,5.09928004,5.09928004
VC06,1/1/2025,106.266158,10.777772,5.03961676,5.03961676,5.03961676,5.03961676,5.03961676,5.03961676,5.03961676,5.03961676,5.03961676,5.03961676,5.03961676,5.03961676,5.03961676,5.03961676,5.03961676,5.03961676,5.03961676,5.03961676,5.03961676,5.03961676,5.03961676,5.03961676,5.03961676,5.03961676
VC06,2/1/2025,106.266158,10.777772,5.064428168,5.064428168,5.064428168,5.064428168,5.064428168,5.064428168,5.064428168,5.064428168,5.064428168,5.064428168,5.064428168,5.064428168,5.064428168,5.064428168,5.064428168,5.064428168,5.064428168,5.064428168,5.064428168,5.064428168,5.064428168,5.064428168,5.064428168,5.064428168
VC06,3/1/2025,106.266158,10.777772,4.974130834,4.974130834,4.974130834,4.974130834,4.974130834,4.974130834,4.974130834,4.974130834,4.974130834,4.974130834,4.974130834,4.974130834,4.974130834,4.974130834,4.974130834,4.974130834,4.974130834,4.974130834,4.974130834,4.974130834,4.974130834,4.974130834,4.974130834,4.974130834
VC06,4/1/2025,106.266158,10.777772,3.454461493,3.454461493,3.454461493,3.454461493,3.454461493,3.454461493,3.454461493,3.454461493,3.454461493,3.454461493,3.454461493,3.454461493,3.454461493,3.454461493,3.454461493,3.454461493,3.454461493,3.454461493,3.454461493,3.454461493,3.454461493,3.454461493,3.454461493,3.454461493
VC06,5/1/2025,106.266158,10.777772,3.616812916,3.616812916,3.616812916,3.616812916,3.616812916,3.616812916,3.616812916,3.616812916,3.616812916,3.616812916,3.616812916,3.616812916,3.616812916,3.616812916,3.616812916,3.616812916,3.616812916,3.616812916,3.616812916,3.616812916,3.616812916,3.616812916,3.616812916,3.616812916
VC06,6/1/2025,106.266158,10.777772,3.569912668,3.569912668,3.569912668,3.569912668,3.569912668,3.569912668,3.569912668,3.569912668,3.569912668,3.569912668,3.569912668,3.569912668,3.569912668,3.569912668,3.569912668,3.569912668,3.569912668,3.569912668,3.569912668,3.569912668,3.569912668,3.569912668,3.569912668,3.569912668
VC06,7/1/2025,106.266158,10.777772,3.632217326,3.632217326,3.632217326,3.632217326,3.632217326,3.632217326,3.632217326,3.632217326,3.632217326,3.632217326,3.632217326,3.632217326,3.632217326,3.632217326,3.632217326,3.632217326,3.632217326,3.632217326,3.632217326,3.632217326,3.632217326,3.632217326,3.632217326,3.632217326
VC07,8/1/2024,106.473433,10.638489,31.9254084,31.9254084,31.9254084,31.9254084,31.9254084,31.9254084,31.9254084,31.9254084,31.9254084,31.9254084,31.9254084,31.9254084,31.9254084,31.9254084,31.9254084,31.9254084,31.9254084,31.9254084,31.9254084,31.9254084,31.9254084,31.9254084,31.9254084,31.9254084
VC07,9/1/2024,106.473433,10.638489,35.703072,35.703072,35.703072,35.703072,35.703072,35.703072,35.703072,35.703072,35.703072,35.703072,35.703072,35.703072,35.703072,35.703072,35.703072,35.703072,35.703072,35.703072,35.703072,35.703072,35.703072,35.703072,35.703072,35.703072
VC07,10/1/2024,106.473433,10.638489,35.37986472,35.37986472,35.37986472,35.37986472,35.37986472,35.37986472,35.37986472,35.37986472,35.37986472,35.37986472,35.37986472,35.37986472,35.37986472,35.37986472,35.37986472,35.37986472,35.37986472,35.37986472,35.37986472,35.37986472,35.37986472,35.37986472,35.37986472,35.37986472
VC07,11/1/2024,106.473433,10.638489,35.30927417,35.30927417,35.30927417,35.30927417,35.30927417,35.30927417,35.30927417,35.30927417,35.30927417,35.30927417,35.30927417,35.30927417,35.30927417,35.30927417,35.30927417,35.30927417,35.30927417,35.30927417,35.30927417,35.30927417,35.30927417,35.30927417,35.30927417,35.30927417
VC07,12/1/2024,106.473433,10.638489,34.71857248,34.71857248,34.71857248,34.71857248,34.71857248,34.71857248,34.71857248,34.71857248,34.71857248,34.71857248,34.71857248,34.71857248,34.71857248,34.71857248,34.71857248,34.71857248,34.71857248,34.71857248,34.71857248,34.71857248,34.71857248,34.71857248,34.71857248,34.71857248
VC07,1/1/2025,106.473433,10.638489,35.19374756,35.19374756,35.19374756,35.19374756,35.19374756,35.19374756,35.19374756,35.19374756,35.19374756,35.19374756,35.19374756,35.19374756,35.19374756,35.19374756,35.19374756,35.19374756,35.19374756,35.19374756,35.19374756,35.19374756,35.19374756,35.19374756,35.19374756,35.19374756
VC07,2/1/2025,106.473433,10.638489,34.44356864,34.44356864,34.44356864,34.44356864,34.44356864,34.44356864,34.44356864,34.44356864,34.44356864,34.44356864,34.44356864,34.44356864,34.44356864,34.44356864,34.44356864,34.44356864,34.44356864,34.44356864,34.44356864,34.44356864,34.44356864,34.44356864,34.44356864,34.44356864
VC07,3/1/2025,106.473433,10.638489,36.45822954,36.45822954,36.45822954,36.45822954,36.45822954,36.45822954,36.45822954,36.45822954,36.45822954,36.45822954,36.45822954,36.45822954,36.45822954,36.45822954,36.45822954,36.45822954,36.45822954,36.45822954,36.45822954,36.45822954,36.45822954,36.45822954,36.45822954,36.45822954
VC07,4/1/2025,106.473433,10.638489,55.13408394,55.13408394,55.13408394,55.13408394,55.13408394,55.13408394,55.13408394,55.13408394,55.13408394,55.13408394,55.13408394,55.13408394,55.13408394,55.13408394,55.13408394,55.13408394,55.13408394,55.13408394,55.13408394,55.13408394,55.13408394,55.13408394,55.13408394,55.13408394
VC07,5/1/2025,106.473433,10.638489,33.75728268,33.75728268,33.75728268,33.75728268,33.75728268,33.75728268,33.75728268,33.75728268,33.75728268,33.75728268,33.75728268,33.75728268,33.75728268,33.75728268,33.75728268,33.75728268,33.75728268,33.75728268,33.75728268,33.75728268,33.75728268,33.75728268,33.75728268,33.75728268
VC07,6/1/2025,106.473433,10.638489,37.16680736,37.16680736,37.16680736,37.16680736,37.16680736,37.16680736,37.16680736,37.16680736,37.16680736,37.16680736,37.16680736,37.16680736,37.16680736,37.16680736,37.16680736,37.16680736,37.16680736,37.16680736,37.16680736,37.16680736,37.16680736,37.16680736,37.16680736,37.16680736
VC07,7/1/2025,106.473433,10.638489,29.91971117,29.91971117,29.91971117,29.91971117,29.91971117,29.91971117,29.91971117,29.91971117,29.91971117,29.91971117,29.91971117,29.91971117,29.91971117,29.91971117,29.91971117,29.91971117,29.91971117,29.91971117,29.91971117,29.91971117,29.91971117,29.91971117,29.91971117,29.91971117
VC08,8/1/2024,106.405025,10.771161,41.9889315,41.9889315,41.9889315,41.9889315,41.9889315,41.9889315,41.9889315,41.9889315,41.9889315,41.9889315,41.9889315,41.9889315,41.9889315,41.9889315,41.9889315,41.9889315,41.9889315,41.9889315,41.9889315,41.9889315,41.9889315,41.9889315,41.9889315,41.9889315
VC08,9/1/2024,106.405025,10.771161,41.22274769,41.22274769,41.22274769,41.22274769,41.22274769,41.22274769,41.22274769,41.22274769,41.22274769,41.22274769,41.22274769,41.22274769,41.22274769,41.22274769,41.22274769,41.22274769,41.22274769,41.22274769,41.22274769,41.22274769,41.22274769,41.22274769,41.22274769,41.22274769
VC08,10/1/2024,106.405025,10.771161,32.6332308,32.6332308,32.6332308,32.6332308,32.6332308,32.6332308,32.6332308,32.6332308,32.6332308,32.6332308,32.6332308,32.6332308,32.6332308,32.6332308,32.6332308,32.6332308,32.6332308,32.6332308,32.6332308,32.6332308,32.6332308,32.6332308,32.6332308,32.6332308
VC08,11/1/2024,106.405025,10.771161,32.85240752,32.85240752,32.85240752,32.85240752,32.85240752,32.85240752,32.85240752,32.85240752,32.85240752,32.85240752,32.85240752,32.85240752,32.85240752,32.85240752,32.85240752,32.85240752,32.85240752,32.85240752,32.85240752,32.85240752,32.85240752,32.85240752,32.85240752,32.85240752
VC08,12/1/2024,106.405025,10.771161,43.05662524,43.05662524,43.05662524,43.05662524,43.05662524,43.05662524,43.05662524,43.05662524,43.05662524,43.05662524,43.05662524,43.05662524,43.05662524,43.05662524,43.05662524,43.05662524,43.05662524,43.05662524,43.05662524,43.05662524,43.05662524,43.05662524,43.05662524,43.05662524
VC08,1/1/2025,106.405025,10.771161,41.20802676,41.20802676,41.20802676,41.20802676,41.20802676,41.20802676,41.20802676,41.20802676,41.20802676,41.20802676,41.20802676,41.20802676,41.20802676,41.20802676,41.20802676,41.20802676,41.20802676,41.20802676,41.20802676,41.20802676,41.20802676,41.20802676,41.20802676,41.20802676
VC08,2/1/2025,106.405025,10.771161,41.8112221,41.8112221,41.8112221,41.8112221,41.8112221,41.8112221,41.8112221,41.8112221,41.8112221,41.8112221,41.8112221,41.8112221,41.8112221,41.8112221,41.8112221,41.8112221,41.8112221,41.8112221,41.8112221,41.8112221,41.8112221,41.8112221,41.8112221,41.8112221
VC08,3/1/2025,106.405025,10.771161,41.85349235,41.85349235,41.85349235,41.85349235,41.85349235,41.85349235,41.85349235,41.85349235,41.85349235,41.85349235,41.85349235,41.85349235,41.85349235,41.85349235,41.85349235,41.85349235,41.85349235,41.85349235,41.85349235,41.85349235,41.85349235,41.85349235,41.85349235,41.85349235
VC08,4/1/2025,106.405025,10.771161,41.23025196,41.23025196,41.23025196,41.23025196,41.23025196,41.23025196,41.23025196,41.23025196,41.23025196,41.23025196,41.23025196,41.23025196,41.23025196,41.23025196,41.23025196,41.23025196,41.23025196,41.23025196,41.23025196,41.23025196,41.23025196,41.23025196,41.23025196,41.23025196
VC08,5/1/2025,106.405025,10.771161,32.33991722,32.33991722,32.33991722,32.33991722,32.33991722,32.33991722,32.33991722,32.33991722,32.33991722,32.33991722,32.33991722,32.33991722,32.33991722,32.33991722,32.33991722,32.33991722,32.33991722,32.33991722,32.33991722,32.33991722,32.33991722,32.33991722,32.33991722,32.33991722
VC08,6/1/2025,106.405025,10.771161,32.72720364,32.72720364,32.72720364,32.72720364,32.72720364,32.72720364,32.72720364,32.72720364,32.72720364,32.72720364,32.72720364,32.72720364,32.72720364,32.72720364,32.72720364,32.72720364,32.72720364,32.72720364,32.72720364,32.72720364,32.72720364,32.72720364,32.72720364,32.72720364
VC08,7/1/2025,106.405025,10.771161,41.50732173,41.50732173,41.50732173,41.50732173,41.50732173,41.50732173,41.50732173,41.50732173,41.50732173,41.50732173,41.50732173,41.50732173,41.50732173,41.50732173,41.50732173,41.50732173,41.50732173,41.50732173,41.50732173,41.50732173,41.50732173,41.50732173,41.50732173,41.50732173
VC09,8/1/2024,106.308333,10.8896,42.34015932,42.34015932,42.34015932,42.34015932,42.34015932,42.34015932,42.34015932,42.34015932,42.34015932,42.34015932,42.34015932,42.34015932,42.34015932,42.34015932,42.34015932,42.34015932,42.34015932,42.34015932,42.34015932,42.34015932,42.34015932,42.34015932,42.34015932,42.34015932
VC09,9/1/2024,106.308333,10.8896,29.80111769,29.80111769,29.80111769,29.80111769,29.80111769,29.80111769,29.80111769,29.80111769,29.80111769,29.80111769,29.80111769,29.80111769,29.80111769,29.80111769,29.80111769,29.80111769,29.80111769,29.80111769,29.80111769,29.80111769,29.80111769,29.80111769,29.80111769,29.80111769
VC09,10/1/2024,106.308333,10.8896,41.56286489,41.56286489,41.56286489,41.56286489,41.56286489,41.56286489,41.56286489,41.56286489,41.56286489,41.56286489,41.56286489,41.56286489,41.56286489,41.56286489,41.56286489,41.56286489,41.56286489,41.56286489,41.56286489,41.56286489,41.56286489,41.56286489,41.56286489,41.56286489
VC09,11/1/2024,106.308333,10.8896,42.185518,42.185518,42.185518,42.185518,42.185518,42.185518,42.185518,42.185518,42.185518,42.185518,42.185518,42.185518,42.185518,42.185518,42.185518,42.185518,42.185518,42.185518,42.185518,42.185518,42.185518,42.185518,42.185518,42.185518
VC09,12/1/2024,106.308333,10.8896,33.67936525,33.67936525,33.67936525,33.67936525,33.67936525,33.67936525,33.67936525,33.67936525,33.67936525,33.67936525,33.67936525,33.67936525,33.67936525,33.67936525,33.67936525,33.67936525,33.67936525,33.67936525,33.67936525,33.67936525,33.67936525,33.67936525,33.67936525,33.67936525
VC09,1/1/2025,106.308333,10.8896,34.54999177,34.54999177,34.54999177,34.54999177,34.54999177,34.54999177,34.54999177,34.54999177,34.54999177,34.54999177,34.54999177,34.54999177,34.54999177,34.54999177,34.54999177,34.54999177,34.54999177,34.54999177,34.54999177,34.54999177,34.54999177,34.54999177,34.54999177,34.54999177
VC09,2/1/2025,106.308333,10.8896,34.41143597,34.41143597,34.41143597,34.41143597,34.41143597,34.41143597,34.41143597,34.41143597,34.41143597,34.41143597,34.41143597,34.41143597,34.41143597,34.41143597,34.41143597,34.41143597,34.41143597,34.41143597,34.41143597,34.41143597,34.41143597,34.41143597,34.41143597,34.41143597
VC09,3/1/2025,106.308333,10.8896,33.75061381,33.75061381,33.75061381,33.75061381,33.75061381,33.75061381,33.75061381,33.75061381,33.75061381,33.75061381,33.75061381,33.75061381,33.75061381,33.75061381,33.75061381,33.75061381,33.75061381,33.75061381,33.75061381,33.75061381,33.75061381,33.75061381,33.75061381,33.75061381
VC09,4/1/2025,106.308333,10.8896,33.57651625,33.57651625,33.57651625,33.57651625,33.57651625,33.57651625,33.57651625,33.57651625,33.57651625,33.57651625,33.57651625,33.57651625,33.57651625,33.57651625,33.57651625,33.57651625,33.57651625,33.57651625,33.57651625,33.57651625,33.57651625,33.57651625,33.57651625,33.57651625
VC09,5/1/2025,106.308333,10.8896,33.17033894,33.17033894,33.17033894,33.17033894,33.17033894,33.17033894,33.17033894,33.17033894,33.17033894,33.17033894,33.17033894,33.17033894,33.17033894,33.17033894,33.17033894,33.17033894,33.17033894,33.17033894,33.17033894,33.17033894,33.17033894,33.17033894,33.17033894,33.17033894
VC09,6/1/2025,106.308333,10.8896,33.79760344,33.79760344,33.79760344,33.79760344,33.79760344,33.79760344,33.79760344,33.79760344,33.79760344,33.79760344,33.79760344,33.79760344,33.79760344,33.79760344,33.79760344,33.79760344,33.79760344,33.79760344,33.79760344,33.79760344,33.79760344,33.79760344,33.79760344,33.79760344
VC09,7/1/2025,106.308333,10.8896,41.33781732,41.33781732,41.33781732,41.33781732,41.33781732,41.33781732,41.33781732,41.33781732,41.33781732,41.33781732,41.33781732,41.33781732,41.33781732,41.33781732,41.33781732,41.33781732,41.33781732,41.33781732,41.33781732,41.33781732,41.33781732,41.33781732,41.33781732,41.33781732
VC10,8/1/2024,106.262089,11.081078,42.30195601,42.30195601,42.30195601,42.30195601,42.30195601,42.30195601,42.30195601,42.30195601,42.30195601,42.30195601,42.30195601,42.30195601,42.30195601,42.30195601,42.30195601,42.30195601,42.30195601,42.30195601,42.30195601,42.30195601,42.30195601,42.30195601,42.30195601,42.30195601
VC10,9/1/2024,106.262089,11.081078,52.77979276,52.77979276,52.77979276,52.77979276,52.77979276,52.77979276,52.77979276,52.77979276,52.77979276,52.77979276,52.77979276,52.77979276,52.77979276,52.77979276,52.77979276,52.77979276,52.77979276,52.77979276,52.77979276,52.77979276,52.77979276,52.77979276,52.77979276,52.77979276
VC10,10/1/2024,106.262089,11.081078,33.06961894,33.06961894,33.06961894,33.06961894,33.06961894,33.06961894,33.06961894,33.06961894,33.06961894,33.06961894,33.06961894,33.06961894,33.06961894,33.06961894,33.06961894,33.06961894,33.06961894,33.06961894,33.06961894,33.06961894,33.06961894,33.06961894,33.06961894,33.06961894
VC10,11/1/2024,106.262089,11.081078,41.74345294,41.74345294,41.74345294,41.74345294,41.74345294,41.74345294,41.74345294,41.74345294,41.74345294,41.74345294,41.74345294,41.74345294,41.74345294,41.74345294,41.74345294,41.74345294,41.74345294,41.74345294,41.74345294,41.74345294,41.74345294,41.74345294,41.74345294,41.74345294
VC10,12/1/2024,106.262089,11.081078,35.61905123,35.61905123,35.61905123,35.61905123,35.61905123,35.61905123,35.61905123,35.61905123,35.61905123,35.61905123,35.61905123,35.61905123,35.61905123,35.61905123,35.61905123,35.61905123,35.61905123,35.61905123,35.61905123,35.61905123,35.61905123,35.61905123,35.61905123,35.61905123
VC10,1/1/2025,106.262089,11.081078,42.43156235,42.43156235,42.43156235,42.43156235,42.43156235,42.43156235,42.43156235,42.43156235,42.43156235,42.43156235,42.43156235,42.43156235,42.43156235,42.43156235,42.43156235,42.43156235,42.43156235,42.43156235,42.43156235,42.43156235,42.43156235,42.43156235,42.43156235,42.43156235
VC10,2/1/2025,106.262089,11.081078,62.52124337,62.52124337,62.52124337,62.52124337,62.52124337,62.52124337,62.52124337,62.52124337,62.52124337,62.52124337,62.52124337,62.52124337,62.52124337,62.52124337,62.52124337,62.52124337,62.52124337,62.52124337,62.52124337,62.52124337,62.52124337,62.52124337,62.52124337,62.52124337
VC10,3/1/2025,106.262089,11.081078,32.25815273,32.25815273,32.25815273,32.25815273,32.25815273,32.25815273,32.25815273,32.25815273,32.25815273,32.25815273,32.25815273,32.25815273,32.25815273,32.25815273,32.25815273,32.25815273,32.25815273,32.25815273,32.25815273,32.25815273,32.25815273,32.25815273,32.25815273,32.25815273
VC10,4/1/2025,106.262089,11.081078,41.84916281,41.84916281,41.84916281,41.84916281,41.84916281,41.84916281,41.84916281,41.84916281,41.84916281,41.84916281,41.84916281,41.84916281,41.84916281,41.84916281,41.84916281,41.84916281,41.84916281,41.84916281,41.84916281,41.84916281,41.84916281,41.84916281,41.84916281,41.84916281
VC10,5/1/2025,106.262089,11.081078,41.22596612,41.22596612,41.22596612,41.22596612,41.22596612,41.22596612,41.22596612,41.22596612,41.22596612,41.22596612,41.22596612,41.22596612,41.22596612,41.22596612,41.22596612,41.22596612,41.22596612,41.22596612,41.22596612,41.22596612,41.22596612,41.22596612,41.22596612,41.22596612
VC10,6/1/2025,106.262089,11.081078,41.34835927,41.34835927,41.34835927,41.34835927,41.34835927,41.34835927,41.34835927,41.34835927,41.34835927,41.34835927,41.34835927,41.34835927,41.34835927,41.34835927,41.34835927,41.34835927,41.34835927,41.34835927,41.34835927,41.34835927,41.34835927,41.34835927,41.34835927,41.34835927
VC10,7/1/2025,106.262089,11.081078,34.5769357,34.5769357,34.5769357,34.5769357,34.5769357,34.5769357,34.5769357,34.5769357,34.5769357,34.5769357,34.5769357,34.5769357,34.5769357,34.5769357,34.5769357,34.5769357,34.5769357,34.5769357,34.5769357,34.5769357,34.5769357,34.5769357,34.5769357,34.5769357
